date,series,value
1870-01-01,austria_hungary,5.0
1870-01-01,dutch,5.0
1870-01-01,france,2.25
1870-01-01,germany,4.5
1870-01-01,russia,6.0
1870-01-08,austria_hungary,5.0
1870-01-08,dutch,5.0
1870-01-08,france,2.0
1870-01-08,germany,5.0
1870-01-08,russia,6.0
1870-01-15,austria_hungary,5.0
1870-01-15,dutch,5.0
1870-01-15,france,2.0
1870-01-15,germany,5.0
1870-01-15,russia,6.0
1870-01-22,austria_hungary,5.0
1870-01-22,dutch,5.0
1870-01-22,france,2.5
1870-01-22,germany,4.5
1870-01-22,russia,5.0
1870-01-29,austria_hungary,5.0
1870-01-29,dutch,5.0
1870-01-29,france,2.5
1870-01-29,germany,4.5
1870-01-29,russia,5.0
1870-02-05,austria_hungary,5.0
1870-02-05,dutch,5.0
1870-02-05,france,2.5
1870-02-05,germany,4.5
1870-02-05,russia,5.0
1870-02-12,austria_hungary,5.0
1870-02-12,dutch,5.0
1870-02-12,france,2.5
1870-02-12,germany,4.5
1870-02-12,russia,5.0
1870-02-19,austria_hungary,5.0
1870-02-19,dutch,4.5
1870-02-19,france,2.0
1870-02-19,germany,3.75
1870-02-19,russia,5.0
1870-02-26,austria_hungary,5.0
1870-02-26,dutch,4.5
1870-02-26,france,2.0
1870-02-26,germany,3.75
1870-02-26,russia,5.0
1870-03-05,austria_hungary,5.0
1870-03-05,dutch,4.5
1870-03-05,france,2.0
1870-03-05,germany,3.75
1870-03-05,russia,5.0
1870-03-12,austria_hungary,5.0
1870-03-12,dutch,4.5
1870-03-12,france,2.0
1870-03-12,germany,3.75
1870-03-12,russia,5.0
1870-03-19,austria_hungary,5.0
1870-03-19,dutch,3.75
1870-03-19,france,2.0
1870-03-19,germany,3.5
1870-03-19,russia,5.0
1870-03-26,austria_hungary,5.0
1870-03-26,dutch,3.75
1870-03-26,france,2.0
1870-03-26,germany,3.5
1870-03-26,russia,5.0
1870-04-02,austria_hungary,5.0
1870-04-02,dutch,3.75
1870-04-02,france,2.0
1870-04-02,germany,3.5
1870-04-02,russia,5.0
1870-04-09,austria_hungary,5.0
1870-04-09,dutch,3.75
1870-04-09,france,2.0
1870-04-09,germany,3.5
1870-04-09,russia,5.0
1870-04-16,austria_hungary,5.0
1870-04-16,dutch,3.5
1870-04-16,france,2.0
1870-04-16,germany,3.5
1870-04-16,russia,5.0
1870-04-23,austria_hungary,5.0
1870-04-23,dutch,3.5
1870-04-23,france,2.0
1870-04-23,germany,3.5
1870-04-23,russia,5.0
1870-04-30,austria_hungary,5.0
1870-04-30,dutch,3.5
1870-04-30,france,2.25
1870-04-30,germany,3.5
1870-04-30,russia,5.0
1870-05-07,austria_hungary,5.0
1870-05-07,dutch,3.5
1870-05-07,france,2.25
1870-05-07,germany,3.5
1870-05-07,russia,6.0
1870-05-14,austria_hungary,5.0
1870-05-14,dutch,3.5
1870-05-14,france,2.25
1870-05-14,germany,3.5
1870-05-14,russia,6.0
1870-05-21,austria_hungary,5.0
1870-05-21,dutch,3.25
1870-05-21,france,2.25
1870-05-21,germany,3.5
1870-05-21,russia,6.0
1870-05-28,austria_hungary,5.0
1870-05-28,dutch,3.25
1870-05-28,france,2.25
1870-05-28,germany,3.5
1870-05-28,russia,6.0
1870-06-04,austria_hungary,5.0
1870-06-04,dutch,3.5
1870-06-04,france,2.25
1870-06-04,germany,3.5
1870-06-04,russia,5.0
1870-06-11,austria_hungary,5.0
1870-06-11,dutch,3.25
1870-06-11,france,2.25
1870-06-11,germany,3.5
1870-06-11,russia,6.0
1870-06-18,austria_hungary,5.0
1870-06-18,dutch,3.25
1870-06-18,france,2.25
1870-06-18,germany,3.0
1870-06-18,russia,6.0
1870-06-25,austria_hungary,5.0
1870-06-25,dutch,2.75
1870-06-25,france,2.25
1870-06-25,germany,3.0
1870-06-25,russia,6.0
1870-07-02,austria_hungary,6.0
1870-07-02,dutch,2.75
1870-07-02,france,2.5
1870-07-02,germany,4.0
1870-07-02,russia,6.0
1870-07-09,austria_hungary,5.0
1870-07-09,dutch,2.75
1870-07-09,france,2.5
1870-07-09,germany,3.75
1870-07-16,austria_hungary,6.0
1870-07-16,dutch,3.0
1870-07-16,france,2.5
1870-07-16,russia,6.0
1870-07-23,austria_hungary,6.0
1870-07-23,dutch,5.0
1870-07-23,france,4.0
1870-07-23,germany,8.0
1870-07-30,dutch,5.5
1870-07-30,france,4.0
1870-07-30,germany,8.0
1870-08-06,austria_hungary,6.0
1870-08-06,dutch,6.0
1870-08-06,germany,10.0
1870-08-06,russia,7.0
1870-08-13,austria_hungary,6.0
1870-08-13,dutch,6.0
1870-08-13,france,6.0
1870-08-13,germany,8.0
1870-08-20,austria_hungary,5.0
1870-08-20,dutch,5.0
1870-08-20,france,6.0
1870-08-20,germany,5.5
1870-08-20,russia,8.0
1870-08-27,austria_hungary,5.0
1870-08-27,dutch,6.0
1870-08-27,france,6.0
1870-08-27,germany,5.5
1870-08-27,russia,8.0
1870-09-03,austria_hungary,6.0
1870-09-03,dutch,5.5
1870-09-03,france,6.0
1870-09-03,germany,5.0
1870-09-03,russia,8.0
1870-09-10,dutch,5.0
1870-09-10,france,6.0
1870-09-10,germany,4.5
1870-09-10,russia,8.0
1870-09-17,austria_hungary,6.0
1870-09-17,dutch,5.25
1870-09-17,france,6.0
1870-09-17,germany,5.0
1870-09-17,russia,8.0
1870-09-24,austria_hungary,6.0
1870-09-24,dutch,4.5
1870-09-24,france,6.0
1870-09-24,germany,4.0
1870-09-24,russia,8.0
1870-10-01,austria_hungary,5.0
1870-10-01,dutch,4.0
1870-10-01,france,6.0
1870-10-01,germany,4.0
1870-10-01,russia,8.0
1870-10-08,austria_hungary,5.0
1870-10-08,dutch,4.0
1870-10-08,france,6.0
1870-10-08,germany,4.0
1870-10-08,russia,8.0
1870-10-15,austria_hungary,5.0
1870-10-15,dutch,3.75
1870-10-15,germany,4.0
1870-10-15,russia,8.0
1870-10-22,austria_hungary,5.0
1870-10-22,dutch,3.75
1870-10-22,germany,4.0
1870-10-22,russia,8.0
1870-10-29,austria_hungary,5.0
1870-10-29,dutch,3.75
1870-10-29,germany,4.0
1870-10-29,russia,8.0
1870-11-05,austria_hungary,5.0
1870-11-05,dutch,3.75
1870-11-05,germany,4.0
1870-11-05,russia,7.0
1870-11-12,russia,7.0
1870-11-19,russia,7.0
1870-11-26,russia,7.0
1870-12-03,russia,7.0
1870-12-10,russia,7.0
1870-12-17,russia,8.0
1870-12-24,russia,7.0
1870-12-31,russia,7.0
1871-01-07,austria_hungary,5.5
1871-01-07,russia,7.0
1871-01-14,russia,7.0
1871-01-21,russia,7.0
1871-01-28,russia,7.0
1871-02-04,austria_hungary,5.0
1871-02-04,dutch,3.5
1871-02-04,germany,4.0
1871-02-04,russia,8.0
1871-02-11,austria_hungary,5.0
1871-02-11,dutch,3.5
1871-02-11,germany,4.0
1871-02-11,russia,8.0
1871-02-18,austria_hungary,5.0
1871-02-18,dutch,3.0
1871-02-18,germany,4.0
1871-02-18,russia,8.0
1871-02-25,austria_hungary,5.0
1871-02-25,dutch,3.0
1871-02-25,germany,3.5
1871-02-25,russia,8.0
1871-03-04,austria_hungary,5.0
1871-03-04,dutch,3.0
1871-03-04,germany,4.0
1871-03-04,russia,8.0
1871-03-11,austria_hungary,5.0
1871-03-11,dutch,3.0
1871-03-11,germany,3.5
1871-03-11,russia,8.0
1871-03-18,austria_hungary,5.0
1871-03-18,dutch,3.0
1871-03-18,germany,3.5
1871-03-18,russia,8.0
1871-03-25,austria_hungary,5.0
1871-03-25,dutch,3.0
1871-03-25,germany,3.5
1871-03-25,russia,8.0
1871-04-01,austria_hungary,5.0
1871-04-01,dutch,3.0
1871-04-01,germany,3.5
1871-04-01,russia,8.0
1871-04-08,austria_hungary,5.0
1871-04-08,dutch,3.0
1871-04-08,germany,3.25
1871-04-08,russia,8.0
1871-04-15,austria_hungary,5.0
1871-04-15,dutch,3.0
1871-04-15,germany,3.5
1871-04-15,russia,8.0
1871-04-22,austria_hungary,5.0
1871-04-22,dutch,3.0
1871-04-22,germany,3.5
1871-04-22,russia,8.0
1871-04-29,austria_hungary,5.0
1871-04-29,dutch,3.25
1871-04-29,germany,3.5
1871-04-29,russia,6.0
1871-05-06,austria_hungary,5.0
1871-05-06,dutch,3.0
1871-05-06,germany,3.25
1871-05-06,russia,6.0
1871-05-13,austria_hungary,5.0
1871-05-13,dutch,3.0
1871-05-13,germany,3.25
1871-05-13,russia,7.0
1871-05-20,austria_hungary,5.0
1871-05-20,dutch,3.0
1871-05-20,germany,3.5
1871-05-20,russia,6.0
1871-05-27,austria_hungary,5.0
1871-05-27,dutch,3.0
1871-05-27,germany,3.5
1871-05-27,russia,8.0
1871-06-03,austria_hungary,5.0
1871-06-03,dutch,3.25
1871-06-03,germany,3.5
1871-06-03,russia,8.0
1871-06-10,austria_hungary,5.0
1871-06-10,dutch,3.25
1871-06-10,germany,3.5
1871-06-10,russia,8.0
1871-06-17,austria_hungary,5.0
1871-06-17,dutch,3.25
1871-06-17,germany,3.25
1871-06-17,russia,8.0
1871-06-24,austria_hungary,5.0
1871-06-24,dutch,3.25
1871-06-24,germany,3.25
1871-06-24,russia,8.0
1871-07-01,austria_hungary,5.0
1871-07-01,dutch,3.25
1871-07-01,germany,3.5
1871-07-01,russia,8.0
1871-07-08,austria_hungary,5.0
1871-07-08,dutch,3.25
1871-07-08,germany,3.5
1871-07-08,russia,8.0
1871-07-15,austria_hungary,5.0
1871-07-15,dutch,3.25
1871-07-15,germany,3.5
1871-07-15,russia,8.0
1871-07-22,austria_hungary,5.0
1871-07-22,dutch,3.25
1871-07-22,germany,3.5
1871-07-22,russia,6.0
1871-07-29,austria_hungary,5.0
1871-07-29,dutch,3.25
1871-07-29,germany,3.5
1871-07-29,russia,6.0
1871-08-05,austria_hungary,5.0
1871-08-05,dutch,3.25
1871-08-05,germany,3.25
1871-08-05,russia,6.0
1871-08-12,austria_hungary,5.0
1871-08-12,dutch,3.25
1871-08-12,germany,3.25
1871-08-12,russia,6.0
1871-08-19,austria_hungary,5.0
1871-08-19,dutch,2.75
1871-08-19,germany,3.25
1871-08-19,russia,6.0
1871-08-26,austria_hungary,5.0
1871-08-26,dutch,2.75
1871-08-26,france,5.0
1871-08-26,germany,3.5
1871-08-26,russia,6.0
1871-09-02,austria_hungary,5.0
1871-09-02,dutch,2.75
1871-09-02,france,5.0
1871-09-02,germany,3.5
1871-09-02,russia,6.0
1871-09-09,austria_hungary,5.0
1871-09-09,dutch,2.75
1871-09-09,france,5.0
1871-09-09,germany,3.5
1871-09-09,russia,6.0
1871-09-16,austria_hungary,5.0
1871-09-16,dutch,2.75
1871-09-16,france,4.5
1871-09-16,germany,3.25
1871-09-16,russia,6.0
1871-09-23,austria_hungary,5.0
1871-09-23,dutch,2.75
1871-09-23,france,4.5
1871-09-23,germany,3.5
1871-09-23,russia,8.0
1871-09-30,austria_hungary,5.0
1871-09-30,dutch,2.75
1871-09-30,france,4.5
1871-09-30,germany,3.5
1871-09-30,russia,8.0
1871-10-07,austria_hungary,6.5
1871-10-07,dutch,3.0
1871-10-07,france,5.0
1871-10-07,germany,4.0
1871-10-07,russia,6.0
1871-10-14,austria_hungary,6.5
1871-10-14,dutch,3.25
1871-10-14,france,5.0
1871-10-14,germany,4.0
1871-10-14,russia,6.0
1871-10-21,austria_hungary,6.25
1871-10-21,dutch,2.75
1871-10-21,france,5.0
1871-10-21,germany,3.625
1871-10-21,russia,6.0
1871-10-28,austria_hungary,6.5
1871-10-28,dutch,2.75
1871-10-28,france,5.0
1871-10-28,germany,3.5
1871-10-28,russia,6.0
1871-11-04,austria_hungary,6.5
1871-11-04,dutch,2.75
1871-11-04,france,5.0
1871-11-04,germany,3.5
1871-11-04,russia,6.0
1871-11-11,austria_hungary,6.5
1871-11-11,dutch,2.75
1871-11-11,france,5.5
1871-11-11,germany,3.5
1871-11-11,russia,6.0
1871-11-18,austria_hungary,6.5
1871-11-18,dutch,2.875
1871-11-18,france,5.5
1871-11-18,germany,3.75
1871-11-18,russia,8.0
1871-11-25,austria_hungary,6.25
1871-11-25,dutch,2.75
1871-11-25,france,5.5
1871-11-25,germany,4.0
1871-11-25,russia,8.0
1871-12-02,austria_hungary,6.5
1871-12-02,dutch,2.5
1871-12-02,france,5.5
1871-12-02,germany,3.75
1871-12-02,russia,8.0
1871-12-09,austria_hungary,6.0
1871-12-09,dutch,2.75
1871-12-09,france,5.5
1871-12-09,germany,3.5
1871-12-09,russia,6.0
1871-12-16,austria_hungary,6.0
1871-12-16,dutch,2.625
1871-12-16,germany,3.5
1871-12-16,russia,6.0
1871-12-23,austria_hungary,6.0
1871-12-23,dutch,2.75
1871-12-23,germany,3.5
1871-12-23,russia,6.0
1871-12-30,austria_hungary,6.0
1871-12-30,dutch,2.5
1871-12-30,germany,3.5
1871-12-30,russia,6.0
1872-01-06,austria_hungary,6.0
1872-01-06,dutch,2.5
1872-01-06,france,5.0
1872-01-06,germany,3.25
1872-01-06,russia,6.0
1872-01-13,austria_hungary,6.0
1872-01-13,dutch,2.5
1872-01-13,france,5.0
1872-01-13,germany,3.25
1872-01-13,russia,6.0
1872-01-20,austria_hungary,6.0
1872-01-20,dutch,3.0
1872-01-20,france,5.0
1872-01-20,germany,3.5
1872-01-20,russia,6.0
1872-01-27,austria_hungary,6.0
1872-01-27,dutch,3.25
1872-01-27,france,5.0
1872-01-27,germany,3.5
1872-01-27,russia,6.0
1872-02-03,austria_hungary,5.0
1872-02-03,dutch,2.5
1872-02-03,germany,3.75
1872-02-03,russia,7.0
1872-02-10,austria_hungary,5.0
1872-02-10,dutch,2.75
1872-02-10,france,5.0
1872-02-10,germany,3.5
1872-02-10,russia,7.0
1872-02-17,austria_hungary,5.0
1872-02-17,dutch,2.75
1872-02-17,france,5.5
1872-02-17,germany,3.5
1872-02-17,russia,7.0
1872-02-24,austria_hungary,5.5
1872-02-24,dutch,2.5
1872-02-24,france,5.25
1872-02-24,germany,3.5
1872-02-24,russia,7.0
1872-03-02,austria_hungary,5.5
1872-03-02,dutch,2.75
1872-03-02,france,5.0
1872-03-02,germany,3.5
1872-03-02,russia,7.0
1872-03-09,austria_hungary,5.0
1872-03-09,dutch,2.75
1872-03-09,france,5.0
1872-03-09,germany,3.5
1872-03-09,russia,7.0
1872-03-16,austria_hungary,5.0
1872-03-16,dutch,2.75
1872-03-16,france,4.5
1872-03-16,germany,3.5
1872-03-16,russia,7.0
1872-03-23,austria_hungary,5.0
1872-03-23,dutch,2.75
1872-03-23,france,5.0
1872-03-23,germany,3.5
1872-03-23,russia,7.0
1872-03-30,austria_hungary,5.0
1872-03-30,dutch,2.75
1872-03-30,france,4.5
1872-03-30,germany,3.5
1872-03-30,russia,7.0
1872-04-06,austria_hungary,5.0
1872-04-06,dutch,2.75
1872-04-06,france,4.625
1872-04-06,germany,3.625
1872-04-06,russia,7.0
1872-04-13,austria_hungary,5.0
1872-04-13,dutch,2.75
1872-04-13,france,4.75
1872-04-13,germany,3.75
1872-04-13,russia,7.0
1872-04-20,austria_hungary,5.0
1872-04-20,dutch,2.75
1872-04-20,france,4.75
1872-04-20,germany,3.75
1872-04-20,russia,7.0
1872-04-27,austria_hungary,5.0
1872-04-27,dutch,2.75
1872-04-27,france,4.75
1872-04-27,germany,3.75
1872-04-27,russia,7.0
1872-05-04,austria_hungary,5.0
1872-05-04,dutch,2.75
1872-05-04,france,4.75
1872-05-04,germany,3.75
1872-05-04,russia,7.0
1872-05-11,austria_hungary,5.0
1872-05-11,dutch,2.875
1872-05-11,france,4.75
1872-05-11,germany,3.625
1872-05-11,russia,6.0
1872-05-18,austria_hungary,5.0
1872-05-18,dutch,2.75
1872-05-18,france,4.75
1872-05-18,germany,3.5
1872-05-18,russia,6.0
1872-05-25,austria_hungary,5.0
1872-05-25,dutch,2.75
1872-05-25,france,4.75
1872-05-25,germany,3.5
1872-05-25,russia,6.0
1872-06-01,austria_hungary,5.0
1872-06-01,dutch,2.625
1872-06-01,france,4.75
1872-06-01,germany,3.625
1872-06-01,russia,6.0
1872-06-08,austria_hungary,5.0
1872-06-08,dutch,2.25
1872-06-08,france,4.5
1872-06-08,germany,3.5
1872-06-08,russia,6.0
1872-06-15,austria_hungary,5.0
1872-06-15,dutch,2.25
1872-06-15,france,4.5
1872-06-15,germany,3.5
1872-06-15,russia,6.0
1872-06-22,austria_hungary,5.0
1872-06-22,dutch,2.25
1872-06-22,france,4.25
1872-06-22,germany,3.5
1872-06-22,russia,5.0
1872-06-29,austria_hungary,5.0
1872-06-29,dutch,2.25
1872-06-29,france,4.25
1872-06-29,germany,3.625
1872-06-29,russia,6.0
1872-07-06,austria_hungary,5.0
1872-07-06,dutch,2.25
1872-07-06,france,4.25
1872-07-06,germany,3.625
1872-07-06,russia,6.0
1872-07-13,austria_hungary,6.0
1872-07-13,dutch,2.25
1872-07-13,france,4.25
1872-07-13,germany,3.625
1872-07-13,russia,6.0
1872-07-20,austria_hungary,6.0
1872-07-20,dutch,2.25
1872-07-20,france,4.25
1872-07-20,germany,3.625
1872-07-20,russia,6.0
1872-07-27,austria_hungary,6.0
1872-07-27,dutch,2.25
1872-07-27,france,4.25
1872-07-27,germany,3.625
1872-07-27,russia,6.0
1872-08-03,austria_hungary,6.0
1872-08-03,dutch,2.25
1872-08-03,france,4.25
1872-08-03,germany,3.625
1872-08-03,russia,6.0
1872-08-10,austria_hungary,6.0
1872-08-10,dutch,2.25
1872-08-10,france,4.25
1872-08-10,germany,3.625
1872-08-10,russia,6.0
1872-08-17,austria_hungary,6.0
1872-08-17,dutch,2.25
1872-08-17,france,4.25
1872-08-17,germany,3.625
1872-08-17,russia,6.0
1872-08-24,austria_hungary,6.0
1872-08-24,dutch,2.25
1872-08-24,france,4.25
1872-08-24,germany,3.625
1872-08-24,russia,6.0
1872-08-31,austria_hungary,6.0
1872-08-31,dutch,2.25
1872-08-31,france,4.25
1872-08-31,germany,3.625
1872-08-31,russia,6.0
1872-09-07,austria_hungary,6.0
1872-09-07,dutch,2.25
1872-09-07,france,4.25
1872-09-07,germany,4.0
1872-09-07,russia,6.0
1872-09-14,austria_hungary,6.0
1872-09-14,dutch,2.25
1872-09-14,france,4.75
1872-09-14,germany,4.0
1872-09-14,russia,6.0
1872-09-21,austria_hungary,6.0
1872-09-21,dutch,2.5
1872-09-21,france,4.75
1872-09-21,germany,5.0
1872-09-21,russia,6.0
1872-09-28,austria_hungary,6.0
1872-09-28,dutch,2.5
1872-09-28,france,4.75
1872-09-28,germany,5.0
1872-09-28,russia,6.0
1872-10-05,austria_hungary,6.0
1872-10-05,dutch,3.5
1872-10-05,france,4.75
1872-10-05,germany,4.0
1872-10-05,russia,6.0
1872-10-12,austria_hungary,6.0
1872-10-12,dutch,3.5
1872-10-12,france,4.75
1872-10-12,germany,4.625
1872-10-12,russia,6.0
1872-10-19,austria_hungary,6.0
1872-10-19,dutch,4.0
1872-10-19,france,4.75
1872-10-19,germany,4.5
1872-10-19,russia,6.0
1872-10-26,austria_hungary,6.0
1872-10-26,dutch,4.0
1872-10-26,france,4.75
1872-10-26,germany,4.25
1872-10-26,russia,6.5
1872-11-02,austria_hungary,6.0
1872-11-02,dutch,4.0
1872-11-02,france,4.75
1872-11-02,germany,4.5
1872-11-02,russia,6.5
1872-11-09,austria_hungary,6.0
1872-11-09,dutch,4.5
1872-11-09,france,5.0
1872-11-09,germany,5.0
1872-11-09,russia,6.5
1872-11-16,austria_hungary,6.0
1872-11-16,dutch,5.0
1872-11-16,france,5.0
1872-11-16,germany,5.0
1872-11-16,russia,6.5
1872-11-23,austria_hungary,6.0
1872-11-23,dutch,4.5
1872-11-23,france,5.0
1872-11-23,germany,4.75
1872-11-23,russia,6.5
1872-11-30,austria_hungary,6.0
1872-11-30,dutch,4.5
1872-11-30,france,5.0
1872-11-30,germany,4.75
1872-11-30,russia,6.5
1872-12-07,austria_hungary,6.0
1872-12-07,dutch,4.5
1872-12-07,france,5.0
1872-12-07,germany,4.75
1872-12-07,russia,6.5
1872-12-14,austria_hungary,6.0
1872-12-14,dutch,4.5
1872-12-14,france,5.0
1872-12-14,germany,4.75
1872-12-14,russia,7.0
1872-12-21,austria_hungary,6.0
1872-12-21,dutch,5.0
1872-12-21,france,5.0
1872-12-21,germany,4.75
1872-12-21,russia,7.0
1872-12-28,austria_hungary,6.0
1872-12-28,dutch,5.0
1872-12-28,france,5.0
1872-12-28,germany,4.875
1872-12-28,russia,7.0
1873-01-04,austria_hungary,6.0
1873-01-04,dutch,5.0
1873-01-04,france,5.0
1873-01-04,germany,4.875
1873-01-04,russia,7.0
1873-01-11,austria_hungary,6.0
1873-01-11,dutch,5.0
1873-01-11,france,5.0
1873-01-11,germany,4.5
1873-01-11,russia,7.0
1873-01-18,austria_hungary,6.0
1873-01-18,dutch,5.0
1873-01-18,france,5.0
1873-01-18,germany,3.875
1873-01-18,russia,7.0
1873-01-25,austria_hungary,6.0
1873-01-25,dutch,5.0
1873-01-25,france,5.0
1873-01-25,germany,3.5
1873-01-25,russia,7.0
1873-02-01,austria_hungary,6.0
1873-02-01,dutch,5.0
1873-02-01,france,5.0
1873-02-01,germany,3.5
1873-02-01,russia,7.0
1873-02-08,austria_hungary,6.0
1873-02-08,dutch,4.5
1873-02-08,france,5.0
1873-02-08,germany,3.0
1873-02-08,russia,7.0
1873-02-15,austria_hungary,6.0
1873-02-15,dutch,4.0
1873-02-15,france,5.0
1873-02-15,germany,3.0
1873-02-15,russia,7.0
1873-02-22,austria_hungary,6.0
1873-02-22,dutch,4.0
1873-02-22,france,5.0
1873-02-22,germany,3.0
1873-02-22,russia,6.5
1873-03-01,austria_hungary,6.0
1873-03-01,dutch,4.0
1873-03-01,france,5.0
1873-03-01,germany,3.0
1873-03-01,russia,6.5
1873-03-08,austria_hungary,6.0
1873-03-08,dutch,4.0
1873-03-08,france,5.0
1873-03-08,germany,3.75
1873-03-08,russia,6.5
1873-03-15,austria_hungary,6.0
1873-03-15,dutch,4.0
1873-03-15,france,5.0
1873-03-15,germany,3.75
1873-03-15,russia,6.5
1873-03-22,austria_hungary,5.0
1873-03-22,dutch,4.0
1873-03-22,france,5.0
1873-03-22,germany,4.0
1873-03-22,russia,6.5
1873-03-29,austria_hungary,5.0
1873-03-29,dutch,4.0
1873-03-29,france,5.0
1873-03-29,germany,4.0
1873-03-29,russia,6.5
1873-04-05,austria_hungary,5.0
1873-04-05,dutch,4.0
1873-04-05,france,5.0
1873-04-05,germany,5.0
1873-04-05,russia,6.0
1873-04-12,austria_hungary,5.0
1873-04-12,dutch,4.0
1873-04-12,france,5.0
1873-04-12,germany,5.0
1873-04-12,russia,6.0
1873-04-19,austria_hungary,5.0
1873-04-19,dutch,4.0
1873-04-19,france,5.0
1873-04-19,germany,5.0
1873-04-19,russia,5.5
1873-04-26,austria_hungary,5.0
1873-04-26,dutch,4.0
1873-04-26,france,5.0
1873-04-26,germany,5.0
1873-04-26,russia,6.0
1873-05-03,austria_hungary,5.0
1873-05-03,dutch,4.0
1873-05-03,france,5.0
1873-05-03,germany,5.0
1873-05-03,russia,6.0
1873-05-10,austria_hungary,5.0
1873-05-10,dutch,4.5
1873-05-10,france,5.0
1873-05-10,germany,5.75
1873-05-10,russia,5.5
1873-05-17,austria_hungary,5.0
1873-05-17,dutch,4.5
1873-05-17,france,4.75
1873-05-17,germany,5.75
1873-05-17,russia,5.0
1873-05-24,austria_hungary,5.0
1873-05-24,dutch,4.5
1873-05-24,france,4.75
1873-05-24,germany,5.75
1873-05-24,russia,5.0
1873-05-31,austria_hungary,5.0
1873-05-31,dutch,4.5
1873-05-31,france,4.75
1873-05-31,germany,5.75
1873-05-31,russia,4.5
1873-06-07,austria_hungary,6.0
1873-06-07,dutch,4.5
1873-06-07,france,4.75
1873-06-07,germany,5.25
1873-06-07,russia,4.5
1873-06-14,austria_hungary,6.0
1873-06-14,dutch,4.5
1873-06-14,france,4.75
1873-06-14,germany,5.75
1873-06-14,russia,4.5
1873-06-21,austria_hungary,6.0
1873-06-21,dutch,4.5
1873-06-21,france,4.75
1873-06-21,germany,5.75
1873-06-21,russia,4.5
1873-06-28,austria_hungary,6.0
1873-06-28,dutch,4.75
1873-06-28,france,4.75
1873-06-28,germany,5.25
1873-06-28,russia,4.5
1873-07-05,austria_hungary,6.0
1873-07-05,dutch,4.75
1873-07-05,france,4.75
1873-07-05,germany,5.25
1873-07-05,russia,4.5
1873-07-12,austria_hungary,6.0
1873-07-12,dutch,4.75
1873-07-12,france,4.75
1873-07-12,germany,5.25
1873-07-12,russia,4.5
1873-07-19,austria_hungary,5.0
1873-07-19,dutch,4.75
1873-07-19,france,4.75
1873-07-19,germany,5.25
1873-07-19,russia,5.5
1873-07-26,austria_hungary,4.5
1873-07-26,dutch,4.75
1873-07-26,france,4.5
1873-07-26,germany,4.0
1873-07-26,russia,5.5
1873-08-02,austria_hungary,4.5
1873-08-02,dutch,4.75
1873-08-02,france,4.5
1873-08-02,germany,4.0
1873-08-02,russia,6.0
1873-08-09,austria_hungary,4.5
1873-08-09,dutch,4.75
1873-08-09,france,4.5
1873-08-09,germany,4.0
1873-08-09,russia,6.0
1873-08-16,austria_hungary,4.5
1873-08-16,dutch,4.75
1873-08-16,france,4.75
1873-08-16,germany,4.5
1873-08-16,russia,6.0
1873-08-23,austria_hungary,4.5
1873-08-23,dutch,4.75
1873-08-23,france,4.875
1873-08-23,germany,4.25
1873-08-23,russia,6.0
1873-08-30,austria_hungary,4.5
1873-08-30,dutch,4.75
1873-08-30,france,4.875
1873-08-30,germany,3.75
1873-08-30,russia,6.0
1873-09-06,austria_hungary,4.5
1873-09-06,dutch,4.75
1873-09-06,france,4.875
1873-09-06,germany,3.75
1873-09-06,russia,6.0
1873-09-13,austria_hungary,5.0
1873-09-13,dutch,4.75
1873-09-13,france,4.75
1873-09-13,germany,4.0
1873-09-13,russia,6.5
1873-09-20,austria_hungary,5.0
1873-09-20,dutch,4.75
1873-09-20,france,5.0
1873-09-20,germany,4.25
1873-09-20,russia,6.5
1873-09-27,austria_hungary,5.0
1873-09-27,dutch,4.75
1873-09-27,france,5.0
1873-09-27,germany,4.25
1873-09-27,russia,6.5
1873-10-04,austria_hungary,5.0
1873-10-04,dutch,4.75
1873-10-04,france,5.0
1873-10-04,germany,4.25
1873-10-04,russia,6.5
1873-10-11,austria_hungary,5.0
1873-10-11,dutch,5.0
1873-10-11,france,4.75
1873-10-11,germany,4.0
1873-10-11,russia,7.0
1873-10-18,austria_hungary,5.0
1873-10-18,dutch,4.75
1873-10-18,france,5.5
1873-10-18,germany,3.75
1873-10-18,russia,7.0
1873-10-25,austria_hungary,5.0
1873-10-25,dutch,4.75
1873-10-25,france,5.75
1873-10-25,germany,3.75
1873-10-25,russia,7.5
1873-11-01,austria_hungary,5.0
1873-11-01,dutch,4.75
1873-11-01,france,6.0
1873-11-01,germany,4.5
1873-11-01,russia,7.5
1873-11-08,austria_hungary,5.75
1873-11-08,dutch,6.0
1873-11-08,france,6.0
1873-11-08,germany,4.75
1873-11-08,russia,7.5
1873-11-15,austria_hungary,5.0
1873-11-15,dutch,6.25
1873-11-15,france,6.75
1873-11-15,germany,5.0
1873-11-22,austria_hungary,7.5
1873-11-22,dutch,6.25
1873-11-22,france,6.0
1873-11-22,germany,4.75
1873-11-22,russia,7.5
1873-11-29,austria_hungary,7.5
1873-11-29,dutch,5.5
1873-11-29,france,5.0
1873-11-29,germany,4.5
1873-11-29,russia,7.5
1873-12-06,austria_hungary,7.0
1873-12-06,dutch,5.0
1873-12-06,france,4.75
1873-12-06,germany,4.0
1873-12-06,russia,7.0
1873-12-13,austria_hungary,6.5
1873-12-13,dutch,4.75
1873-12-13,france,4.75
1873-12-13,germany,4.0
1873-12-13,russia,6.5
1873-12-20,austria_hungary,6.5
1873-12-20,dutch,4.75
1873-12-20,france,4.75
1873-12-20,germany,4.0
1873-12-20,russia,6.5
1873-12-27,austria_hungary,6.5
1873-12-27,dutch,4.75
1873-12-27,france,4.75
1873-12-27,germany,4.0
1873-12-27,russia,6.5
1874-01-03,austria_hungary,6.5
1874-01-03,dutch,4.75
1874-01-03,france,4.75
1874-01-03,germany,4.0
1874-01-03,russia,6.5
1874-01-10,austria_hungary,6.0
1874-01-10,dutch,4.5
1874-01-10,france,4.75
1874-01-10,germany,3.75
1874-01-10,russia,6.5
1874-01-17,austria_hungary,6.0
1874-01-17,dutch,4.5
1874-01-17,france,4.0
1874-01-17,germany,3.5
1874-01-17,russia,6.5
1874-01-24,austria_hungary,6.0
1874-01-24,dutch,4.5
1874-01-24,france,4.75
1874-01-24,germany,3.0
1874-01-24,russia,6.5
1874-01-31,austria_hungary,6.0
1874-01-31,dutch,4.25
1874-01-31,france,4.75
1874-01-31,germany,3.0
1874-01-31,russia,6.5
1874-02-07,austria_hungary,6.0
1874-02-07,dutch,3.75
1874-02-07,france,4.5
1874-02-07,germany,2.75
1874-02-07,russia,6.5
1874-02-14,austria_hungary,6.0
1874-02-14,dutch,3.75
1874-02-14,france,4.5
1874-02-14,germany,2.75
1874-02-14,russia,6.5
1874-02-21,austria_hungary,6.0
1874-02-21,dutch,3.25
1874-02-21,france,4.5
1874-02-21,germany,2.75
1874-02-21,russia,6.5
1874-02-28,austria_hungary,6.0
1874-02-28,dutch,3.25
1874-02-28,france,4.5
1874-02-28,germany,2.75
1874-02-28,russia,6.5
1874-03-07,austria_hungary,6.0
1874-03-07,dutch,3.0
1874-03-07,france,4.0
1874-03-07,germany,2.5
1874-03-07,russia,6.5
1874-03-14,austria_hungary,6.0
1874-03-14,dutch,3.25
1874-03-14,france,4.0
1874-03-14,germany,2.75
1874-03-14,russia,6.5
1874-03-21,austria_hungary,6.5
1874-03-21,dutch,3.25
1874-03-21,france,4.5
1874-03-21,germany,2.75
1874-03-21,russia,6.5
1874-03-28,austria_hungary,6.5
1874-03-28,dutch,3.25
1874-03-28,france,4.25
1874-03-28,germany,2.75
1874-03-28,russia,6.5
1874-04-04,austria_hungary,6.5
1874-04-04,dutch,3.25
1874-04-04,france,4.25
1874-04-04,germany,2.75
1874-04-04,russia,6.5
1874-04-11,austria_hungary,6.5
1874-04-11,dutch,3.25
1874-04-11,france,4.25
1874-04-11,germany,2.75
1874-04-11,russia,6.5
1874-04-18,austria_hungary,6.5
1874-04-18,dutch,3.25
1874-04-18,france,4.0
1874-04-18,germany,3.0
1874-04-18,russia,6.5
1874-04-25,austria_hungary,6.5
1874-04-25,dutch,3.25
1874-04-25,france,4.0
1874-04-25,germany,4.0
1874-04-25,russia,6.5
1874-05-02,austria_hungary,6.5
1874-05-02,dutch,3.5
1874-05-02,france,4.25
1874-05-02,germany,3.25
1874-05-02,russia,6.5
1874-05-09,austria_hungary,6.0
1874-05-09,dutch,3.5
1874-05-09,france,4.25
1874-05-09,germany,3.0
1874-05-09,russia,6.0
1874-05-16,austria_hungary,6.0
1874-05-16,dutch,3.25
1874-05-16,france,4.25
1874-05-16,germany,3.25
1874-05-16,russia,6.0
1874-05-23,austria_hungary,5.5
1874-05-23,dutch,3.25
1874-05-23,france,4.25
1874-05-23,germany,3.0
1874-05-23,russia,5.5
1874-05-30,austria_hungary,5.5
1874-05-30,dutch,3.25
1874-05-30,france,4.25
1874-05-30,germany,3.0
1874-05-30,russia,5.5
1874-06-06,austria_hungary,5.5
1874-06-06,dutch,3.25
1874-06-06,france,3.625
1874-06-06,germany,2.75
1874-06-06,russia,5.5
1874-06-13,austria_hungary,5.5
1874-06-13,dutch,3.75
1874-06-13,france,3.625
1874-06-13,germany,2.75
1874-06-13,russia,5.5
1874-06-20,austria_hungary,5.5
1874-06-20,dutch,3.75
1874-06-20,france,3.5
1874-06-20,germany,2.75
1874-06-20,russia,5.5
1874-06-27,austria_hungary,5.5
1874-06-27,dutch,3.75
1874-06-27,france,3.5
1874-06-27,germany,2.75
1874-06-27,russia,5.5
1874-07-04,austria_hungary,5.5
1874-07-04,dutch,3.75
1874-07-04,france,3.625
1874-07-04,germany,2.75
1874-07-04,russia,5.5
1874-07-11,austria_hungary,5.5
1874-07-11,dutch,3.25
1874-07-11,france,3.5
1874-07-11,germany,2.75
1874-07-11,russia,5.5
1874-07-18,austria_hungary,5.5
1874-07-18,dutch,3.25
1874-07-18,france,3.5
1874-07-18,germany,2.625
1874-07-18,russia,5.5
1874-07-25,austria_hungary,5.5
1874-07-25,dutch,3.25
1874-07-25,france,3.5
1874-07-25,germany,2.625
1874-07-25,russia,5.5
1874-08-01,austria_hungary,5.5
1874-08-01,dutch,3.25
1874-08-01,france,3.5
1874-08-01,germany,2.625
1874-08-01,russia,5.5
1874-08-08,austria_hungary,5.5
1874-08-08,dutch,3.25
1874-08-08,france,3.625
1874-08-08,germany,2.75
1874-08-08,russia,5.5
1874-08-15,austria_hungary,5.0
1874-08-15,dutch,3.25
1874-08-15,france,3.5
1874-08-15,germany,2.5
1874-08-15,russia,5.0
1874-08-22,austria_hungary,5.0
1874-08-22,dutch,3.25
1874-08-22,france,3.0
1874-08-22,germany,2.5
1874-08-22,russia,5.0
1874-08-29,austria_hungary,5.0
1874-08-29,dutch,3.25
1874-08-29,france,3.25
1874-08-29,germany,2.5
1874-08-29,russia,5.0
1874-09-05,austria_hungary,5.5
1874-09-05,dutch,3.25
1874-09-05,france,3.125
1874-09-05,germany,2.5
1874-09-05,russia,5.5
1874-09-12,austria_hungary,5.5
1874-09-12,dutch,3.25
1874-09-12,france,3.0
1874-09-12,germany,2.5
1874-09-12,russia,6.0
1874-09-19,austria_hungary,6.0
1874-09-19,dutch,3.25
1874-09-19,france,3.0
1874-09-19,germany,2.5
1874-09-19,russia,6.0
1874-09-26,austria_hungary,6.0
1874-09-26,dutch,3.5
1874-09-26,france,3.25
1874-09-26,germany,3.5
1874-09-26,russia,6.0
1874-10-03,austria_hungary,4.5
1874-10-03,dutch,3.5
1874-10-03,france,3.75
1874-10-03,germany,3.75
1874-10-03,russia,6.0
1874-10-10,austria_hungary,4.5
1874-10-10,dutch,3.5
1874-10-10,france,3.75
1874-10-10,germany,4.25
1874-10-10,russia,6.0
1874-10-17,austria_hungary,4.5
1874-10-17,dutch,3.5
1874-10-17,france,3.75
1874-10-17,germany,4.5
1874-10-17,russia,5.5
1874-10-24,austria_hungary,4.5
1874-10-24,dutch,3.5
1874-10-24,france,3.75
1874-10-24,germany,4.75
1874-10-24,russia,6.0
1874-10-31,austria_hungary,4.5
1874-10-31,dutch,3.5
1874-10-31,france,3.75
1874-10-31,germany,4.375
1874-10-31,russia,6.0
1874-11-07,austria_hungary,4.5
1874-11-07,dutch,3.5
1874-11-07,france,3.75
1874-11-07,germany,4.0
1874-11-07,russia,6.0
1874-11-14,austria_hungary,4.5
1874-11-14,dutch,3.5
1874-11-14,france,3.75
1874-11-14,germany,4.0
1874-11-14,russia,6.0
1874-11-21,austria_hungary,4.5
1874-11-21,dutch,3.5
1874-11-21,france,3.625
1874-11-21,germany,3.875
1874-11-21,russia,6.0
1874-11-28,austria_hungary,4.5
1874-11-28,dutch,4.5
1874-11-28,france,3.75
1874-11-28,germany,4.5
1874-11-28,russia,6.0
1874-12-05,austria_hungary,4.5
1874-12-05,dutch,3.5
1874-12-05,france,4.0
1874-12-05,germany,4.25
1874-12-05,russia,5.5
1874-12-12,austria_hungary,4.5
1874-12-12,dutch,3.5
1874-12-12,france,3.625
1874-12-12,germany,3.75
1874-12-12,russia,5.5
1874-12-19,austria_hungary,4.5
1874-12-19,dutch,3.5
1874-12-19,france,3.5
1874-12-19,germany,4.0
1874-12-19,russia,5.5
1874-12-26,austria_hungary,4.5
1874-12-26,dutch,3.5
1874-12-26,france,3.5
1874-12-26,germany,5.0
1874-12-26,russia,5.5
1875-01-02,austria_hungary,4.5
1875-01-02,dutch,3.5
1875-01-02,france,3.75
1875-01-02,germany,5.25
1875-01-02,russia,5.5
1875-01-09,austria_hungary,4.5
1875-01-09,dutch,3.5
1875-01-09,france,3.75
1875-01-09,germany,4.5
1875-01-09,russia,5.5
1875-01-16,austria_hungary,4.5
1875-01-16,dutch,3.5
1875-01-16,france,3.75
1875-01-16,germany,3.75
1875-01-16,russia,5.5
1875-01-23,austria_hungary,4.5
1875-01-23,dutch,3.5
1875-01-23,france,3.75
1875-01-23,germany,3.75
1875-01-23,russia,5.5
1875-01-30,austria_hungary,4.5
1875-01-30,dutch,3.5
1875-01-30,france,3.625
1875-01-30,germany,3.625
1875-01-30,russia,5.5
1875-02-06,austria_hungary,4.5
1875-02-06,dutch,3.5
1875-02-06,france,3.625
1875-02-06,germany,3.0
1875-02-06,russia,5.5
1875-02-13,austria_hungary,4.5
1875-02-13,dutch,3.5
1875-02-13,france,3.25
1875-02-13,germany,3.0
1875-02-13,russia,5.5
1875-02-20,austria_hungary,4.5
1875-02-20,dutch,3.25
1875-02-20,france,3.25
1875-02-20,germany,2.75
1875-02-20,russia,5.5
1875-02-27,austria_hungary,4.5
1875-02-27,dutch,3.25
1875-02-27,france,3.0
1875-02-27,germany,2.5
1875-02-27,russia,5.5
1875-03-06,austria_hungary,4.5
1875-03-06,dutch,3.25
1875-03-06,france,3.0
1875-03-06,germany,2.5
1875-03-06,russia,5.5
1875-03-13,austria_hungary,4.5
1875-03-13,dutch,3.25
1875-03-13,france,3.0
1875-03-13,germany,2.375
1875-03-13,russia,5.0
1875-03-20,austria_hungary,4.5
1875-03-20,dutch,3.5
1875-03-20,france,3.0
1875-03-20,germany,2.75
1875-03-20,russia,5.0
1875-03-27,austria_hungary,4.5
1875-03-27,dutch,3.5
1875-03-27,france,3.125
1875-03-27,germany,2.875
1875-03-27,russia,5.0
1875-04-03,austria_hungary,4.5
1875-04-03,dutch,3.5
1875-04-03,france,3.25
1875-04-03,germany,3.0
1875-04-03,russia,5.0
1875-04-10,austria_hungary,4.5
1875-04-10,dutch,3.5
1875-04-10,france,3.125
1875-04-10,germany,2.875
1875-04-10,russia,5.0
1875-04-17,austria_hungary,4.5
1875-04-17,dutch,3.5
1875-04-17,france,3.375
1875-04-17,germany,2.875
1875-04-17,russia,5.0
1875-04-24,austria_hungary,4.5
1875-04-24,dutch,3.5
1875-04-24,france,3.25
1875-04-24,germany,2.875
1875-04-24,russia,5.0
1875-05-01,austria_hungary,4.5
1875-05-01,dutch,3.25
1875-05-01,france,3.25
1875-05-01,germany,2.875
1875-05-01,russia,5.0
1875-05-08,austria_hungary,4.5
1875-05-08,dutch,3.25
1875-05-08,france,3.25
1875-05-08,germany,2.875
1875-05-08,russia,5.0
1875-05-15,austria_hungary,4.5
1875-05-15,dutch,3.25
1875-05-15,france,3.25
1875-05-15,germany,2.875
1875-05-15,russia,5.0
1875-05-22,austria_hungary,4.5
1875-05-22,dutch,3.5
1875-05-22,france,3.0
1875-05-22,germany,3.125
1875-05-22,russia,5.0
1875-05-29,austria_hungary,4.5
1875-05-29,dutch,3.25
1875-05-29,france,3.0
1875-05-29,germany,3.0
1875-05-29,russia,5.0
1875-06-05,austria_hungary,4.5
1875-06-05,dutch,3.25
1875-06-05,france,3.0
1875-06-05,germany,2.875
1875-06-05,russia,5.0
1875-06-12,austria_hungary,4.5
1875-06-12,dutch,3.25
1875-06-12,france,3.0
1875-06-12,germany,2.875
1875-06-12,russia,5.0
1875-06-19,austria_hungary,4.5
1875-06-19,dutch,3.25
1875-06-19,france,3.0
1875-06-19,germany,3.375
1875-06-19,russia,5.0
1875-06-26,austria_hungary,4.5
1875-06-26,dutch,3.25
1875-06-26,france,3.0
1875-06-26,germany,3.375
1875-06-26,russia,5.0
1875-07-03,austria_hungary,4.5
1875-07-03,dutch,3.25
1875-07-03,france,3.0
1875-07-03,germany,3.75
1875-07-03,russia,5.0
1875-07-10,austria_hungary,4.5
1875-07-10,dutch,3.25
1875-07-10,france,3.0
1875-07-10,germany,3.75
1875-07-10,russia,5.0
1875-07-17,austria_hungary,4.5
1875-07-17,dutch,3.25
1875-07-17,france,3.125
1875-07-17,germany,4.25
1875-07-17,russia,5.0
1875-07-24,austria_hungary,4.5
1875-07-24,dutch,3.25
1875-07-24,france,3.125
1875-07-24,germany,3.75
1875-07-31,austria_hungary,4.25
1875-07-31,dutch,3.25
1875-07-31,france,3.0
1875-07-31,germany,4.25
1875-07-31,russia,5.5
1875-08-07,austria_hungary,4.25
1875-08-07,dutch,3.25
1875-08-07,france,3.0
1875-08-07,germany,4.25
1875-08-07,russia,5.5
1875-08-14,austria_hungary,4.5
1875-08-14,dutch,3.0
1875-08-14,france,3.0
1875-08-14,germany,4.25
1875-08-14,russia,5.5
1875-08-21,austria_hungary,4.25
1875-08-21,dutch,3.0
1875-08-21,france,3.0
1875-08-21,germany,4.0
1875-08-21,russia,5.5
1875-08-28,austria_hungary,4.25
1875-08-28,dutch,3.0
1875-08-28,france,3.25
1875-08-28,germany,4.0
1875-08-28,russia,5.5
1875-09-04,austria_hungary,4.375
1875-09-04,dutch,2.75
1875-09-04,france,3.375
1875-09-04,germany,4.125
1875-09-04,russia,5.5
1875-09-11,austria_hungary,4.25
1875-09-11,dutch,2.75
1875-09-11,france,2.75
1875-09-11,germany,4.125
1875-09-11,russia,5.5
1875-09-18,austria_hungary,4.25
1875-09-18,dutch,2.75
1875-09-18,france,2.625
1875-09-18,germany,4.5
1875-09-18,russia,5.5
1875-09-25,austria_hungary,4.75
1875-09-25,dutch,2.75
1875-09-25,france,2.625
1875-09-25,germany,4.75
1875-09-25,russia,5.0
1875-10-02,austria_hungary,4.25
1875-10-02,dutch,2.75
1875-10-02,france,2.75
1875-10-02,germany,5.5
1875-10-02,russia,5.0
1875-10-09,austria_hungary,4.25
1875-10-09,dutch,2.75
1875-10-09,france,2.75
1875-10-09,germany,5.5
1875-10-09,russia,5.0
1875-10-16,austria_hungary,4.5
1875-10-16,dutch,2.75
1875-10-16,france,2.625
1875-10-16,germany,4.875
1875-10-16,russia,5.0
1875-10-23,austria_hungary,4.5
1875-10-23,dutch,2.75
1875-10-23,france,3.0
1875-10-23,germany,5.375
1875-10-23,russia,5.5
1875-10-30,austria_hungary,4.5
1875-10-30,dutch,3.0
1875-10-30,france,3.25
1875-10-30,germany,5.125
1875-10-30,russia,5.5
1875-11-06,austria_hungary,4.5
1875-11-06,dutch,3.0
1875-11-06,france,3.25
1875-11-06,germany,4.75
1875-11-06,russia,5.5
1875-11-13,austria_hungary,4.75
1875-11-13,dutch,3.0
1875-11-13,france,3.0
1875-11-13,germany,4.5
1875-11-13,russia,5.5
1875-11-20,austria_hungary,5.0
1875-11-20,dutch,3.0
1875-11-20,france,3.25
1875-11-20,germany,4.5
1875-11-20,russia,6.0
1875-11-27,austria_hungary,5.0
1875-11-27,dutch,3.0
1875-11-27,france,3.0
1875-11-27,germany,4.0
1875-11-27,russia,6.0
1875-12-04,austria_hungary,4.5
1875-12-04,dutch,3.5
1875-12-04,france,3.25
1875-12-04,germany,3.875
1875-12-04,russia,6.0
1875-12-11,austria_hungary,4.625
1875-12-11,dutch,3.0
1875-12-11,france,3.25
1875-12-11,germany,4.25
1875-12-11,russia,6.0
1875-12-18,austria_hungary,4.75
1875-12-18,dutch,3.0
1875-12-18,france,3.25
1875-12-18,germany,4.75
1875-12-18,russia,6.0
1875-12-25,austria_hungary,4.75
1875-12-25,dutch,3.0
1875-12-25,france,3.25
1875-12-25,germany,4.75
1875-12-25,russia,6.0
1876-01-01,austria_hungary,4.75
1876-01-01,dutch,3.0
1876-01-01,france,3.75
1876-01-01,germany,4.875
1876-01-01,russia,6.0
1876-01-08,austria_hungary,4.75
1876-01-08,dutch,3.0
1876-01-08,france,3.0
1876-01-08,germany,5.0
1876-01-08,russia,6.0
1876-01-15,austria_hungary,4.5
1876-01-15,dutch,3.0
1876-01-15,france,2.75
1876-01-15,germany,4.5
1876-01-15,russia,6.0
1876-01-22,austria_hungary,4.5
1876-01-22,dutch,2.75
1876-01-22,france,2.75
1876-01-22,germany,4.0
1876-01-22,russia,6.0
1876-01-29,austria_hungary,4.75
1876-01-29,dutch,2.75
1876-01-29,france,2.75
1876-01-29,germany,3.25
1876-01-29,russia,6.0
1876-02-05,austria_hungary,4.25
1876-02-05,dutch,2.75
1876-02-05,france,2.75
1876-02-05,germany,2.875
1876-02-05,russia,6.0
1876-02-12,austria_hungary,4.0
1876-02-12,dutch,2.75
1876-02-12,france,2.75
1876-02-12,germany,2.875
1876-02-12,russia,6.0
1876-02-19,austria_hungary,4.0
1876-02-19,dutch,2.75
1876-02-19,france,2.75
1876-02-19,germany,2.625
1876-02-19,russia,6.0
1876-02-26,austria_hungary,4.0
1876-02-26,dutch,2.75
1876-02-26,france,2.75
1876-02-26,germany,2.625
1876-02-26,russia,6.0
1876-03-04,austria_hungary,4.0
1876-03-04,dutch,2.75
1876-03-04,france,2.75
1876-03-04,germany,2.625
1876-03-04,russia,6.0
1876-03-11,austria_hungary,4.0
1876-03-11,dutch,2.75
1876-03-11,france,2.75
1876-03-11,germany,2.5
1876-03-11,russia,6.0
1876-03-18,austria_hungary,4.0
1876-03-18,dutch,2.75
1876-03-18,france,2.75
1876-03-18,germany,3.0
1876-03-18,russia,6.0
1876-03-25,austria_hungary,4.0
1876-03-25,dutch,2.75
1876-03-25,france,2.75
1876-03-25,germany,3.0
1876-03-25,russia,6.0
1876-04-01,austria_hungary,4.25
1876-04-01,dutch,2.75
1876-04-01,france,2.75
1876-04-01,germany,3.375
1876-04-01,russia,6.0
1876-04-08,austria_hungary,4.125
1876-04-08,dutch,2.75
1876-04-08,france,2.625
1876-04-08,germany,3.0
1876-04-08,russia,6.0
1876-04-15,austria_hungary,4.125
1876-04-15,dutch,2.75
1876-04-15,france,2.625
1876-04-15,germany,2.625
1876-04-15,russia,6.0
1876-04-22,austria_hungary,4.375
1876-04-22,dutch,2.75
1876-04-22,france,2.625
1876-04-22,germany,2.625
1876-04-22,russia,6.0
1876-04-29,austria_hungary,4.375
1876-04-29,dutch,3.0
1876-04-29,france,2.0
1876-04-29,germany,2.875
1876-04-29,russia,6.5
1876-05-06,austria_hungary,4.25
1876-05-06,dutch,3.0
1876-05-06,france,2.0
1876-05-06,germany,2.875
1876-05-06,russia,6.5
1876-05-13,austria_hungary,4.0
1876-05-13,dutch,2.75
1876-05-13,france,2.0
1876-05-13,germany,2.625
1876-05-13,russia,6.5
1876-05-20,austria_hungary,4.0
1876-05-20,dutch,3.0
1876-05-20,france,2.0
1876-05-20,germany,2.625
1876-05-20,russia,6.5
1876-05-27,austria_hungary,4.0
1876-05-27,dutch,2.625
1876-05-27,france,2.0
1876-05-27,germany,2.5
1876-05-27,russia,6.5
1876-06-03,austria_hungary,4.0
1876-06-03,dutch,2.625
1876-06-03,france,1.25
1876-06-03,germany,2.375
1876-06-03,russia,6.5
1876-06-10,austria_hungary,4.0
1876-06-10,dutch,2.625
1876-06-10,france,1.25
1876-06-10,germany,2.375
1876-06-10,russia,6.5
1876-06-17,austria_hungary,4.0
1876-06-17,dutch,2.625
1876-06-17,france,1.25
1876-06-17,germany,2.375
1876-06-17,russia,6.5
1876-06-24,austria_hungary,3.875
1876-06-24,dutch,2.625
1876-06-24,france,1.25
1876-06-24,germany,3.125
1876-06-24,russia,6.5
1876-07-01,austria_hungary,3.875
1876-07-01,dutch,2.625
1876-07-01,france,1.25
1876-07-01,germany,3.125
1876-07-01,russia,6.5
1876-07-08,austria_hungary,4.0
1876-07-08,dutch,2.75
1876-07-08,france,1.25
1876-07-08,germany,3.125
1876-07-08,russia,7.0
1876-07-15,austria_hungary,4.0
1876-07-15,dutch,2.75
1876-07-15,france,1.5
1876-07-15,germany,2.875
1876-07-15,russia,7.0
1876-07-22,austria_hungary,3.875
1876-07-22,dutch,2.5
1876-07-22,france,2.0
1876-07-22,germany,2.625
1876-07-22,russia,7.0
1876-07-29,austria_hungary,3.875
1876-07-29,dutch,2.625
1876-07-29,france,1.25
1876-07-29,germany,2.625
1876-07-29,russia,7.0
1876-08-05,austria_hungary,3.75
1876-08-05,dutch,2.625
1876-08-05,france,1.25
1876-08-05,germany,2.625
1876-08-05,russia,7.0
1876-08-12,austria_hungary,3.75
1876-08-12,dutch,2.625
1876-08-12,france,1.25
1876-08-12,germany,2.625
1876-08-12,russia,7.0
1876-08-19,austria_hungary,3.75
1876-08-19,dutch,2.625
1876-08-19,france,1.25
1876-08-19,germany,2.625
1876-08-19,russia,7.0
1876-08-26,austria_hungary,3.75
1876-08-26,dutch,2.625
1876-08-26,france,1.25
1876-08-26,germany,2.625
1876-08-26,russia,7.0
1876-09-02,austria_hungary,3.875
1876-09-02,dutch,2.75
1876-09-02,france,1.75
1876-09-02,germany,2.75
1876-09-02,russia,7.0
1876-09-09,austria_hungary,4.0
1876-09-09,dutch,2.75
1876-09-09,france,1.75
1876-09-09,germany,3.0
1876-09-09,russia,7.0
1876-09-16,austria_hungary,4.0
1876-09-16,dutch,2.75
1876-09-16,france,1.5
1876-09-16,germany,3.0
1876-09-16,russia,7.0
1876-09-23,austria_hungary,4.25
1876-09-23,dutch,2.75
1876-09-23,france,1.25
1876-09-23,germany,3.0
1876-09-23,russia,7.0
1876-09-30,austria_hungary,4.375
1876-09-30,dutch,2.75
1876-09-30,france,1.625
1876-09-30,germany,3.25
1876-09-30,russia,7.0
1876-10-07,austria_hungary,4.5
1876-10-07,dutch,2.75
1876-10-07,france,1.75
1876-10-07,germany,3.375
1876-10-07,russia,7.0
1876-10-14,austria_hungary,4.625
1876-10-14,dutch,2.75
1876-10-14,france,2.0
1876-10-14,germany,3.5
1876-10-14,russia,7.0
1876-10-21,austria_hungary,4.625
1876-10-21,dutch,2.75
1876-10-21,france,2.5
1876-10-21,germany,3.5
1876-10-21,russia,7.0
1876-10-28,austria_hungary,4.5
1876-10-28,dutch,3.0
1876-10-28,france,2.75
1876-10-28,germany,4.0
1876-10-28,russia,6.5
1876-11-04,austria_hungary,4.5
1876-11-04,dutch,2.5
1876-11-04,france,2.75
1876-11-04,germany,3.5
1876-11-04,russia,6.0
1876-11-11,austria_hungary,4.0
1876-11-11,dutch,2.75
1876-11-11,france,1.5
1876-11-11,germany,3.0
1876-11-11,russia,6.0
1876-11-18,austria_hungary,4.0
1876-11-18,dutch,2.75
1876-11-18,france,1.75
1876-11-18,germany,3.375
1876-11-18,russia,6.0
1876-11-25,austria_hungary,4.0
1876-11-25,dutch,2.75
1876-11-25,france,1.5
1876-11-25,germany,3.125
1876-11-25,russia,6.0
1876-12-02,austria_hungary,3.875
1876-12-02,dutch,2.75
1876-12-02,france,1.75
1876-12-02,germany,3.125
1876-12-02,russia,6.0
1876-12-09,austria_hungary,3.875
1876-12-09,dutch,2.75
1876-12-09,france,2.0
1876-12-09,germany,2.75
1876-12-09,russia,6.0
1876-12-16,austria_hungary,4.0
1876-12-16,dutch,2.75
1876-12-16,france,1.5
1876-12-16,germany,3.25
1876-12-16,russia,6.0
1876-12-23,austria_hungary,4.0
1876-12-23,dutch,2.75
1876-12-23,france,2.0
1876-12-23,germany,3.75
1876-12-23,russia,6.0
1876-12-30,austria_hungary,4.25
1876-12-30,dutch,2.75
1876-12-30,france,2.5
1876-12-30,germany,3.75
1876-12-30,russia,6.0
1877-01-06,austria_hungary,4.25
1877-01-06,dutch,2.75
1877-01-06,france,2.0
1877-01-06,germany,3.5
1877-01-06,russia,6.0
1877-01-13,austria_hungary,4.125
1877-01-13,dutch,2.75
1877-01-13,france,2.0
1877-01-13,germany,2.75
1877-01-13,russia,6.0
1877-01-20,austria_hungary,4.0
1877-01-20,dutch,3.0
1877-01-20,france,2.0
1877-01-20,germany,2.625
1877-01-20,russia,6.0
1877-01-27,austria_hungary,3.875
1877-01-27,dutch,3.0
1877-01-27,france,2.25
1877-01-27,germany,2.625
1877-01-27,russia,6.0
1877-02-03,austria_hungary,4.0
1877-02-03,dutch,3.0
1877-02-03,france,2.25
1877-02-03,germany,2.25
1877-02-03,russia,6.0
1877-02-10,austria_hungary,3.875
1877-02-10,dutch,3.0
1877-02-10,france,2.0
1877-02-10,germany,2.125
1877-02-10,russia,6.0
1877-02-17,austria_hungary,3.875
1877-02-17,dutch,2.75
1877-02-17,france,2.0
1877-02-17,germany,2.25
1877-02-17,russia,6.0
1877-02-24,austria_hungary,3.875
1877-02-24,dutch,2.75
1877-02-24,france,1.75
1877-02-24,germany,2.375
1877-02-24,russia,6.0
1877-03-03,austria_hungary,3.875
1877-03-03,dutch,2.625
1877-03-03,france,1.75
1877-03-03,germany,2.25
1877-03-03,russia,6.0
1877-03-10,austria_hungary,3.875
1877-03-10,dutch,2.625
1877-03-10,france,1.75
1877-03-10,germany,2.25
1877-03-10,russia,6.0
1877-03-17,austria_hungary,3.875
1877-03-17,dutch,2.5
1877-03-17,france,1.75
1877-03-17,germany,2.25
1877-03-17,russia,6.0
1877-03-24,austria_hungary,3.875
1877-03-24,dutch,2.75
1877-03-24,france,1.75
1877-03-24,germany,2.375
1877-03-24,russia,6.0
1877-03-31,austria_hungary,3.75
1877-03-31,dutch,2.75
1877-03-31,france,2.0
1877-03-31,germany,2.5
1877-03-31,russia,6.0
1877-04-07,austria_hungary,4.0
1877-04-07,dutch,2.75
1877-04-07,france,1.75
1877-04-07,germany,2.375
1877-04-07,russia,6.0
1877-04-14,austria_hungary,4.0
1877-04-14,dutch,3.0
1877-04-14,france,1.75
1877-04-14,germany,3.25
1877-04-14,russia,6.0
1877-04-21,austria_hungary,4.125
1877-04-21,dutch,3.0
1877-04-21,france,2.0
1877-04-21,germany,3.5
1877-04-21,russia,6.0
1877-04-28,austria_hungary,4.5
1877-04-28,dutch,3.0
1877-04-28,france,1.875
1877-04-28,germany,3.25
1877-04-28,russia,6.0
1877-05-05,austria_hungary,4.5
1877-05-05,dutch,2.75
1877-05-05,france,1.75
1877-05-05,germany,3.25
1877-05-05,russia,6.0
1877-05-12,austria_hungary,4.25
1877-05-12,dutch,2.75
1877-05-12,france,1.75
1877-05-12,germany,4.0
1877-05-12,russia,6.0
1877-05-19,austria_hungary,4.125
1877-05-19,dutch,2.75
1877-05-19,france,2.0
1877-05-19,germany,3.5
1877-05-19,russia,6.0
1877-05-26,austria_hungary,3.875
1877-05-26,dutch,2.75
1877-05-26,france,1.5
1877-05-26,germany,3.375
1877-05-26,russia,6.0
1877-06-02,austria_hungary,3.875
1877-06-02,dutch,2.75
1877-06-02,france,1.5
1877-06-02,germany,3.625
1877-06-02,russia,6.0
1877-06-09,austria_hungary,3.875
1877-06-09,dutch,2.5
1877-06-09,france,1.375
1877-06-09,germany,3.0
1877-06-09,russia,6.0
1877-06-16,austria_hungary,4.0
1877-06-16,dutch,2.75
1877-06-16,france,1.375
1877-06-16,germany,3.25
1877-06-16,russia,6.0
1877-06-23,austria_hungary,4.0
1877-06-23,dutch,2.75
1877-06-23,france,1.375
1877-06-23,germany,3.25
1877-06-23,russia,6.0
1877-06-30,austria_hungary,4.5
1877-06-30,dutch,2.5
1877-06-30,france,1.375
1877-06-30,germany,3.5
1877-06-30,russia,6.0
1877-07-07,austria_hungary,4.25
1877-07-07,dutch,2.5
1877-07-07,france,1.375
1877-07-07,germany,3.375
1877-07-07,russia,6.0
1877-07-14,austria_hungary,4.25
1877-07-14,dutch,2.5
1877-07-14,france,1.25
1877-07-14,germany,3.375
1877-07-14,russia,6.0
1877-07-21,austria_hungary,4.25
1877-07-21,dutch,2.5
1877-07-21,france,1.25
1877-07-21,germany,3.375
1877-07-21,russia,6.0
1877-07-28,austria_hungary,4.25
1877-07-28,dutch,2.5
1877-07-28,france,1.25
1877-07-28,germany,3.375
1877-07-28,russia,6.0
1877-08-04,austria_hungary,4.25
1877-08-04,dutch,2.5
1877-08-04,france,1.5
1877-08-04,germany,3.375
1877-08-04,russia,6.0
1877-08-11,austria_hungary,4.5
1877-08-11,dutch,2.625
1877-08-11,france,1.75
1877-08-11,germany,2.5
1877-08-11,russia,6.0
1877-08-18,austria_hungary,4.5
1877-08-18,dutch,2.625
1877-08-18,france,1.75
1877-08-18,germany,2.5
1877-08-18,russia,6.0
1877-08-25,austria_hungary,4.5
1877-08-25,dutch,2.625
1877-08-25,france,1.375
1877-08-25,germany,2.5
1877-08-25,russia,6.0
1877-09-01,austria_hungary,4.5
1877-09-01,dutch,2.75
1877-09-01,france,1.625
1877-09-01,germany,3.0
1877-09-01,russia,6.0
1877-09-08,austria_hungary,4.75
1877-09-08,dutch,2.75
1877-09-08,france,1.375
1877-09-08,germany,3.25
1877-09-08,russia,6.0
1877-09-15,austria_hungary,4.75
1877-09-15,dutch,2.75
1877-09-15,france,1.375
1877-09-15,germany,3.75
1877-09-15,russia,6.0
1877-09-22,austria_hungary,4.75
1877-09-22,dutch,2.75
1877-09-22,france,1.5
1877-09-22,germany,4.625
1877-09-22,russia,6.0
1877-09-29,austria_hungary,4.625
1877-09-29,dutch,2.75
1877-09-29,france,1.5
1877-09-29,germany,4.625
1877-09-29,russia,6.0
1877-10-06,austria_hungary,4.625
1877-10-06,dutch,3.0
1877-10-06,france,1.5
1877-10-06,germany,4.5
1877-10-06,russia,6.0
1877-10-13,austria_hungary,4.625
1877-10-13,dutch,3.0
1877-10-13,france,2.0
1877-10-13,germany,4.625
1877-10-13,russia,6.0
1877-10-20,austria_hungary,4.5
1877-10-20,dutch,3.0
1877-10-20,france,2.0
1877-10-20,germany,4.5
1877-10-20,russia,6.0
1877-10-27,austria_hungary,4.5
1877-10-27,dutch,3.0
1877-10-27,france,2.0
1877-10-27,germany,4.0
1877-10-27,russia,6.0
1877-11-03,austria_hungary,4.5
1877-11-03,dutch,3.0
1877-11-03,france,2.0
1877-11-03,germany,4.0
1877-11-03,russia,6.0
1877-11-10,austria_hungary,4.5
1877-11-10,dutch,3.0
1877-11-10,france,1.75
1877-11-10,germany,4.5
1877-11-10,russia,6.0
1877-11-17,austria_hungary,4.5
1877-11-17,dutch,3.0
1877-11-17,france,1.5
1877-11-17,germany,4.0
1877-11-17,russia,6.0
1877-11-24,austria_hungary,4.125
1877-11-24,dutch,2.75
1877-11-24,france,1.5
1877-11-24,germany,4.5
1877-11-24,russia,6.0
1877-12-01,austria_hungary,4.125
1877-12-01,dutch,2.75
1877-12-01,france,1.5
1877-12-01,germany,4.5
1877-12-01,russia,6.0
1877-12-08,austria_hungary,4.0
1877-12-08,dutch,2.75
1877-12-08,france,1.875
1877-12-08,germany,3.25
1877-12-08,russia,6.0
1877-12-15,austria_hungary,4.0
1877-12-15,dutch,2.75
1877-12-15,france,2.0
1877-12-15,germany,3.5
1877-12-15,russia,6.0
1877-12-22,austria_hungary,3.875
1877-12-22,dutch,2.75
1877-12-22,france,1.875
1877-12-22,germany,3.5
1877-12-22,russia,6.0
1877-12-29,austria_hungary,4.0
1877-12-29,dutch,2.75
1877-12-29,france,2.0
1877-12-29,germany,4.0
1877-12-29,russia,6.0
1878-01-05,austria_hungary,4.0
1878-01-05,dutch,2.75
1878-01-05,france,2.0
1878-01-05,germany,4.0
1878-01-05,russia,6.0
1878-01-12,austria_hungary,3.875
1878-01-12,dutch,2.75
1878-01-12,france,1.75
1878-01-12,germany,3.5
1878-01-12,russia,6.0
1878-01-19,austria_hungary,3.75
1878-01-19,dutch,2.5
1878-01-19,france,1.625
1878-01-19,germany,3.0
1878-01-19,russia,6.0
1878-01-26,austria_hungary,3.75
1878-01-26,dutch,2.5
1878-01-26,france,1.625
1878-01-26,germany,2.75
1878-01-26,russia,6.0
1878-02-02,austria_hungary,3.75
1878-02-02,dutch,2.5
1878-02-02,france,1.5
1878-02-02,germany,2.5
1878-02-02,russia,6.0
1878-02-09,austria_hungary,4.0
1878-02-09,dutch,2.625
1878-02-09,france,1.5
1878-02-09,germany,2.5
1878-02-09,russia,6.0
1878-02-16,austria_hungary,4.0
1878-02-16,dutch,2.625
1878-02-16,france,1.5
1878-02-16,germany,2.5
1878-02-16,russia,6.0
1878-02-23,austria_hungary,4.0
1878-02-23,dutch,2.75
1878-02-23,france,1.625
1878-02-23,germany,2.5
1878-02-23,russia,6.0
1878-03-02,austria_hungary,3.75
1878-03-02,dutch,2.875
1878-03-02,france,1.75
1878-03-02,germany,2.5
1878-03-02,russia,6.0
1878-03-09,austria_hungary,3.75
1878-03-09,dutch,2.75
1878-03-09,france,1.75
1878-03-09,germany,2.25
1878-03-09,russia,6.0
1878-03-16,austria_hungary,3.75
1878-03-16,dutch,2.75
1878-03-16,france,1.875
1878-03-16,germany,2.25
1878-03-16,russia,6.0
1878-03-23,austria_hungary,3.75
1878-03-23,dutch,2.75
1878-03-23,france,1.875
1878-03-23,germany,2.25
1878-03-23,russia,6.0
1878-03-30,austria_hungary,3.75
1878-03-30,dutch,2.75
1878-03-30,france,2.0
1878-03-30,germany,2.25
1878-03-30,russia,6.0
1878-04-06,austria_hungary,3.75
1878-04-06,dutch,3.0
1878-04-06,france,1.75
1878-04-06,germany,3.5
1878-04-06,russia,6.0
1878-04-13,austria_hungary,3.75
1878-04-13,dutch,3.0
1878-04-13,france,1.875
1878-04-13,germany,3.0
1878-04-13,russia,6.0
1878-04-20,austria_hungary,4.5
1878-04-20,dutch,3.0
1878-04-20,france,1.75
1878-04-20,germany,2.75
1878-04-20,russia,6.0
1878-04-27,austria_hungary,3.75
1878-04-27,dutch,3.0
1878-04-27,france,1.75
1878-04-27,germany,2.5
1878-04-27,russia,6.0
1878-05-04,austria_hungary,4.0
1878-05-04,dutch,3.25
1878-05-04,france,1.75
1878-05-04,germany,2.75
1878-05-04,russia,6.0
1878-05-11,austria_hungary,3.75
1878-05-11,dutch,3.25
1878-05-11,france,1.75
1878-05-11,germany,3.0
1878-05-11,russia,6.0
1878-05-18,austria_hungary,3.75
1878-05-18,dutch,3.25
1878-05-18,france,1.75
1878-05-18,germany,3.25
1878-05-18,russia,6.0
1878-05-25,austria_hungary,3.75
1878-05-25,dutch,3.25
1878-05-25,france,1.75
1878-05-25,germany,3.0
1878-05-25,russia,6.0
1878-06-01,austria_hungary,3.75
1878-06-01,dutch,3.25
1878-06-01,france,1.5
1878-06-01,germany,3.0
1878-06-01,russia,6.0
1878-06-08,austria_hungary,3.75
1878-06-08,dutch,3.25
1878-06-08,france,1.5
1878-06-08,germany,3.0
1878-06-08,russia,6.0
1878-06-15,austria_hungary,4.0
1878-06-15,dutch,3.25
1878-06-15,france,1.625
1878-06-15,germany,3.0
1878-06-15,russia,6.0
1878-06-22,austria_hungary,4.25
1878-06-22,dutch,3.25
1878-06-22,france,1.75
1878-06-22,germany,3.5
1878-06-22,russia,6.0
1878-06-29,austria_hungary,4.25
1878-06-29,dutch,3.5
1878-06-29,france,1.875
1878-06-29,germany,3.75
1878-06-29,russia,6.0
1878-07-06,austria_hungary,4.25
1878-07-06,dutch,3.5
1878-07-06,france,2.0
1878-07-06,germany,3.5
1878-07-06,russia,6.0
1878-07-13,austria_hungary,4.25
1878-07-13,dutch,3.5
1878-07-13,france,1.75
1878-07-13,germany,3.0
1878-07-13,russia,5.0
1878-07-20,austria_hungary,4.25
1878-07-20,dutch,3.5
1878-07-20,france,1.875
1878-07-20,germany,2.75
1878-07-20,russia,5.0
1878-07-27,austria_hungary,4.25
1878-07-27,dutch,3.25
1878-07-27,france,1.75
1878-07-27,germany,2.75
1878-07-27,russia,6.0
1878-08-03,austria_hungary,4.25
1878-08-03,dutch,3.5
1878-08-03,france,1.875
1878-08-03,germany,3.0
1878-08-03,russia,6.0
1878-08-10,austria_hungary,4.25
1878-08-10,dutch,3.25
1878-08-10,france,1.625
1878-08-10,germany,2.75
1878-08-10,russia,6.0
1878-08-17,austria_hungary,4.25
1878-08-17,dutch,3.25
1878-08-17,france,1.875
1878-08-17,germany,2.75
1878-08-17,russia,6.0
1878-08-24,austria_hungary,4.25
1878-08-24,dutch,3.25
1878-08-24,france,1.875
1878-08-24,germany,2.75
1878-08-24,russia,6.0
1878-08-31,austria_hungary,4.25
1878-08-31,dutch,3.5
1878-08-31,france,1.875
1878-08-31,germany,3.0
1878-08-31,russia,6.0
1878-09-07,austria_hungary,4.375
1878-09-07,dutch,3.5
1878-09-07,france,1.625
1878-09-07,germany,3.0
1878-09-07,russia,6.0
1878-09-14,austria_hungary,4.375
1878-09-14,dutch,3.0
1878-09-14,france,1.625
1878-09-14,germany,3.5
1878-09-14,russia,6.0
1878-09-21,austria_hungary,4.375
1878-09-21,dutch,3.25
1878-09-21,france,1.625
1878-09-21,germany,3.75
1878-09-21,russia,6.0
1878-09-28,austria_hungary,4.375
1878-09-28,dutch,3.5
1878-09-28,france,1.625
1878-09-28,germany,4.25
1878-09-28,russia,6.0
1878-10-05,austria_hungary,4.375
1878-10-05,dutch,3.25
1878-10-05,france,1.75
1878-10-05,germany,4.25
1878-10-05,russia,6.0
1878-10-12,austria_hungary,4.375
1878-10-12,dutch,3.75
1878-10-12,france,1.875
1878-10-12,germany,4.5
1878-10-12,russia,6.0
1878-10-19,austria_hungary,4.375
1878-10-19,dutch,3.75
1878-10-19,france,2.75
1878-10-19,germany,4.5
1878-10-19,russia,6.0
1878-10-26,austria_hungary,4.5
1878-10-26,dutch,4.0
1878-10-26,france,2.875
1878-10-26,germany,4.25
1878-10-26,russia,6.0
1878-11-02,austria_hungary,4.5
1878-11-02,dutch,4.0
1878-11-02,france,2.875
1878-11-02,germany,4.5
1878-11-02,russia,6.0
1878-11-09,austria_hungary,4.0
1878-11-09,dutch,4.0
1878-11-09,france,2.75
1878-11-09,germany,4.5
1878-11-09,russia,6.0
1878-11-16,austria_hungary,4.25
1878-11-16,dutch,4.0
1878-11-16,france,2.5
1878-11-16,germany,4.5
1878-11-16,russia,6.0
1878-11-23,austria_hungary,4.25
1878-11-23,dutch,4.0
1878-11-23,france,2.5
1878-11-23,germany,4.5
1878-11-23,russia,6.0
1878-11-30,austria_hungary,4.25
1878-11-30,dutch,4.0
1878-11-30,france,2.75
1878-11-30,germany,4.0
1878-11-30,russia,6.0
1878-12-07,austria_hungary,4.25
1878-12-07,dutch,4.0
1878-12-07,france,2.75
1878-12-07,germany,4.0
1878-12-07,russia,6.0
1878-12-14,austria_hungary,4.25
1878-12-14,dutch,4.0
1878-12-14,france,2.75
1878-12-14,germany,3.75
1878-12-14,russia,6.0
1878-12-21,austria_hungary,4.25
1878-12-21,dutch,3.75
1878-12-21,france,2.75
1878-12-21,germany,3.5
1878-12-21,russia,6.0
1878-12-28,austria_hungary,4.25
1878-12-28,dutch,3.75
1878-12-28,france,3.0
1878-12-28,germany,3.75
1878-12-28,russia,6.0
1879-01-04,austria_hungary,4.0
1879-01-04,dutch,3.75
1879-01-04,france,3.0
1879-01-04,germany,4.0
1879-01-04,russia,6.0
1879-01-11,austria_hungary,4.25
1879-01-11,dutch,3.75
1879-01-11,france,2.75
1879-01-11,germany,3.75
1879-01-11,russia,6.0
1879-01-18,austria_hungary,4.25
1879-01-18,dutch,3.75
1879-01-18,france,2.75
1879-01-18,germany,3.25
1879-01-18,russia,6.0
1879-01-25,austria_hungary,4.25
1879-01-25,dutch,3.75
1879-01-25,france,2.5
1879-01-25,germany,3.125
1879-01-25,russia,6.0
1879-02-01,austria_hungary,4.0
1879-02-01,dutch,3.75
1879-02-01,france,2.5
1879-02-01,germany,3.0
1879-02-01,russia,6.0
1879-02-08,austria_hungary,4.0
1879-02-08,dutch,3.5
1879-02-08,france,2.5
1879-02-08,germany,2.75
1879-02-08,russia,6.0
1879-02-15,austria_hungary,4.0
1879-02-15,dutch,3.5
1879-02-15,france,2.5
1879-02-15,germany,2.375
1879-02-15,russia,6.0
1879-02-22,austria_hungary,3.75
1879-02-22,dutch,3.375
1879-02-22,france,2.0
1879-02-22,germany,2.0
1879-02-22,russia,6.0
1879-03-01,austria_hungary,4.0
1879-03-01,dutch,3.25
1879-03-01,france,2.0
1879-03-01,germany,2.25
1879-03-01,russia,6.0
1879-03-08,austria_hungary,3.75
1879-03-08,dutch,3.25
1879-03-08,france,2.25
1879-03-08,germany,2.125
1879-03-08,russia,6.0
1879-03-15,austria_hungary,3.75
1879-03-15,dutch,3.25
1879-03-15,france,2.0
1879-03-15,germany,2.0
1879-03-15,russia,6.0
1879-03-22,austria_hungary,3.75
1879-03-22,dutch,3.25
1879-03-22,france,2.0
1879-03-22,germany,2.125
1879-03-22,russia,6.0
1879-03-29,austria_hungary,3.75
1879-03-29,dutch,3.0
1879-03-29,france,2.125
1879-03-29,germany,2.25
1879-03-29,russia,6.0
1879-04-05,austria_hungary,3.75
1879-04-05,dutch,3.25
1879-04-05,france,2.375
1879-04-05,germany,2.25
1879-04-05,russia,6.0
1879-04-12,austria_hungary,3.75
1879-04-12,dutch,3.25
1879-04-12,france,2.375
1879-04-12,germany,2.0
1879-04-12,russia,6.0
1879-04-19,austria_hungary,4.0
1879-04-19,dutch,3.25
1879-04-19,france,2.375
1879-04-19,germany,2.125
1879-04-19,russia,6.0
1879-04-26,austria_hungary,4.0
1879-04-26,dutch,3.25
1879-04-26,france,2.375
1879-04-26,germany,2.125
1879-04-26,russia,6.0
1879-05-03,austria_hungary,4.0
1879-05-03,dutch,3.25
1879-05-03,france,2.5
1879-05-03,germany,2.125
1879-05-03,russia,6.0
1879-05-10,austria_hungary,4.0
1879-05-10,dutch,3.25
1879-05-10,france,2.5
1879-05-10,germany,2.0
1879-05-10,russia,6.0
1879-05-17,austria_hungary,3.75
1879-05-17,dutch,3.25
1879-05-17,france,2.375
1879-05-17,germany,2.0
1879-05-17,russia,6.0
1879-05-24,austria_hungary,3.75
1879-05-24,dutch,3.25
1879-05-24,france,1.875
1879-05-24,germany,2.0
1879-05-24,russia,6.0
1879-05-31,austria_hungary,3.75
1879-05-31,dutch,3.0
1879-05-31,france,1.75
1879-05-31,germany,2.125
1879-05-31,russia,6.0
1879-06-07,austria_hungary,3.75
1879-06-07,dutch,2.75
1879-06-07,france,1.75
1879-06-07,germany,2.0
1879-06-07,russia,6.0
1879-06-14,austria_hungary,3.75
1879-06-14,dutch,2.75
1879-06-14,france,1.625
1879-06-14,germany,2.0
1879-06-14,russia,6.0
1879-06-21,austria_hungary,3.75
1879-06-21,dutch,2.75
1879-06-21,france,1.75
1879-06-21,germany,2.25
1879-06-21,russia,6.0
1879-06-28,austria_hungary,3.75
1879-06-28,dutch,2.5
1879-06-28,france,1.75
1879-06-28,germany,2.5
1879-06-28,russia,6.0
1879-07-05,austria_hungary,3.75
1879-07-05,dutch,2.75
1879-07-05,france,1.75
1879-07-05,germany,2.25
1879-07-05,russia,6.0
1879-07-12,austria_hungary,3.75
1879-07-12,dutch,2.75
1879-07-12,france,1.75
1879-07-12,germany,2.25
1879-07-12,russia,6.0
1879-07-19,austria_hungary,3.75
1879-07-19,dutch,2.75
1879-07-19,france,1.625
1879-07-19,germany,2.125
1879-07-19,russia,5.0
1879-07-26,austria_hungary,3.75
1879-07-26,dutch,2.75
1879-07-26,france,1.5
1879-07-26,germany,2.125
1879-07-26,russia,5.0
1879-08-02,austria_hungary,3.75
1879-08-02,dutch,2.75
1879-08-02,france,1.5
1879-08-02,germany,2.0
1879-08-02,russia,5.0
1879-08-09,austria_hungary,3.75
1879-08-09,dutch,2.75
1879-08-09,france,1.75
1879-08-09,germany,1.875
1879-08-09,russia,5.0
1879-08-16,austria_hungary,3.75
1879-08-16,dutch,2.75
1879-08-16,france,1.625
1879-08-16,germany,2.125
1879-08-16,russia,5.0
1879-08-23,austria_hungary,3.5
1879-08-23,dutch,2.75
1879-08-23,france,1.625
1879-08-23,germany,2.5
1879-08-23,russia,5.0
1879-08-30,austria_hungary,3.75
1879-08-30,dutch,2.75
1879-08-30,france,1.75
1879-08-30,germany,2.5
1879-08-30,russia,5.0
1879-09-06,austria_hungary,3.5
1879-09-06,dutch,2.5
1879-09-06,france,1.75
1879-09-06,germany,2.5
1879-09-06,russia,5.0
1879-09-13,austria_hungary,3.5
1879-09-13,dutch,2.5
1879-09-13,france,1.5
1879-09-13,germany,2.5
1879-09-13,russia,5.0
1879-09-20,austria_hungary,3.25
1879-09-20,dutch,2.5
1879-09-20,france,1.5
1879-09-20,germany,2.75
1879-09-20,russia,5.0
1879-09-27,austria_hungary,3.5
1879-09-27,dutch,2.5
1879-09-27,france,1.75
1879-09-27,germany,3.5
1879-09-27,russia,5.0
1879-10-04,austria_hungary,3.5
1879-10-04,dutch,2.5
1879-10-04,france,1.875
1879-10-04,germany,3.5
1879-10-04,russia,5.0
1879-10-11,austria_hungary,3.5
1879-10-11,dutch,2.5
1879-10-11,france,1.875
1879-10-11,germany,3.25
1879-10-11,russia,5.0
1879-10-18,austria_hungary,3.75
1879-10-18,dutch,2.75
1879-10-18,france,2.0
1879-10-18,germany,4.125
1879-10-18,russia,5.0
1879-10-25,austria_hungary,3.75
1879-10-25,dutch,2.75
1879-10-25,france,2.25
1879-10-25,germany,3.875
1879-10-25,russia,6.0
1879-11-01,austria_hungary,4.0
1879-11-01,dutch,2.75
1879-11-01,france,2.875
1879-11-01,germany,4.125
1879-11-01,russia,6.0
1879-11-08,austria_hungary,4.0
1879-11-08,dutch,2.75
1879-11-08,france,2.875
1879-11-08,germany,4.0
1879-11-08,russia,6.0
1879-11-15,austria_hungary,4.0
1879-11-15,dutch,2.75
1879-11-15,france,2.75
1879-11-15,germany,4.25
1879-11-15,russia,6.0
1879-11-22,austria_hungary,4.0
1879-11-22,dutch,2.75
1879-11-22,france,2.25
1879-11-22,germany,4.0
1879-11-22,russia,6.0
1879-11-29,austria_hungary,4.0
1879-11-29,dutch,2.75
1879-11-29,france,2.5
1879-11-29,germany,3.75
1879-11-29,russia,6.0
1879-12-06,austria_hungary,4.0
1879-12-06,dutch,2.75
1879-12-06,france,2.625
1879-12-06,germany,3.25
1879-12-06,russia,6.0
1879-12-13,austria_hungary,3.75
1879-12-13,dutch,2.75
1879-12-13,france,2.75
1879-12-13,germany,3.0
1879-12-13,russia,6.0
1879-12-20,austria_hungary,3.75
1879-12-20,dutch,2.75
1879-12-20,france,2.875
1879-12-20,germany,3.375
1879-12-20,russia,6.0
1879-12-27,austria_hungary,3.75
1879-12-27,dutch,2.75
1879-12-27,france,2.875
1879-12-27,germany,3.5
1879-12-27,russia,6.0
1880-01-03,austria_hungary,3.5
1880-01-03,dutch,3.0
1880-01-03,france,2.625
1880-01-03,germany,3.75
1880-01-03,russia,6.0
1880-01-10,austria_hungary,3.5
1880-01-10,dutch,2.75
1880-01-10,france,2.625
1880-01-10,germany,3.375
1880-01-10,russia,6.0
1880-01-17,austria_hungary,3.5
1880-01-17,dutch,2.75
1880-01-17,france,2.625
1880-01-17,germany,3.25
1880-01-17,russia,6.0
1880-01-24,austria_hungary,3.5
1880-01-24,dutch,2.75
1880-01-24,france,2.625
1880-01-24,germany,3.0
1880-01-24,russia,6.0
1880-01-31,austria_hungary,3.5
1880-01-31,dutch,2.75
1880-01-31,france,2.625
1880-01-31,germany,2.875
1880-01-31,russia,6.0
1880-02-07,austria_hungary,3.5
1880-02-07,dutch,2.88
1880-02-07,france,2.75
1880-02-07,germany,2.375
1880-02-07,russia,6.0
1880-02-14,austria_hungary,3.5
1880-02-14,dutch,2.75
1880-02-14,france,2.375
1880-02-14,germany,2.125
1880-02-14,russia,6.0
1880-02-21,austria_hungary,3.375
1880-02-21,dutch,2.5
1880-02-21,france,2.375
1880-02-21,germany,2.125
1880-02-21,russia,6.0
1880-02-28,austria_hungary,3.375
1880-02-28,dutch,2.5
1880-02-28,france,2.5
1880-02-28,germany,2.125
1880-02-28,russia,6.0
1880-03-06,austria_hungary,3.5
1880-03-06,dutch,2.5
1880-03-06,france,2.375
1880-03-06,germany,2.125
1880-03-06,russia,6.0
1880-03-13,austria_hungary,3.5
1880-03-13,dutch,2.5
1880-03-13,france,2.125
1880-03-13,germany,2.125
1880-03-13,russia,6.0
1880-03-20,austria_hungary,3.5
1880-03-20,dutch,2.5
1880-03-20,france,2.25
1880-03-20,germany,2.125
1880-03-20,russia,6.0
1880-03-27,austria_hungary,3.25
1880-03-27,dutch,2.5
1880-03-27,france,2.25
1880-03-27,germany,2.375
1880-03-27,russia,6.0
1880-04-03,austria_hungary,3.25
1880-04-03,dutch,2.38
1880-04-03,france,2.125
1880-04-03,germany,2.5
1880-04-03,russia,6.0
1880-04-10,austria_hungary,2.875
1880-04-10,dutch,2.63
1880-04-10,france,2.0
1880-04-10,germany,2.625
1880-04-10,russia,6.0
1880-04-17,austria_hungary,3.0
1880-04-17,dutch,2.75
1880-04-17,france,2.125
1880-04-17,germany,2.75
1880-04-17,russia,6.0
1880-04-24,austria_hungary,3.0
1880-04-24,dutch,2.75
1880-04-24,france,2.25
1880-04-24,germany,2.75
1880-04-24,russia,6.0
1880-05-01,austria_hungary,3.0
1880-05-01,dutch,2.75
1880-05-01,france,2.25
1880-05-01,germany,2.875
1880-05-01,russia,6.0
1880-05-08,austria_hungary,3.0
1880-05-08,dutch,2.75
1880-05-08,france,2.25
1880-05-08,germany,2.875
1880-05-08,russia,6.0
1880-05-15,austria_hungary,3.0
1880-05-15,dutch,2.75
1880-05-15,france,2.25
1880-05-15,germany,2.753
1880-05-15,russia,6.0
1880-05-22,austria_hungary,3.0
1880-05-22,dutch,2.75
1880-05-22,france,2.25
1880-05-22,germany,2.75
1880-05-22,russia,6.0
1880-05-29,austria_hungary,3.0
1880-05-29,dutch,2.75
1880-05-29,france,2.375
1880-05-29,germany,2.75
1880-05-29,russia,6.0
1880-06-05,austria_hungary,3.25
1880-06-05,dutch,2.75
1880-06-05,france,2.25
1880-06-05,germany,2.75
1880-06-05,russia,6.0
1880-06-12,austria_hungary,3.125
1880-06-12,dutch,2.5
1880-06-12,france,2.125
1880-06-12,germany,2.625
1880-06-12,russia,6.0
1880-06-19,austria_hungary,3.125
1880-06-19,dutch,2.5
1880-06-19,france,2.125
1880-06-19,germany,3.0
1880-06-19,russia,6.0
1880-06-26,austria_hungary,3.25
1880-06-26,dutch,2.63
1880-06-26,france,2.125
1880-06-26,germany,3.125
1880-06-26,russia,6.0
1880-07-03,austria_hungary,3.5
1880-07-03,dutch,2.75
1880-07-03,france,2.25
1880-07-03,germany,3.25
1880-07-03,russia,6.0
1880-07-10,austria_hungary,3.5
1880-07-10,dutch,2.75
1880-07-10,france,2.375
1880-07-10,germany,2.75
1880-07-10,russia,6.0
1880-07-17,austria_hungary,3.5
1880-07-17,dutch,2.75
1880-07-17,france,2.375
1880-07-17,germany,2.625
1880-07-17,russia,6.0
1880-07-24,austria_hungary,3.5
1880-07-24,dutch,2.75
1880-07-24,france,2.25
1880-07-24,germany,2.625
1880-07-24,russia,6.0
1880-07-31,austria_hungary,3.5
1880-07-31,dutch,2.75
1880-07-31,france,2.25
1880-07-31,germany,2.625
1880-07-31,russia,6.0
1880-08-07,austria_hungary,3.25
1880-08-07,dutch,2.75
1880-08-07,france,2.25
1880-08-07,germany,2.125
1880-08-07,russia,6.0
1880-08-14,austria_hungary,3.0
1880-08-14,dutch,2.5
1880-08-14,france,2.125
1880-08-14,germany,2.125
1880-08-14,russia,6.0
1880-08-21,austria_hungary,3.25
1880-08-21,dutch,2.5
1880-08-21,france,2.25
1880-08-21,germany,2.75
1880-08-21,russia,6.0
1880-08-28,austria_hungary,3.25
1880-08-28,dutch,2.38
1880-08-28,france,2.125
1880-08-28,germany,3.0
1880-08-28,russia,6.0
1880-09-04,austria_hungary,3.25
1880-09-04,dutch,2.38
1880-09-04,france,2.125
1880-09-04,germany,3.375
1880-09-04,russia,6.0
1880-09-11,austria_hungary,3.5
1880-09-11,dutch,2.75
1880-09-11,france,2.25
1880-09-11,germany,4.25
1880-09-11,russia,6.0
1880-09-18,austria_hungary,3.5
1880-09-18,dutch,2.75
1880-09-18,france,2.25
1880-09-18,germany,4.875
1880-09-18,russia,6.0
1880-09-25,austria_hungary,3.5
1880-09-25,dutch,2.75
1880-09-25,france,2.125
1880-09-25,germany,4.75
1880-09-25,russia,6.0
1880-10-02,austria_hungary,3.5
1880-10-02,dutch,2.88
1880-10-02,france,2.25
1880-10-02,germany,4.875
1880-10-02,russia,6.0
1880-10-09,austria_hungary,3.5
1880-10-09,dutch,2.88
1880-10-09,france,2.25
1880-10-09,germany,4.25
1880-10-09,russia,6.0
1880-10-16,austria_hungary,3.5
1880-10-16,dutch,2.88
1880-10-16,france,3.0
1880-10-16,germany,4.25
1880-10-16,russia,6.0
1880-10-23,austria_hungary,3.75
1880-10-23,dutch,2.75
1880-10-23,france,3.125
1880-10-23,germany,4.125
1880-10-23,russia,6.0
1880-10-30,austria_hungary,4.0
1880-10-30,dutch,2.75
1880-10-30,france,3.0
1880-10-30,germany,3.75
1880-10-30,russia,6.0
1880-11-06,austria_hungary,4.0
1880-11-06,dutch,2.75
1880-11-06,france,3.25
1880-11-06,germany,3.5
1880-11-06,russia,6.0
1880-11-13,austria_hungary,4.0
1880-11-13,dutch,2.75
1880-11-13,france,3.125
1880-11-13,germany,3.25
1880-11-13,russia,6.0
1880-11-20,austria_hungary,4.0
1880-11-20,dutch,2.75
1880-11-20,france,3.25
1880-11-20,germany,3.625
1880-11-20,russia,6.0
1880-11-27,austria_hungary,3.875
1880-11-27,dutch,2.75
1880-11-27,france,3.25
1880-11-27,germany,3.5
1880-11-27,russia,6.0
1880-12-04,austria_hungary,3.875
1880-12-04,dutch,2.75
1880-12-04,france,3.25
1880-12-04,germany,3.25
1880-12-04,russia,6.0
1880-12-11,austria_hungary,3.875
1880-12-11,dutch,2.75
1880-12-11,france,3.25
1880-12-11,germany,3.25
1880-12-11,russia,6.0
1880-12-18,austria_hungary,3.875
1880-12-18,dutch,2.75
1880-12-18,france,3.375
1880-12-18,germany,3.625
1880-12-18,russia,6.0
1880-12-25,austria_hungary,3.75
1880-12-25,dutch,2.75
1880-12-25,france,3.375
1880-12-25,germany,3.625
1880-12-25,russia,6.0
1881-01-01,austria_hungary,3.75
1881-01-01,dutch,2.75
1881-01-01,france,3.125
1881-01-01,germany,3.625
1881-01-01,russia,6.0
1881-01-08,austria_hungary,3.75
1881-01-08,dutch,2.75
1881-01-08,france,3.25
1881-01-08,germany,3.5
1881-01-08,russia,6.0
1881-01-15,austria_hungary,3.75
1881-01-15,dutch,2.75
1881-01-15,france,3.125
1881-01-15,germany,3.25
1881-01-15,russia,6.0
1881-01-22,austria_hungary,3.75
1881-01-22,dutch,2.75
1881-01-22,france,3.125
1881-01-22,germany,3.125
1881-01-22,russia,6.0
1881-01-29,austria_hungary,3.75
1881-01-29,dutch,2.63
1881-01-29,france,3.125
1881-01-29,germany,2.75
1881-01-29,russia,6.0
1881-02-05,austria_hungary,3.75
1881-02-05,dutch,2.63
1881-02-05,france,3.125
1881-02-05,germany,2.5
1881-02-05,russia,6.0
1881-02-12,austria_hungary,3.5
1881-02-12,dutch,2.63
1881-02-12,france,3.125
1881-02-12,germany,2.25
1881-02-12,russia,6.0
1881-02-19,austria_hungary,3.25
1881-02-19,dutch,2.5
1881-02-19,france,3.125
1881-02-19,germany,2.0
1881-02-19,russia,6.0
1881-02-26,austria_hungary,3.25
1881-02-26,dutch,2.5
1881-02-26,france,3.25
1881-02-26,germany,2.0
1881-02-26,russia,6.0
1881-03-05,austria_hungary,3.25
1881-03-05,dutch,2.63
1881-03-05,france,3.25
1881-03-05,germany,2.0
1881-03-05,russia,6.0
1881-03-12,austria_hungary,3.25
1881-03-12,dutch,2.63
1881-03-12,france,3.5
1881-03-12,germany,2.0
1881-03-12,russia,6.0
1881-03-19,austria_hungary,3.25
1881-03-19,dutch,2.75
1881-03-19,france,3.5
1881-03-19,germany,2.5
1881-03-19,russia,6.0
1881-03-26,austria_hungary,3.25
1881-03-26,dutch,2.75
1881-03-26,france,2.75
1881-03-26,germany,2.5
1881-03-26,russia,6.0
1881-04-02,austria_hungary,3.0
1881-04-02,dutch,2.75
1881-04-02,france,3.0
1881-04-02,germany,2.625
1881-04-02,russia,6.0
1881-04-09,austria_hungary,3.0
1881-04-09,dutch,2.75
1881-04-09,france,3.25
1881-04-09,germany,2.75
1881-04-09,russia,6.0
1881-04-16,austria_hungary,3.0
1881-04-16,dutch,2.75
1881-04-16,france,3.25
1881-04-16,germany,2.5
1881-04-16,russia,6.0
1881-04-23,austria_hungary,3.0
1881-04-23,dutch,2.75
1881-04-23,france,3.125
1881-04-23,germany,2.625
1881-04-23,russia,6.0
1881-04-30,austria_hungary,3.0
1881-04-30,dutch,2.75
1881-04-30,france,3.25
1881-04-30,germany,3.0
1881-04-30,russia,6.0
1881-05-07,austria_hungary,3.0
1881-05-07,dutch,2.88
1881-05-07,france,3.25
1881-05-07,germany,2.875
1881-05-07,russia,6.0
1881-05-14,austria_hungary,3.5
1881-05-14,dutch,3.0
1881-05-14,france,3.25
1881-05-14,germany,3.125
1881-05-14,russia,6.0
1881-05-21,austria_hungary,3.5
1881-05-21,dutch,2.88
1881-05-21,france,3.375
1881-05-21,germany,2.75
1881-05-21,russia,6.0
1881-05-28,austria_hungary,3.5
1881-05-28,dutch,2.75
1881-05-28,france,3.375
1881-05-28,germany,2.75
1881-05-28,russia,6.0
1881-06-04,austria_hungary,3.75
1881-06-04,dutch,2.75
1881-06-04,france,3.5
1881-06-04,germany,2.75
1881-06-04,russia,6.0
1881-06-11,austria_hungary,3.625
1881-06-11,dutch,2.63
1881-06-11,france,3.375
1881-06-11,germany,2.75
1881-06-11,russia,6.0
1881-06-18,austria_hungary,3.75
1881-06-18,dutch,2.63
1881-06-18,france,3.375
1881-06-18,germany,3.25
1881-06-18,russia,6.0
1881-06-25,austria_hungary,3.75
1881-06-25,dutch,2.63
1881-06-25,france,3.25
1881-06-25,germany,3.375
1881-06-25,russia,6.0
1881-07-02,austria_hungary,3.75
1881-07-02,dutch,2.88
1881-07-02,france,3.5
1881-07-02,germany,3.5
1881-07-02,russia,6.0
1881-07-09,austria_hungary,3.75
1881-07-09,dutch,2.88
1881-07-09,france,3.375
1881-07-09,germany,3.0
1881-07-09,russia,6.0
1881-07-16,austria_hungary,3.75
1881-07-16,dutch,2.75
1881-07-16,france,3.375
1881-07-16,germany,3.25
1881-07-16,russia,6.0
1881-07-23,austria_hungary,3.75
1881-07-23,dutch,2.75
1881-07-23,france,3.375
1881-07-23,germany,3.375
1881-07-23,russia,6.0
1881-07-30,austria_hungary,3.5
1881-07-30,dutch,2.63
1881-07-30,france,3.375
1881-07-30,germany,3.25
1881-07-30,russia,6.0
1881-08-06,austria_hungary,3.5
1881-08-06,dutch,2.5
1881-08-06,france,3.375
1881-08-06,germany,3.125
1881-08-06,russia,6.0
1881-08-13,austria_hungary,3.75
1881-08-13,dutch,2.5
1881-08-13,france,3.25
1881-08-13,germany,3.375
1881-08-13,russia,5.0
1881-08-20,austria_hungary,3.75
1881-08-20,dutch,2.75
1881-08-20,france,3.25
1881-08-20,germany,3.375
1881-08-20,russia,5.0
1881-08-27,austria_hungary,3.875
1881-08-27,dutch,2.88
1881-08-27,france,3.625
1881-08-27,germany,4.25
1881-08-27,russia,6.0
1881-09-03,austria_hungary,4.0
1881-09-03,dutch,2.88
1881-09-03,france,4.0
1881-09-03,germany,4.375
1881-09-03,russia,6.0
1881-09-10,austria_hungary,4.0
1881-09-10,dutch,2.75
1881-09-10,france,3.625
1881-09-10,germany,4.375
1881-09-10,russia,6.0
1881-09-17,austria_hungary,4.0
1881-09-17,dutch,3.0
1881-09-17,france,3.625
1881-09-17,germany,4.625
1881-09-17,russia,6.0
1881-09-24,austria_hungary,4.0
1881-09-24,dutch,3.0
1881-09-24,france,3.625
1881-09-24,germany,4.875
1881-09-24,russia,6.0
1881-10-01,austria_hungary,4.0
1881-10-01,dutch,3.0
1881-10-01,france,3.875
1881-10-01,germany,4.875
1881-10-01,russia,6.0
1881-10-08,austria_hungary,4.0
1881-10-08,dutch,3.5
1881-10-08,france,4.0
1881-10-08,germany,5.0
1881-10-08,russia,6.0
1881-10-15,austria_hungary,3.875
1881-10-15,dutch,4.0
1881-10-15,france,4.0
1881-10-15,germany,5.25
1881-10-15,russia,6.0
1881-10-22,austria_hungary,3.875
1881-10-22,dutch,4.0
1881-10-22,france,4.75
1881-10-22,germany,5.25
1881-10-22,russia,6.0
1881-10-29,austria_hungary,4.0
1881-10-29,dutch,4.0
1881-10-29,france,5.0
1881-10-29,germany,5.25
1881-10-29,russia,6.0
1881-11-05,austria_hungary,4.0
1881-11-05,dutch,4.0
1881-11-05,france,5.0
1881-11-05,germany,4.625
1881-11-05,russia,6.0
1881-11-12,austria_hungary,4.0
1881-11-12,dutch,3.88
1881-11-12,france,4.625
1881-11-12,germany,4.5
1881-11-12,russia,6.0
1881-11-19,austria_hungary,3.75
1881-11-19,dutch,3.75
1881-11-19,france,4.75
1881-11-19,germany,5.0
1881-11-19,russia,6.0
1881-11-26,austria_hungary,3.75
1881-11-26,dutch,3.75
1881-11-26,france,4.75
1881-11-26,germany,5.0
1881-11-26,russia,6.0
1881-12-03,austria_hungary,3.875
1881-12-03,dutch,4.25
1881-12-03,france,4.875
1881-12-03,germany,4.625
1881-12-03,russia,6.0
1881-12-10,austria_hungary,3.75
1881-12-10,dutch,4.25
1881-12-10,france,4.75
1881-12-10,germany,4.625
1881-12-10,russia,6.0
1881-12-17,austria_hungary,3.875
1881-12-17,dutch,4.25
1881-12-17,france,4.875
1881-12-17,germany,4.875
1881-12-17,russia,6.0
1881-12-24,austria_hungary,3.875
1881-12-24,dutch,4.25
1881-12-24,france,5.0
1881-12-24,germany,4.875
1881-12-24,russia,6.0
1881-12-31,austria_hungary,3.875
1881-12-31,dutch,4.5
1881-12-31,france,5.0
1881-12-31,germany,4.875
1881-12-31,russia,6.0
1882-01-07,austria_hungary,3.875
1882-01-07,dutch,4.5
1882-01-07,france,4.875
1882-01-07,germany,4.375
1882-01-07,russia,6.0
1882-01-14,austria_hungary,3.875
1882-01-14,dutch,4.25
1882-01-14,france,4.875
1882-01-14,germany,4.5
1882-01-14,russia,6.0
1882-01-21,austria_hungary,3.625
1882-01-21,dutch,4.25
1882-01-21,france,5.0
1882-01-21,germany,4.375
1882-01-21,russia,6.0
1882-01-28,austria_hungary,3.75
1882-01-28,dutch,4.5
1882-01-28,france,5.0
1882-01-28,germany,4.5
1882-01-28,russia,6.0
1882-02-04,austria_hungary,4.0
1882-02-04,dutch,4.75
1882-02-04,france,5.0
1882-02-04,germany,4.5
1882-02-04,russia,6.0
1882-02-11,austria_hungary,3.75
1882-02-11,dutch,4.5
1882-02-11,france,4.25
1882-02-11,germany,3.875
1882-02-11,russia,6.0
1882-02-18,austria_hungary,3.75
1882-02-18,dutch,4.5
1882-02-18,france,3.25
1882-02-18,germany,3.75
1882-02-18,russia,6.0
1882-02-25,austria_hungary,3.25
1882-02-25,dutch,4.5
1882-02-25,france,3.25
1882-02-25,germany,3.75
1882-02-25,russia,6.0
1882-03-04,austria_hungary,3.25
1882-03-04,dutch,4.5
1882-03-04,france,3.25
1882-03-04,germany,3.5
1882-03-04,russia,6.0
1882-03-11,austria_hungary,3.25
1882-03-11,dutch,4.5
1882-03-11,france,3.0
1882-03-11,germany,3.0
1882-03-11,russia,6.0
1882-03-18,austria_hungary,3.25
1882-03-18,dutch,4.5
1882-03-18,france,3.0
1882-03-18,germany,3.125
1882-03-18,russia,6.0
1882-03-25,austria_hungary,3.0
1882-03-25,dutch,4.5
1882-03-25,france,2.75
1882-03-25,germany,3.0
1882-03-25,russia,6.0
1882-04-01,austria_hungary,3.0
1882-04-01,dutch,4.5
1882-04-01,france,3.125
1882-04-01,germany,3.25
1882-04-01,russia,6.0
1882-04-08,austria_hungary,3.0
1882-04-08,dutch,4.5
1882-04-08,france,3.125
1882-04-08,germany,3.375
1882-04-08,russia,6.0
1882-04-15,austria_hungary,3.0
1882-04-15,dutch,4.63
1882-04-15,france,3.375
1882-04-15,germany,3.25
1882-04-15,russia,6.0
1882-04-22,austria_hungary,3.375
1882-04-22,dutch,4.63
1882-04-22,france,3.25
1882-04-22,germany,3.375
1882-04-22,russia,6.0
1882-04-29,austria_hungary,3.5
1882-04-29,dutch,4.75
1882-04-29,france,3.375
1882-04-29,germany,3.625
1882-04-29,russia,6.0
1882-05-06,austria_hungary,3.5
1882-05-06,dutch,4.63
1882-05-06,france,3.375
1882-05-06,germany,3.5
1882-05-06,russia,6.0
1882-05-13,austria_hungary,3.5
1882-05-13,dutch,4.75
1882-05-13,france,3.25
1882-05-13,germany,3.25
1882-05-13,russia,6.0
1882-05-20,austria_hungary,3.375
1882-05-20,dutch,4.25
1882-05-20,france,3.25
1882-05-20,germany,3.125
1882-05-20,russia,6.0
1882-05-27,austria_hungary,3.25
1882-05-27,dutch,4.25
1882-05-27,france,3.25
1882-05-27,germany,3.0
1882-05-27,russia,6.0
1882-06-03,austria_hungary,3.25
1882-06-03,dutch,3.75
1882-06-03,france,3.25
1882-06-03,germany,2.875
1882-06-03,russia,6.0
1882-06-10,austria_hungary,3.375
1882-06-10,dutch,3.75
1882-06-10,france,3.25
1882-06-10,germany,2.875
1882-06-10,russia,6.0
1882-06-17,austria_hungary,3.375
1882-06-17,dutch,3.75
1882-06-17,france,3.125
1882-06-17,germany,3.375
1882-06-17,russia,6.0
1882-06-24,austria_hungary,3.75
1882-06-24,dutch,3.25
1882-06-24,france,3.25
1882-06-24,germany,3.625
1882-06-24,russia,6.0
1882-07-01,austria_hungary,3.5
1882-07-01,dutch,3.25
1882-07-01,france,3.375
1882-07-01,germany,3.75
1882-07-01,russia,6.0
1882-07-08,austria_hungary,3.5
1882-07-08,dutch,3.25
1882-07-08,france,3.25
1882-07-08,germany,3.5
1882-07-08,russia,6.0
1882-07-15,austria_hungary,3.375
1882-07-15,dutch,3.25
1882-07-15,france,3.25
1882-07-15,germany,3.625
1882-07-15,russia,6.0
1882-07-22,austria_hungary,3.25
1882-07-22,dutch,3.25
1882-07-22,france,3.25
1882-07-22,germany,3.625
1882-07-22,russia,6.0
1882-07-29,austria_hungary,3.25
1882-07-29,dutch,3.25
1882-07-29,france,3.25
1882-07-29,germany,3.625
1882-07-29,russia,6.0
1882-08-05,austria_hungary,3.25
1882-08-05,dutch,3.25
1882-08-05,france,3.125
1882-08-05,germany,3.25
1882-08-05,russia,6.0
1882-08-12,austria_hungary,3.625
1882-08-12,dutch,3.25
1882-08-12,france,3.125
1882-08-12,germany,3.375
1882-08-12,russia,6.0
1882-08-19,austria_hungary,3.75
1882-08-19,dutch,3.25
1882-08-19,france,3.0
1882-08-19,germany,3.5
1882-08-19,russia,6.0
1882-08-26,austria_hungary,4.0
1882-08-26,dutch,3.25
1882-08-26,france,3.0
1882-08-26,germany,3.75
1882-08-26,russia,6.0
1882-09-02,austria_hungary,4.0
1882-09-02,dutch,3.25
1882-09-02,france,3.25
1882-09-02,germany,3.625
1882-09-02,russia,6.0
1882-09-09,austria_hungary,4.0
1882-09-09,dutch,3.75
1882-09-09,france,3.0
1882-09-09,germany,4.5
1882-09-09,russia,6.0
1882-09-16,austria_hungary,4.0
1882-09-16,dutch,3.75
1882-09-16,france,3.125
1882-09-16,germany,4.625
1882-09-16,russia,6.0
1882-09-23,austria_hungary,4.0
1882-09-23,dutch,4.25
1882-09-23,france,3.125
1882-09-23,germany,4.75
1882-09-23,russia,6.0
1882-09-30,austria_hungary,4.0
1882-09-30,dutch,4.25
1882-09-30,france,3.25
1882-09-30,germany,4.875
1882-09-30,russia,6.0
1882-10-07,austria_hungary,4.0
1882-10-07,dutch,4.25
1882-10-07,france,3.25
1882-10-07,germany,4.75
1882-10-07,russia,6.0
1882-10-14,austria_hungary,4.0
1882-10-14,dutch,4.25
1882-10-14,france,3.25
1882-10-14,germany,4.625
1882-10-14,russia,6.0
1882-10-21,austria_hungary,5.0
1882-10-21,dutch,4.25
1882-10-21,france,3.25
1882-10-21,germany,4.625
1882-10-21,russia,6.0
1882-10-28,austria_hungary,4.875
1882-10-28,dutch,4.25
1882-10-28,france,3.25
1882-10-28,germany,4.75
1882-10-28,russia,6.0
1882-11-04,austria_hungary,4.875
1882-11-04,dutch,4.75
1882-11-04,france,3.25
1882-11-04,germany,4.625
1882-11-04,russia,6.0
1882-11-11,austria_hungary,5.0
1882-11-11,dutch,4.5
1882-11-11,france,3.125
1882-11-11,germany,4.625
1882-11-11,russia,6.0
1882-11-18,austria_hungary,4.0
1882-11-18,dutch,4.5
1882-11-18,france,3.125
1882-11-18,germany,4.75
1882-11-18,russia,6.0
1882-11-25,austria_hungary,5.0
1882-11-25,dutch,4.5
1882-11-25,france,3.25
1882-11-25,germany,4.625
1882-11-25,russia,6.0
1882-12-02,austria_hungary,5.0
1882-12-02,dutch,4.5
1882-12-02,france,3.25
1882-12-02,germany,4.5
1882-12-02,russia,6.0
1882-12-09,austria_hungary,5.0
1882-12-09,dutch,4.63
1882-12-09,france,3.125
1882-12-09,germany,4.375
1882-12-09,russia,6.0
1882-12-16,austria_hungary,5.0
1882-12-16,dutch,5.0
1882-12-16,france,3.25
1882-12-16,germany,4.75
1882-12-16,russia,6.0
1882-12-23,austria_hungary,5.0
1882-12-23,dutch,5.25
1882-12-23,france,3.25
1882-12-23,germany,4.75
1882-12-23,russia,6.0
1882-12-30,austria_hungary,5.0
1882-12-30,dutch,5.25
1882-12-30,france,3.25
1882-12-30,germany,4.75
1882-12-30,russia,6.0
1883-01-06,austria_hungary,5.0
1883-01-06,dutch,5.25
1883-01-06,france,3.25
1883-01-06,germany,4.25
1883-01-06,russia,6.0
1883-01-13,austria_hungary,4.75
1883-01-13,dutch,5.25
1883-01-13,france,3.125
1883-01-13,germany,3.75
1883-01-13,russia,6.0
1883-01-20,austria_hungary,4.5
1883-01-20,dutch,5.38
1883-01-20,france,3.25
1883-01-20,germany,3.125
1883-01-20,russia,6.0
1883-01-27,austria_hungary,4.5
1883-01-27,dutch,5.25
1883-01-27,france,3.375
1883-01-27,germany,3.125
1883-01-27,russia,6.0
1883-02-03,austria_hungary,4.25
1883-02-03,dutch,5.13
1883-02-03,france,3.375
1883-02-03,germany,2.875
1883-02-03,russia,6.0
1883-02-10,austria_hungary,4.0
1883-02-10,dutch,5.0
1883-02-10,france,3.0
1883-02-10,germany,2.75
1883-02-10,russia,6.0
1883-02-17,austria_hungary,3.875
1883-02-17,dutch,5.0
1883-02-17,france,2.875
1883-02-17,germany,2.75
1883-02-17,russia,6.0
1883-02-24,austria_hungary,3.625
1883-02-24,dutch,5.0
1883-02-24,france,2.375
1883-02-24,germany,2.5
1883-02-24,russia,6.0
1883-03-03,austria_hungary,3.625
1883-03-03,dutch,5.0
1883-03-03,france,2.5
1883-03-03,germany,2.625
1883-03-03,russia,6.0
1883-03-10,austria_hungary,3.625
1883-03-10,dutch,5.0
1883-03-10,france,2.5
1883-03-10,germany,2.75
1883-03-10,russia,6.0
1883-03-17,austria_hungary,3.625
1883-03-17,dutch,5.0
1883-03-17,france,2.5
1883-03-17,germany,2.75
1883-03-17,russia,6.0
1883-03-24,austria_hungary,3.625
1883-03-24,dutch,5.0
1883-03-24,france,2.5
1883-03-24,germany,2.75
1883-03-24,russia,6.0
1883-03-31,austria_hungary,3.5
1883-03-31,dutch,4.75
1883-03-31,france,2.5
1883-03-31,germany,3.0
1883-03-31,russia,6.0
1883-04-07,austria_hungary,3.5
1883-04-07,dutch,4.25
1883-04-07,france,2.5
1883-04-07,germany,2.75
1883-04-07,russia,6.0
1883-04-14,austria_hungary,3.5
1883-04-14,dutch,4.0
1883-04-14,france,2.5
1883-04-14,germany,2.625
1883-04-14,russia,6.0
1883-04-21,austria_hungary,3.5
1883-04-21,dutch,3.63
1883-04-21,france,2.625
1883-04-21,germany,2.625
1883-04-21,russia,6.0
1883-04-28,austria_hungary,3.75
1883-04-28,dutch,4.0
1883-04-28,france,2.625
1883-04-28,germany,2.75
1883-04-28,russia,6.0
1883-05-05,austria_hungary,3.75
1883-05-05,dutch,4.0
1883-05-05,france,2.75
1883-05-05,germany,2.75
1883-05-05,russia,6.0
1883-05-12,austria_hungary,3.75
1883-05-12,dutch,3.88
1883-05-12,france,2.625
1883-05-12,germany,2.625
1883-05-12,russia,6.0
1883-05-19,austria_hungary,3.5
1883-05-19,dutch,3.75
1883-05-19,france,2.5
1883-05-19,germany,2.625
1883-05-19,russia,6.0
1883-05-26,austria_hungary,3.5
1883-05-26,dutch,3.75
1883-05-26,france,2.25
1883-05-26,germany,2.625
1883-05-26,russia,6.0
1883-06-02,austria_hungary,3.5
1883-06-02,dutch,3.38
1883-06-02,france,2.375
1883-06-02,germany,2.75
1883-06-02,russia,6.0
1883-06-09,austria_hungary,3.5
1883-06-09,dutch,3.5
1883-06-09,france,2.5
1883-06-09,germany,2.625
1883-06-09,russia,6.0
1883-06-16,austria_hungary,3.75
1883-06-16,dutch,3.25
1883-06-16,france,2.625
1883-06-16,germany,3.0
1883-06-16,russia,6.0
1883-06-23,austria_hungary,3.875
1883-06-23,dutch,3.25
1883-06-23,france,2.75
1883-06-23,germany,3.625
1883-06-23,russia,6.0
1883-06-30,austria_hungary,3.875
1883-06-30,dutch,3.25
1883-06-30,france,2.875
1883-06-30,germany,3.75
1883-06-30,russia,6.0
1883-07-07,austria_hungary,3.875
1883-07-07,dutch,3.25
1883-07-07,france,2.625
1883-07-07,germany,3.25
1883-07-07,russia,6.0
1883-07-14,austria_hungary,3.875
1883-07-14,dutch,3.25
1883-07-14,france,2.625
1883-07-14,germany,2.875
1883-07-14,russia,6.0
1883-07-21,austria_hungary,3.625
1883-07-21,dutch,3.25
1883-07-21,france,2.75
1883-07-21,germany,3.25
1883-07-21,russia,6.0
1883-07-28,austria_hungary,3.75
1883-07-28,dutch,3.25
1883-07-28,france,2.625
1883-07-28,germany,3.125
1883-07-28,russia,6.0
1883-08-04,austria_hungary,3.75
1883-08-04,dutch,3.25
1883-08-04,france,2.625
1883-08-04,germany,2.875
1883-08-04,russia,6.0
1883-08-11,austria_hungary,3.75
1883-08-11,dutch,3.25
1883-08-11,france,2.625
1883-08-11,germany,2.75
1883-08-11,russia,6.0
1883-08-18,austria_hungary,3.875
1883-08-18,dutch,3.25
1883-08-18,france,2.625
1883-08-18,germany,3.0
1883-08-18,russia,6.0
1883-08-25,austria_hungary,3.875
1883-08-25,dutch,3.25
1883-08-25,france,2.375
1883-08-25,germany,2.875
1883-08-25,russia,6.0
1883-09-01,austria_hungary,4.0
1883-09-01,dutch,3.25
1883-09-01,france,2.625
1883-09-01,germany,3.0
1883-09-01,russia,6.0
1883-09-08,austria_hungary,4.0
1883-09-08,dutch,3.13
1883-09-08,france,2.5
1883-09-08,germany,2.875
1883-09-08,russia,6.0
1883-09-15,austria_hungary,4.0
1883-09-15,dutch,3.25
1883-09-15,france,2.5
1883-09-15,germany,3.0
1883-09-15,russia,6.0
1883-09-22,austria_hungary,4.0
1883-09-22,dutch,3.13
1883-09-22,france,2.5
1883-09-22,germany,3.25
1883-09-22,russia,6.0
1883-09-29,austria_hungary,4.0
1883-09-29,dutch,3.25
1883-09-29,france,2.625
1883-09-29,germany,3.75
1883-09-29,russia,6.0
1883-10-06,austria_hungary,4.0
1883-10-06,dutch,3.25
1883-10-06,france,2.625
1883-10-06,germany,3.25
1883-10-06,russia,6.0
1883-10-13,austria_hungary,4.0
1883-10-13,dutch,3.13
1883-10-13,france,2.625
1883-10-13,germany,3.5
1883-10-13,russia,6.0
1883-10-20,austria_hungary,4.0
1883-10-20,dutch,3.25
1883-10-20,france,2.625
1883-10-20,germany,3.5
1883-10-20,russia,6.0
1883-10-27,austria_hungary,4.0
1883-10-27,dutch,3.25
1883-10-27,france,2.625
1883-10-27,germany,3.625
1883-10-27,russia,6.0
1883-11-03,austria_hungary,4.0
1883-11-03,dutch,3.25
1883-11-03,france,2.625
1883-11-03,germany,3.5
1883-11-03,russia,6.0
1883-11-10,austria_hungary,4.0
1883-11-10,dutch,3.25
1883-11-10,france,2.625
1883-11-10,germany,3.375
1883-11-10,russia,6.0
1883-11-17,austria_hungary,4.0
1883-11-17,dutch,3.25
1883-11-17,france,2.625
1883-11-17,germany,3.5
1883-11-17,russia,6.0
1883-11-24,austria_hungary,4.0
1883-11-24,dutch,3.25
1883-11-24,france,2.75
1883-11-24,germany,3.25
1883-11-24,russia,6.0
1883-12-01,austria_hungary,4.0
1883-12-01,dutch,3.25
1883-12-01,france,2.5
1883-12-01,germany,3.125
1883-12-01,russia,6.0
1883-12-08,austria_hungary,4.0
1883-12-08,dutch,3.13
1883-12-08,france,2.625
1883-12-08,germany,3.0
1883-12-08,russia,6.0
1883-12-15,austria_hungary,4.0
1883-12-15,dutch,3.25
1883-12-15,france,2.5
1883-12-15,germany,3.5
1883-12-15,russia,6.0
1883-12-22,austria_hungary,4.0
1883-12-22,dutch,3.25
1883-12-22,france,2.625
1883-12-22,germany,3.375
1883-12-22,russia,6.0
1883-12-29,austria_hungary,4.0
1883-12-29,dutch,3.5
1883-12-29,france,2.875
1883-12-29,germany,3.75
1883-12-29,russia,6.0
1884-01-05,austria_hungary,4.0
1884-01-05,dutch,3.25
1884-01-05,france,2.625
1884-01-05,germany,3.25
1884-01-05,russia,6.0
1884-01-12,austria_hungary,4.0
1884-01-12,dutch,3.25
1884-01-12,france,2.625
1884-01-12,germany,2.875
1884-01-12,russia,6.0
1884-01-19,austria_hungary,3.75
1884-01-19,dutch,3.25
1884-01-19,france,2.75
1884-01-19,germany,2.875
1884-01-19,russia,6.0
1884-01-26,austria_hungary,3.5
1884-01-26,dutch,3.25
1884-01-26,france,2.75
1884-01-26,germany,2.75
1884-01-26,russia,6.0
1884-02-02,austria_hungary,3.5
1884-02-02,dutch,3.25
1884-02-02,france,2.875
1884-02-02,germany,2.5
1884-02-02,russia,6.0
1884-02-09,austria_hungary,3.5
1884-02-09,dutch,3.25
1884-02-09,france,2.875
1884-02-09,germany,2.25
1884-02-09,russia,6.0
1884-02-16,austria_hungary,3.5
1884-02-16,dutch,3.25
1884-02-16,france,2.5
1884-02-16,germany,2.375
1884-02-16,russia,6.0
1884-02-23,austria_hungary,3.5
1884-02-23,dutch,3.13
1884-02-23,france,2.5
1884-02-23,germany,2.25
1884-02-23,russia,6.0
1884-03-01,austria_hungary,3.5
1884-03-01,dutch,3.25
1884-03-01,france,2.375
1884-03-01,germany,2.125
1884-03-01,russia,6.0
1884-03-08,austria_hungary,3.5
1884-03-08,dutch,3.25
1884-03-08,france,2.375
1884-03-08,germany,2.125
1884-03-08,russia,6.0
1884-03-15,austria_hungary,3.5
1884-03-15,dutch,3.25
1884-03-15,france,2.25
1884-03-15,germany,2.25
1884-03-15,russia,6.0
1884-03-22,austria_hungary,3.625
1884-03-22,dutch,3.25
1884-03-22,france,2.125
1884-03-22,germany,3.0
1884-03-22,russia,6.0
1884-03-29,austria_hungary,3.875
1884-03-29,dutch,3.5
1884-03-29,france,2.375
1884-03-29,germany,3.0
1884-03-29,russia,6.0
1884-04-05,austria_hungary,3.5
1884-04-05,dutch,3.25
1884-04-05,france,2.5
1884-04-05,germany,3.0
1884-04-05,russia,6.0
1884-04-12,austria_hungary,3.5
1884-04-12,dutch,3.25
1884-04-12,france,2.25
1884-04-12,germany,2.5
1884-04-12,russia,6.0
1884-04-19,austria_hungary,3.75
1884-04-19,dutch,3.25
1884-04-19,france,2.5
1884-04-19,germany,3.0
1884-04-19,russia,6.0
1884-04-26,austria_hungary,3.875
1884-04-26,dutch,3.25
1884-04-26,france,2.375
1884-04-26,germany,3.125
1884-04-26,russia,6.0
1884-05-03,austria_hungary,3.875
1884-05-03,dutch,3.5
1884-05-03,france,2.5
1884-05-03,germany,3.0
1884-05-03,russia,6.0
1884-05-10,austria_hungary,3.75
1884-05-10,dutch,3.13
1884-05-10,france,2.375
1884-05-10,germany,2.875
1884-05-10,russia,6.0
1884-05-17,austria_hungary,3.75
1884-05-17,dutch,2.63
1884-05-17,france,2.5
1884-05-17,germany,2.875
1884-05-17,russia,6.0
1884-05-24,austria_hungary,3.625
1884-05-24,dutch,2.38
1884-05-24,france,2.25
1884-05-24,germany,2.625
1884-05-24,russia,6.0
1884-05-31,austria_hungary,3.5
1884-05-31,dutch,2.25
1884-05-31,france,2.25
1884-05-31,germany,2.625
1884-05-31,russia,6.0
1884-06-07,austria_hungary,3.5
1884-06-07,dutch,2.13
1884-06-07,france,2.25
1884-06-07,germany,2.5
1884-06-07,russia,6.0
1884-06-14,austria_hungary,3.625
1884-06-14,dutch,2.38
1884-06-14,france,2.375
1884-06-14,germany,2.875
1884-06-14,russia,6.0
1884-06-21,austria_hungary,3.625
1884-06-21,dutch,2.25
1884-06-21,france,2.375
1884-06-21,germany,3.125
1884-06-21,russia,6.0
1884-06-28,austria_hungary,3.75
1884-06-28,dutch,2.75
1884-06-28,france,2.75
1884-06-28,germany,3.25
1884-06-28,russia,6.0
1884-07-05,austria_hungary,3.875
1884-07-05,dutch,2.75
1884-07-05,france,2.625
1884-07-05,germany,3.125
1884-07-05,russia,6.0
1884-07-12,austria_hungary,3.625
1884-07-12,dutch,2.75
1884-07-12,france,2.5
1884-07-12,germany,2.5
1884-07-12,russia,6.0
1884-07-19,austria_hungary,3.625
1884-07-19,dutch,2.75
1884-07-19,france,2.75
1884-07-19,germany,2.5
1884-07-19,russia,6.0
1884-07-26,austria_hungary,3.625
1884-07-26,dutch,2.5
1884-07-26,france,2.625
1884-07-26,germany,2.625
1884-07-26,russia,6.0
1884-08-02,austria_hungary,3.75
1884-08-02,dutch,2.63
1884-08-02,france,2.75
1884-08-02,germany,2.5
1884-08-02,russia,6.0
1884-08-09,austria_hungary,3.75
1884-08-09,dutch,2.63
1884-08-09,france,2.625
1884-08-09,germany,2.5
1884-08-09,russia,6.0
1884-08-16,austria_hungary,3.75
1884-08-16,dutch,2.5
1884-08-16,france,2.375
1884-08-16,germany,2.5
1884-08-16,russia,6.0
1884-08-23,austria_hungary,3.75
1884-08-23,dutch,2.5
1884-08-23,france,2.375
1884-08-23,germany,2.625
1884-08-23,russia,6.0
1884-08-30,austria_hungary,3.75
1884-08-30,dutch,2.5
1884-08-30,france,2.375
1884-08-30,germany,2.625
1884-08-30,russia,6.0
1884-09-06,austria_hungary,3.75
1884-09-06,dutch,2.38
1884-09-06,france,2.0
1884-09-06,germany,2.5
1884-09-06,russia,6.0
1884-09-13,austria_hungary,3.75
1884-09-13,dutch,2.38
1884-09-13,france,2.0
1884-09-13,germany,2.75
1884-09-13,russia,6.0
1884-09-20,austria_hungary,3.75
1884-09-20,dutch,2.25
1884-09-20,france,2.0
1884-09-20,germany,3.125
1884-09-20,russia,6.0
1884-09-27,austria_hungary,3.875
1884-09-27,dutch,2.75
1884-09-27,france,2.125
1884-09-27,germany,3.25
1884-09-27,russia,6.0
1884-10-04,austria_hungary,3.875
1884-10-04,dutch,2.5
1884-10-04,france,2.375
1884-10-04,germany,3.25
1884-10-04,russia,6.0
1884-10-11,austria_hungary,4.0
1884-10-11,dutch,2.5
1884-10-11,france,2.5
1884-10-11,germany,2.875
1884-10-11,russia,6.0
1884-10-18,austria_hungary,4.0
1884-10-18,dutch,2.75
1884-10-18,france,2.625
1884-10-18,germany,3.25
1884-10-18,russia,6.0
1884-10-25,austria_hungary,4.0
1884-10-25,dutch,2.75
1884-10-25,france,2.375
1884-10-25,germany,3.25
1884-10-25,russia,6.0
1884-11-01,austria_hungary,4.0
1884-11-01,dutch,3.0
1884-11-01,france,2.75
1884-11-01,germany,3.5
1884-11-01,russia,6.0
1884-11-08,austria_hungary,4.0
1884-11-08,dutch,3.0
1884-11-08,france,2.625
1884-11-08,germany,3.25
1884-11-08,russia,6.0
1884-11-15,austria_hungary,3.75
1884-11-15,dutch,3.0
1884-11-15,france,2.75
1884-11-15,germany,3.5
1884-11-15,russia,6.0
1884-11-22,austria_hungary,4.0
1884-11-22,dutch,2.75
1884-11-22,france,2.625
1884-11-22,germany,3.5
1884-11-22,russia,6.0
1884-11-29,austria_hungary,4.0
1884-11-29,dutch,2.75
1884-11-29,france,2.625
1884-11-29,germany,3.375
1884-11-29,russia,6.0
1884-12-06,austria_hungary,4.0
1884-12-06,dutch,2.75
1884-12-06,france,2.5
1884-12-06,germany,3.25
1884-12-06,russia,6.0
1884-12-13,austria_hungary,4.0
1884-12-13,dutch,2.63
1884-12-13,france,2.625
1884-12-13,germany,3.75
1884-12-13,russia,6.0
1884-12-20,austria_hungary,4.0
1884-12-20,dutch,2.63
1884-12-20,france,2.625
1884-12-20,germany,3.875
1884-12-20,russia,6.0
1884-12-27,austria_hungary,4.0
1884-12-27,dutch,2.63
1884-12-27,france,2.625
1884-12-27,germany,3.875
1884-12-27,russia,6.0
1885-01-03,austria_hungary,4.0
1885-01-03,dutch,2.63
1885-01-03,france,2.75
1885-01-03,germany,3.875
1885-01-03,russia,6.0
1885-01-10,austria_hungary,4.0
1885-01-10,dutch,2.75
1885-01-10,france,2.75
1885-01-10,germany,3.0
1885-01-10,russia,6.0
1885-01-17,austria_hungary,4.75
1885-01-17,dutch,2.63
1885-01-17,france,2.75
1885-01-17,germany,3.375
1885-01-17,russia,6.0
1885-01-24,austria_hungary,3.5
1885-01-24,dutch,2.63
1885-01-24,france,2.75
1885-01-24,germany,3.25
1885-01-24,russia,6.0
1885-01-31,austria_hungary,3.5
1885-01-31,dutch,2.5
1885-01-31,france,2.75
1885-01-31,germany,3.125
1885-01-31,russia,6.0
1885-02-07,austria_hungary,3.625
1885-02-07,dutch,2.75
1885-02-07,france,2.75
1885-02-07,germany,2.5
1885-02-07,russia,6.0
1885-02-14,austria_hungary,3.625
1885-02-14,dutch,2.75
1885-02-14,france,2.625
1885-02-14,germany,2.5
1885-02-14,russia,6.0
1885-02-21,austria_hungary,3.625
1885-02-21,dutch,2.63
1885-02-21,france,2.75
1885-02-21,germany,2.5
1885-02-21,russia,6.0
1885-02-28,austria_hungary,3.5
1885-02-28,dutch,2.63
1885-02-28,france,2.75
1885-02-28,germany,2.5
1885-02-28,russia,6.0
1885-03-07,austria_hungary,3.5
1885-03-07,dutch,2.63
1885-03-07,france,2.75
1885-03-07,germany,2.375
1885-03-07,russia,6.0
1885-03-14,austria_hungary,3.625
1885-03-14,dutch,2.75
1885-03-14,france,2.875
1885-03-14,germany,3.0
1885-03-14,russia,6.0
1885-03-21,austria_hungary,3.5
1885-03-21,dutch,2.63
1885-03-21,france,2.75
1885-03-21,germany,3.5
1885-03-21,russia,6.0
1885-03-28,austria_hungary,3.5
1885-03-28,dutch,2.63
1885-03-28,france,2.75
1885-03-28,germany,3.5
1885-03-28,russia,6.0
1885-04-04,austria_hungary,3.625
1885-04-04,dutch,3.0
1885-04-04,france,2.875
1885-04-04,germany,3.25
1885-04-04,russia,6.0
1885-04-11,austria_hungary,3.625
1885-04-11,dutch,2.75
1885-04-11,france,2.75
1885-04-11,germany,4.0
1885-04-11,russia,6.0
1885-04-18,austria_hungary,4.0
1885-04-18,dutch,2.75
1885-04-18,france,2.875
1885-04-18,germany,4.25
1885-04-18,russia,6.0
1885-04-25,austria_hungary,4.0
1885-04-25,dutch,2.75
1885-04-25,france,2.5
1885-04-25,germany,4.0
1885-04-25,russia,6.0
1885-05-02,austria_hungary,3.75
1885-05-02,dutch,2.75
1885-05-02,france,2.625
1885-05-02,germany,4.0
1885-05-02,russia,6.0
1885-05-09,austria_hungary,3.75
1885-05-09,dutch,2.75
1885-05-09,france,2.375
1885-05-09,germany,2.875
1885-05-09,russia,6.0
1885-05-16,austria_hungary,3.5
1885-05-16,dutch,2.75
1885-05-16,france,2.375
1885-05-16,germany,2.75
1885-05-16,russia,6.0
1885-05-23,austria_hungary,3.5
1885-05-23,dutch,2.5
1885-05-23,france,2.25
1885-05-23,germany,2.75
1885-05-23,russia,6.0
1885-05-30,austria_hungary,3.5
1885-05-30,dutch,2.5
1885-05-30,france,2.25
1885-05-30,germany,2.875
1885-05-30,russia,6.0
1885-06-06,austria_hungary,3.25
1885-06-06,dutch,2.25
1885-06-06,france,2.25
1885-06-06,germany,2.25
1885-06-06,russia,6.0
1885-06-13,austria_hungary,3.5
1885-06-13,dutch,2.25
1885-06-13,france,2.125
1885-06-13,germany,2.75
1885-06-13,russia,6.0
1885-06-20,austria_hungary,3.5
1885-06-20,dutch,2.13
1885-06-20,france,2.125
1885-06-20,germany,3.125
1885-06-20,russia,6.0
1885-06-27,austria_hungary,3.5
1885-06-27,dutch,2.25
1885-06-27,france,2.5
1885-06-27,germany,3.0
1885-06-27,russia,6.0
1885-07-04,austria_hungary,3.5
1885-07-04,dutch,2.13
1885-07-04,france,2.5
1885-07-04,germany,2.125
1885-07-04,russia,6.0
1885-07-11,austria_hungary,3.25
1885-07-11,dutch,2.13
1885-07-11,france,2.5
1885-07-11,germany,2.5
1885-07-11,russia,6.0
1885-07-18,austria_hungary,3.25
1885-07-18,dutch,2.25
1885-07-18,france,2.75
1885-07-18,germany,2.75
1885-07-18,russia,6.0
1885-07-25,austria_hungary,3.0
1885-07-25,dutch,2.0
1885-07-25,france,2.5
1885-07-25,germany,2.5
1885-07-25,russia,6.0
1885-08-01,austria_hungary,2.75
1885-08-01,dutch,2.0
1885-08-01,france,2.625
1885-08-01,germany,2.5
1885-08-01,russia,6.0
1885-08-08,austria_hungary,2.75
1885-08-08,dutch,2.13
1885-08-08,france,2.375
1885-08-08,germany,2.375
1885-08-08,russia,6.0
1885-08-15,austria_hungary,3.25
1885-08-15,dutch,2.13
1885-08-15,france,2.25
1885-08-15,germany,2.125
1885-08-15,russia,6.0
1885-08-22,austria_hungary,3.25
1885-08-22,dutch,2.13
1885-08-22,france,2.0
1885-08-22,germany,2.5
1885-08-22,russia,6.0
1885-08-29,austria_hungary,3.25
1885-08-29,dutch,2.0
1885-08-29,france,2.0
1885-08-29,germany,2.375
1885-08-29,russia,6.0
1885-09-05,austria_hungary,3.5
1885-09-05,dutch,2.0
1885-09-05,france,2.0
1885-09-05,germany,2.25
1885-09-05,russia,6.0
1885-09-12,austria_hungary,3.5
1885-09-12,dutch,2.0
1885-09-12,france,1.75
1885-09-12,germany,2.75
1885-09-12,russia,6.0
1885-09-19,austria_hungary,3.25
1885-09-19,dutch,2.0
1885-09-19,france,1.875
1885-09-19,germany,2.875
1885-09-19,russia,6.0
1885-09-26,austria_hungary,3.25
1885-09-26,dutch,2.0
1885-09-26,france,1.75
1885-09-26,germany,3.125
1885-09-26,russia,6.0
1885-10-03,austria_hungary,3.5
1885-10-03,dutch,2.25
1885-10-03,france,2.0
1885-10-03,germany,3.125
1885-10-03,russia,6.0
1885-10-10,austria_hungary,3.25
1885-10-10,dutch,2.25
1885-10-10,france,2.25
1885-10-10,germany,2.625
1885-10-10,russia,6.0
1885-10-17,austria_hungary,3.25
1885-10-17,dutch,2.25
1885-10-17,france,2.375
1885-10-17,germany,2.625
1885-10-17,russia,6.0
1885-10-24,austria_hungary,3.5
1885-10-24,dutch,2.25
1885-10-24,france,2.375
1885-10-24,germany,2.5
1885-10-24,russia,6.0
1885-10-31,austria_hungary,3.5
1885-10-31,dutch,2.25
1885-10-31,france,2.5
1885-10-31,germany,2.75
1885-10-31,russia,6.0
1885-11-07,austria_hungary,3.5
1885-11-07,dutch,2.5
1885-11-07,france,2.5
1885-11-07,germany,2.75
1885-11-07,russia,6.0
1885-11-14,austria_hungary,3.5
1885-11-14,dutch,2.25
1885-11-14,france,2.5
1885-11-14,germany,2.625
1885-11-14,russia,6.0
1885-11-21,austria_hungary,3.375
1885-11-21,dutch,2.25
1885-11-21,france,2.5
1885-11-21,germany,2.75
1885-11-21,russia,6.0
1885-11-28,austria_hungary,3.5
1885-11-28,dutch,2.25
1885-11-28,france,2.375
1885-11-28,germany,2.75
1885-11-28,russia,6.0
1885-12-05,austria_hungary,3.25
1885-12-05,dutch,2.25
1885-12-05,france,2.375
1885-12-05,germany,2.625
1885-12-05,russia,6.0
1885-12-12,austria_hungary,3.5
1885-12-12,dutch,2.25
1885-12-12,france,2.25
1885-12-12,germany,3.125
1885-12-12,russia,6.0
1885-12-19,austria_hungary,3.75
1885-12-19,dutch,2.25
1885-12-19,france,2.5
1885-12-19,germany,3.25
1885-12-19,russia,6.0
1885-12-26,austria_hungary,3.75
1885-12-26,dutch,2.25
1885-12-26,france,2.5
1885-12-26,germany,3.375
1885-12-26,russia,6.0
1886-01-02,austria_hungary,4.0
1886-01-02,dutch,2.25
1886-01-02,france,2.75
1886-01-02,germany,3.125
1886-01-02,russia,6.0
1886-01-09,austria_hungary,3.5
1886-01-09,dutch,2.25
1886-01-09,france,2.5
1886-01-09,germany,2.375
1886-01-09,russia,6.0
1886-01-16,austria_hungary,3.0
1886-01-16,dutch,2.25
1886-01-16,france,2.5
1886-01-16,germany,2.0
1886-01-16,russia,6.0
1886-01-23,austria_hungary,3.0
1886-01-23,dutch,2.23
1886-01-23,france,2.5
1886-01-23,germany,2.0
1886-01-23,russia,6.0
1886-01-30,austria_hungary,3.5
1886-01-30,dutch,2.0
1886-01-30,france,2.625
1886-01-30,germany,2.0
1886-01-30,russia,6.0
1886-02-06,austria_hungary,3.0
1886-02-06,dutch,2.0
1886-02-06,france,2.625
1886-02-06,germany,1.75
1886-02-06,russia,6.0
1886-02-13,austria_hungary,3.25
1886-02-13,dutch,2.0
1886-02-13,france,2.5
1886-02-13,germany,1.5
1886-02-13,russia,6.0
1886-02-20,austria_hungary,3.25
1886-02-20,dutch,1.88
1886-02-20,france,2.375
1886-02-20,germany,1.625
1886-02-20,russia,6.0
1886-02-27,austria_hungary,3.0
1886-02-27,dutch,1.38
1886-02-27,france,2.375
1886-02-27,germany,1.75
1886-02-27,russia,6.0
1886-03-06,austria_hungary,3.125
1886-03-06,dutch,1.75
1886-03-06,france,2.375
1886-03-06,germany,1.625
1886-03-06,russia,5.0
1886-03-13,austria_hungary,3.125
1886-03-13,dutch,1.63
1886-03-13,france,2.125
1886-03-13,germany,1.625
1886-03-13,russia,5.0
1886-03-20,austria_hungary,3.0
1886-03-20,dutch,2.0
1886-03-20,france,2.375
1886-03-20,germany,2.125
1886-03-20,russia,5.0
1886-03-27,austria_hungary,3.125
1886-03-27,dutch,1.88
1886-03-27,france,2.25
1886-03-27,germany,2.125
1886-03-27,russia,5.0
1886-04-03,austria_hungary,3.125
1886-04-03,dutch,1.88
1886-04-03,france,2.5
1886-04-03,germany,2.125
1886-04-03,russia,5.0
1886-04-10,austria_hungary,3.125
1886-04-10,dutch,1.75
1886-04-10,france,2.5
1886-04-10,germany,1.5
1886-04-10,russia,5.0
1886-04-17,austria_hungary,3.0
1886-04-17,dutch,1.75
1886-04-17,france,2.625
1886-04-17,germany,2.0
1886-04-17,russia,5.0
1886-04-24,austria_hungary,3.0
1886-04-24,dutch,1.88
1886-04-24,france,2.5
1886-04-24,germany,1.75
1886-04-24,russia,5.0
1886-05-01,austria_hungary,3.126
1886-05-01,dutch,1.88
1886-05-01,france,2.875
1886-05-01,germany,1.75
1886-05-01,russia,5.0
1886-05-08,austria_hungary,3.125
1886-05-08,dutch,2.0
1886-05-08,france,3.0
1886-05-08,germany,1.75
1886-05-08,russia,5.0
1886-05-15,austria_hungary,3.125
1886-05-15,dutch,1.88
1886-05-15,france,1.625
1886-05-15,germany,1.75
1886-05-15,russia,5.0
1886-05-22,austria_hungary,3.125
1886-05-22,dutch,1.88
1886-05-22,france,1.375
1886-05-22,germany,1.75
1886-05-22,russia,5.0
1886-05-29,austria_hungary,3.125
1886-05-29,dutch,1.63
1886-05-29,france,1.125
1886-05-29,germany,1.625
1886-05-29,russia,5.0
1886-06-05,austria_hungary,3.0
1886-06-05,dutch,1.63
1886-06-05,france,1.0
1886-06-05,germany,1.5
1886-06-05,russia,5.0
1886-06-12,austria_hungary,3.125
1886-06-12,dutch,1.88
1886-06-12,france,1.0
1886-06-12,germany,1.875
1886-06-12,russia,5.0
1886-06-19,austria_hungary,3.125
1886-06-19,dutch,1.75
1886-06-19,france,1.0
1886-06-19,germany,2.25
1886-06-19,russia,5.0
1886-06-26,austria_hungary,3.75
1886-06-26,dutch,1.75
1886-06-26,france,1.375
1886-06-26,germany,2.375
1886-06-26,russia,5.0
1886-07-03,austria_hungary,3.75
1886-07-03,dutch,2.25
1886-07-03,france,1.625
1886-07-03,germany,2.5
1886-07-03,russia,5.0
1886-07-10,austria_hungary,3.75
1886-07-10,dutch,2.0
1886-07-10,france,2.0
1886-07-10,germany,1.625
1886-07-10,russia,5.0
1886-07-17,austria_hungary,3.75
1886-07-17,dutch,1.63
1886-07-17,france,2.75
1886-07-17,germany,1.5
1886-07-17,russia,5.0
1886-07-24,austria_hungary,3.75
1886-07-24,dutch,1.38
1886-07-24,france,2.25
1886-07-24,germany,1.5
1886-07-24,russia,5.0
1886-07-31,austria_hungary,3.0
1886-07-31,dutch,1.38
1886-07-31,france,2.625
1886-07-31,germany,1.5
1886-07-31,russia,5.0
1886-08-07,austria_hungary,3.0
1886-08-07,dutch,1.5
1886-08-07,france,2.5
1886-08-07,germany,1.5
1886-08-07,russia,5.0
1886-08-14,austria_hungary,3.0
1886-08-14,dutch,1.63
1886-08-14,france,2.125
1886-08-14,germany,1.5
1886-08-14,russia,5.0
1886-08-21,austria_hungary,3.0
1886-08-21,dutch,1.88
1886-08-21,france,2.125
1886-08-21,germany,1.875
1886-08-21,russia,5.0
1886-08-28,austria_hungary,3.25
1886-08-28,dutch,1.88
1886-08-28,france,2.25
1886-08-28,germany,2.25
1886-08-28,russia,5.0
1886-09-04,austria_hungary,3.0
1886-09-04,dutch,1.75
1886-09-04,france,2.0
1886-09-04,germany,1.75
1886-09-04,russia,5.0
1886-09-11,austria_hungary,3.375
1886-09-11,dutch,1.63
1886-09-11,france,1.625
1886-09-11,germany,1.75
1886-09-11,russia,5.0
1886-09-18,austria_hungary,3.5
1886-09-18,dutch,1.63
1886-09-18,france,1.625
1886-09-18,germany,1.875
1886-09-18,russia,5.0
1886-09-25,austria_hungary,4.0
1886-09-25,dutch,2.0
1886-09-25,france,2.0
1886-09-25,germany,2.0
1886-09-25,russia,5.0
1886-10-02,austria_hungary,4.0
1886-10-02,dutch,2.25
1886-10-02,france,2.125
1886-10-02,germany,2.5
1886-10-02,russia,5.0
1886-10-09,austria_hungary,3.875
1886-10-09,dutch,2.25
1886-10-09,france,2.0
1886-10-09,germany,2.125
1886-10-09,russia,5.0
1886-10-16,austria_hungary,3.875
1886-10-16,dutch,2.25
1886-10-16,france,2.5
1886-10-16,germany,2.5
1886-10-16,russia,5.0
1886-10-23,austria_hungary,3.875
1886-10-23,dutch,2.25
1886-10-23,france,2.375
1886-10-23,germany,2.75
1886-10-23,russia,5.0
1886-10-30,austria_hungary,3.875
1886-10-30,dutch,2.25
1886-10-30,france,2.5
1886-10-30,germany,3.0
1886-10-30,russia,5.0
1886-11-06,austria_hungary,3.875
1886-11-06,dutch,2.25
1886-11-06,france,2.625
1886-11-06,germany,2.625
1886-11-06,russia,5.0
1886-11-13,austria_hungary,3.875
1886-11-13,dutch,2.25
1886-11-13,france,2.5
1886-11-13,germany,2.75
1886-11-13,russia,5.0
1886-11-20,austria_hungary,4.0
1886-11-20,dutch,2.25
1886-11-20,france,2.5
1886-11-20,germany,2.875
1886-11-20,russia,5.0
1886-11-27,austria_hungary,4.0
1886-11-27,dutch,2.13
1886-11-27,france,2.25
1886-11-27,germany,3.0
1886-11-27,russia,5.0
1886-12-04,austria_hungary,4.0
1886-12-04,dutch,2.25
1886-12-04,france,2.25
1886-12-04,germany,3.0
1886-12-04,russia,5.0
1886-12-11,austria_hungary,3.75
1886-12-11,dutch,2.25
1886-12-11,france,2.375
1886-12-11,germany,3.5
1886-12-11,russia,5.0
1886-12-18,austria_hungary,4.0
1886-12-18,dutch,2.25
1886-12-18,france,2.5
1886-12-18,germany,4.0
1886-12-18,russia,5.0
1886-12-25,austria_hungary,4.0
1886-12-25,dutch,2.25
1886-12-25,france,2.625
1886-12-25,germany,4.375
1886-12-25,russia,5.0
1887-01-01,austria_hungary,4.0
1887-01-01,dutch,2.38
1887-01-01,france,3.0
1887-01-01,germany,4.375
1887-01-01,russia,5.0
1887-01-08,austria_hungary,3.875
1887-01-08,dutch,2.25
1887-01-08,france,2.875
1887-01-08,germany,3.5
1887-01-08,russia,5.0
1887-01-15,austria_hungary,3.875
1887-01-15,dutch,2.13
1887-01-15,france,2.75
1887-01-15,germany,3.125
1887-01-15,russia,5.0
1887-01-22,austria_hungary,3.875
1887-01-22,dutch,2.0
1887-01-22,france,2.75
1887-01-22,germany,3.0
1887-01-22,russia,5.0
1887-01-29,austria_hungary,4.0
1887-01-29,dutch,2.13
1887-01-29,france,2.75
1887-01-29,germany,3.375
1887-01-29,russia,5.0
1887-02-05,austria_hungary,3.5
1887-02-05,dutch,2.0
1887-02-05,france,2.875
1887-02-05,germany,3.25
1887-02-05,russia,5.0
1887-02-12,austria_hungary,3.375
1887-02-12,dutch,2.25
1887-02-12,france,2.5
1887-02-12,germany,3.375
1887-02-12,russia,5.0
1887-02-19,austria_hungary,3.0
1887-02-19,dutch,2.13
1887-02-19,france,2.5
1887-02-19,germany,2.875
1887-02-19,russia,5.0
1887-02-26,austria_hungary,3.0
1887-02-26,dutch,2.0
1887-02-26,france,2.5
1887-02-26,germany,2.75
1887-02-26,russia,5.0
1887-03-05,austria_hungary,3.0
1887-03-05,dutch,2.0
1887-03-05,france,2.25
1887-03-05,germany,2.5
1887-03-05,russia,5.0
1887-03-12,austria_hungary,3.0
1887-03-12,dutch,2.0
1887-03-12,france,2.125
1887-03-12,germany,2.5
1887-03-12,russia,5.0
1887-03-19,austria_hungary,3.125
1887-03-19,dutch,2.0
1887-03-19,france,2.0
1887-03-19,germany,2.25
1887-03-19,russia,5.0
1887-03-26,austria_hungary,3.125
1887-03-26,dutch,2.13
1887-03-26,france,2.0
1887-03-26,germany,2.25
1887-03-26,russia,5.0
1887-04-02,austria_hungary,3.25
1887-04-02,dutch,2.0
1887-04-02,france,2.125
1887-04-02,germany,2.5
1887-04-02,russia,5.0
1887-04-09,austria_hungary,3.5
1887-04-09,dutch,2.13
1887-04-09,france,2.25
1887-04-09,germany,2.0
1887-04-09,russia,5.0
1887-04-16,austria_hungary,3.25
1887-04-16,dutch,2.13
1887-04-16,france,2.125
1887-04-16,germany,1.75
1887-04-16,russia,5.0
1887-04-23,austria_hungary,3.25
1887-04-23,dutch,2.25
1887-04-23,france,2.375
1887-04-23,germany,1.875
1887-04-23,russia,5.0
1887-04-30,austria_hungary,3.625
1887-04-30,dutch,2.13
1887-04-30,france,2.75
1887-04-30,germany,1.875
1887-04-30,russia,5.0
1887-05-07,austria_hungary,3.75
1887-05-07,dutch,2.13
1887-05-07,france,2.25
1887-05-07,germany,1.75
1887-05-07,russia,5.0
1887-05-14,austria_hungary,3.5
1887-05-14,dutch,2.13
1887-05-14,france,2.125
1887-05-14,germany,1.75
1887-05-14,russia,5.0
1887-05-21,austria_hungary,3.5
1887-05-21,dutch,2.25
1887-05-21,france,2.125
1887-05-21,germany,2.25
1887-05-21,russia,5.0
1887-05-28,austria_hungary,3.5
1887-05-28,dutch,2.13
1887-05-28,france,2.125
1887-05-28,germany,2.375
1887-05-28,russia,5.0
1887-06-04,austria_hungary,3.125
1887-06-04,dutch,2.13
1887-06-04,france,2.125
1887-06-04,germany,2.0
1887-06-04,russia,5.0
1887-06-11,austria_hungary,3.0
1887-06-11,dutch,2.13
1887-06-11,france,2.125
1887-06-11,germany,2.0
1887-06-11,russia,5.0
1887-06-18,austria_hungary,3.125
1887-06-18,dutch,1.75
1887-06-18,france,2.25
1887-06-18,germany,2.5
1887-06-18,russia,5.0
1887-06-25,austria_hungary,3.5
1887-06-25,dutch,2.0
1887-06-25,france,2.125
1887-06-25,germany,2.625
1887-06-25,russia,5.0
1887-07-02,austria_hungary,3.875
1887-07-02,dutch,2.0
1887-07-02,france,2.625
1887-07-02,germany,2.625
1887-07-02,russia,5.0
1887-07-09,austria_hungary,3.25
1887-07-09,dutch,2.13
1887-07-09,france,2.5
1887-07-09,germany,1.75
1887-07-09,russia,5.0
1887-07-16,austria_hungary,3.25
1887-07-16,dutch,2.25
1887-07-16,france,2.625
1887-07-16,germany,1.625
1887-07-16,russia,5.0
1887-07-23,austria_hungary,3.25
1887-07-23,dutch,2.13
1887-07-23,france,2.5
1887-07-23,germany,1.625
1887-07-23,russia,5.0
1887-07-30,austria_hungary,3.125
1887-07-30,dutch,2.13
1887-07-30,france,2.5
1887-07-30,germany,1.75
1887-07-30,russia,5.0
1887-08-06,austria_hungary,3.125
1887-08-06,dutch,2.13
1887-08-06,france,2.5
1887-08-06,germany,1.625
1887-08-06,russia,5.0
1887-08-13,austria_hungary,3.5
1887-08-13,dutch,2.13
1887-08-13,france,2.5
1887-08-13,germany,1.625
1887-08-13,russia,5.0
1887-08-20,austria_hungary,3.625
1887-08-20,dutch,2.13
1887-08-20,france,2.125
1887-08-20,germany,1.625
1887-08-20,russia,5.0
1887-08-27,austria_hungary,3.75
1887-08-27,dutch,2.25
1887-08-27,france,2.25
1887-08-27,germany,1.875
1887-08-27,russia,5.0
1887-09-03,austria_hungary,3.625
1887-09-03,dutch,2.25
1887-09-03,france,2.125
1887-09-03,germany,1.75
1887-09-03,russia,5.0
1887-09-10,austria_hungary,3.75
1887-09-10,dutch,2.25
1887-09-10,france,2.0
1887-09-10,germany,2.0
1887-09-10,russia,5.0
1887-09-17,austria_hungary,3.75
1887-09-17,dutch,2.5
1887-09-17,france,2.125
1887-09-17,germany,2.25
1887-09-17,russia,5.0
1887-09-24,austria_hungary,3.875
1887-09-24,dutch,2.5
1887-09-24,france,1.875
1887-09-24,germany,2.625
1887-09-24,russia,5.0
1887-10-01,austria_hungary,3.875
1887-10-01,dutch,2.25
1887-10-01,france,2.25
1887-10-01,germany,2.875
1887-10-01,russia,5.0
1887-10-08,austria_hungary,4.0
1887-10-08,dutch,2.5
1887-10-08,france,2.25
1887-10-08,germany,2.125
1887-10-08,russia,5.0
1887-10-15,austria_hungary,4.5
1887-10-15,dutch,2.25
1887-10-15,france,2.5
1887-10-15,germany,2.25
1887-10-15,russia,5.0
1887-10-22,austria_hungary,4.5
1887-10-22,dutch,2.13
1887-10-22,france,2.5
1887-10-22,germany,2.5
1887-10-22,russia,5.0
1887-10-29,austria_hungary,4.5
1887-10-29,dutch,2.13
1887-10-29,france,2.875
1887-10-29,germany,2.25
1887-10-29,russia,5.0
1887-11-05,austria_hungary,4.5
1887-11-05,dutch,2.25
1887-11-05,france,2.75
1887-11-05,germany,2.0
1887-11-05,russia,5.0
1887-11-12,austria_hungary,4.5
1887-11-12,dutch,2.25
1887-11-12,france,2.625
1887-11-12,germany,2.25
1887-11-12,russia,5.0
1887-11-19,austria_hungary,4.25
1887-11-19,dutch,2.25
1887-11-19,france,2.75
1887-11-19,germany,2.5
1887-11-19,russia,5.0
1887-11-26,austria_hungary,4.375
1887-11-26,dutch,2.25
1887-11-26,france,2.625
1887-11-26,germany,2.375
1887-11-26,russia,5.0
1887-12-03,austria_hungary,4.375
1887-12-03,dutch,2.25
1887-12-03,france,2.75
1887-12-03,germany,2.0
1887-12-03,russia,5.0
1887-12-10,austria_hungary,4.25
1887-12-10,dutch,2.13
1887-12-10,france,2.5
1887-12-10,germany,2.375
1887-12-10,russia,5.0
1887-12-17,austria_hungary,4.25
1887-12-17,dutch,2.25
1887-12-17,france,2.625
1887-12-17,germany,2.5
1887-12-17,russia,5.0
1887-12-24,austria_hungary,4.375
1887-12-24,dutch,2.5
1887-12-24,france,2.75
1887-12-24,germany,2.75
1887-12-24,russia,5.0
1887-12-31,austria_hungary,4.5
1887-12-31,dutch,2.25
1887-12-31,france,3.0
1887-12-31,germany,2.75
1887-12-31,russia,5.0
1888-01-07,austria_hungary,4.5
1888-01-07,dutch,2.0
1888-01-07,france,2.625
1888-01-07,germany,1.75
1888-01-07,russia,5.0
1888-01-14,austria_hungary,3.875
1888-01-14,dutch,2.25
1888-01-14,france,2.63
1888-01-14,germany,1.75
1888-01-14,russia,5.0
1888-01-21,austria_hungary,3.375
1888-01-21,dutch,2.25
1888-01-21,france,2.63
1888-01-21,germany,1.75
1888-01-21,russia,5.0
1888-01-28,austria_hungary,3.125
1888-01-28,dutch,2.25
1888-01-28,france,3.0
1888-01-28,germany,1.75
1888-01-28,russia,5.0
1888-02-04,austria_hungary,3.0
1888-02-04,dutch,2.25
1888-02-04,france,2.625
1888-02-04,germany,1.5
1888-02-04,russia,5.0
1888-02-11,austria_hungary,3.125
1888-02-11,dutch,2.13
1888-02-11,france,2.5
1888-02-11,germany,1.5
1888-02-11,russia,5.0
1888-02-18,austria_hungary,3.125
1888-02-18,dutch,2.13
1888-02-18,france,2.125
1888-02-18,germany,1.375
1888-02-18,russia,5.0
1888-02-25,austria_hungary,3.125
1888-02-25,dutch,2.13
1888-02-25,france,2.125
1888-02-25,germany,1.5
1888-02-25,russia,5.0
1888-03-03,austria_hungary,3.125
1888-03-03,dutch,2.25
1888-03-03,france,2.25
1888-03-03,germany,1.5
1888-03-03,russia,5.0
1888-03-10,austria_hungary,3.125
1888-03-10,dutch,2.25
1888-03-10,france,2.0
1888-03-10,germany,1.75
1888-03-10,russia,5.0
1888-03-17,austria_hungary,3.125
1888-03-17,dutch,2.18
1888-03-17,france,1.75
1888-03-17,germany,2.0
1888-03-17,russia,5.0
1888-03-24,austria_hungary,3.125
1888-03-24,dutch,2.25
1888-03-24,france,2.0
1888-03-24,germany,1.875
1888-03-24,russia,5.0
1888-03-31,austria_hungary,3.0
1888-03-31,dutch,2.13
1888-03-31,france,2.125
1888-03-31,germany,2.0
1888-03-31,russia,5.0
1888-04-07,austria_hungary,3.125
1888-04-07,dutch,2.0
1888-04-07,france,2.125
1888-04-07,germany,1.5
1888-04-07,russia,5.0
1888-04-14,austria_hungary,3.0
1888-04-14,dutch,2.0
1888-04-14,france,2.25
1888-04-14,germany,1.5
1888-04-14,russia,5.0
1888-04-21,austria_hungary,2.875
1888-04-21,dutch,1.88
1888-04-21,france,2.25
1888-04-21,germany,1.5
1888-04-21,russia,5.0
1888-04-28,austria_hungary,2.875
1888-04-28,dutch,2.0
1888-04-28,france,2.375
1888-04-28,germany,1.75
1888-04-28,russia,5.0
1888-05-05,austria_hungary,3.0
1888-05-05,dutch,2.0
1888-05-05,france,2.25
1888-05-05,germany,1.625
1888-05-05,russia,5.0
1888-05-12,austria_hungary,3.0
1888-05-12,dutch,2.0
1888-05-12,france,2.25
1888-05-12,germany,1.75
1888-05-12,russia,5.0
1888-05-19,austria_hungary,3.0
1888-05-19,dutch,1.75
1888-05-19,france,2.25
1888-05-19,germany,1.625
1888-05-19,russia,5.0
1888-05-26,austria_hungary,3.0
1888-05-26,dutch,1.5
1888-05-26,france,2.25
1888-05-26,germany,3.375
1888-05-26,russia,5.0
1888-06-02,austria_hungary,3.0
1888-06-02,dutch,1.5
1888-06-02,france,2.25
1888-06-02,germany,1.375
1888-06-02,russia,5.0
1888-06-09,austria_hungary,3.0
1888-06-09,dutch,1.75
1888-06-09,france,2.0
1888-06-09,germany,1.375
1888-06-09,russia,5.0
1888-06-16,austria_hungary,2.875
1888-06-16,dutch,1.63
1888-06-16,france,2.0
1888-06-16,germany,1.5
1888-06-16,russia,5.0
1888-06-23,austria_hungary,3.25
1888-06-23,dutch,1.75
1888-06-23,france,2.125
1888-06-23,germany,2.0
1888-06-23,russia,5.0
1888-06-30,austria_hungary,3.25
1888-06-30,dutch,2.13
1888-06-30,france,2.375
1888-06-30,germany,2.375
1888-06-30,russia,5.0
1888-07-07,austria_hungary,3.125
1888-07-07,dutch,2.25
1888-07-07,france,2.375
1888-07-07,germany,1.5
1888-07-07,russia,5.0
1888-07-14,austria_hungary,3.125
1888-07-14,dutch,2.25
1888-07-14,france,2.375
1888-07-14,germany,1.5
1888-07-14,russia,5.0
1888-07-21,austria_hungary,3.125
1888-07-21,dutch,2.25
1888-07-21,france,2.375
1888-07-21,germany,1.375
1888-07-21,russia,5.0
1888-07-28,austria_hungary,3.0
1888-07-28,dutch,2.25
1888-07-28,france,2.375
1888-07-28,germany,1.5
1888-07-28,russia,5.0
1888-08-04,austria_hungary,3.25
1888-08-04,dutch,2.5
1888-08-04,france,2.25
1888-08-04,germany,1.125
1888-08-04,russia,5.0
1888-08-11,austria_hungary,3.0
1888-08-11,dutch,2.13
1888-08-11,france,2.25
1888-08-11,germany,1.625
1888-08-11,russia,5.0
1888-08-18,austria_hungary,3.25
1888-08-18,dutch,2.0
1888-08-18,france,2.125
1888-08-18,germany,2.0
1888-08-18,russia,5.0
1888-08-25,austria_hungary,3.25
1888-08-25,dutch,2.0
1888-08-25,france,2.0
1888-08-25,germany,1.75
1888-08-25,russia,5.0
1888-09-01,austria_hungary,3.75
1888-09-01,dutch,2.0
1888-09-01,france,2.125
1888-09-01,germany,1.625
1888-09-01,russia,5.0
1888-09-08,austria_hungary,3.75
1888-09-08,dutch,2.0
1888-09-08,france,2.0
1888-09-08,germany,1.625
1888-09-08,russia,5.0
1888-09-15,austria_hungary,4.5
1888-09-15,dutch,2.5
1888-09-15,france,3.0
1888-09-15,germany,2.125
1888-09-15,russia,6.0
1888-09-22,austria_hungary,4.625
1888-09-22,dutch,2.25
1888-09-22,france,3.0
1888-09-22,germany,2.875
1888-09-22,russia,6.0
1888-09-29,austria_hungary,4.5
1888-09-29,dutch,2.25
1888-09-29,france,3.125
1888-09-29,germany,3.25
1888-09-29,russia,6.0
1888-10-06,austria_hungary,4.75
1888-10-06,dutch,2.25
1888-10-06,france,3.875
1888-10-06,germany,3.125
1888-10-06,russia,6.0
1888-10-13,austria_hungary,4.5
1888-10-13,dutch,2.25
1888-10-13,france,3.75
1888-10-13,germany,3.25
1888-10-13,russia,6.0
1888-10-20,austria_hungary,4.375
1888-10-20,dutch,2.25
1888-10-20,france,3.875
1888-10-20,germany,3.5
1888-10-20,russia,6.0
1888-10-27,austria_hungary,4.5
1888-10-27,dutch,2.0
1888-10-27,france,4.0
1888-10-27,germany,3.375
1888-10-27,russia,6.0
1888-11-03,austria_hungary,4.5
1888-11-03,dutch,2.25
1888-11-03,france,4.125
1888-11-03,germany,2.875
1888-11-03,russia,6.0
1888-11-10,austria_hungary,4.5
1888-11-10,dutch,2.25
1888-11-10,france,3.875
1888-11-10,germany,3.0
1888-11-10,russia,6.0
1888-11-17,austria_hungary,4.375
1888-11-17,dutch,2.25
1888-11-17,france,3.875
1888-11-17,germany,3.0
1888-11-17,russia,6.0
1888-11-24,austria_hungary,4.5
1888-11-24,dutch,2.25
1888-11-24,france,3.625
1888-11-24,germany,3.25
1888-11-24,russia,6.0
1888-12-01,austria_hungary,4.5
1888-12-01,dutch,2.5
1888-12-01,france,3.75
1888-12-01,germany,3.25
1888-12-01,russia,6.0
1888-12-08,austria_hungary,4.5
1888-12-08,dutch,2.25
1888-12-08,france,3.75
1888-12-08,germany,3.125
1888-12-08,russia,6.0
1888-12-15,austria_hungary,4.5
1888-12-15,dutch,2.25
1888-12-15,france,4.0
1888-12-15,germany,3.75
1888-12-15,russia,6.0
1888-12-22,austria_hungary,4.5
1888-12-22,dutch,2.25
1888-12-22,france,4.125
1888-12-22,germany,4.0
1888-12-22,russia,6.0
1888-12-29,austria_hungary,4.5
1888-12-29,dutch,2.25
1888-12-29,france,4.25
1888-12-29,germany,3.625
1888-12-29,russia,6.0
1889-01-05,austria_hungary,4.5
1889-01-05,dutch,2.25
1889-01-05,france,4.25
1889-01-05,germany,2.875
1889-01-05,russia,6.0
1889-01-12,austria_hungary,4.125
1889-01-12,dutch,2.25
1889-01-12,france,3.5
1889-01-12,germany,2.5
1889-01-12,russia,6.0
1889-01-19,austria_hungary,4.125
1889-01-19,dutch,2.13
1889-01-19,france,3.5
1889-01-19,germany,2.125
1889-01-19,russia,6.0
1889-01-26,austria_hungary,3.75
1889-01-26,dutch,2.0
1889-01-26,france,2.875
1889-01-26,germany,2.0
1889-01-26,russia,6.0
1889-02-02,austria_hungary,3.75
1889-02-02,dutch,1.75
1889-02-02,france,3.0
1889-02-02,germany,1.625
1889-02-02,russia,6.0
1889-02-09,austria_hungary,3.625
1889-02-09,dutch,2.0
1889-02-09,france,2.5
1889-02-09,germany,1.5
1889-02-09,russia,6.0
1889-02-16,austria_hungary,3.5
1889-02-16,dutch,2.0
1889-02-16,france,2.625
1889-02-16,germany,1.625
1889-02-16,russia,6.0
1889-02-23,austria_hungary,3.125
1889-02-23,dutch,2.0
1889-02-23,france,2.125
1889-02-23,germany,1.5
1889-02-23,russia,6.0
1889-03-02,austria_hungary,3.0
1889-03-02,dutch,1.88
1889-03-02,france,2.25
1889-03-02,germany,1.5
1889-03-02,russia,6.0
1889-03-09,austria_hungary,3.125
1889-03-09,dutch,2.0
1889-03-09,france,2.125
1889-03-09,germany,1.5
1889-03-09,russia,6.0
1889-03-16,austria_hungary,3.125
1889-03-16,dutch,2.0
1889-03-16,france,2.375
1889-03-16,germany,2.0
1889-03-16,russia,6.0
1889-03-23,austria_hungary,3.125
1889-03-23,dutch,2.13
1889-03-23,france,2.5
1889-03-23,germany,2.0
1889-03-23,russia,6.0
1889-03-30,austria_hungary,3.0
1889-03-30,dutch,2.13
1889-03-30,france,2.75
1889-03-30,germany,1.75
1889-03-30,russia,6.0
1889-04-06,austria_hungary,3.125
1889-04-06,dutch,2.25
1889-04-06,france,2.625
1889-04-06,germany,1.5
1889-04-06,russia,6.0
1889-04-13,austria_hungary,3.25
1889-04-13,dutch,2.25
1889-04-13,france,2.25
1889-04-13,germany,1.375
1889-04-13,russia,6.0
1889-04-20,austria_hungary,3.25
1889-04-20,dutch,2.25
1889-04-20,france,2.125
1889-04-20,germany,1.5
1889-04-20,russia,6.0
1889-04-27,austria_hungary,3.25
1889-04-27,dutch,2.13
1889-04-27,france,2.25
1889-04-27,germany,1.625
1889-04-27,russia,6.0
1889-05-04,austria_hungary,3.125
1889-05-04,dutch,2.25
1889-05-04,france,2.25
1889-05-04,germany,1.5
1889-05-04,russia,6.0
1889-05-11,austria_hungary,3.0
1889-05-11,dutch,2.25
1889-05-11,france,2.125
1889-05-11,germany,1.5
1889-05-11,russia,6.0
1889-05-18,austria_hungary,3.0
1889-05-18,dutch,2.25
1889-05-18,france,2.125
1889-05-18,germany,1.5
1889-05-18,russia,6.0
1889-05-25,austria_hungary,3.0
1889-05-25,dutch,2.13
1889-05-25,france,2.25
1889-05-25,germany,1.625
1889-05-25,russia,6.0
1889-06-01,austria_hungary,3.0
1889-06-01,dutch,2.0
1889-06-01,france,2.25
1889-06-01,germany,1.75
1889-06-01,russia,6.0
1889-06-08,austria_hungary,3.0
1889-06-08,dutch,2.0
1889-06-08,france,2.25
1889-06-08,germany,1.75
1889-06-08,russia,6.0
1889-06-15,austria_hungary,3.125
1889-06-15,dutch,1.88
1889-06-15,france,2.375
1889-06-15,germany,2.25
1889-06-15,russia,6.0
1889-06-22,austria_hungary,3.125
1889-06-22,dutch,2.13
1889-06-22,france,2.375
1889-06-22,germany,2.5
1889-06-22,russia,6.0
1889-06-29,austria_hungary,3.625
1889-06-29,dutch,2.25
1889-06-29,france,2.75
1889-06-29,germany,2.5
1889-06-29,russia,6.0
1889-07-06,austria_hungary,3.625
1889-07-06,dutch,2.25
1889-07-06,france,2.625
1889-07-06,germany,1.625
1889-07-06,russia,6.0
1889-07-13,austria_hungary,3.0
1889-07-13,dutch,2.25
1889-07-13,france,2.5
1889-07-13,germany,1.5
1889-07-13,russia,6.0
1889-07-20,austria_hungary,3.375
1889-07-20,dutch,2.13
1889-07-20,france,2.625
1889-07-20,germany,2.0
1889-07-20,russia,6.0
1889-07-27,austria_hungary,3.375
1889-07-27,dutch,2.25
1889-07-27,france,2.375
1889-07-27,germany,2.0
1889-07-27,russia,6.0
1889-08-03,austria_hungary,3.625
1889-08-03,dutch,2.13
1889-08-03,france,2.5
1889-08-03,germany,2.0
1889-08-03,russia,6.0
1889-08-10,austria_hungary,3.625
1889-08-10,dutch,2.13
1889-08-10,france,2.25
1889-08-10,germany,1.875
1889-08-10,russia,6.0
1889-08-17,austria_hungary,3.75
1889-08-17,dutch,2.0
1889-08-17,france,2.0
1889-08-17,germany,2.25
1889-08-17,russia,6.0
1889-08-24,austria_hungary,4.0
1889-08-24,dutch,2.13
1889-08-24,france,2.125
1889-08-24,germany,2.125
1889-08-24,russia,6.0
1889-08-31,austria_hungary,4.0
1889-08-31,dutch,2.25
1889-08-31,france,2.25
1889-08-31,germany,2.5
1889-08-31,russia,6.0
1889-09-07,austria_hungary,4.0
1889-09-07,dutch,2.25
1889-09-07,france,2.25
1889-09-07,germany,3.0
1889-09-07,russia,6.0
1889-09-14,austria_hungary,4.0
1889-09-14,dutch,2.25
1889-09-14,france,2.0
1889-09-14,germany,2.75
1889-09-14,russia,6.0
1889-09-21,austria_hungary,4.0
1889-09-21,dutch,2.13
1889-09-21,france,2.375
1889-09-21,germany,3.375
1889-09-21,russia,6.0
1889-09-28,austria_hungary,4.0
1889-09-28,dutch,2.25
1889-09-28,france,2.875
1889-09-28,germany,3.5
1889-09-28,russia,6.0
1889-10-05,austria_hungary,4.0
1889-10-05,dutch,2.25
1889-10-05,france,2.125
1889-10-05,germany,4.0
1889-10-05,russia,6.0
1889-10-12,austria_hungary,4.0
1889-10-12,dutch,2.25
1889-10-12,france,2.75
1889-10-12,germany,3.625
1889-10-12,russia,6.0
1889-10-19,austria_hungary,4.0
1889-10-19,dutch,2.25
1889-10-19,france,2.125
1889-10-19,germany,4.125
1889-10-19,russia,6.0
1889-10-26,austria_hungary,4.0
1889-10-26,dutch,2.25
1889-10-26,france,2.875
1889-10-26,germany,4.625
1889-10-26,russia,6.0
1889-11-02,austria_hungary,4.0
1889-11-02,dutch,2.25
1889-11-02,france,2.875
1889-11-02,germany,4.5
1889-11-02,russia,6.0
1889-11-09,austria_hungary,4.625
1889-11-09,dutch,2.25
1889-11-09,france,2.875
1889-11-09,germany,4.625
1889-11-09,russia,6.0
1889-11-16,austria_hungary,4.375
1889-11-16,dutch,2.25
1889-11-16,france,3.0
1889-11-16,germany,5.0
1889-11-16,russia,6.0
1889-11-23,austria_hungary,5.0
1889-11-23,dutch,2.25
1889-11-23,france,2.875
1889-11-23,germany,4.75
1889-11-23,russia,6.0
1889-11-30,austria_hungary,5.0
1889-11-30,dutch,2.25
1889-11-30,france,2.75
1889-11-30,germany,4.75
1889-11-30,russia,6.0
1889-12-07,austria_hungary,5.0
1889-12-07,dutch,2.25
1889-12-07,france,2.75
1889-12-07,germany,4.625
1889-12-07,russia,5.5
1889-12-14,austria_hungary,5.0
1889-12-14,dutch,2.25
1889-12-14,france,2.75
1889-12-14,germany,4.875
1889-12-14,russia,5.5
1889-12-21,austria_hungary,5.75
1889-12-21,dutch,2.25
1889-12-21,france,3.0
1889-12-21,germany,4.875
1889-12-21,russia,5.5
1889-12-28,austria_hungary,5.0
1889-12-28,dutch,2.25
1889-12-28,france,3.0
1889-12-28,germany,4.875
1889-12-28,russia,5.5
1890-01-04,austria_hungary,5.0
1890-01-04,dutch,2.5
1890-01-04,france,2.9375
1890-01-04,germany,4.75
1890-01-04,russia,5.5
1890-01-11,austria_hungary,4.625
1890-01-11,dutch,2.25
1890-01-11,france,2.125
1890-01-11,germany,4.0
1890-01-11,russia,5.5
1890-01-18,austria_hungary,4.5
1890-01-18,dutch,2.25
1890-01-18,france,2.875
1890-01-18,germany,4.125
1890-01-18,russia,5.5
1890-01-25,austria_hungary,4.0
1890-01-25,dutch,2.25
1890-01-25,france,2.875
1890-01-25,germany,3.625
1890-01-25,russia,5.5
1890-02-01,austria_hungary,4.0
1890-02-01,dutch,2.25
1890-02-01,france,2.5
1890-02-01,germany,3.125
1890-02-01,russia,5.5
1890-02-08,austria_hungary,4.0
1890-02-08,dutch,2.13
1890-02-08,france,2.625
1890-02-08,germany,3.25
1890-02-08,russia,5.5
1890-02-15,austria_hungary,3.5
1890-02-15,dutch,2.25
1890-02-15,france,2.5
1890-02-15,germany,3.75
1890-02-15,russia,5.5
1890-02-22,austria_hungary,3.375
1890-02-22,dutch,2.25
1890-02-22,france,2.25
1890-02-22,germany,3.375
1890-02-22,russia,5.5
1890-03-01,austria_hungary,3.375
1890-03-01,dutch,2.25
1890-03-01,france,2.375
1890-03-01,germany,3.75
1890-03-01,russia,5.5
1890-03-08,austria_hungary,3.25
1890-03-08,dutch,2.25
1890-03-08,france,2.25
1890-03-08,germany,3.75
1890-03-08,russia,5.5
1890-03-15,austria_hungary,3.5
1890-03-15,dutch,2.25
1890-03-15,france,2.0
1890-03-15,germany,3.75
1890-03-15,russia,5.5
1890-03-22,austria_hungary,3.25
1890-03-22,dutch,2.25
1890-03-22,france,2.375
1890-03-22,germany,3.875
1890-03-22,russia,5.5
1890-03-29,austria_hungary,3.5
1890-03-29,dutch,2.13
1890-03-29,france,2.625
1890-03-29,germany,3.875
1890-03-29,russia,5.5
1890-04-05,austria_hungary,3.25
1890-04-05,dutch,2.25
1890-04-05,france,2.375
1890-04-05,germany,3.25
1890-04-05,russia,5.5
1890-04-12,austria_hungary,3.125
1890-04-12,dutch,2.25
1890-04-12,france,2.375
1890-04-12,germany,2.875
1890-04-12,russia,5.5
1890-04-19,austria_hungary,3.125
1890-04-19,dutch,2.25
1890-04-19,france,2.5
1890-04-19,germany,2.875
1890-04-19,russia,5.5
1890-04-26,austria_hungary,3.25
1890-04-26,dutch,2.25
1890-04-26,france,2.5
1890-04-26,germany,2.75
1890-04-26,russia,5.5
1890-05-03,austria_hungary,3.25
1890-05-03,dutch,2.5
1890-05-03,france,2.5
1890-05-03,germany,2.75
1890-05-03,russia,5.5
1890-05-10,austria_hungary,3.0
1890-05-10,dutch,2.5
1890-05-10,france,2.5
1890-05-10,germany,2.75
1890-05-10,russia,5.5
1890-05-17,austria_hungary,3.0
1890-05-17,dutch,2.5
1890-05-17,france,2.625
1890-05-17,germany,2.75
1890-05-17,russia,5.5
1890-05-24,austria_hungary,3.125
1890-05-24,dutch,2.25
1890-05-24,france,2.625
1890-05-24,germany,3.0
1890-05-24,russia,5.5
1890-05-31,austria_hungary,3.125
1890-05-31,dutch,2.25
1890-05-31,france,2.625
1890-05-31,germany,3.375
1890-05-31,russia,5.5
1890-06-07,austria_hungary,3.25
1890-06-07,dutch,2.25
1890-06-07,france,2.5
1890-06-07,germany,3.625
1890-06-07,russia,5.5
1890-06-14,austria_hungary,3.5
1890-06-14,dutch,2.25
1890-06-14,france,2.375
1890-06-14,germany,3.75
1890-06-14,russia,5.5
1890-06-21,austria_hungary,3.625
1890-06-21,dutch,2.5
1890-06-21,france,2.75
1890-06-21,germany,3.875
1890-06-21,russia,5.5
1890-06-28,austria_hungary,3.5
1890-06-28,dutch,2.5
1890-06-28,france,3.0
1890-06-28,germany,3.75
1890-06-28,russia,5.5
1890-07-05,austria_hungary,3.625
1890-07-05,dutch,2.5
1890-07-05,france,2.875
1890-07-05,germany,3.375
1890-07-05,russia,5.5
1890-07-12,austria_hungary,3.25
1890-07-12,dutch,2.5
1890-07-12,france,2.5
1890-07-12,germany,3.0
1890-07-12,russia,5.5
1890-07-19,austria_hungary,3.375
1890-07-19,dutch,2.5
1890-07-19,france,2.75
1890-07-19,germany,3.25
1890-07-19,russia,5.5
1890-07-26,austria_hungary,3.625
1890-07-26,dutch,2.5
1890-07-26,france,2.5
1890-07-26,germany,3.0
1890-07-26,russia,5.5
1890-08-02,austria_hungary,3.75
1890-08-02,dutch,2.25
1890-08-02,france,2.75
1890-08-02,germany,3.25
1890-08-02,russia,5.5
1890-08-09,austria_hungary,3.75
1890-08-09,dutch,2.25
1890-08-09,france,2.5
1890-08-09,germany,3.125
1890-08-09,russia,5.5
1890-08-16,austria_hungary,3.75
1890-08-16,dutch,2.25
1890-08-16,france,2.5
1890-08-16,germany,3.125
1890-08-16,russia,5.5
1890-08-23,austria_hungary,4.0
1890-08-23,dutch,2.25
1890-08-23,france,2.375
1890-08-23,germany,3.0
1890-08-23,russia,5.5
1890-08-30,austria_hungary,4.0
1890-08-30,dutch,2.25
1890-08-30,france,2.375
1890-08-30,germany,3.125
1890-08-30,russia,5.5
1890-09-06,austria_hungary,4.25
1890-09-06,dutch,2.25
1890-09-06,france,2.25
1890-09-06,germany,3.0
1890-09-06,russia,5.5
1890-09-13,austria_hungary,4.75
1890-09-13,dutch,2.25
1890-09-13,france,2.5
1890-09-13,germany,3.375
1890-09-13,russia,5.5
1890-09-20,austria_hungary,4.125
1890-09-20,dutch,2.25
1890-09-20,france,2.75
1890-09-20,germany,3.625
1890-09-20,russia,5.5
1890-09-27,austria_hungary,4.5
1890-09-27,dutch,2.25
1890-09-27,france,2.625
1890-09-27,germany,4.25
1890-09-27,russia,5.5
1890-10-04,austria_hungary,4.5
1890-10-04,dutch,2.25
1890-10-04,france,2.875
1890-10-04,germany,4.5
1890-10-04,russia,5.5
1890-10-11,austria_hungary,4.875
1890-10-11,dutch,2.25
1890-10-11,france,2.75
1890-10-11,germany,4.375
1890-10-11,russia,5.5
1890-10-18,austria_hungary,5.125
1890-10-18,dutch,2.5
1890-10-18,france,2.9375
1890-10-18,germany,5.375
1890-10-18,russia,5.5
1890-10-25,austria_hungary,5.25
1890-10-25,dutch,2.5
1890-10-25,france,3.0
1890-10-25,germany,4.75
1890-10-25,russia,5.5
1890-11-01,austria_hungary,5.5
1890-11-01,dutch,2.63
1890-11-01,france,2.9375
1890-11-01,germany,4.75
1890-11-01,russia,5.5
1890-11-08,austria_hungary,5.5
1890-11-08,dutch,2.75
1890-11-08,france,3.0
1890-11-08,germany,5.125
1890-11-08,russia,5.5
1890-11-15,austria_hungary,5.25
1890-11-15,dutch,3.25
1890-11-15,france,3.0
1890-11-15,germany,5.25
1890-11-15,russia,5.5
1890-11-22,austria_hungary,5.25
1890-11-22,dutch,4.0
1890-11-22,france,3.0
1890-11-22,germany,5.25
1890-11-22,russia,5.5
1890-11-29,austria_hungary,5.5
1890-11-29,dutch,4.0
1890-11-29,france,2.875
1890-11-29,germany,5.25
1890-11-29,russia,5.5
1890-12-06,austria_hungary,5.375
1890-12-06,dutch,3.75
1890-12-06,france,2.75
1890-12-06,germany,4.875
1890-12-06,russia,5.5
1890-12-13,austria_hungary,5.5
1890-12-13,dutch,4.25
1890-12-13,france,2.625
1890-12-13,germany,5.25
1890-12-13,russia,5.5
1890-12-20,austria_hungary,5.5
1890-12-20,dutch,4.25
1890-12-20,france,3.0
1890-12-20,germany,5.25
1890-12-20,russia,5.5
1890-12-27,austria_hungary,5.5
1890-12-27,dutch,4.25
1890-12-27,france,3.0
1890-12-27,germany,5.0
1890-12-27,russia,5.5
1891-01-03,austria_hungary,5.5
1891-01-03,dutch,4.5
1891-01-03,france,3.0
1891-01-03,germany,4.75
1891-01-03,russia,5.5
1891-01-10,austria_hungary,4.375
1891-01-10,dutch,4.5
1891-01-10,france,3.0
1891-01-10,germany,3.5
1891-01-10,russia,5.5
1891-01-17,austria_hungary,4.25
1891-01-17,dutch,4.25
1891-01-17,france,1.5
1891-01-17,germany,3.125
1891-01-17,russia,5.5
1891-01-24,austria_hungary,4.25
1891-01-24,dutch,3.5
1891-01-24,france,1.25
1891-01-24,germany,2.875
1891-01-24,russia,5.5
1891-01-31,austria_hungary,4.125
1891-01-31,dutch,2.88
1891-01-31,france,2.125
1891-01-31,germany,2.75
1891-01-31,russia,5.5
1891-02-07,austria_hungary,3.875
1891-02-07,dutch,2.5
1891-02-07,france,2.25
1891-02-07,germany,2.625
1891-02-07,russia,5.5
1891-02-14,austria_hungary,3.625
1891-02-14,dutch,2.5
1891-02-14,france,2.375
1891-02-14,germany,2.625
1891-02-14,russia,5.5
1891-02-21,austria_hungary,3.625
1891-02-21,dutch,2.63
1891-02-21,france,2.5
1891-02-21,germany,2.5
1891-02-21,russia,5.5
1891-02-28,austria_hungary,3.625
1891-02-28,dutch,2.63
1891-02-28,france,2.75
1891-02-28,germany,2.625
1891-02-28,russia,5.5
1891-03-07,austria_hungary,3.5
1891-03-07,dutch,2.63
1891-03-07,france,2.875
1891-03-07,germany,2.75
1891-03-07,russia,5.5
1891-03-14,austria_hungary,3.375
1891-03-14,dutch,2.5
1891-03-14,france,2.75
1891-03-14,germany,2.75
1891-03-14,russia,5.5
1891-03-21,austria_hungary,3.5
1891-03-21,dutch,2.75
1891-03-21,france,2.875
1891-03-21,germany,2.5
1891-03-21,russia,5.5
1891-03-28,austria_hungary,3.625
1891-03-28,dutch,2.75
1891-03-28,france,2.875
1891-03-28,germany,2.75
1891-03-28,russia,5.5
1891-04-04,austria_hungary,3.625
1891-04-04,dutch,2.75
1891-04-04,france,2.875
1891-04-04,germany,2.625
1891-04-04,russia,5.5
1891-04-11,austria_hungary,3.25
1891-04-11,dutch,2.75
1891-04-11,france,2.875
1891-04-11,germany,2.75
1891-04-11,russia,5.5
1891-04-18,austria_hungary,3.25
1891-04-18,dutch,2.75
1891-04-18,france,2.875
1891-04-18,germany,2.75
1891-04-18,russia,5.5
1891-04-25,austria_hungary,3.25
1891-04-25,dutch,2.75
1891-04-25,france,2.875
1891-04-25,germany,2.5
1891-04-25,russia,5.5
1891-05-02,austria_hungary,3.0
1891-05-02,dutch,3.0
1891-05-02,france,2.875
1891-05-02,germany,2.625
1891-05-02,russia,5.5
1891-05-09,austria_hungary,3.25
1891-05-09,dutch,3.0
1891-05-09,france,2.75
1891-05-09,germany,2.75
1891-05-09,russia,5.5
1891-05-16,austria_hungary,3.375
1891-05-16,dutch,2.75
1891-05-16,france,2.875
1891-05-16,germany,3.125
1891-05-16,russia,5.5
1891-05-23,austria_hungary,3.25
1891-05-23,dutch,2.75
1891-05-23,france,2.75
1891-05-23,germany,3.125
1891-05-23,russia,5.5
1891-05-30,austria_hungary,3.375
1891-05-30,dutch,2.75
1891-05-30,france,2.75
1891-05-30,germany,2.75
1891-05-30,russia,5.5
1891-06-06,austria_hungary,3.375
1891-06-06,dutch,2.63
1891-06-06,france,2.125
1891-06-06,germany,2.625
1891-06-06,russia,5.5
1891-06-13,austria_hungary,3.5
1891-06-13,dutch,2.63
1891-06-13,france,2.125
1891-06-13,germany,3.125
1891-06-13,russia,5.5
1891-06-20,austria_hungary,3.375
1891-06-20,dutch,2.63
1891-06-20,france,2.0
1891-06-20,germany,3.5
1891-06-20,russia,5.5
1891-06-27,austria_hungary,3.625
1891-06-27,dutch,2.63
1891-06-27,france,2.625
1891-06-27,germany,3.625
1891-06-27,russia,5.5
1891-07-04,austria_hungary,3.5
1891-07-04,dutch,2.63
1891-07-04,france,2.5
1891-07-04,germany,3.25
1891-07-04,russia,5.5
1891-07-11,austria_hungary,3.5
1891-07-11,dutch,2.75
1891-07-11,france,2.5
1891-07-11,germany,3.25
1891-07-11,russia,5.5
1891-07-18,austria_hungary,3.5
1891-07-18,dutch,3.0
1891-07-18,france,2.625
1891-07-18,germany,3.375
1891-07-18,russia,5.5
1891-07-25,austria_hungary,3.5
1891-07-25,dutch,2.75
1891-07-25,france,2.75
1891-07-25,germany,3.75
1891-07-25,russia,5.5
1891-08-01,austria_hungary,3.625
1891-08-01,dutch,2.75
1891-08-01,france,2.625
1891-08-01,germany,3.0
1891-08-01,russia,5.5
1891-08-08,austria_hungary,3.625
1891-08-08,dutch,2.75
1891-08-08,france,2.375
1891-08-08,germany,3.125
1891-08-08,russia,5.5
1891-08-15,austria_hungary,3.8125
1891-08-15,dutch,2.5
1891-08-15,france,2.25
1891-08-15,germany,3.375
1891-08-15,russia,5.5
1891-08-22,austria_hungary,3.75
1891-08-22,dutch,2.38
1891-08-22,france,2.5
1891-08-22,germany,3.375
1891-08-22,russia,5.5
1891-08-29,austria_hungary,4.0
1891-08-29,dutch,2.75
1891-08-29,france,2.5
1891-08-29,germany,3.25
1891-08-29,russia,5.5
1891-09-05,austria_hungary,4.5
1891-09-05,dutch,2.75
1891-09-05,france,2.25
1891-09-05,germany,2.875
1891-09-05,russia,5.5
1891-09-12,austria_hungary,4.5
1891-09-12,dutch,2.75
1891-09-12,france,2.125
1891-09-12,germany,3.125
1891-09-12,russia,5.5
1891-09-19,austria_hungary,4.625
1891-09-19,dutch,2.75
1891-09-19,france,2.125
1891-09-19,germany,3.5
1891-09-19,russia,5.5
1891-09-26,austria_hungary,5.0
1891-09-26,dutch,3.0
1891-09-26,france,2.5
1891-09-26,germany,3.625
1891-09-26,russia,5.5
1891-10-03,austria_hungary,5.0
1891-10-03,dutch,3.0
1891-10-03,france,2.75
1891-10-03,germany,3.375
1891-10-03,russia,5.5
1891-10-10,austria_hungary,5.0
1891-10-10,dutch,3.0
1891-10-10,france,2.75
1891-10-10,germany,3.25
1891-10-10,russia,5.5
1891-10-17,austria_hungary,5.0
1891-10-17,dutch,2.75
1891-10-17,france,2.625
1891-10-17,germany,3.25
1891-10-17,russia,5.5
1891-10-24,austria_hungary,5.0
1891-10-24,dutch,2.75
1891-10-24,france,2.625
1891-10-24,germany,3.25
1891-10-24,russia,5.5
1891-10-31,austria_hungary,5.0
1891-10-31,dutch,2.75
1891-10-31,france,2.75
1891-10-31,germany,2.875
1891-10-31,russia,5.5
1891-11-07,austria_hungary,5.0
1891-11-07,dutch,2.75
1891-11-07,france,2.75
1891-11-07,germany,3.125
1891-11-07,russia,5.5
1891-11-14,austria_hungary,4.75
1891-11-14,dutch,2.75
1891-11-14,france,2.625
1891-11-14,germany,3.25
1891-11-14,russia,5.5
1891-11-21,austria_hungary,5.0
1891-11-21,dutch,2.75
1891-11-21,france,2.5
1891-11-21,germany,3.25
1891-11-21,russia,5.5
1891-11-28,austria_hungary,5.0
1891-11-28,dutch,2.75
1891-11-28,france,2.25
1891-11-28,germany,3.25
1891-11-28,russia,5.5
1891-12-05,austria_hungary,4.875
1891-12-05,dutch,2.63
1891-12-05,france,2.25
1891-12-05,germany,2.625
1891-12-05,russia,5.5
1891-12-12,austria_hungary,4.875
1891-12-12,dutch,2.5
1891-12-12,france,2.125
1891-12-12,germany,2.875
1891-12-12,russia,5.5
1891-12-19,austria_hungary,4.875
1891-12-19,dutch,2.25
1891-12-19,france,2.375
1891-12-19,germany,3.125
1891-12-19,russia,5.5
1891-12-26,austria_hungary,5.0
1891-12-26,dutch,2.5
1891-12-26,france,2.625
1891-12-26,germany,3.25
1891-12-26,russia,5.5
1892-01-02,austria_hungary,4.875
1892-01-02,dutch,2.63
1892-01-02,france,2.75
1892-01-02,germany,2.5
1892-01-02,russia,5.5
1892-01-09,austria_hungary,4.25
1892-01-09,dutch,2.5
1892-01-09,france,2.625
1892-01-09,germany,2.0
1892-01-09,russia,5.5
1892-01-16,austria_hungary,3.875
1892-01-16,dutch,2.63
1892-01-16,france,2.75
1892-01-16,germany,2.0
1892-01-16,russia,5.5
1892-01-23,austria_hungary,3.875
1892-01-23,dutch,2.63
1892-01-23,france,2.75
1892-01-23,germany,1.625
1892-01-23,russia,5.5
1892-01-30,austria_hungary,3.875
1892-01-30,dutch,2.38
1892-01-30,france,2.625
1892-01-30,germany,1.5
1892-01-30,russia,5.5
1892-02-06,austria_hungary,3.75
1892-02-06,dutch,2.75
1892-02-06,france,2.5
1892-02-06,germany,1.5
1892-02-06,russia,5.5
1892-02-13,austria_hungary,3.625
1892-02-13,dutch,2.63
1892-02-13,france,2.125
1892-02-13,germany,1.5
1892-02-13,russia,5.5
1892-02-20,austria_hungary,3.625
1892-02-20,dutch,2.5
1892-02-20,france,2.25
1892-02-20,germany,1.75
1892-02-20,russia,5.5
1892-02-27,austria_hungary,3.75
1892-02-27,dutch,2.63
1892-02-27,france,2.25
1892-02-27,germany,1.5
1892-02-27,russia,5.5
1892-03-05,austria_hungary,3.75
1892-03-05,dutch,2.5
1892-03-05,france,1.875
1892-03-05,germany,1.5
1892-03-05,russia,5.5
1892-03-12,austria_hungary,3.625
1892-03-12,dutch,2.5
1892-03-12,france,1.375
1892-03-12,germany,1.5
1892-03-12,russia,5.5
1892-03-19,austria_hungary,3.75
1892-03-19,dutch,2.25
1892-03-19,france,1.5
1892-03-19,germany,1.5
1892-03-19,russia,5.5
1892-03-26,austria_hungary,3.625
1892-03-26,dutch,2.25
1892-03-26,france,1.375
1892-03-26,germany,1.375
1892-03-26,russia,5.5
1892-04-02,austria_hungary,3.75
1892-04-02,dutch,2.25
1892-04-02,france,1.625
1892-04-02,germany,1.75
1892-04-02,russia,5.5
1892-04-09,austria_hungary,3.625
1892-04-09,dutch,2.25
1892-04-09,france,1.625
1892-04-09,germany,1.5
1892-04-09,russia,5.5
1892-04-16,austria_hungary,3.5
1892-04-16,dutch,2.25
1892-04-16,france,2.125
1892-04-16,germany,1.5
1892-04-16,russia,5.5
1892-04-23,austria_hungary,3.25
1892-04-23,dutch,2.25
1892-04-23,france,2.0
1892-04-23,germany,1.5
1892-04-23,russia,5.5
1892-04-30,austria_hungary,3.375
1892-04-30,dutch,2.5
1892-04-30,france,1.875
1892-04-30,germany,1.5
1892-04-30,russia,5.5
1892-05-07,austria_hungary,3.5
1892-05-07,dutch,2.63
1892-05-07,france,1.625
1892-05-07,germany,1.5
1892-05-07,russia,5.5
1892-05-14,austria_hungary,3.5
1892-05-14,dutch,2.63
1892-05-14,france,1.25
1892-05-14,germany,1.375
1892-05-14,russia,5.5
1892-05-21,austria_hungary,3.125
1892-05-21,dutch,2.5
1892-05-21,france,1.0
1892-05-21,germany,1.25
1892-05-21,russia,5.5
1892-05-28,austria_hungary,3.25
1892-05-28,dutch,1.88
1892-05-28,france,1.0
1892-05-28,germany,1.25
1892-05-28,russia,5.5
1892-06-04,austria_hungary,3.125
1892-06-04,dutch,1.88
1892-06-04,france,1.0
1892-06-04,germany,1.25
1892-06-04,russia,5.5
1892-06-11,austria_hungary,3.5
1892-06-11,dutch,1.75
1892-06-11,france,1.0
1892-06-11,germany,1.75
1892-06-11,russia,5.5
1892-06-18,austria_hungary,3.5
1892-06-18,dutch,1.75
1892-06-18,france,1.0
1892-06-18,germany,2.125
1892-06-18,russia,5.5
1892-06-25,austria_hungary,3.5
1892-06-25,dutch,1.75
1892-06-25,france,1.5
1892-06-25,germany,1.875
1892-06-25,russia,5.5
1892-07-02,austria_hungary,3.75
1892-07-02,dutch,1.75
1892-07-02,france,1.625
1892-07-02,germany,1.75
1892-07-02,russia,5.5
1892-07-09,austria_hungary,3.625
1892-07-09,dutch,1.88
1892-07-09,france,1.75
1892-07-09,germany,1.5
1892-07-09,russia,5.5
1892-07-16,austria_hungary,3.5
1892-07-16,dutch,1.88
1892-07-16,france,2.0
1892-07-16,germany,1.375
1892-07-16,russia,5.5
1892-07-23,austria_hungary,3.5
1892-07-23,dutch,1.63
1892-07-23,france,2.5
1892-07-23,germany,1.25
1892-07-23,russia,5.5
1892-07-30,austria_hungary,3.625
1892-07-30,dutch,1.5
1892-07-30,france,2.125
1892-07-30,germany,1.375
1892-07-30,russia,5.5
1892-08-06,austria_hungary,3.75
1892-08-06,dutch,1.63
1892-08-06,france,1.75
1892-08-06,germany,1.375
1892-08-06,russia,5.5
1892-08-13,austria_hungary,3.5
1892-08-13,dutch,1.63
1892-08-13,france,1.25
1892-08-13,germany,1.375
1892-08-13,russia,5.5
1892-08-20,austria_hungary,3.625
1892-08-20,dutch,1.5
1892-08-20,france,1.125
1892-08-20,germany,1.5
1892-08-20,russia,5.5
1892-08-27,austria_hungary,3.625
1892-08-27,dutch,1.5
1892-08-27,france,1.125
1892-08-27,germany,1.5
1892-08-27,russia,5.5
1892-09-03,austria_hungary,3.5
1892-09-03,dutch,1.5
1892-09-03,france,1.125
1892-09-03,germany,1.5
1892-09-03,russia,5.5
1892-09-10,austria_hungary,3.5
1892-09-10,dutch,1.13
1892-09-10,france,1.25
1892-09-10,germany,1.5
1892-09-10,russia,5.5
1892-09-17,austria_hungary,3.625
1892-09-17,dutch,1.63
1892-09-17,france,1.0
1892-09-17,germany,1.875
1892-09-17,russia,5.5
1892-09-24,austria_hungary,3.625
1892-09-24,dutch,1.75
1892-09-24,france,1.125
1892-09-24,germany,1.875
1892-09-24,russia,5.5
1892-10-01,austria_hungary,3.375
1892-10-01,dutch,2.0
1892-10-01,france,1.375
1892-10-01,germany,2.0
1892-10-01,russia,5.5
1892-10-08,austria_hungary,3.75
1892-10-08,dutch,2.25
1892-10-08,france,1.625
1892-10-08,germany,1.75
1892-10-08,russia,5.5
1892-10-15,austria_hungary,3.875
1892-10-15,dutch,2.25
1892-10-15,france,2.125
1892-10-15,germany,2.0
1892-10-15,russia,5.5
1892-10-22,austria_hungary,3.875
1892-10-22,dutch,2.25
1892-10-22,france,2.125
1892-10-22,germany,2.375
1892-10-22,russia,5.5
1892-10-29,austria_hungary,4.0
1892-10-29,dutch,2.13
1892-10-29,france,2.25
1892-10-29,germany,2.75
1892-10-29,russia,5.5
1892-11-05,austria_hungary,3.875
1892-11-05,dutch,2.25
1892-11-05,france,2.375
1892-11-05,germany,2.5
1892-11-05,russia,5.5
1892-11-12,austria_hungary,3.625
1892-11-12,dutch,2.13
1892-11-12,france,2.25
1892-11-12,germany,2.375
1892-11-12,russia,5.5
1892-11-19,austria_hungary,3.625
1892-11-19,dutch,2.13
1892-11-19,france,2.25
1892-11-19,germany,2.25
1892-11-19,russia,5.5
1892-11-26,austria_hungary,3.875
1892-11-26,dutch,2.13
1892-11-26,france,2.25
1892-11-26,germany,2.375
1892-11-26,russia,5.5
1892-12-03,austria_hungary,3.5
1892-12-03,dutch,2.13
1892-12-03,france,2.125
1892-12-03,germany,2.5
1892-12-03,russia,5.5
1892-12-10,austria_hungary,3.125
1892-12-10,dutch,2.13
1892-12-10,france,2.125
1892-12-10,germany,2.75
1892-12-10,russia,5.5
1892-12-17,austria_hungary,3.75
1892-12-17,dutch,2.0
1892-12-17,france,2.125
1892-12-17,germany,3.125
1892-12-17,russia,5.5
1892-12-24,austria_hungary,3.875
1892-12-24,dutch,2.0
1892-12-24,france,2.25
1892-12-24,germany,2.875
1892-12-24,russia,5.5
1892-12-31,austria_hungary,3.875
1892-12-31,dutch,2.13
1892-12-31,france,2.375
1892-12-31,germany,3.0
1892-12-31,russia,4.5
1893-01-07,austria_hungary,3.375
1893-01-07,dutch,2.25
1893-01-07,france,2.25
1893-01-07,germany,1.875
1893-01-07,russia,4.5
1893-01-14,austria_hungary,3.0625
1893-01-14,dutch,2.13
1893-01-14,france,2.375
1893-01-14,germany,1.75
1893-01-14,russia,4.5
1893-01-21,austria_hungary,3.0
1893-01-21,dutch,2.13
1893-01-21,france,2.25
1893-01-21,germany,1.63
1893-01-21,russia,4.5
1893-01-28,austria_hungary,3.0
1893-01-28,dutch,2.13
1893-01-28,france,2.25
1893-01-28,germany,1.625
1893-01-28,russia,4.5
1893-02-04,austria_hungary,3.0
1893-02-04,dutch,2.13
1893-02-04,france,2.25
1893-02-04,germany,1.25
1893-02-04,russia,4.5
1893-02-11,austria_hungary,3.125
1893-02-11,dutch,2.13
1893-02-11,france,1.875
1893-02-11,germany,1.25
1893-02-11,russia,4.5
1893-02-18,austria_hungary,3.0
1893-02-18,dutch,2.13
1893-02-18,france,1.875
1893-02-18,germany,1.25
1893-02-18,russia,4.5
1893-02-25,austria_hungary,3.0
1893-02-25,dutch,2.0
1893-02-25,france,1.875
1893-02-25,germany,1.375
1893-02-25,russia,4.5
1893-03-04,austria_hungary,3.0
1893-03-04,dutch,2.0
1893-03-04,france,1.875
1893-03-04,germany,1.5
1893-03-04,russia,4.5
1893-03-11,austria_hungary,3.0
1893-03-11,dutch,1.63
1893-03-11,france,1.875
1893-03-11,germany,1.625
1893-03-11,russia,4.5
1893-03-18,austria_hungary,3.0
1893-03-18,dutch,1.75
1893-03-18,france,2.0
1893-03-18,germany,1.75
1893-03-18,russia,4.5
1893-03-25,austria_hungary,3.0
1893-03-25,dutch,1.75
1893-03-25,france,2.125
1893-03-25,germany,1.875
1893-03-25,russia,4.5
1893-04-01,austria_hungary,3.0
1893-04-01,dutch,1.88
1893-04-01,france,2.25
1893-04-01,germany,2.25
1893-04-01,russia,4.5
1893-04-08,austria_hungary,3.0
1893-04-08,dutch,1.75
1893-04-08,france,2.25
1893-04-08,germany,1.875
1893-04-08,russia,4.5
1893-04-15,austria_hungary,3.0
1893-04-15,dutch,1.75
1893-04-15,france,2.25
1893-04-15,germany,2.0
1893-04-15,russia,4.5
1893-04-22,austria_hungary,3.25
1893-04-22,dutch,1.75
1893-04-22,france,2.25
1893-04-22,germany,2.125
1893-04-22,russia,4.5
1893-04-29,austria_hungary,3.375
1893-04-29,dutch,2.0
1893-04-29,france,2.375
1893-04-29,germany,2.625
1893-04-29,russia,4.5
1893-05-06,austria_hungary,3.5
1893-05-06,dutch,2.25
1893-05-06,france,2.25
1893-05-06,germany,2.5
1893-05-06,russia,4.5
1893-05-13,austria_hungary,3.25
1893-05-13,dutch,2.38
1893-05-13,france,2.25
1893-05-13,germany,3.0
1893-05-13,russia,4.5
1893-05-20,austria_hungary,3.5
1893-05-20,dutch,2.88
1893-05-20,france,2.0
1893-05-20,germany,3.0
1893-05-20,russia,4.5
1893-05-27,austria_hungary,3.25
1893-05-27,dutch,2.75
1893-05-27,france,2.0
1893-05-27,germany,3.125
1893-05-27,russia,4.5
1893-06-03,austria_hungary,3.5
1893-06-03,dutch,2.75
1893-06-03,france,2.0
1893-06-03,germany,2.625
1893-06-03,russia,4.5
1893-06-10,austria_hungary,3.25
1893-06-10,dutch,2.25
1893-06-10,france,2.0
1893-06-10,germany,2.75
1893-06-10,russia,4.5
1893-06-17,austria_hungary,3.5
1893-06-17,dutch,1.63
1893-06-17,france,2.0
1893-06-17,germany,3.375
1893-06-17,russia,4.5
1893-06-24,austria_hungary,3.625
1893-06-24,dutch,1.75
1893-06-24,france,2.25
1893-06-24,germany,3.5
1893-06-24,russia,4.5
1893-07-01,austria_hungary,3.75
1893-07-01,dutch,2.13
1893-07-01,france,2.5
1893-07-01,germany,3.375
1893-07-01,russia,4.5
1893-07-08,austria_hungary,3.75
1893-07-08,dutch,2.38
1893-07-08,france,2.25
1893-07-08,germany,2.75
1893-07-08,russia,4.5
1893-07-15,austria_hungary,3.5
1893-07-15,dutch,2.13
1893-07-15,france,2.75
1893-07-15,germany,3.0
1893-07-15,russia,4.5
1893-07-22,austria_hungary,3.5
1893-07-22,dutch,2.5
1893-07-22,france,2.25
1893-07-22,germany,3.5
1893-07-22,russia,4.5
1893-07-29,austria_hungary,3.75
1893-07-29,dutch,2.13
1893-07-29,france,2.125
1893-07-29,germany,3.125
1893-07-29,russia,4.5
1893-08-05,austria_hungary,3.75
1893-08-05,dutch,2.75
1893-08-05,france,2.125
1893-08-05,germany,3.625
1893-08-05,russia,4.5
1893-08-12,austria_hungary,3.75
1893-08-12,dutch,3.13
1893-08-12,france,2.25
1893-08-12,germany,4.0
1893-08-12,russia,4.5
1893-08-19,austria_hungary,4.0
1893-08-19,dutch,3.63
1893-08-19,france,2.25
1893-08-19,germany,4.25
1893-08-19,russia,4.5
1893-08-26,austria_hungary,4.0
1893-08-26,dutch,3.75
1893-08-26,france,2.25
1893-08-26,germany,4.625
1893-08-26,russia,4.5
1893-09-02,austria_hungary,4.0
1893-09-02,dutch,3.75
1893-09-02,france,2.25
1893-09-02,germany,4.125
1893-09-02,russia,4.5
1893-09-09,austria_hungary,4.0
1893-09-09,dutch,3.75
1893-09-09,france,2.0
1893-09-09,germany,4.5
1893-09-09,russia,4.5
1893-09-16,austria_hungary,4.0
1893-09-16,dutch,3.5
1893-09-16,france,2.125
1893-09-16,germany,4.5
1893-09-16,russia,4.5
1893-09-23,austria_hungary,4.0
1893-09-23,dutch,3.88
1893-09-23,france,2.125
1893-09-23,germany,4.875
1893-09-23,russia,4.5
1893-09-30,austria_hungary,4.0
1893-09-30,dutch,4.25
1893-09-30,france,2.25
1893-09-30,germany,4.875
1893-09-30,russia,5.0
1893-10-07,austria_hungary,4.625
1893-10-07,dutch,4.25
1893-10-07,france,2.25
1893-10-07,germany,4.25
1893-10-07,russia,5.0
1893-10-14,austria_hungary,4.25
1893-10-14,dutch,4.5
1893-10-14,france,2.25
1893-10-14,germany,4.625
1893-10-14,russia,5.0
1893-10-21,austria_hungary,4.375
1893-10-21,dutch,5.0
1893-10-21,france,2.375
1893-10-21,germany,4.625
1893-10-21,russia,5.0
1893-10-28,austria_hungary,4.625
1893-10-28,dutch,4.75
1893-10-28,france,2.5
1893-10-28,germany,4.75
1893-10-28,russia,5.0
1893-11-04,austria_hungary,4.5
1893-11-04,dutch,4.88
1893-11-04,france,2.5
1893-11-04,germany,4.5
1893-11-04,russia,6.0
1893-11-11,austria_hungary,4.5
1893-11-11,dutch,4.75
1893-11-11,france,2.25
1893-11-11,germany,4.5
1893-11-11,russia,6.0
1893-11-18,austria_hungary,4.375
1893-11-18,dutch,3.75
1893-11-18,france,2.375
1893-11-18,germany,4.5
1893-11-18,russia,6.0
1893-11-25,austria_hungary,4.75
1893-11-25,dutch,3.13
1893-11-25,france,2.25
1893-11-25,germany,4.5
1893-11-25,russia,6.0
1893-12-02,austria_hungary,4.75
1893-12-02,dutch,3.25
1893-12-02,france,2.375
1893-12-02,germany,4.125
1893-12-02,russia,6.0
1893-12-09,austria_hungary,4.75
1893-12-09,dutch,3.25
1893-12-09,france,2.5
1893-12-09,germany,4.5
1893-12-09,russia,6.0
1893-12-16,austria_hungary,4.875
1893-12-16,dutch,3.0
1893-12-16,france,2.375
1893-12-16,germany,4.25
1893-12-16,russia,6.0
1893-12-23,austria_hungary,4.875
1893-12-23,dutch,3.0
1893-12-23,france,2.375
1893-12-23,germany,4.5
1893-12-23,russia,6.0
1893-12-30,austria_hungary,4.875
1893-12-30,dutch,3.0
1893-12-30,france,2.5
1893-12-30,germany,4.625
1893-12-30,russia,6.0
1894-01-06,austria_hungary,4.375
1894-01-06,dutch,3.0
1894-01-06,france,2.375
1894-01-06,germany,3.0
1894-01-06,russia,6.0
1894-01-13,austria_hungary,4.0
1894-01-13,dutch,3.0
1894-01-13,france,2.5
1894-01-13,germany,3.0
1894-01-13,russia,6.0
1894-01-20,austria_hungary,4.0
1894-01-20,dutch,2.38
1894-01-20,france,2.375
1894-01-20,germany,2.75
1894-01-20,russia,6.0
1894-01-27,austria_hungary,3.75
1894-01-27,dutch,2.5
1894-01-27,france,2.375
1894-01-27,germany,2.125
1894-01-27,russia,5.5
1894-02-03,austria_hungary,3.75
1894-02-03,dutch,2.25
1894-02-03,france,2.375
1894-02-03,germany,2.0
1894-02-03,russia,5.5
1894-02-10,austria_hungary,3.5
1894-02-10,dutch,2.13
1894-02-10,france,2.375
1894-02-10,germany,1.75
1894-02-10,russia,5.5
1894-02-17,austria_hungary,3.5
1894-02-17,dutch,2.13
1894-02-17,france,2.375
1894-02-17,germany,1.625
1894-02-17,russia,5.5
1894-02-24,austria_hungary,3.375
1894-02-24,dutch,2.0
1894-02-24,france,2.25
1894-02-24,germany,1.25
1894-02-24,russia,5.5
1894-03-03,austria_hungary,3.375
1894-03-03,dutch,1.5
1894-03-03,france,2.125
1894-03-03,germany,1.5
1894-03-03,russia,5.5
1894-03-10,austria_hungary,3.375
1894-03-10,dutch,1.63
1894-03-10,france,2.0
1894-03-10,germany,1.625
1894-03-10,russia,5.5
1894-03-17,austria_hungary,3.375
1894-03-17,dutch,1.5
1894-03-17,france,1.875
1894-03-17,germany,1.875
1894-03-17,russia,5.5
1894-03-24,austria_hungary,3.375
1894-03-24,dutch,1.5
1894-03-24,france,2.0
1894-03-24,germany,2.5
1894-03-24,russia,5.5
1894-03-31,austria_hungary,3.375
1894-03-31,dutch,1.25
1894-03-31,france,2.125
1894-03-31,germany,2.0
1894-03-31,russia,5.5
1894-04-07,austria_hungary,3.375
1894-04-07,dutch,1.75
1894-04-07,france,2.25
1894-04-07,germany,1.625
1894-04-07,russia,5.5
1894-04-14,austria_hungary,3.375
1894-04-14,dutch,1.75
1894-04-14,france,2.25
1894-04-14,germany,1.375
1894-04-14,russia,5.5
1894-04-21,austria_hungary,3.375
1894-04-21,dutch,1.75
1894-04-21,france,2.5
1894-04-21,germany,1.5
1894-04-21,russia,5.5
1894-04-28,austria_hungary,3.375
1894-04-28,dutch,1.75
1894-04-28,france,1.0
1894-04-28,germany,1.5
1894-04-28,russia,5.5
1894-05-05,austria_hungary,3.375
1894-05-05,dutch,2.13
1894-05-05,france,1.0
1894-05-05,germany,1.75
1894-05-05,russia,5.5
1894-05-12,austria_hungary,3.375
1894-05-12,dutch,1.75
1894-05-12,france,1.25
1894-05-12,germany,1.75
1894-05-12,russia,5.5
1894-05-19,austria_hungary,3.25
1894-05-19,dutch,2.0
1894-05-19,france,1.25
1894-05-19,germany,1.75
1894-05-19,russia,5.5
1894-05-26,austria_hungary,3.375
1894-05-26,dutch,1.75
1894-05-26,france,1.5
1894-05-26,germany,1.625
1894-05-26,russia,5.5
1894-06-02,austria_hungary,3.375
1894-06-02,dutch,1.63
1894-06-02,france,1.375
1894-06-02,germany,1.625
1894-06-02,russia,5.5
1894-06-09,austria_hungary,3.25
1894-06-09,dutch,1.75
1894-06-09,france,1.5
1894-06-09,germany,1.875
1894-06-09,russia,5.5
1894-06-16,austria_hungary,3.25
1894-06-16,dutch,1.75
1894-06-16,france,1.625
1894-06-16,germany,1.75
1894-06-16,russia,5.5
1894-06-23,austria_hungary,3.5
1894-06-23,dutch,1.75
1894-06-23,france,2.0
1894-06-23,germany,1.75
1894-06-23,russia,5.5
1894-06-30,austria_hungary,3.375
1894-06-30,dutch,1.75
1894-06-30,france,2.0
1894-06-30,germany,1.75
1894-06-30,russia,5.5
1894-07-07,austria_hungary,3.375
1894-07-07,dutch,1.75
1894-07-07,france,2.0
1894-07-07,germany,1.625
1894-07-07,russia,5.5
1894-07-14,austria_hungary,3.125
1894-07-14,dutch,1.63
1894-07-14,france,1.625
1894-07-14,germany,1.125
1894-07-14,russia,5.5
1894-07-21,austria_hungary,3.25
1894-07-21,dutch,1.63
1894-07-21,france,1.875
1894-07-21,germany,1.25
1894-07-21,russia,5.5
1894-07-28,austria_hungary,3.25
1894-07-28,dutch,1.63
1894-07-28,france,1.75
1894-07-28,germany,1.5
1894-07-28,russia,5.5
1894-08-04,austria_hungary,3.75
1894-08-04,dutch,1.5
1894-08-04,france,1.625
1894-08-04,germany,1.375
1894-08-04,russia,5.5
1894-08-11,austria_hungary,3.375
1894-08-11,dutch,1.5
1894-08-11,france,1.125
1894-08-11,germany,1.5
1894-08-11,russia,5.5
1894-08-18,austria_hungary,3.375
1894-08-18,dutch,1.38
1894-08-18,france,1.125
1894-08-18,germany,1.5
1894-08-18,russia,5.5
1894-08-25,austria_hungary,3.375
1894-08-25,dutch,1.25
1894-08-25,france,1.875
1894-08-25,germany,1.5
1894-08-25,russia,5.5
1894-09-01,austria_hungary,3.5
1894-09-01,dutch,1.25
1894-09-01,france,0.75
1894-09-01,germany,1.5
1894-09-01,russia,6.0
1894-09-08,austria_hungary,3.5
1894-09-08,dutch,1.25
1894-09-08,france,1.0
1894-09-08,germany,1.75
1894-09-08,russia,6.0
1894-09-15,austria_hungary,3.375
1894-09-15,dutch,1.13
1894-09-15,france,1.125
1894-09-15,germany,1.75
1894-09-15,russia,6.0
1894-09-22,austria_hungary,3.375
1894-09-22,dutch,1.13
1894-09-22,france,1.25
1894-09-22,germany,2.0
1894-09-22,russia,6.0
1894-09-29,austria_hungary,3.25
1894-09-29,dutch,1.25
1894-09-29,france,1.875
1894-09-29,germany,2.125
1894-09-29,russia,6.0
1894-10-06,austria_hungary,3.875
1894-10-06,dutch,1.75
1894-10-06,france,1.625
1894-10-06,germany,1.625
1894-10-06,russia,6.0
1894-10-13,austria_hungary,3.875
1894-10-13,dutch,1.63
1894-10-13,france,1.625
1894-10-13,germany,1.625
1894-10-13,russia,6.0
1894-10-20,austria_hungary,4.0
1894-10-20,dutch,2.0
1894-10-20,france,1.875
1894-10-20,germany,1.625
1894-10-20,russia,6.0
1894-10-27,austria_hungary,4.0
1894-10-27,dutch,2.0
1894-10-27,france,2.0
1894-10-27,germany,1.625
1894-10-27,russia,6.0
1894-11-03,austria_hungary,3.875
1894-11-03,dutch,2.13
1894-11-03,france,1.125
1894-11-03,germany,1.5
1894-11-03,russia,6.0
1894-11-10,austria_hungary,3.75
1894-11-10,dutch,2.0
1894-11-10,france,2.0
1894-11-10,germany,1.5
1894-11-10,russia,6.0
1894-11-17,austria_hungary,3.75
1894-11-17,dutch,2.0
1894-11-17,france,1.875
1894-11-17,germany,1.5
1894-11-17,russia,6.0
1894-11-24,austria_hungary,3.75
1894-11-24,dutch,1.38
1894-11-24,france,1.875
1894-11-24,germany,1.5
1894-11-24,russia,6.0
1894-12-01,austria_hungary,3.75
1894-12-01,dutch,1.75
1894-12-01,france,1.75
1894-12-01,germany,1.5
1894-12-01,russia,6.0
1894-12-08,austria_hungary,3.875
1894-12-08,dutch,1.63
1894-12-08,france,1.5
1894-12-08,germany,1.375
1894-12-08,russia,6.0
1894-12-15,austria_hungary,3.875
1894-12-15,dutch,1.5
1894-12-15,france,1.25
1894-12-15,germany,1.5
1894-12-15,russia,6.0
1894-12-22,austria_hungary,3.875
1894-12-22,dutch,1.5
1894-12-22,france,1.75
1894-12-22,germany,1.875
1894-12-22,russia,6.0
1894-12-29,austria_hungary,3.875
1894-12-29,dutch,1.63
1894-12-29,france,2.0
1894-12-29,germany,1.875
1894-12-29,russia,6.0
1895-01-05,austria_hungary,3.875
1895-01-05,dutch,1.75
1895-01-05,france,2.0
1895-01-05,germany,1.625
1895-01-05,russia,6.0
1895-01-12,austria_hungary,3.625
1895-01-12,dutch,1.75
1895-01-12,france,1.625
1895-01-12,germany,1.375
1895-01-12,russia,6.0
1895-01-19,austria_hungary,3.375
1895-01-19,dutch,1.63
1895-01-19,france,1.625
1895-01-19,germany,1.375
1895-01-19,russia,6.0
1895-01-26,austria_hungary,3.5
1895-01-26,dutch,1.63
1895-01-26,france,2.0
1895-01-26,germany,1.375
1895-01-26,russia,6.0
1895-02-02,austria_hungary,3.5
1895-02-02,dutch,1.5
1895-02-02,france,2.875
1895-02-02,germany,1.875
1895-02-02,russia,6.0
1895-02-09,austria_hungary,3.5
1895-02-09,dutch,1.5
1895-02-09,france,1.5
1895-02-09,germany,1.25
1895-02-09,russia,6.0
1895-02-16,austria_hungary,3.5
1895-02-16,dutch,1.5
1895-02-16,france,1.625
1895-02-16,germany,1.25
1895-02-16,russia,6.0
1895-02-23,austria_hungary,3.5
1895-02-23,dutch,1.5
1895-02-23,france,1.5
1895-02-23,germany,1.25
1895-02-23,russia,6.0
1895-03-02,austria_hungary,3.625
1895-03-02,dutch,1.63
1895-03-02,france,1.5
1895-03-02,germany,1.25
1895-03-02,russia,6.0
1895-03-09,austria_hungary,3.75
1895-03-09,dutch,1.8
1895-03-09,france,1.375
1895-03-09,germany,1.375
1895-03-09,russia,6.0
1895-03-16,austria_hungary,3.625
1895-03-16,dutch,1.5
1895-03-16,france,1.5
1895-03-16,germany,1.625
1895-03-16,russia,6.0
1895-03-23,austria_hungary,3.375
1895-03-23,dutch,1.38
1895-03-23,france,1.375
1895-03-23,germany,1.875
1895-03-23,russia,6.0
1895-03-30,austria_hungary,4.0
1895-03-30,dutch,1.0
1895-03-30,france,1.5
1895-03-30,germany,1.75
1895-03-30,russia,6.0
1895-04-06,austria_hungary,3.875
1895-04-06,dutch,1.25
1895-04-06,france,1.625
1895-04-06,germany,1.5
1895-04-06,russia,6.0
1895-04-13,austria_hungary,3.75
1895-04-13,dutch,1.25
1895-04-13,france,1.5
1895-04-13,germany,1.375
1895-04-13,russia,6.0
1895-04-20,austria_hungary,3.75
1895-04-20,dutch,1.13
1895-04-20,france,1.75
1895-04-20,germany,1.5
1895-04-20,russia,6.0
1895-04-27,austria_hungary,4.0
1895-04-27,dutch,1.25
1895-04-27,france,1.875
1895-04-27,germany,1.625
1895-04-27,russia,6.0
1895-05-04,austria_hungary,3.875
1895-05-04,dutch,1.63
1895-05-04,france,1.75
1895-05-04,germany,1.5
1895-05-04,russia,6.0
1895-05-11,austria_hungary,3.5
1895-05-11,dutch,1.75
1895-05-11,france,1.5
1895-05-11,germany,1.625
1895-05-11,russia,6.0
1895-05-18,austria_hungary,3.5
1895-05-18,dutch,1.88
1895-05-18,france,1.625
1895-05-18,germany,1.75
1895-05-18,russia,6.0
1895-05-25,austria_hungary,3.625
1895-05-25,dutch,1.63
1895-05-25,france,1.625
1895-05-25,germany,1.875
1895-05-25,russia,6.0
1895-06-01,austria_hungary,3.875
1895-06-01,dutch,1.63
1895-06-01,france,1.625
1895-06-01,germany,1.875
1895-06-01,russia,6.0
1895-06-08,austria_hungary,3.75
1895-06-08,dutch,1.63
1895-06-08,france,1.5
1895-06-08,germany,1.875
1895-06-08,russia,6.0
1895-06-15,austria_hungary,3.75
1895-06-15,dutch,1.5
1895-06-15,france,1.375
1895-06-15,germany,2.0
1895-06-15,russia,6.0
1895-06-22,austria_hungary,4.0
1895-06-22,dutch,1.5
1895-06-22,france,1.5
1895-06-22,germany,2.25
1895-06-22,russia,6.0
1895-06-29,austria_hungary,4.0
1895-06-29,dutch,1.5
1895-06-29,france,1.75
1895-06-29,germany,2.5
1895-06-29,russia,6.0
1895-07-06,austria_hungary,3.875
1895-07-06,dutch,1.5
1895-07-06,france,1.625
1895-07-06,germany,1.75
1895-07-06,russia,6.0
1895-07-13,austria_hungary,3.75
1895-07-13,dutch,1.5
1895-07-13,france,1.875
1895-07-13,germany,1.5
1895-07-13,russia,6.0
1895-07-20,austria_hungary,3.875
1895-07-20,dutch,1.5
1895-07-20,france,2.0
1895-07-20,germany,1.5
1895-07-20,russia,6.0
1895-07-27,austria_hungary,3.875
1895-07-27,dutch,1.5
1895-07-27,france,3.0
1895-07-27,germany,1.75
1895-07-27,russia,6.0
1895-08-03,austria_hungary,3.875
1895-08-03,dutch,1.25
1895-08-03,france,1.0
1895-08-03,germany,1.5
1895-08-03,russia,6.0
1895-08-10,austria_hungary,3.75
1895-08-10,dutch,1.38
1895-08-10,france,0.875
1895-08-10,germany,1.5
1895-08-10,russia,6.0
1895-08-17,austria_hungary,3.875
1895-08-17,dutch,1.25
1895-08-17,france,0.875
1895-08-17,germany,1.5
1895-08-17,russia,6.0
1895-08-24,austria_hungary,3.875
1895-08-24,dutch,1.13
1895-08-24,france,1.0
1895-08-24,germany,1.625
1895-08-24,russia,6.0
1895-08-31,austria_hungary,3.875
1895-08-31,dutch,1.13
1895-08-31,france,1.125
1895-08-31,germany,1.625
1895-08-31,russia,6.0
1895-09-07,austria_hungary,3.875
1895-09-07,dutch,1.0
1895-09-07,france,1.0
1895-09-07,germany,2.0
1895-09-07,russia,6.0
1895-09-14,austria_hungary,4.5
1895-09-14,dutch,1.13
1895-09-14,france,1.125
1895-09-14,germany,2.375
1895-09-14,russia,6.0
1895-09-21,austria_hungary,5.0
1895-09-21,dutch,1.13
1895-09-21,france,1.5
1895-09-21,germany,2.75
1895-09-21,russia,6.0
1895-09-28,austria_hungary,5.0
1895-09-28,dutch,1.13
1895-09-28,france,1.625
1895-09-28,germany,2.875
1895-09-28,russia,6.0
1895-10-05,austria_hungary,4.875
1895-10-05,dutch,1.25
1895-10-05,france,1.75
1895-10-05,germany,2.25
1895-10-05,russia,6.0
1895-10-12,austria_hungary,4.875
1895-10-12,dutch,1.63
1895-10-12,france,1.75
1895-10-12,germany,2.375
1895-10-12,russia,6.0
1895-10-19,austria_hungary,5.0
1895-10-19,dutch,1.88
1895-10-19,france,1.785
1895-10-19,germany,2.875
1895-10-19,russia,6.0
1895-10-26,austria_hungary,5.0
1895-10-26,dutch,1.88
1895-10-26,france,1.875
1895-10-26,germany,2.75
1895-10-26,russia,6.0
1895-11-02,austria_hungary,5.0
1895-11-02,dutch,1.5
1895-11-02,france,1.875
1895-11-02,germany,2.5
1895-11-02,russia,6.0
1895-11-09,austria_hungary,4.875
1895-11-09,dutch,2.0
1895-11-09,france,1.75
1895-11-09,germany,3.0
1895-11-09,russia,6.5
1895-11-16,austria_hungary,4.75
1895-11-16,dutch,2.0
1895-11-16,france,1.875
1895-11-16,germany,3.0
1895-11-16,russia,6.5
1895-11-23,austria_hungary,4.625
1895-11-23,dutch,1.88
1895-11-23,france,1.75
1895-11-23,germany,3.0
1895-11-23,russia,6.5
1895-11-30,austria_hungary,4.5
1895-11-30,dutch,1.75
1895-11-30,france,1.75
1895-11-30,germany,3.125
1895-11-30,russia,6.5
1895-12-07,austria_hungary,4.625
1895-12-07,dutch,1.75
1895-12-07,france,1.875
1895-12-07,germany,2.875
1895-12-07,russia,6.5
1895-12-14,austria_hungary,4.75
1895-12-14,dutch,1.75
1895-12-14,france,1.625
1895-12-14,germany,3.5
1895-12-14,russia,6.5
1895-12-21,austria_hungary,4.875
1895-12-21,dutch,1.88
1895-12-21,france,1.756
1895-12-21,germany,3.25
1895-12-21,russia,6.5
1895-12-28,austria_hungary,4.875
1895-12-28,dutch,1.88
1895-12-28,france,1.875
1895-12-28,germany,3.75
1895-12-28,russia,6.5
1896-01-04,austria_hungary,4.875
1896-01-04,dutch,2.0
1896-01-04,france,1.875
1896-01-04,germany,2.75
1896-01-04,russia,6.5
1896-01-11,austria_hungary,4.375
1896-01-11,dutch,2.0
1896-01-11,france,1.75
1896-01-11,germany,3.0
1896-01-11,russia,6.5
1896-01-18,austria_hungary,3.875
1896-01-18,dutch,2.13
1896-01-18,france,1.625
1896-01-18,germany,3.125
1896-01-18,russia,6.5
1896-01-25,austria_hungary,3.875
1896-01-25,dutch,1.75
1896-01-25,france,1.375
1896-01-25,germany,3.25
1896-01-25,russia,6.5
1896-02-01,austria_hungary,4.0
1896-02-01,dutch,1.75
1896-02-01,france,1.75
1896-02-01,germany,2.5
1896-02-01,russia,6.5
1896-02-08,austria_hungary,3.875
1896-02-08,dutch,1.5
1896-02-08,france,1.625
1896-02-08,germany,2.625
1896-02-08,russia,6.5
1896-02-15,austria_hungary,3.875
1896-02-15,dutch,1.5
1896-02-15,france,1.875
1896-02-15,germany,2.375
1896-02-15,russia,6.5
1896-02-22,austria_hungary,3.875
1896-02-22,dutch,1.5
1896-02-22,france,1.875
1896-02-22,germany,2.125
1896-02-22,russia,6.5
1896-02-29,austria_hungary,3.75
1896-02-29,dutch,1.5
1896-02-29,france,1.25
1896-02-29,germany,2.125
1896-02-29,russia,6.5
1896-03-07,austria_hungary,3.75
1896-03-07,dutch,1.75
1896-03-07,france,1.625
1896-03-07,germany,2.0
1896-03-07,russia,6.5
1896-03-14,austria_hungary,3.625
1896-03-14,dutch,2.38
1896-03-14,france,1.625
1896-03-14,germany,2.0
1896-03-14,russia,6.5
1896-03-21,austria_hungary,3.625
1896-03-21,dutch,2.38
1896-03-21,france,1.625
1896-03-21,germany,2.125
1896-03-21,russia,6.5
1896-03-28,austria_hungary,3.75
1896-03-28,dutch,2.38
1896-03-28,france,1.75
1896-03-28,germany,2.125
1896-03-28,russia,6.5
1896-04-04,austria_hungary,3.75
1896-04-04,dutch,2.38
1896-04-04,france,1.75
1896-04-04,germany,2.125
1896-04-04,russia,6.5
1896-04-11,austria_hungary,3.75
1896-04-11,dutch,2.63
1896-04-11,france,1.75
1896-04-11,germany,2.125
1896-04-11,russia,6.5
1896-04-18,austria_hungary,3.625
1896-04-18,dutch,2.75
1896-04-18,france,1.875
1896-04-18,germany,2.125
1896-04-18,russia,6.5
1896-04-25,austria_hungary,3.75
1896-04-25,dutch,2.63
1896-04-25,france,1.75
1896-04-25,germany,2.25
1896-04-25,russia,6.5
1896-05-02,austria_hungary,3.75
1896-05-02,dutch,2.88
1896-05-02,france,1.75
1896-05-02,germany,2.25
1896-05-02,russia,6.5
1896-05-09,austria_hungary,3.75
1896-05-09,dutch,2.63
1896-05-09,france,1.75
1896-05-09,germany,2.75
1896-05-09,russia,6.5
1896-05-16,austria_hungary,3.5
1896-05-16,dutch,2.63
1896-05-16,france,1.875
1896-05-16,germany,2.75
1896-05-16,russia,6.5
1896-05-23,austria_hungary,3.625
1896-05-23,dutch,2.63
1896-05-23,france,1.875
1896-05-23,germany,2.75
1896-05-23,russia,6.5
1896-05-30,austria_hungary,3.75
1896-05-30,dutch,2.5
1896-05-30,france,1.75
1896-05-30,germany,2.75
1896-05-30,russia,6.5
1896-06-06,austria_hungary,3.75
1896-06-06,dutch,2.5
1896-06-06,france,1.75
1896-06-06,germany,2.625
1896-06-06,russia,6.5
1896-06-13,austria_hungary,3.75
1896-06-13,dutch,2.63
1896-06-13,france,1.75
1896-06-13,germany,2.75
1896-06-13,russia,6.5
1896-06-20,austria_hungary,3.75
1896-06-20,dutch,2.5
1896-06-20,france,1.75
1896-06-20,germany,3.0
1896-06-20,russia,6.5
1896-06-27,austria_hungary,3.875
1896-06-27,dutch,2.5
1896-06-27,france,1.75
1896-06-27,germany,2.75
1896-06-27,russia,6.5
1896-07-04,austria_hungary,3.75
1896-07-04,dutch,2.5
1896-07-04,france,1.75
1896-07-04,germany,2.5
1896-07-04,russia,6.5
1896-07-11,austria_hungary,3.75
1896-07-11,dutch,2.5
1896-07-11,france,1.75
1896-07-11,germany,2.25
1896-07-11,russia,6.5
1896-07-18,austria_hungary,3.75
1896-07-18,dutch,2.75
1896-07-18,france,1.75
1896-07-18,germany,2.25
1896-07-18,russia,6.5
1896-07-25,austria_hungary,3.75
1896-07-25,dutch,2.63
1896-07-25,france,1.875
1896-07-25,germany,2.5
1896-07-25,russia,6.5
1896-08-01,austria_hungary,3.75
1896-08-01,dutch,2.63
1896-08-01,france,1.875
1896-08-01,germany,2.5
1896-08-01,russia,6.5
1896-08-08,austria_hungary,3.75
1896-08-08,dutch,2.75
1896-08-08,france,1.625
1896-08-08,germany,2.5
1896-08-08,russia,6.5
1896-08-15,austria_hungary,3.75
1896-08-15,dutch,2.5
1896-08-15,france,1.5
1896-08-15,germany,2.5
1896-08-15,russia,6.5
1896-08-22,austria_hungary,3.75
1896-08-22,dutch,2.25
1896-08-22,france,1.25
1896-08-22,germany,2.5
1896-08-22,russia,6.5
1896-08-29,austria_hungary,3.75
1896-08-29,dutch,2.0
1896-08-29,france,1.5
1896-08-29,germany,2.5
1896-08-29,russia,6.5
1896-09-05,austria_hungary,3.75
1896-09-05,dutch,1.88
1896-09-05,france,1.5
1896-09-05,germany,2.75
1896-09-05,russia,6.0
1896-09-12,austria_hungary,3.875
1896-09-12,dutch,2.0
1896-09-12,france,1.625
1896-09-12,germany,3.25
1896-09-12,russia,6.0
1896-09-19,austria_hungary,4.0
1896-09-19,dutch,2.13
1896-09-19,france,1.875
1896-09-19,germany,3.75
1896-09-19,russia,6.0
1896-09-26,austria_hungary,4.0
1896-09-26,dutch,2.25
1896-09-26,france,2.0
1896-09-26,germany,3.875
1896-09-26,russia,6.0
1896-10-03,austria_hungary,4.0
1896-10-03,dutch,2.38
1896-10-03,france,2.0
1896-10-03,germany,3.75
1896-10-03,russia,6.0
1896-10-10,austria_hungary,4.0
1896-10-10,dutch,2.38
1896-10-10,france,1.3125
1896-10-10,germany,3.625
1896-10-10,russia,6.0
1896-10-17,austria_hungary,3.875
1896-10-17,dutch,3.0
1896-10-17,france,2.0
1896-10-17,germany,4.375
1896-10-17,russia,6.0
1896-10-24,austria_hungary,3.9375
1896-10-24,dutch,2.75
1896-10-24,france,2.0
1896-10-24,germany,4.5
1896-10-24,russia,6.0
1896-10-31,austria_hungary,4.0
1896-10-31,dutch,3.0
1896-10-31,france,2.0
1896-10-31,germany,4.5
1896-10-31,russia,6.0
1896-11-07,austria_hungary,3.875
1896-11-07,dutch,3.13
1896-11-07,france,1.875
1896-11-07,germany,4.25
1896-11-07,russia,6.0
1896-11-14,austria_hungary,3.75
1896-11-14,dutch,3.13
1896-11-14,france,1.875
1896-11-14,germany,4.75
1896-11-14,russia,6.0
1896-11-21,austria_hungary,3.875
1896-11-21,dutch,3.38
1896-11-21,france,1.875
1896-11-21,germany,4.75
1896-11-21,russia,6.0
1896-11-28,austria_hungary,3.625
1896-11-28,dutch,2.88
1896-11-28,france,1.875
1896-11-28,germany,4.5
1896-11-28,russia,6.0
1896-12-05,austria_hungary,3.875
1896-12-05,dutch,3.13
1896-12-05,france,1.875
1896-12-05,germany,4.5
1896-12-05,russia,6.0
1896-12-12,austria_hungary,3.75
1896-12-12,dutch,3.0
1896-12-12,france,1.75
1896-12-12,germany,4.875
1896-12-12,russia,6.0
1896-12-19,austria_hungary,4.0
1896-12-19,dutch,2.75
1896-12-19,france,1.875
1896-12-19,germany,4.875
1896-12-19,russia,6.0
1896-12-26,austria_hungary,4.0
1896-12-26,dutch,2.88
1896-12-26,france,1.875
1896-12-26,germany,4.625
1896-12-26,russia,6.0
1897-01-02,austria_hungary,4.0
1897-01-02,dutch,2.88
1897-01-02,france,2.0
1897-01-02,germany,4.0
1897-01-02,russia,6.0
1897-01-09,austria_hungary,3.75
1897-01-09,dutch,2.63
1897-01-09,france,1.875
1897-01-09,germany,3.25
1897-01-09,russia,6.0
1897-01-16,austria_hungary,3.625
1897-01-16,dutch,2.88
1897-01-16,france,1.875
1897-01-16,germany,3.5
1897-01-16,russia,6.0
1897-01-23,austria_hungary,3.625
1897-01-23,dutch,2.88
1897-01-23,france,2.0
1897-01-23,germany,3.5
1897-01-23,russia,6.0
1897-01-30,austria_hungary,3.625
1897-01-30,dutch,2.5
1897-01-30,france,2.0
1897-01-30,germany,2.875
1897-01-30,russia,6.0
1897-02-06,austria_hungary,3.625
1897-02-06,dutch,2.63
1897-02-06,france,1.9375
1897-02-06,germany,2.5
1897-02-06,russia,6.0
1897-02-13,austria_hungary,3.625
1897-02-13,dutch,2.63
1897-02-13,france,1.75
1897-02-13,germany,2.75
1897-02-13,russia,6.0
1897-02-20,austria_hungary,3.625
1897-02-20,dutch,2.63
1897-02-20,france,1.875
1897-02-20,germany,2.75
1897-02-20,russia,6.0
1897-02-27,austria_hungary,3.625
1897-02-27,dutch,2.13
1897-02-27,france,1.75
1897-02-27,germany,2.5
1897-02-27,russia,6.0
1897-03-06,austria_hungary,3.625
1897-03-06,dutch,2.25
1897-03-06,france,1.75
1897-03-06,germany,2.75
1897-03-06,russia,6.0
1897-03-13,austria_hungary,3.625
1897-03-13,dutch,2.25
1897-03-13,france,1.625
1897-03-13,germany,2.875
1897-03-13,russia,6.0
1897-03-20,austria_hungary,3.625
1897-03-20,dutch,2.0
1897-03-20,france,1.75
1897-03-20,germany,3.125
1897-03-20,russia,6.0
1897-03-27,austria_hungary,3.75
1897-03-27,dutch,2.0
1897-03-27,france,1.875
1897-03-27,germany,3.0
1897-03-27,russia,6.0
1897-04-03,austria_hungary,3.875
1897-04-03,dutch,2.0
1897-04-03,france,1.75
1897-04-03,germany,2.75
1897-04-03,russia,6.0
1897-04-10,austria_hungary,3.75
1897-04-10,dutch,2.25
1897-04-10,france,1.75
1897-04-10,germany,2.25
1897-04-10,russia,6.0
1897-04-17,austria_hungary,3.75
1897-04-17,dutch,2.5
1897-04-17,france,1.75
1897-04-17,germany,2.375
1897-04-17,russia,6.0
1897-04-24,austria_hungary,3.75
1897-04-24,dutch,2.5
1897-04-24,france,1.875
1897-04-24,germany,2.625
1897-04-24,russia,6.0
1897-05-01,austria_hungary,3.75
1897-05-01,dutch,2.25
1897-05-01,france,1.875
1897-05-01,germany,2.5
1897-05-01,russia,6.0
1897-05-08,austria_hungary,3.625
1897-05-08,dutch,2.5
1897-05-08,france,1.875
1897-05-08,germany,2.5
1897-05-08,russia,6.0
1897-05-15,austria_hungary,3.5
1897-05-15,dutch,2.5
1897-05-15,france,1.75
1897-05-15,germany,2.25
1897-05-15,russia,6.0
1897-05-22,austria_hungary,3.5
1897-05-22,dutch,2.5
1897-05-22,france,1.875
1897-05-22,germany,2.375
1897-05-22,russia,6.0
1897-05-29,austria_hungary,3.3125
1897-05-29,dutch,2.0
1897-05-29,france,1.875
1897-05-29,germany,2.25
1897-05-29,russia,6.0
1897-06-05,austria_hungary,3.25
1897-06-05,dutch,2.0
1897-06-05,france,1.75
1897-06-05,germany,2.25
1897-06-05,russia,6.0
1897-06-12,austria_hungary,3.3125
1897-06-12,dutch,2.0
1897-06-12,france,1.75
1897-06-12,germany,2.625
1897-06-12,russia,6.0
1897-06-19,austria_hungary,3.5
1897-06-19,dutch,1.88
1897-06-19,france,1.75
1897-06-19,germany,2.75
1897-06-19,russia,6.0
1897-06-26,austria_hungary,3.375
1897-06-26,dutch,2.0
1897-06-26,france,1.875
1897-06-26,germany,2.75
1897-06-26,russia,6.0
1897-07-03,austria_hungary,3.375
1897-07-03,dutch,2.25
1897-07-03,france,1.875
1897-07-03,germany,2.5
1897-07-03,russia,6.0
1897-07-10,austria_hungary,3.25
1897-07-10,dutch,2.38
1897-07-10,france,1.75
1897-07-10,germany,2.375
1897-07-10,russia,6.0
1897-07-17,austria_hungary,3.25
1897-07-17,dutch,2.25
1897-07-17,france,1.75
1897-07-17,germany,2.375
1897-07-17,russia,6.0
1897-07-24,austria_hungary,3.25
1897-07-24,dutch,2.25
1897-07-24,france,1.875
1897-07-24,germany,2.375
1897-07-24,russia,6.0
1897-07-31,austria_hungary,3.375
1897-07-31,dutch,1.75
1897-07-31,france,1.875
1897-07-31,germany,2.5
1897-07-31,russia,6.0
1897-08-07,austria_hungary,3.25
1897-08-07,dutch,2.0
1897-08-07,france,1.875
1897-08-07,germany,2.375
1897-08-07,russia,6.0
1897-08-14,austria_hungary,3.4375
1897-08-14,dutch,2.25
1897-08-14,france,1.75
1897-08-14,germany,2.75
1897-08-14,russia,6.0
1897-08-21,austria_hungary,3.75
1897-08-21,dutch,1.5
1897-08-21,france,1.75
1897-08-21,germany,2.875
1897-08-21,russia,6.0
1897-08-28,austria_hungary,3.875
1897-08-28,dutch,2.0
1897-08-28,france,1.75
1897-08-28,germany,2.625
1897-08-28,russia,6.0
1897-09-04,austria_hungary,3.875
1897-09-04,dutch,2.5
1897-09-04,france,1.75
1897-09-04,germany,2.75
1897-09-04,russia,6.0
1897-09-11,austria_hungary,4.0
1897-09-11,dutch,2.5
1897-09-11,france,1.75
1897-09-11,germany,3.25
1897-09-11,russia,6.0
1897-09-18,austria_hungary,4.0
1897-09-18,dutch,2.5
1897-09-18,france,1.875
1897-09-18,germany,3.5
1897-09-18,russia,6.0
1897-09-25,austria_hungary,4.0
1897-09-25,dutch,2.5
1897-09-25,france,1.875
1897-09-25,germany,3.5
1897-09-25,russia,6.0
1897-10-02,austria_hungary,4.0
1897-10-02,dutch,2.75
1897-10-02,france,1.875
1897-10-02,germany,3.75
1897-10-02,russia,6.0
1897-10-09,austria_hungary,3.875
1897-10-09,dutch,2.75
1897-10-09,france,1.875
1897-10-09,germany,3.375
1897-10-09,russia,6.0
1897-10-16,austria_hungary,3.875
1897-10-16,dutch,3.0
1897-10-16,france,2.0
1897-10-16,germany,4.0
1897-10-16,russia,6.0
1897-10-23,austria_hungary,4.0
1897-10-23,dutch,2.63
1897-10-23,france,2.0
1897-10-23,germany,4.0
1897-10-23,russia,6.0
1897-10-30,austria_hungary,4.0
1897-10-30,dutch,2.88
1897-10-30,france,2.0
1897-10-30,germany,4.125
1897-10-30,russia,6.0
1897-11-06,austria_hungary,4.0
1897-11-06,dutch,3.0
1897-11-06,france,1.875
1897-11-06,germany,4.0
1897-11-06,russia,6.0
1897-11-13,austria_hungary,3.75
1897-11-13,dutch,3.0
1897-11-13,france,2.0
1897-11-13,germany,4.125
1897-11-13,russia,6.0
1897-11-20,austria_hungary,3.875
1897-11-20,dutch,3.0
1897-11-20,france,2.0
1897-11-20,germany,4.25
1897-11-20,russia,6.0
1897-11-27,austria_hungary,3.75
1897-11-27,dutch,2.75
1897-11-27,france,2.0
1897-11-27,germany,4.25
1897-11-27,russia,6.0
1897-12-04,austria_hungary,3.875
1897-12-04,dutch,2.5
1897-12-04,france,2.0
1897-12-04,germany,4.5
1897-12-04,russia,6.0
1897-12-11,austria_hungary,3.875
1897-12-11,dutch,2.5
1897-12-11,france,2.0
1897-12-11,germany,4.5
1897-12-11,russia,6.0
1897-12-18,austria_hungary,4.0
1897-12-18,dutch,2.5
1897-12-18,france,2.0
1897-12-18,germany,4.0
1897-12-18,russia,6.0
1897-12-25,austria_hungary,4.0
1897-12-25,dutch,2.5
1897-12-25,france,2.0
1897-12-25,germany,4.5
1897-12-25,russia,6.0
1898-01-01,austria_hungary,4.0
1898-01-01,dutch,2.63
1898-01-01,france,2.0
1898-01-01,germany,3.375
1898-01-01,russia,6.0
1898-01-08,austria_hungary,3.75
1898-01-08,dutch,2.63
1898-01-08,france,2.0
1898-01-08,germany,3.375
1898-01-08,russia,6.0
1898-01-15,austria_hungary,3.5
1898-01-15,dutch,2.63
1898-01-15,france,2.0
1898-01-15,germany,3.25
1898-01-15,russia,6.0
1898-01-22,austria_hungary,3.5
1898-01-22,dutch,2.75
1898-01-22,france,2.0
1898-01-22,germany,3.125
1898-01-22,russia,6.0
1898-01-29,austria_hungary,3.5
1898-01-29,dutch,2.75
1898-01-29,france,2.0
1898-01-29,germany,2.875
1898-01-29,russia,5.5
1898-02-05,austria_hungary,3.5
1898-02-05,dutch,3.0
1898-02-05,france,1.9375
1898-02-05,germany,2.875
1898-02-05,russia,5.5
1898-02-12,austria_hungary,3.375
1898-02-12,dutch,2.63
1898-02-12,france,1.75
1898-02-12,germany,2.625
1898-02-12,russia,5.5
1898-02-19,austria_hungary,3.25
1898-02-19,dutch,2.5
1898-02-19,france,1.75
1898-02-19,germany,2.5
1898-02-19,russia,5.5
1898-02-26,austria_hungary,3.375
1898-02-26,dutch,2.5
1898-02-26,france,1.875
1898-02-26,germany,2.375
1898-02-26,russia,5.5
1898-03-05,austria_hungary,3.625
1898-03-05,dutch,2.5
1898-03-05,france,1.75
1898-03-05,germany,2.625
1898-03-05,russia,5.5
1898-03-12,austria_hungary,3.25
1898-03-12,dutch,2.63
1898-03-12,france,1.75
1898-03-12,germany,2.75
1898-03-12,russia,5.5
1898-03-19,austria_hungary,3.375
1898-03-19,dutch,2.5
1898-03-19,france,1.75
1898-03-19,germany,2.75
1898-03-19,russia,5.5
1898-03-26,austria_hungary,3.375
1898-03-26,dutch,2.38
1898-03-26,france,1.875
1898-03-26,germany,2.75
1898-03-26,russia,5.5
1898-04-02,austria_hungary,3.625
1898-04-02,dutch,2.63
1898-04-02,france,1.875
1898-04-02,germany,2.75
1898-04-02,russia,5.5
1898-04-09,austria_hungary,3.625
1898-04-09,dutch,2.63
1898-04-09,france,1.875
1898-04-09,germany,2.75
1898-04-09,russia,5.5
1898-04-16,austria_hungary,3.625
1898-04-16,dutch,3.0
1898-04-16,france,1.875
1898-04-16,germany,3.125
1898-04-16,russia,5.5
1898-04-23,austria_hungary,3.875
1898-04-23,dutch,2.88
1898-04-23,france,2.0
1898-04-23,germany,3.75
1898-04-23,russia,5.5
1898-04-30,austria_hungary,4.0
1898-04-30,dutch,2.88
1898-04-30,france,2.0
1898-04-30,germany,3.25
1898-04-30,russia,5.5
1898-05-07,austria_hungary,3.875
1898-05-07,dutch,3.0
1898-05-07,france,1.875
1898-05-07,germany,3.25
1898-05-07,russia,5.5
1898-05-14,austria_hungary,3.875
1898-05-14,dutch,3.0
1898-05-14,france,1.75
1898-05-14,germany,3.375
1898-05-14,russia,5.5
1898-05-21,austria_hungary,4.0
1898-05-21,dutch,2.75
1898-05-21,france,1.75
1898-05-21,germany,3.25
1898-05-21,russia,5.5
1898-05-28,austria_hungary,3.875
1898-05-28,dutch,2.63
1898-05-28,france,1.75
1898-05-28,germany,3.25
1898-05-28,russia,5.5
1898-06-04,austria_hungary,3.875
1898-06-04,dutch,2.63
1898-06-04,france,1.75
1898-06-04,germany,3.375
1898-06-04,russia,5.5
1898-06-11,austria_hungary,3.875
1898-06-11,dutch,2.5
1898-06-11,france,1.75
1898-06-11,germany,3.5
1898-06-11,russia,5.5
1898-06-18,austria_hungary,4.0
1898-06-18,dutch,2.5
1898-06-18,france,1.75
1898-06-18,germany,3.75
1898-06-18,russia,5.5
1898-06-25,austria_hungary,4.0
1898-06-25,dutch,2.63
1898-06-25,france,1.75
1898-06-25,germany,3.75
1898-06-25,russia,5.5
1898-07-02,austria_hungary,4.0
1898-07-02,dutch,2.5
1898-07-02,france,1.875
1898-07-02,germany,3.5
1898-07-02,russia,5.5
1898-07-09,austria_hungary,3.875
1898-07-09,dutch,2.5
1898-07-09,france,1.75
1898-07-09,germany,3.375
1898-07-09,russia,5.5
1898-07-16,austria_hungary,3.75
1898-07-16,dutch,2.75
1898-07-16,france,1.75
1898-07-16,germany,3.25
1898-07-16,russia,5.5
1898-07-23,austria_hungary,3.625
1898-07-23,dutch,2.88
1898-07-23,france,1.75
1898-07-23,germany,3.25
1898-07-23,russia,5.5
1898-07-30,austria_hungary,3.875
1898-07-30,dutch,2.75
1898-07-30,france,1.875
1898-07-30,germany,3.125
1898-07-30,russia,5.5
1898-08-06,austria_hungary,3.75
1898-08-06,dutch,2.63
1898-08-06,france,1.75
1898-08-06,germany,3.125
1898-08-06,russia,5.5
1898-08-13,austria_hungary,3.875
1898-08-13,dutch,2.5
1898-08-13,france,1.75
1898-08-13,germany,3.25
1898-08-13,russia,5.5
1898-08-20,austria_hungary,3.875
1898-08-20,dutch,2.25
1898-08-20,france,1.75
1898-08-20,germany,3.25
1898-08-20,russia,5.5
1898-08-27,austria_hungary,3.875
1898-08-27,dutch,2.0
1898-08-27,france,1.875
1898-08-27,germany,3.25
1898-08-27,russia,5.5
1898-09-03,austria_hungary,3.875
1898-09-03,dutch,2.13
1898-09-03,france,1.625
1898-09-03,germany,3.375
1898-09-03,russia,5.5
1898-09-10,austria_hungary,3.875
1898-09-10,dutch,2.13
1898-09-10,france,1.75
1898-09-10,germany,3.625
1898-09-10,russia,5.5
1898-09-17,austria_hungary,4.0
1898-09-17,dutch,2.0
1898-09-17,france,1.75
1898-09-17,germany,3.625
1898-09-17,russia,5.5
1898-09-24,austria_hungary,4.0
1898-09-24,dutch,2.13
1898-09-24,france,1.875
1898-09-24,germany,3.75
1898-09-24,russia,5.5
1898-10-01,austria_hungary,4.0
1898-10-01,dutch,2.0
1898-10-01,france,1.875
1898-10-01,germany,3.875
1898-10-01,russia,5.5
1898-10-08,austria_hungary,4.0
1898-10-08,dutch,2.0
1898-10-08,france,1.875
1898-10-08,germany,4.0
1898-10-08,russia,5.5
1898-10-15,austria_hungary,4.0
1898-10-15,dutch,2.0
1898-10-15,france,2.0
1898-10-15,germany,3.875
1898-10-15,russia,5.5
1898-10-22,austria_hungary,4.375
1898-10-22,dutch,2.25
1898-10-22,france,2.375
1898-10-22,germany,4.125
1898-10-22,russia,5.5
1898-10-29,austria_hungary,4.5
1898-10-29,dutch,2.25
1898-10-29,france,2.75
1898-10-29,germany,4.375
1898-10-29,russia,5.5
1898-11-05,austria_hungary,4.5
1898-11-05,dutch,2.38
1898-11-05,france,2.75
1898-11-05,germany,4.375
1898-11-05,russia,5.5
1898-11-12,austria_hungary,4.375
1898-11-12,dutch,2.5
1898-11-12,france,2.875
1898-11-12,germany,4.875
1898-11-12,russia,5.5
1898-11-19,austria_hungary,4.5
1898-11-19,dutch,2.38
1898-11-19,france,3.0
1898-11-19,germany,4.875
1898-11-19,russia,5.5
1898-11-26,austria_hungary,4.875
1898-11-26,dutch,2.38
1898-11-26,france,3.0
1898-11-26,germany,5.125
1898-11-26,russia,5.5
1898-12-03,austria_hungary,4.75
1898-12-03,dutch,2.38
1898-12-03,france,3.0
1898-12-03,germany,5.0
1898-12-03,russia,5.5
1898-12-10,austria_hungary,4.75
1898-12-10,dutch,2.25
1898-12-10,france,3.0
1898-12-10,germany,5.25
1898-12-10,russia,5.5
1898-12-17,austria_hungary,4.875
1898-12-17,dutch,2.25
1898-12-17,france,3.0
1898-12-17,germany,5.5
1898-12-17,russia,5.5
1898-12-24,austria_hungary,5.0
1898-12-24,dutch,2.19
1898-12-24,france,3.0
1898-12-24,germany,5.375
1898-12-24,russia,5.5
1898-12-31,austria_hungary,5.0
1898-12-31,dutch,2.38
1898-12-31,france,3.0
1898-12-31,germany,4.875
1898-12-31,russia,5.5
1899-01-07,austria_hungary,4.375
1899-01-07,dutch,2.5
1899-01-07,france,3.0
1899-01-07,germany,4.875
1899-01-07,russia,5.5
1899-01-14,austria_hungary,4.125
1899-01-14,dutch,2.25
1899-01-14,france,3.0
1899-01-14,germany,4.625
1899-01-14,russia,5.5
1899-01-21,austria_hungary,4.0
1899-01-21,dutch,2.25
1899-01-21,france,2.875
1899-01-21,germany,4.125
1899-01-21,russia,5.5
1899-01-28,austria_hungary,4.25
1899-01-28,dutch,2.25
1899-01-28,france,2.9375
1899-01-28,germany,3.875
1899-01-28,russia,5.5
1899-02-04,austria_hungary,4.375
1899-02-04,dutch,2.25
1899-02-04,france,2.9375
1899-02-04,germany,3.75
1899-02-04,russia,5.5
1899-02-11,austria_hungary,4.0625
1899-02-11,dutch,2.25
1899-02-11,france,2.75
1899-02-11,germany,3.75
1899-02-11,russia,5.5
1899-02-18,austria_hungary,4.25
1899-02-18,dutch,2.13
1899-02-18,france,2.875
1899-02-18,germany,3.75
1899-02-18,russia,5.5
1899-02-25,austria_hungary,4.375
1899-02-25,dutch,2.25
1899-02-25,france,2.75
1899-02-25,germany,3.25
1899-02-25,russia,5.5
1899-03-04,austria_hungary,4.375
1899-03-04,dutch,2.13
1899-03-04,france,2.875
1899-03-04,germany,4.0
1899-03-04,russia,5.5
1899-03-11,austria_hungary,4.5
1899-03-11,dutch,2.13
1899-03-11,france,2.75
1899-03-11,germany,4.25
1899-03-11,russia,5.5
1899-03-18,austria_hungary,4.625
1899-03-18,dutch,2.0
1899-03-18,france,2.625
1899-03-18,germany,4.375
1899-03-18,russia,5.5
1899-03-25,austria_hungary,4.75
1899-03-25,dutch,1.88
1899-03-25,france,2.875
1899-03-25,germany,4.375
1899-03-25,russia,5.5
1899-04-01,austria_hungary,4.5
1899-04-01,dutch,1.88
1899-04-01,france,2.875
1899-04-01,germany,4.375
1899-04-01,russia,5.5
1899-04-08,austria_hungary,4.625
1899-04-08,dutch,2.25
1899-04-08,france,2.875
1899-04-08,germany,3.75
1899-04-08,russia,5.5
1899-04-15,austria_hungary,4.375
1899-04-15,dutch,2.25
1899-04-15,france,2.75
1899-04-15,germany,3.75
1899-04-15,russia,5.5
1899-04-22,austria_hungary,4.75
1899-04-22,dutch,2.13
1899-04-22,france,2.75
1899-04-22,germany,3.625
1899-04-22,russia,5.5
1899-04-29,austria_hungary,4.75
1899-04-29,dutch,2.25
1899-04-29,france,2.9375
1899-04-29,germany,3.625
1899-04-29,russia,5.5
1899-05-06,austria_hungary,4.625
1899-05-06,dutch,2.38
1899-05-06,france,2.9375
1899-05-06,germany,3.5
1899-05-06,russia,5.5
1899-05-13,austria_hungary,4.5
1899-05-13,dutch,2.25
1899-05-13,france,2.875
1899-05-13,germany,3.5
1899-05-13,russia,5.5
1899-05-20,austria_hungary,4.25
1899-05-20,dutch,2.25
1899-05-20,france,2.875
1899-05-20,germany,3.625
1899-05-20,russia,5.5
1899-05-27,austria_hungary,4.375
1899-05-27,dutch,2.25
1899-05-27,france,2.875
1899-05-27,germany,3.75
1899-05-27,russia,5.5
1899-06-03,austria_hungary,4.375
1899-06-03,dutch,2.38
1899-06-03,france,2.875
1899-06-03,germany,3.625
1899-06-03,russia,5.5
1899-06-10,austria_hungary,4.25
1899-06-10,dutch,2.25
1899-06-10,france,2.75
1899-06-10,germany,3.75
1899-06-10,russia,5.5
1899-06-17,austria_hungary,4.25
1899-06-17,dutch,2.25
1899-06-17,france,2.75
1899-06-17,germany,4.0
1899-06-17,russia,5.5
1899-06-24,austria_hungary,4.4375
1899-06-24,dutch,2.75
1899-06-24,france,2.75
1899-06-24,germany,4.125
1899-06-24,russia,5.5
1899-07-01,austria_hungary,4.25
1899-07-01,dutch,2.75
1899-07-01,france,2.875
1899-07-01,germany,4.0
1899-07-01,russia,5.5
1899-07-08,austria_hungary,4.375
1899-07-08,dutch,3.25
1899-07-08,france,2.75
1899-07-08,germany,4.75
1899-07-08,russia,5.5
1899-07-15,austria_hungary,4.375
1899-07-15,dutch,3.25
1899-07-15,france,2.75
1899-07-15,germany,3.625
1899-07-15,russia,5.5
1899-07-22,austria_hungary,4.5
1899-07-22,dutch,3.88
1899-07-22,france,2.875
1899-07-22,germany,3.875
1899-07-22,russia,5.5
1899-07-29,austria_hungary,4.375
1899-07-29,dutch,3.5
1899-07-29,france,2.875
1899-07-29,germany,3.75
1899-07-29,russia,5.5
1899-08-05,austria_hungary,4.5
1899-08-05,dutch,3.75
1899-08-05,france,2.9375
1899-08-05,germany,4.125
1899-08-05,russia,5.5
1899-08-12,austria_hungary,4.375
1899-08-12,dutch,3.75
1899-08-12,france,2.9375
1899-08-12,germany,4.25
1899-08-12,russia,5.5
1899-08-19,austria_hungary,4.375
1899-08-19,dutch,3.63
1899-08-19,france,2.625
1899-08-19,germany,4.75
1899-08-19,russia,5.5
1899-08-26,austria_hungary,4.5
1899-08-26,dutch,4.0
1899-08-26,france,2.625
1899-08-26,germany,4.625
1899-08-26,russia,5.5
1899-09-02,austria_hungary,4.5
1899-09-02,dutch,4.0
1899-09-02,france,2.75
1899-09-02,germany,5.625
1899-09-02,russia,5.5
1899-09-09,austria_hungary,4.5
1899-09-09,dutch,3.88
1899-09-09,france,2.625
1899-09-09,germany,4.75
1899-09-09,russia,5.5
1899-09-16,austria_hungary,4.5
1899-09-16,dutch,4.0
1899-09-16,france,2.75
1899-09-16,germany,5.0
1899-09-16,russia,5.5
1899-09-23,austria_hungary,4.875
1899-09-23,dutch,4.25
1899-09-23,france,2.875
1899-09-23,germany,4.75
1899-09-23,russia,5.5
1899-09-30,austria_hungary,5.0
1899-09-30,dutch,4.25
1899-09-30,france,3.0
1899-09-30,germany,5.0
1899-09-30,russia,5.5
1899-10-07,austria_hungary,5.375
1899-10-07,dutch,5.0
1899-10-07,france,3.0
1899-10-07,germany,5.0
1899-10-07,russia,5.5
1899-10-14,austria_hungary,5.5
1899-10-14,dutch,4.75
1899-10-14,france,3.0
1899-10-14,germany,4.875
1899-10-14,russia,6.0
1899-10-21,austria_hungary,5.75
1899-10-21,dutch,4.75
1899-10-21,france,3.0
1899-10-21,germany,5.25
1899-10-21,russia,5.5
1899-10-28,austria_hungary,5.75
1899-10-28,dutch,4.75
1899-10-28,france,3.0
1899-10-28,germany,5.25
1899-10-28,russia,5.5
1899-11-04,austria_hungary,5.75
1899-11-04,dutch,4.88
1899-11-04,france,3.0
1899-11-04,germany,5.125
1899-11-04,russia,5.5
1899-11-11,austria_hungary,5.375
1899-11-11,dutch,4.88
1899-11-11,france,3.0
1899-11-11,germany,5.75
1899-11-11,russia,5.5
1899-11-18,austria_hungary,5.125
1899-11-18,dutch,4.13
1899-11-18,france,3.0
1899-11-18,germany,5.875
1899-11-18,russia,5.5
1899-11-25,austria_hungary,5.625
1899-11-25,dutch,4.63
1899-11-25,france,3.0
1899-11-25,germany,5.625
1899-11-25,russia,5.5
1899-12-02,austria_hungary,5.625
1899-12-02,dutch,4.75
1899-12-02,france,3.0
1899-12-02,germany,5.625
1899-12-02,russia,5.5
1899-12-09,austria_hungary,5.5
1899-12-09,dutch,4.63
1899-12-09,france,3.0
1899-12-09,germany,5.75
1899-12-09,russia,6.0
1899-12-16,austria_hungary,5.5
1899-12-16,dutch,5.0
1899-12-16,france,3.0
1899-12-16,germany,6.0
1899-12-16,russia,6.0
1899-12-23,austria_hungary,5.375
1899-12-23,dutch,5.0
1899-12-23,france,3.0
1899-12-23,germany,6.375
1899-12-23,russia,6.0
1899-12-30,austria_hungary,5.5
1899-12-30,dutch,4.88
1899-12-30,france,4.5
1899-12-30,germany,6.125
1899-12-30,russia,7.0
1900-01-06,austria_hungary,5.375
1900-01-06,dutch,5.0
1900-01-06,france,4.5
1900-01-06,germany,5.625
1900-01-06,russia,7.0
1900-01-13,austria_hungary,5.0
1900-01-13,dutch,4.75
1900-01-13,france,4.0
1900-01-13,germany,4.25
1900-01-13,russia,6.0
1900-01-20,austria_hungary,4.5
1900-01-20,dutch,4.38
1900-01-20,france,3.75
1900-01-20,germany,4.125
1900-01-20,russia,6.0
1900-01-27,austria_hungary,4.25
1900-01-27,dutch,4.5
1900-01-27,france,3.875
1900-01-27,germany,4.125
1900-01-27,russia,6.0
1900-02-03,austria_hungary,4.125
1900-02-03,dutch,4.38
1900-02-03,france,3.5
1900-02-03,germany,3.875
1900-02-03,russia,6.0
1900-02-10,austria_hungary,4.0
1900-02-10,dutch,3.5
1900-02-10,france,3.375
1900-02-10,germany,3.75
1900-02-10,russia,5.5
1900-02-17,austria_hungary,3.875
1900-02-17,dutch,3.13
1900-02-17,france,3.375
1900-02-17,germany,4.0
1900-02-17,russia,5.5
1900-02-24,austria_hungary,3.875
1900-02-24,dutch,3.0
1900-02-24,france,3.375
1900-02-24,germany,4.75
1900-02-24,russia,5.5
1900-03-03,austria_hungary,3.875
1900-03-03,dutch,2.88
1900-03-03,france,3.375
1900-03-03,germany,4.875
1900-03-03,russia,5.5
1900-03-10,austria_hungary,4.0
1900-03-10,dutch,3.0
1900-03-10,france,3.375
1900-03-10,germany,5.125
1900-03-10,russia,5.5
1900-03-17,austria_hungary,4.375
1900-03-17,dutch,3.13
1900-03-17,france,3.375
1900-03-17,germany,5.25
1900-03-17,russia,5.5
1900-03-24,austria_hungary,4.5
1900-03-24,dutch,3.13
1900-03-24,france,3.5
1900-03-24,germany,5.375
1900-03-24,russia,5.5
1900-03-31,austria_hungary,4.375
1900-03-31,dutch,3.13
1900-03-31,france,3.5
1900-03-31,germany,5.25
1900-03-31,russia,5.5
1900-04-07,austria_hungary,4.375
1900-04-07,dutch,3.38
1900-04-07,france,3.5
1900-04-07,germany,4.375
1900-04-07,russia,5.5
1900-04-14,austria_hungary,4.375
1900-04-14,dutch,3.38
1900-04-14,france,3.5
1900-04-14,germany,4.375
1900-04-14,russia,5.5
1900-04-21,austria_hungary,4.25
1900-04-21,dutch,3.38
1900-04-21,france,3.5
1900-04-21,germany,4.5
1900-04-21,russia,5.5
1900-04-28,austria_hungary,4.375
1900-04-28,dutch,3.5
1900-04-28,france,3.5
1900-04-28,germany,4.375
1900-04-28,russia,5.5
1900-05-05,austria_hungary,4.375
1900-05-05,dutch,3.5
1900-05-05,france,3.5
1900-05-05,germany,4.5
1900-05-05,russia,5.5
1900-05-12,austria_hungary,4.375
1900-05-12,dutch,3.5
1900-05-12,france,3.25
1900-05-12,germany,4.5
1900-05-12,russia,5.5
1900-05-19,austria_hungary,4.25
1900-05-19,dutch,3.25
1900-05-19,france,3.25
1900-05-19,germany,4.5
1900-05-19,russia,5.5
1900-05-26,austria_hungary,4.375
1900-05-26,dutch,3.25
1900-05-26,france,3.0
1900-05-26,germany,4.5
1900-05-26,russia,5.5
1900-06-02,austria_hungary,4.375
1900-06-02,dutch,3.25
1900-06-02,france,2.75
1900-06-02,germany,4.625
1900-06-02,russia,5.5
1900-06-09,austria_hungary,4.25
1900-06-09,dutch,3.13
1900-06-09,france,2.875
1900-06-09,germany,4.625
1900-06-09,russia,5.5
1900-06-16,austria_hungary,4.25
1900-06-16,dutch,3.13
1900-06-16,france,2.75
1900-06-16,germany,5.125
1900-06-16,russia,5.5
1900-06-23,austria_hungary,4.375
1900-06-23,dutch,3.13
1900-06-23,france,2.75
1900-06-23,germany,4.875
1900-06-23,russia,5.5
1900-06-30,austria_hungary,4.375
1900-06-30,dutch,3.5
1900-06-30,france,2.875
1900-06-30,germany,4.75
1900-06-30,russia,5.5
1900-07-07,austria_hungary,4.25
1900-07-07,dutch,3.5
1900-07-07,france,2.875
1900-07-07,germany,4.125
1900-07-07,russia,5.5
1900-07-14,austria_hungary,4.0
1900-07-14,dutch,3.5
1900-07-14,france,2.875
1900-07-14,germany,4.0
1900-07-14,russia,5.5
1900-07-21,austria_hungary,4.0
1900-07-21,dutch,3.38
1900-07-21,france,2.875
1900-07-21,germany,4.0
1900-07-21,russia,5.5
1900-07-28,austria_hungary,4.375
1900-07-28,dutch,3.25
1900-07-28,france,2.875
1900-07-28,germany,4.0
1900-07-28,russia,5.5
1900-08-04,austria_hungary,4.375
1900-08-04,dutch,3.25
1900-08-04,france,2.875
1900-08-04,germany,4.0
1900-08-04,russia,5.5
1900-08-11,austria_hungary,4.25
1900-08-11,dutch,3.25
1900-08-11,france,2.75
1900-08-11,germany,4.25
1900-08-11,russia,5.5
1900-08-18,austria_hungary,4.25
1900-08-18,dutch,3.25
1900-08-18,france,2.875
1900-08-18,germany,4.125
1900-08-18,russia,5.5
1900-08-25,austria_hungary,4.25
1900-08-25,dutch,3.13
1900-08-25,france,2.625
1900-08-25,germany,4.0
1900-08-25,russia,5.5
1900-09-01,austria_hungary,4.375
1900-09-01,dutch,3.25
1900-09-01,france,2.625
1900-09-01,germany,3.875
1900-09-01,russia,5.5
1900-09-08,austria_hungary,4.375
1900-09-08,dutch,3.13
1900-09-08,france,2.625
1900-09-08,germany,4.125
1900-09-08,russia,5.5
1900-09-15,austria_hungary,4.5
1900-09-15,dutch,3.13
1900-09-15,france,2.625
1900-09-15,germany,4.625
1900-09-15,russia,5.5
1900-09-22,austria_hungary,4.5
1900-09-22,dutch,3.38
1900-09-22,france,2.75
1900-09-22,germany,4.5
1900-09-22,russia,5.5
1900-09-29,austria_hungary,4.5
1900-09-29,dutch,3.38
1900-09-29,france,2.875
1900-09-29,germany,4.5
1900-09-29,russia,5.5
1900-10-06,austria_hungary,4.5
1900-10-06,dutch,3.5
1900-10-06,france,3.0
1900-10-06,germany,4.0
1900-10-06,russia,5.5
1900-10-13,austria_hungary,4.375
1900-10-13,dutch,3.5
1900-10-13,france,3.0
1900-10-13,germany,4.125
1900-10-13,russia,5.5
1900-10-20,austria_hungary,4.5
1900-10-20,dutch,3.5
1900-10-20,france,3.0
1900-10-20,germany,4.125
1900-10-20,russia,5.5
1900-10-27,austria_hungary,4.5
1900-10-27,dutch,3.38
1900-10-27,france,3.0
1900-10-27,germany,3.875
1900-10-27,russia,5.5
1900-11-03,austria_hungary,4.5
1900-11-03,dutch,3.5
1900-11-03,france,3.0
1900-11-03,germany,4.0
1900-11-03,russia,5.5
1900-11-10,austria_hungary,4.375
1900-11-10,dutch,3.38
1900-11-10,france,2.875
1900-11-10,germany,4.125
1900-11-10,russia,5.5
1900-11-17,austria_hungary,4.25
1900-11-17,dutch,3.25
1900-11-17,france,2.875
1900-11-17,germany,4.25
1900-11-17,russia,5.5
1900-11-24,austria_hungary,4.375
1900-11-24,dutch,3.5
1900-11-24,france,2.875
1900-11-24,germany,4.25
1900-11-24,russia,5.5
1900-12-01,austria_hungary,4.375
1900-12-01,dutch,3.63
1900-12-01,france,3.0
1900-12-01,germany,4.25
1900-12-01,russia,5.5
1900-12-08,austria_hungary,4.375
1900-12-08,dutch,3.38
1900-12-08,france,3.0
1900-12-08,germany,4.25
1900-12-08,russia,5.5
1900-12-15,austria_hungary,4.5
1900-12-15,dutch,3.38
1900-12-15,france,3.0
1900-12-15,germany,4.63
1900-12-15,russia,5.5
1900-12-22,austria_hungary,4.5
1900-12-22,dutch,3.38
1900-12-22,france,3.0
1900-12-22,germany,4.75
1900-12-22,russia,5.5
1900-12-29,austria_hungary,4.5
1900-12-29,dutch,3.5
1900-12-29,france,3.0
1900-12-29,germany,4.625
1900-12-29,russia,5.5
1901-01-05,austria_hungary,4.5
1901-01-05,dutch,3.5
1901-01-05,france,3.0
1901-01-05,germany,3.875
1901-01-05,russia,5.5
1901-01-12,austria_hungary,4.25
1901-01-12,dutch,3.75
1901-01-12,france,3.0
1901-01-12,germany,3.625
1901-01-12,russia,5.5
1901-01-19,austria_hungary,4.25
1901-01-19,dutch,3.25
1901-01-19,france,2.875
1901-01-19,germany,3.5
1901-01-19,russia,5.5
1901-01-26,austria_hungary,4.0
1901-01-26,dutch,3.25
1901-01-26,france,2.875
1901-01-26,germany,3.375
1901-01-26,russia,5.5
1901-02-02,austria_hungary,4.0
1901-02-02,dutch,3.38
1901-02-02,france,2.8125
1901-02-02,germany,3.125
1901-02-02,russia,5.5
1901-02-09,austria_hungary,3.75
1901-02-09,dutch,3.25
1901-02-09,france,2.5
1901-02-09,germany,3.0
1901-02-09,russia,5.5
1901-02-16,austria_hungary,3.75
1901-02-16,dutch,3.38
1901-02-16,france,2.375
1901-02-16,germany,3.125
1901-02-16,russia,5.5
1901-02-23,austria_hungary,3.75
1901-02-23,dutch,3.38
1901-02-23,france,2.5
1901-02-23,germany,3.375
1901-02-23,russia,5.5
1901-03-02,austria_hungary,3.75
1901-03-02,dutch,3.25
1901-03-02,france,2.5
1901-03-02,germany,3.375
1901-03-02,russia,5.5
1901-03-09,austria_hungary,3.75
1901-03-09,dutch,3.38
1901-03-09,france,2.5
1901-03-09,germany,3.5
1901-03-09,russia,5.5
1901-03-16,austria_hungary,3.625
1901-03-16,dutch,3.38
1901-03-16,france,2.375
1901-03-16,germany,3.875
1901-03-16,russia,5.5
1901-03-23,austria_hungary,3.625
1901-03-23,dutch,3.25
1901-03-23,france,2.625
1901-03-23,germany,4.0
1901-03-23,russia,5.5
1901-03-30,austria_hungary,3.875
1901-03-30,dutch,3.25
1901-03-30,france,2.75
1901-03-30,germany,3.875
1901-03-30,russia,5.5
1901-04-06,austria_hungary,3.75
1901-04-06,dutch,3.25
1901-04-06,france,2.8125
1901-04-06,germany,3.625
1901-04-06,russia,5.5
1901-04-13,austria_hungary,3.75
1901-04-13,dutch,3.38
1901-04-13,france,2.75
1901-04-13,germany,3.5
1901-04-13,russia,5.5
1901-04-20,austria_hungary,3.5
1901-04-20,dutch,3.38
1901-04-20,france,2.625
1901-04-20,germany,3.5
1901-04-20,russia,5.5
1901-04-27,austria_hungary,3.5
1901-04-27,dutch,3.38
1901-04-27,france,2.75
1901-04-27,germany,3.125
1901-04-27,russia,5.5
1901-05-04,austria_hungary,3.625
1901-05-04,dutch,3.38
1901-05-04,france,2.625
1901-05-04,germany,3.0
1901-05-04,russia,5.5
1901-05-11,austria_hungary,3.25
1901-05-11,dutch,3.5
1901-05-11,france,2.75
1901-05-11,germany,3.25
1901-05-11,russia,5.5
1901-05-18,austria_hungary,3.125
1901-05-18,dutch,3.38
1901-05-18,france,2.75
1901-05-18,germany,3.375
1901-05-18,russia,5.5
1901-05-25,austria_hungary,3.25
1901-05-25,dutch,3.38
1901-05-25,france,2.5
1901-05-25,germany,3.125
1901-05-25,russia,5.5
1901-06-01,austria_hungary,3.25
1901-06-01,dutch,3.25
1901-06-01,france,2.5
1901-06-01,germany,3.125
1901-06-01,russia,5.5
1901-06-08,austria_hungary,3.75
1901-06-08,dutch,3.25
1901-06-08,france,2.375
1901-06-08,germany,3.125
1901-06-08,russia,5.5
1901-06-15,austria_hungary,3.0
1901-06-15,dutch,3.25
1901-06-15,france,2.0
1901-06-15,germany,3.125
1901-06-15,russia,5.5
1901-06-22,austria_hungary,3.125
1901-06-22,dutch,2.88
1901-06-22,france,1.875
1901-06-22,germany,3.125
1901-06-22,russia,5.5
1901-06-29,austria_hungary,3.375
1901-06-29,dutch,2.63
1901-06-29,france,2.0
1901-06-29,germany,3.25
1901-06-29,russia,5.5
1901-07-06,austria_hungary,3.375
1901-07-06,dutch,2.75
1901-07-06,france,2.0
1901-07-06,germany,3.0
1901-07-06,russia,5.5
1901-07-13,austria_hungary,3.125
1901-07-13,dutch,2.75
1901-07-13,france,2.0
1901-07-13,germany,3.0
1901-07-13,russia,5.5
1901-07-20,austria_hungary,3.0
1901-07-20,dutch,2.63
1901-07-20,france,2.0
1901-07-20,germany,2.75
1901-07-20,russia,5.5
1901-07-27,austria_hungary,3.125
1901-07-27,dutch,2.63
1901-07-27,france,2.0
1901-07-27,germany,2.625
1901-07-27,russia,5.5
1901-08-03,austria_hungary,3.375
1901-08-03,dutch,2.75
1901-08-03,france,2.0
1901-08-03,germany,2.25
1901-08-03,russia,5.5
1901-08-10,austria_hungary,3.25
1901-08-10,dutch,2.75
1901-08-10,france,2.0625
1901-08-10,germany,2.25
1901-08-10,russia,5.5
1901-08-17,austria_hungary,3.5
1901-08-17,dutch,2.75
1901-08-17,france,1.625
1901-08-17,germany,2.25
1901-08-17,russia,5.5
1901-08-24,austria_hungary,4.0
1901-08-24,dutch,2.75
1901-08-24,france,2.0625
1901-08-24,germany,2.375
1901-08-24,russia,5.5
1901-08-31,austria_hungary,4.0
1901-08-31,dutch,2.5
1901-08-31,france,1.75
1901-08-31,germany,2.25
1901-08-31,russia,5.5
1901-09-07,austria_hungary,3.875
1901-09-07,dutch,2.5
1901-09-07,france,1.75
1901-09-07,germany,2.5
1901-09-07,russia,5.5
1901-09-14,austria_hungary,3.875
1901-09-14,dutch,2.38
1901-09-14,france,1.625
1901-09-14,germany,2.5
1901-09-14,russia,5.5
1901-09-21,austria_hungary,3.875
1901-09-21,dutch,2.38
1901-09-21,france,1.875
1901-09-21,germany,2.75
1901-09-21,russia,5.5
1901-09-28,austria_hungary,3.875
1901-09-28,dutch,2.5
1901-09-28,france,1.5
1901-09-28,germany,3.0
1901-09-28,russia,5.5
1901-10-05,austria_hungary,3.875
1901-10-05,dutch,2.5
1901-10-05,france,1.625
1901-10-05,germany,2.75
1901-10-05,russia,5.5
1901-10-12,austria_hungary,3.75
1901-10-12,dutch,2.63
1901-10-12,france,2.25
1901-10-12,germany,2.5
1901-10-12,russia,5.5
1901-10-19,austria_hungary,3.875
1901-10-19,dutch,2.75
1901-10-19,france,2.625
1901-10-19,germany,3.0
1901-10-19,russia,5.5
1901-10-26,austria_hungary,3.875
1901-10-26,dutch,2.75
1901-10-26,france,2.875
1901-10-26,germany,3.0
1901-10-26,russia,5.5
1901-11-02,austria_hungary,4.0
1901-11-02,dutch,2.88
1901-11-02,france,3.0
1901-11-02,germany,2.875
1901-11-02,russia,5.5
1901-11-09,austria_hungary,4.0
1901-11-09,dutch,2.88
1901-11-09,france,2.875
1901-11-09,germany,3.0
1901-11-09,russia,5.5
1901-11-16,austria_hungary,3.75
1901-11-16,dutch,2.88
1901-11-16,france,2.75
1901-11-16,germany,3.0
1901-11-16,russia,5.5
1901-11-23,austria_hungary,3.75
1901-11-23,dutch,2.88
1901-11-23,france,2.375
1901-11-23,germany,2.875
1901-11-23,russia,5.5
1901-11-30,austria_hungary,3.75
1901-11-30,dutch,2.75
1901-11-30,france,2.625
1901-11-30,germany,2.875
1901-11-30,russia,5.5
1901-12-07,austria_hungary,3.5
1901-12-07,dutch,2.75
1901-12-07,france,2.625
1901-12-07,germany,2.9375
1901-12-07,russia,5.5
1901-12-14,austria_hungary,3.75
1901-12-14,dutch,2.75
1901-12-14,france,2.75
1901-12-14,germany,3.0
1901-12-14,russia,5.5
1901-12-21,austria_hungary,3.75
1901-12-21,dutch,2.75
1901-12-21,france,3.0
1901-12-21,germany,3.25
1901-12-21,russia,5.5
1901-12-28,austria_hungary,3.75
1901-12-28,dutch,2.75
1901-12-28,france,2.75
1901-12-28,germany,3.125
1901-12-28,russia,5.5
1902-01-04,austria_hungary,3.75
1902-01-04,dutch,2.63
1902-01-04,france,2.75
1902-01-04,germany,2.625
1902-01-04,russia,5.5
1902-01-11,austria_hungary,3.5
1902-01-11,dutch,2.63
1902-01-11,france,2.75
1902-01-11,germany,2.38
1902-01-11,russia,5.5
1902-01-18,austria_hungary,3.0
1902-01-18,dutch,2.5
1902-01-18,france,2.75
1902-01-18,germany,2.0
1902-01-18,russia,5.5
1902-01-25,austria_hungary,3.0
1902-01-25,dutch,2.38
1902-01-25,france,2.88
1902-01-25,germany,2.125
1902-01-25,russia,5.5
1902-02-01,austria_hungary,3.0
1902-02-01,dutch,2.5
1902-02-01,france,2.875
1902-02-01,germany,2.125
1902-02-01,russia,5.5
1902-02-08,austria_hungary,3.0
1902-02-08,dutch,2.38
1902-02-08,france,2.625
1902-02-08,germany,2.125
1902-02-08,russia,5.5
1902-02-15,austria_hungary,2.75
1902-02-15,dutch,2.25
1902-02-15,france,2.5
1902-02-15,germany,1.875
1902-02-15,russia,5.5
1902-02-22,austria_hungary,2.5
1902-02-22,dutch,2.0
1902-02-22,france,2.375
1902-02-22,germany,1.75
1902-02-22,russia,5.5
1902-03-01,austria_hungary,2.5
1902-03-01,dutch,1.88
1902-03-01,france,2.375
1902-03-01,germany,1.625
1902-03-01,russia,5.5
1902-03-08,austria_hungary,2.5
1902-03-08,dutch,1.75
1902-03-08,france,2.25
1902-03-08,germany,1.75
1902-03-08,russia,5.5
1902-03-15,austria_hungary,2.375
1902-03-15,dutch,1.75
1902-03-15,france,2.5
1902-03-15,germany,1.875
1902-03-15,russia,4.5
1902-03-22,austria_hungary,2.375
1902-03-22,dutch,1.75
1902-03-22,france,2.125
1902-03-22,germany,2.0
1902-03-22,russia,4.5
1902-03-29,austria_hungary,2.625
1902-03-29,dutch,2.0
1902-03-29,france,2.3125
1902-03-29,germany,2.0
1902-03-29,russia,4.5
1902-04-05,austria_hungary,2.5
1902-04-05,dutch,2.0
1902-04-05,france,2.25
1902-04-05,germany,1.75
1902-04-05,russia,4.5
1902-04-12,austria_hungary,2.5
1902-04-12,dutch,1.75
1902-04-12,france,2.25
1902-04-12,germany,1.75
1902-04-12,russia,4.5
1902-04-19,austria_hungary,2.5
1902-04-19,dutch,2.38
1902-04-19,france,2.375
1902-04-19,germany,1.75
1902-04-19,russia,4.5
1902-04-26,austria_hungary,2.375
1902-04-26,dutch,2.5
1902-04-26,france,2.0
1902-04-26,germany,1.75
1902-04-26,russia,4.5
1902-05-03,austria_hungary,2.75
1902-05-03,dutch,2.75
1902-05-03,france,2.0
1902-05-03,germany,1.75
1902-05-03,russia,4.5
1902-05-10,austria_hungary,2.5
1902-05-10,dutch,2.75
1902-05-10,france,1.875
1902-05-10,germany,1.875
1902-05-10,russia,4.5
1902-05-17,austria_hungary,2.25
1902-05-17,dutch,2.75
1902-05-17,france,1.875
1902-05-17,germany,2.125
1902-05-17,russia,4.5
1902-05-24,austria_hungary,2.25
1902-05-24,dutch,2.63
1902-05-24,france,1.75
1902-05-24,germany,2.25
1902-05-24,russia,4.5
1902-05-31,austria_hungary,2.375
1902-05-31,dutch,2.63
1902-05-31,france,1.875
1902-05-31,germany,2.125
1902-05-31,russia,4.5
1902-06-07,austria_hungary,2.75
1902-06-07,dutch,2.5
1902-06-07,france,2.0
1902-06-07,germany,2.5
1902-06-07,russia,4.5
1902-06-14,austria_hungary,2.25
1902-06-14,dutch,2.5
1902-06-14,france,1.75
1902-06-14,germany,2.125
1902-06-14,russia,4.5
1902-06-21,austria_hungary,2.25
1902-06-21,dutch,2.38
1902-06-21,france,2.375
1902-06-21,germany,2.25
1902-06-21,russia,4.5
1902-06-28,austria_hungary,2.5
1902-06-28,dutch,2.38
1902-06-28,france,2.25
1902-06-28,germany,2.25
1902-06-28,russia,4.5
1902-07-05,austria_hungary,2.375
1902-07-05,dutch,2.25
1902-07-05,france,2.75
1902-07-05,germany,1.875
1902-07-05,russia,4.5
1902-07-12,austria_hungary,2.25
1902-07-12,dutch,2.13
1902-07-12,france,2.5
1902-07-12,germany,1.625
1902-07-12,russia,4.5
1902-07-19,austria_hungary,2.25
1902-07-19,dutch,2.13
1902-07-19,france,2.5
1902-07-19,germany,1.5
1902-07-19,russia,4.5
1902-07-26,austria_hungary,2.25
1902-07-26,dutch,2.25
1902-07-26,france,2.25
1902-07-26,germany,1.75
1902-07-26,russia,4.5
1902-08-02,austria_hungary,2.5
1902-08-02,dutch,2.25
1902-08-02,france,2.3125
1902-08-02,germany,1.5
1902-08-02,russia,4.5
1902-08-09,austria_hungary,2.375
1902-08-09,dutch,2.5
1902-08-09,france,1.875
1902-08-09,germany,1.625
1902-08-09,russia,4.5
1902-08-16,austria_hungary,2.25
1902-08-16,dutch,2.25
1902-08-16,france,1.875
1902-08-16,germany,1.875
1902-08-16,russia,4.5
1902-08-23,austria_hungary,2.25
1902-08-23,dutch,2.63
1902-08-23,france,1.875
1902-08-23,germany,1.75
1902-08-23,russia,4.5
1902-08-30,austria_hungary,2.5
1902-08-30,dutch,2.63
1902-08-30,france,2.0
1902-08-30,germany,1.875
1902-08-30,russia,4.5
1902-09-06,austria_hungary,2.375
1902-09-06,dutch,2.25
1902-09-06,france,1.75
1902-09-06,germany,1.75
1902-09-06,russia,4.5
1902-09-13,austria_hungary,2.75
1902-09-13,dutch,2.25
1902-09-13,france,1.75
1902-09-13,germany,2.0
1902-09-13,russia,4.5
1902-09-20,austria_hungary,3.0
1902-09-20,dutch,2.13
1902-09-20,france,2.0
1902-09-20,germany,2.375
1902-09-20,russia,4.5
1902-09-27,austria_hungary,3.125
1902-09-27,dutch,2.13
1902-09-27,france,2.375
1902-09-27,germany,2.5
1902-09-27,russia,4.5
1902-10-04,austria_hungary,3.375
1902-10-04,dutch,2.63
1902-10-04,france,2.0
1902-10-04,germany,2.625
1902-10-04,russia,4.5
1902-10-11,austria_hungary,3.25
1902-10-11,dutch,2.63
1902-10-11,france,2.25
1902-10-11,germany,2.375
1902-10-11,russia,4.5
1902-10-18,austria_hungary,3.375
1902-10-18,dutch,2.75
1902-10-18,france,2.5
1902-10-18,germany,3.0
1902-10-18,russia,4.5
1902-10-25,austria_hungary,3.375
1902-10-25,dutch,2.88
1902-10-25,france,2.875
1902-10-25,germany,2.75
1902-10-25,russia,4.5
1902-11-01,austria_hungary,3.5
1902-11-01,dutch,2.88
1902-11-01,france,3.0
1902-11-01,germany,3.0
1902-11-01,russia,4.5
1902-11-08,austria_hungary,3.125
1902-11-08,dutch,2.88
1902-11-08,france,2.875
1902-11-08,germany,3.0
1902-11-08,russia,4.5
1902-11-15,austria_hungary,3.0
1902-11-15,dutch,2.88
1902-11-15,france,3.0
1902-11-15,germany,3.0
1902-11-15,russia,4.5
1902-11-22,austria_hungary,3.375
1902-11-22,dutch,2.88
1902-11-22,france,3.0
1902-11-22,germany,3.25
1902-11-22,russia,4.5
1902-11-29,austria_hungary,3.375
1902-11-29,dutch,2.88
1902-11-29,france,3.0
1902-11-29,germany,3.25
1902-11-29,russia,4.5
1902-12-06,austria_hungary,3.125
1902-12-06,dutch,2.88
1902-12-06,france,2.75
1902-12-06,germany,3.25
1902-12-06,russia,4.5
1902-12-13,austria_hungary,3.125
1902-12-13,dutch,2.88
1902-12-13,france,2.75
1902-12-13,germany,3.375
1902-12-13,russia,4.5
1902-12-20,austria_hungary,3.25
1902-12-20,dutch,2.88
1902-12-20,france,2.8125
1902-12-20,germany,3.5
1902-12-20,russia,4.5
1902-12-27,austria_hungary,3.375
1902-12-27,dutch,2.88
1902-12-27,france,2.93
1902-12-27,germany,3.5
1902-12-27,russia,4.5
1903-01-03,austria_hungary,3.25
1903-01-03,dutch,2.88
1903-01-03,france,2.8125
1903-01-03,germany,3.5
1903-01-03,russia,4.5
1903-01-10,austria_hungary,2.375
1903-01-10,dutch,2.75
1903-01-10,france,2.875
1903-01-10,germany,2.5
1903-01-10,russia,4.5
1903-01-17,austria_hungary,2.25
1903-01-17,dutch,2.75
1903-01-17,france,2.875
1903-01-17,germany,2.375
1903-01-17,russia,4.5
1903-01-24,austria_hungary,2.25
1903-01-24,dutch,2.75
1903-01-24,france,2.875
1903-01-24,germany,2.125
1903-01-24,russia,4.5
1903-01-31,austria_hungary,2.25
1903-01-31,dutch,2.75
1903-01-31,france,2.875
1903-01-31,germany,2.0
1903-01-31,russia,4.5
1903-02-07,austria_hungary,2.125
1903-02-07,dutch,2.75
1903-02-07,france,2.8125
1903-02-07,germany,1.875
1903-02-07,russia,4.5
1903-02-14,austria_hungary,2.125
1903-02-14,dutch,2.75
1903-02-14,france,2.875
1903-02-14,germany,1.875
1903-02-14,russia,4.5
1903-02-21,austria_hungary,2.125
1903-02-21,dutch,2.75
1903-02-21,france,2.75
1903-02-21,germany,1.875
1903-02-21,russia,4.5
1903-02-28,austria_hungary,2.625
1903-02-28,dutch,2.5
1903-02-28,france,2.75
1903-02-28,germany,2.0
1903-02-28,russia,4.5
1903-03-07,austria_hungary,2.75
1903-03-07,dutch,2.5
1903-03-07,france,2.875
1903-03-07,germany,2.25
1903-03-07,russia,4.5
1903-03-14,austria_hungary,2.5
1903-03-14,dutch,2.13
1903-03-14,france,2.875
1903-03-14,germany,2.5
1903-03-14,russia,4.5
1903-03-21,austria_hungary,3.0
1903-03-21,dutch,2.75
1903-03-21,france,2.875
1903-03-21,germany,3.0
1903-03-21,russia,4.5
1903-03-28,austria_hungary,3.25
1903-03-28,dutch,3.13
1903-03-28,france,3.0
1903-03-28,germany,3.0
1903-03-28,russia,4.5
1903-04-04,austria_hungary,3.0
1903-04-04,dutch,3.25
1903-04-04,france,2.875
1903-04-04,germany,2.625
1903-04-04,russia,4.5
1903-04-11,austria_hungary,2.75
1903-04-11,dutch,3.38
1903-04-11,france,2.9375
1903-04-11,germany,2.375
1903-04-11,russia,4.5
1903-04-18,austria_hungary,3.0
1903-04-18,dutch,3.38
1903-04-18,france,2.875
1903-04-18,germany,2.625
1903-04-18,russia,4.5
1903-04-25,austria_hungary,3.0
1903-04-25,dutch,3.38
1903-04-25,france,2.875
1903-04-25,germany,2.625
1903-04-25,russia,4.5
1903-05-02,austria_hungary,3.25
1903-05-02,dutch,3.38
1903-05-02,france,2.875
1903-05-02,germany,2.875
1903-05-02,russia,4.5
1903-05-09,austria_hungary,2.75
1903-05-09,dutch,3.38
1903-05-09,france,2.75
1903-05-09,germany,3.0
1903-05-09,russia,4.5
1903-05-16,austria_hungary,3.0
1903-05-16,dutch,3.38
1903-05-16,france,2.6875
1903-05-16,germany,3.0
1903-05-16,russia,4.5
1903-05-23,austria_hungary,3.0
1903-05-23,dutch,3.25
1903-05-23,france,2.625
1903-05-23,germany,3.125
1903-05-23,russia,4.5
1903-05-30,austria_hungary,3.25
1903-05-30,dutch,3.13
1903-05-30,france,2.625
1903-05-30,germany,3.125
1903-05-30,russia,4.5
1903-06-06,austria_hungary,2.875
1903-06-06,dutch,3.13
1903-06-06,france,2.625
1903-06-06,germany,3.125
1903-06-06,russia,4.5
1903-06-13,austria_hungary,2.875
1903-06-13,dutch,3.25
1903-06-13,france,2.625
1903-06-13,germany,3.125
1903-06-13,russia,4.5
1903-06-20,austria_hungary,3.125
1903-06-20,dutch,3.25
1903-06-20,france,2.625
1903-06-20,germany,3.75
1903-06-20,russia,4.5
1903-06-27,austria_hungary,3.125
1903-06-27,dutch,3.38
1903-06-27,france,2.875
1903-06-27,germany,3.5
1903-06-27,russia,4.5
1903-07-04,austria_hungary,3.0
1903-07-04,dutch,3.5
1903-07-04,france,2.75
1903-07-04,germany,3.0
1903-07-04,russia,4.5
1903-07-11,austria_hungary,2.75
1903-07-11,dutch,3.38
1903-07-11,france,2.625
1903-07-11,germany,2.75
1903-07-11,russia,4.5
1903-07-18,austria_hungary,2.625
1903-07-18,dutch,3.38
1903-07-18,france,2.875
1903-07-18,germany,2.875
1903-07-18,russia,4.5
1903-07-25,austria_hungary,2.75
1903-07-25,dutch,3.38
1903-07-25,france,2.625
1903-07-25,germany,3.0
1903-07-25,russia,4.5
1903-08-01,austria_hungary,3.125
1903-08-01,dutch,3.38
1903-08-01,france,2.5
1903-08-01,germany,3.125
1903-08-01,russia,4.5
1903-08-08,austria_hungary,2.75
1903-08-08,dutch,3.38
1903-08-08,france,2.125
1903-08-08,germany,3.25
1903-08-08,russia,4.5
1903-08-15,austria_hungary,3.0
1903-08-15,dutch,3.38
1903-08-15,france,2.1875
1903-08-15,germany,3.125
1903-08-15,russia,4.5
1903-08-22,austria_hungary,3.25
1903-08-22,dutch,3.38
1903-08-22,france,2.25
1903-08-22,germany,3.375
1903-08-22,russia,4.5
1903-08-29,austria_hungary,3.375
1903-08-29,dutch,3.25
1903-08-29,france,2.5
1903-08-29,germany,3.375
1903-08-29,russia,4.5
1903-09-05,austria_hungary,3.1875
1903-09-05,dutch,3.25
1903-09-05,france,2.5
1903-09-05,germany,3.5
1903-09-05,russia,4.5
1903-09-12,austria_hungary,3.375
1903-09-12,dutch,3.31
1903-09-12,france,2.5
1903-09-12,germany,3.75
1903-09-12,russia,4.5
1903-09-19,austria_hungary,3.5
1903-09-19,dutch,3.38
1903-09-19,france,2.75
1903-09-19,germany,3.75
1903-09-19,russia,4.5
1903-09-26,austria_hungary,3.5
1903-09-26,dutch,3.63
1903-09-26,france,2.75
1903-09-26,germany,3.75
1903-09-26,russia,4.5
1903-10-03,austria_hungary,3.5
1903-10-03,dutch,3.63
1903-10-03,france,2.625
1903-10-03,germany,3.625
1903-10-03,russia,4.5
1903-10-10,austria_hungary,3.25
1903-10-10,dutch,3.38
1903-10-10,france,2.625
1903-10-10,germany,3.0
1903-10-10,russia,4.5
1903-10-17,austria_hungary,3.5
1903-10-17,dutch,3.38
1903-10-17,france,2.75
1903-10-17,germany,3.25
1903-10-17,russia,4.5
1903-10-24,austria_hungary,3.375
1903-10-24,dutch,3.38
1903-10-24,france,2.75
1903-10-24,germany,3.5
1903-10-24,russia,4.5
1903-10-31,austria_hungary,3.5
1903-10-31,dutch,3.38
1903-10-31,france,2.875
1903-10-31,germany,3.5
1903-10-31,russia,4.5
1903-11-07,austria_hungary,3.125
1903-11-07,dutch,3.38
1903-11-07,france,2.75
1903-11-07,germany,3.375
1903-11-07,russia,4.5
1903-11-14,austria_hungary,3.125
1903-11-14,dutch,3.13
1903-11-14,france,2.875
1903-11-14,germany,3.5
1903-11-14,russia,4.5
1903-11-21,austria_hungary,3.375
1903-11-21,dutch,3.38
1903-11-21,france,2.875
1903-11-21,germany,3.5
1903-11-21,russia,4.5
1903-11-28,austria_hungary,3.375
1903-11-28,dutch,3.38
1903-11-28,france,2.875
1903-11-28,germany,3.5
1903-11-28,russia,4.5
1903-12-05,austria_hungary,3.25
1903-12-05,dutch,3.38
1903-12-05,france,2.75
1903-12-05,germany,3.375
1903-12-05,russia,4.5
1903-12-12,austria_hungary,3.25
1903-12-12,dutch,3.25
1903-12-12,france,2.875
1903-12-12,germany,3.5
1903-12-12,russia,4.5
1903-12-19,austria_hungary,3.375
1903-12-19,dutch,3.31
1903-12-19,france,2.875
1903-12-19,germany,3.375
1903-12-19,russia,4.5
1903-12-26,austria_hungary,3.375
1903-12-26,dutch,3.31
1903-12-26,france,2.9375
1903-12-26,germany,3.75
1903-12-26,russia,4.5
1904-01-02,austria_hungary,3.375
1904-01-02,dutch,3.38
1904-01-02,france,2.875
1904-01-02,germany,3.125
1904-01-02,russia,4.5
1904-01-09,austria_hungary,2.75
1904-01-09,dutch,3.38
1904-01-09,france,2.875
1904-01-09,germany,2.75
1904-01-09,russia,4.5
1904-01-16,austria_hungary,2.625
1904-01-16,dutch,3.25
1904-01-16,france,2.75
1904-01-16,germany,2.75
1904-01-16,russia,4.5
1904-01-23,austria_hungary,2.875
1904-01-23,dutch,3.25
1904-01-23,france,2.75
1904-01-23,germany,2.25
1904-01-23,russia,4.5
1904-01-30,austria_hungary,2.75
1904-01-30,dutch,3.13
1904-01-30,france,2.875
1904-01-30,germany,2.375
1904-01-30,russia,4.5
1904-02-06,austria_hungary,2.625
1904-02-06,dutch,3.25
1904-02-06,france,2.625
1904-02-06,germany,2.25
1904-02-06,russia,4.5
1904-02-13,austria_hungary,2.75
1904-02-13,dutch,3.25
1904-02-13,france,2.625
1904-02-13,germany,2.75
1904-02-13,russia,4.5
1904-02-20,austria_hungary,2.875
1904-02-20,dutch,3.13
1904-02-20,france,2.5
1904-02-20,germany,3.125
1904-02-20,russia,5.5
1904-02-27,austria_hungary,3.125
1904-02-27,dutch,3.0
1904-02-27,france,2.5
1904-02-27,germany,3.0
1904-02-27,russia,5.5
1904-03-05,austria_hungary,3.0
1904-03-05,dutch,3.0
1904-03-05,france,2.625
1904-03-05,germany,3.125
1904-03-05,russia,5.5
1904-03-12,austria_hungary,2.875
1904-03-12,dutch,2.88
1904-03-12,france,2.625
1904-03-12,germany,3.375
1904-03-12,russia,5.5
1904-03-19,austria_hungary,3.0
1904-03-19,dutch,2.75
1904-03-19,france,2.75
1904-03-19,germany,3.5
1904-03-19,russia,5.5
1904-03-26,austria_hungary,3.0
1904-03-26,dutch,2.63
1904-03-26,france,2.75
1904-03-26,germany,3.75
1904-03-26,russia,5.5
1904-04-02,austria_hungary,3.125
1904-04-02,dutch,2.75
1904-04-02,france,2.75
1904-04-02,germany,3.25
1904-04-02,russia,5.5
1904-04-09,austria_hungary,2.875
1904-04-09,dutch,2.75
1904-04-09,france,2.75
1904-04-09,germany,2.875
1904-04-09,russia,5.5
1904-04-16,austria_hungary,2.875
1904-04-16,dutch,3.0
1904-04-16,france,2.75
1904-04-16,germany,2.75
1904-04-16,russia,5.5
1904-04-23,austria_hungary,3.125
1904-04-23,dutch,3.0
1904-04-23,france,2.6875
1904-04-23,germany,2.875
1904-04-23,russia,5.5
1904-04-30,austria_hungary,3.125
1904-04-30,dutch,3.0
1904-04-30,france,2.625
1904-04-30,germany,2.875
1904-04-30,russia,5.5
1904-05-07,austria_hungary,2.75
1904-05-07,dutch,3.13
1904-05-07,france,2.5
1904-05-07,germany,4.0
1904-05-07,russia,5.5
1904-05-14,austria_hungary,2.875
1904-05-14,dutch,3.13
1904-05-14,france,2.3125
1904-05-14,germany,3.0
1904-05-14,russia,5.5
1904-05-21,austria_hungary,3.125
1904-05-21,dutch,3.0
1904-05-21,france,2.3125
1904-05-21,germany,3.375
1904-05-21,russia,5.5
1904-05-28,austria_hungary,3.375
1904-05-28,dutch,2.75
1904-05-28,france,2.3125
1904-05-28,germany,3.0
1904-05-28,russia,5.5
1904-06-04,austria_hungary,3.0
1904-06-04,dutch,2.38
1904-06-04,france,2.25
1904-06-04,germany,2.625
1904-06-04,russia,5.5
1904-06-11,austria_hungary,3.125
1904-06-11,dutch,2.13
1904-06-11,france,1.75
1904-06-11,germany,2.875
1904-06-11,russia,5.5
1904-06-18,austria_hungary,3.25
1904-06-18,dutch,2.13
1904-06-18,france,1.875
1904-06-18,germany,3.0
1904-06-18,russia,5.5
1904-06-25,austria_hungary,3.375
1904-06-25,dutch,2.25
1904-06-25,france,1.5
1904-06-25,germany,3.125
1904-06-25,russia,5.5
1904-07-02,austria_hungary,3.25
1904-07-02,dutch,2.38
1904-07-02,france,1.5625
1904-07-02,germany,3.125
1904-07-02,russia,5.5
1904-07-09,austria_hungary,2.875
1904-07-09,dutch,2.13
1904-07-09,france,1.375
1904-07-09,germany,2.5
1904-07-09,russia,5.5
1904-07-16,austria_hungary,2.875
1904-07-16,dutch,2.25
1904-07-16,france,1.3125
1904-07-16,germany,2.75
1904-07-16,russia,5.5
1904-07-23,austria_hungary,3.0
1904-07-23,dutch,2.31
1904-07-23,france,1.375
1904-07-23,germany,2.5
1904-07-23,russia,5.5
1904-07-30,austria_hungary,3.0
1904-07-30,dutch,2.25
1904-07-30,france,1.5
1904-07-30,germany,2.5
1904-07-30,russia,5.5
1904-08-06,austria_hungary,2.875
1904-08-06,dutch,2.38
1904-08-06,france,1.125
1904-08-06,germany,2.625
1904-08-06,russia,5.5
1904-08-13,austria_hungary,3.125
1904-08-13,dutch,2.75
1904-08-13,france,1.25
1904-08-13,germany,2.5
1904-08-13,russia,5.5
1904-08-20,austria_hungary,3.375
1904-08-20,dutch,2.63
1904-08-20,france,1.125
1904-08-20,germany,2.75
1904-08-20,russia,5.5
1904-08-27,austria_hungary,3.375
1904-08-27,dutch,2.5
1904-08-27,france,1.1875
1904-08-27,germany,2.5
1904-08-27,russia,5.5
1904-09-03,austria_hungary,3.375
1904-09-03,dutch,2.25
1904-09-03,france,1.25
1904-09-03,germany,2.625
1904-09-03,russia,5.5
1904-09-10,austria_hungary,3.375
1904-09-10,dutch,2.63
1904-09-10,france,1.375
1904-09-10,germany,2.5
1904-09-10,russia,5.5
1904-09-17,austria_hungary,3.5
1904-09-17,dutch,2.38
1904-09-17,france,1.375
1904-09-17,germany,3.125
1904-09-17,russia,5.5
1904-09-24,austria_hungary,3.5
1904-09-24,dutch,2.75
1904-09-24,france,1.375
1904-09-24,germany,3.25
1904-09-24,russia,5.5
1904-10-01,austria_hungary,3.5
1904-10-01,dutch,2.63
1904-10-01,france,1.375
1904-10-01,germany,3.125
1904-10-01,russia,5.5
1904-10-08,austria_hungary,3.25
1904-10-08,dutch,2.88
1904-10-08,france,1.75
1904-10-08,germany,3.125
1904-10-08,russia,5.5
1904-10-15,austria_hungary,3.375
1904-10-15,dutch,2.88
1904-10-15,france,2.125
1904-10-15,germany,3.5
1904-10-15,russia,5.5
1904-10-22,austria_hungary,3.375
1904-10-22,dutch,2.88
1904-10-22,france,2.625
1904-10-22,germany,3.875
1904-10-22,russia,5.5
1904-10-29,austria_hungary,3.5
1904-10-29,dutch,2.88
1904-10-29,france,2.625
1904-10-29,germany,4.125
1904-10-29,russia,5.5
1904-11-05,austria_hungary,3.375
1904-11-05,dutch,3.0
1904-11-05,france,2.5625
1904-11-05,germany,4.125
1904-11-05,russia,5.5
1904-11-12,austria_hungary,3.375
1904-11-12,dutch,2.88
1904-11-12,france,2.5625
1904-11-12,germany,4.0
1904-11-12,russia,5.5
1904-11-19,austria_hungary,3.5
1904-11-19,dutch,2.94
1904-11-19,france,2.5
1904-11-19,germany,4.25
1904-11-19,russia,5.5
1904-11-26,austria_hungary,3.5
1904-11-26,dutch,2.94
1904-11-26,france,2.6875
1904-11-26,germany,3.875
1904-11-26,russia,5.5
1904-12-03,austria_hungary,3.375
1904-12-03,dutch,2.88
1904-12-03,france,2.375
1904-12-03,germany,3.625
1904-12-03,russia,5.5
1904-12-10,austria_hungary,3.375
1904-12-10,dutch,2.88
1904-12-10,france,2.375
1904-12-10,germany,3.875
1904-12-10,russia,5.5
1904-12-17,austria_hungary,3.375
1904-12-17,dutch,2.88
1904-12-17,france,2.375
1904-12-17,germany,4.5
1904-12-17,russia,5.5
1904-12-24,austria_hungary,3.5
1904-12-24,dutch,2.81
1904-12-24,france,2.5625
1904-12-24,germany,4.0
1904-12-24,russia,5.5
1904-12-31,austria_hungary,3.5
1904-12-31,dutch,2.88
1904-12-31,france,2.75
1904-12-31,germany,3.75
1904-12-31,russia,5.5
1905-01-07,austria_hungary,3.0
1905-01-07,dutch,2.88
1905-01-07,france,2.5
1905-01-07,germany,2.75
1905-01-07,russia,5.5
1905-01-14,austria_hungary,2.875
1905-01-14,dutch,2.75
1905-01-14,france,2.5625
1905-01-14,germany,2.625
1905-01-14,russia,5.5
1905-01-21,austria_hungary,3.0
1905-01-21,dutch,2.63
1905-01-21,france,2.5625
1905-01-21,germany,2.375
1905-01-21,russia,5.5
1905-01-28,austria_hungary,3.0
1905-01-28,dutch,2.75
1905-01-28,france,2.5625
1905-01-28,germany,2.375
1905-01-28,russia,5.5
1905-02-04,austria_hungary,3.0
1905-02-04,dutch,2.75
1905-02-04,france,2.5625
1905-02-04,germany,2.0
1905-02-04,russia,5.5
1905-02-11,austria_hungary,2.875
1905-02-11,dutch,2.75
1905-02-11,france,2.375
1905-02-11,germany,2.0
1905-02-11,russia,5.5
1905-02-18,austria_hungary,2.875
1905-02-18,dutch,2.5
1905-02-18,france,1.875
1905-02-18,germany,2.0
1905-02-18,russia,5.5
1905-02-25,austria_hungary,3.0
1905-02-25,dutch,2.25
1905-02-25,france,1.5625
1905-02-25,germany,1.75
1905-02-25,russia,5.5
1905-03-04,austria_hungary,2.875
1905-03-04,dutch,2.25
1905-03-04,france,1.4375
1905-03-04,germany,1.875
1905-03-04,russia,5.5
1905-03-11,austria_hungary,3.0
1905-03-11,dutch,2.25
1905-03-11,france,1.625
1905-03-11,germany,2.0
1905-03-11,russia,5.5
1905-03-18,austria_hungary,3.0
1905-03-18,dutch,2.38
1905-03-18,france,1.625
1905-03-18,germany,2.25
1905-03-18,russia,5.5
1905-03-25,austria_hungary,3.0
1905-03-25,dutch,2.0
1905-03-25,france,1.75
1905-03-25,germany,2.25
1905-03-25,russia,5.5
1905-04-01,austria_hungary,3.0
1905-04-01,dutch,2.0
1905-04-01,france,2.25
1905-04-01,germany,2.5
1905-04-01,russia,5.5
1905-04-08,austria_hungary,3.0
1905-04-08,dutch,2.25
1905-04-08,france,2.125
1905-04-08,germany,1.75
1905-04-08,russia,5.5
1905-04-15,austria_hungary,3.0
1905-04-15,dutch,2.44
1905-04-15,france,2.0
1905-04-15,germany,1.75
1905-04-15,russia,5.5
1905-04-22,austria_hungary,3.125
1905-04-22,dutch,2.63
1905-04-22,france,1.75
1905-04-22,germany,1.875
1905-04-22,russia,5.5
1905-04-29,austria_hungary,3.125
1905-04-29,dutch,2.38
1905-04-29,france,2.0
1905-04-29,germany,2.0
1905-04-29,russia,5.5
1905-05-06,austria_hungary,2.875
1905-05-06,dutch,2.44
1905-05-06,france,1.75
1905-05-06,germany,2.375
1905-05-06,russia,5.5
1905-05-13,austria_hungary,2.75
1905-05-13,dutch,2.25
1905-05-13,france,1.5
1905-05-13,germany,2.25
1905-05-13,russia,5.5
1905-05-20,austria_hungary,2.875
1905-05-20,dutch,2.25
1905-05-20,france,1.5
1905-05-20,germany,2.25
1905-05-20,russia,5.5
1905-05-27,austria_hungary,2.875
1905-05-27,dutch,2.31
1905-05-27,france,1.625
1905-05-27,germany,2.25
1905-05-27,russia,5.5
1905-06-03,austria_hungary,2.875
1905-06-03,dutch,2.0
1905-06-03,france,1.625
1905-06-03,germany,2.5
1905-06-03,russia,5.5
1905-06-10,austria_hungary,2.75
1905-06-10,dutch,2.13
1905-06-10,france,1.625
1905-06-10,germany,2.125
1905-06-10,russia,5.5
1905-06-17,austria_hungary,2.875
1905-06-17,dutch,2.06
1905-06-17,france,1.6875
1905-06-17,germany,2.5
1905-06-17,russia,5.5
1905-06-24,austria_hungary,3.0
1905-06-24,dutch,2.13
1905-06-24,france,1.75
1905-06-24,germany,2.25
1905-06-24,russia,5.5
1905-07-01,austria_hungary,3.125
1905-07-01,dutch,2.25
1905-07-01,france,2.0
1905-07-01,germany,2.25
1905-07-01,russia,5.5
1905-07-08,austria_hungary,2.875
1905-07-08,dutch,2.25
1905-07-08,france,2.0
1905-07-08,germany,2.0
1905-07-08,russia,5.5
1905-07-15,austria_hungary,3.125
1905-07-15,dutch,2.19
1905-07-15,france,2.0
1905-07-15,germany,2.25
1905-07-15,russia,5.5
1905-07-22,austria_hungary,3.125
1905-07-22,dutch,2.25
1905-07-22,france,1.75
1905-07-22,germany,2.125
1905-07-22,russia,5.5
1905-07-29,austria_hungary,3.25
1905-07-29,dutch,2.25
1905-07-29,france,1.625
1905-07-29,germany,2.0
1905-07-29,russia,5.5
1905-08-05,austria_hungary,3.0625
1905-08-05,dutch,2.25
1905-08-05,france,1.5
1905-08-05,germany,2.0
1905-08-05,russia,5.5
1905-08-12,austria_hungary,3.125
1905-08-12,dutch,2.25
1905-08-12,france,1.75
1905-08-12,germany,2.0
1905-08-12,russia,5.5
1905-08-19,austria_hungary,3.1875
1905-08-19,dutch,2.25
1905-08-19,france,1.75
1905-08-19,germany,2.375
1905-08-19,russia,5.5
1905-08-26,austria_hungary,3.25
1905-08-26,dutch,2.25
1905-08-26,france,1.375
1905-08-26,germany,2.375
1905-08-26,russia,5.5
1905-09-02,austria_hungary,3.25
1905-09-02,dutch,2.25
1905-09-02,france,1.375
1905-09-02,germany,2.5
1905-09-02,russia,5.5
1905-09-09,austria_hungary,3.25
1905-09-09,dutch,2.19
1905-09-09,france,1.5
1905-09-09,germany,2.875
1905-09-09,russia,5.5
1905-09-16,austria_hungary,2.375
1905-09-16,dutch,2.25
1905-09-16,france,1.625
1905-09-16,germany,2.875
1905-09-16,russia,5.5
1905-09-23,austria_hungary,3.4375
1905-09-23,dutch,2.25
1905-09-23,france,2.0
1905-09-23,germany,3.25
1905-09-23,russia,5.5
1905-09-30,austria_hungary,3.5
1905-09-30,dutch,2.25
1905-09-30,france,2.25
1905-09-30,germany,3.375
1905-09-30,russia,5.5
1905-10-07,austria_hungary,3.5
1905-10-07,dutch,2.25
1905-10-07,france,2.375
1905-10-07,germany,3.375
1905-10-07,russia,5.5
1905-10-14,austria_hungary,3.4375
1905-10-14,dutch,2.38
1905-10-14,france,2.75
1905-10-14,germany,4.125
1905-10-14,russia,5.5
1905-10-21,austria_hungary,3.875
1905-10-21,dutch,2.38
1905-10-21,france,2.875
1905-10-21,germany,4.0
1905-10-21,russia,5.5
1905-10-28,austria_hungary,4.25
1905-10-28,dutch,2.38
1905-10-28,france,2.875
1905-10-28,germany,4.25
1905-10-28,russia,5.5
1905-11-04,austria_hungary,4.0
1905-11-04,dutch,2.25
1905-11-04,france,2.875
1905-11-04,germany,4.5
1905-11-04,russia,5.5
1905-11-11,austria_hungary,4.375
1905-11-11,dutch,2.75
1905-11-11,france,2.875
1905-11-11,germany,4.375
1905-11-11,russia,5.5
1905-11-18,austria_hungary,4.4375
1905-11-18,dutch,2.75
1905-11-18,france,3.0
1905-11-18,germany,4.75
1905-11-18,russia,5.5
1905-11-25,austria_hungary,4.4375
1905-11-25,dutch,2.63
1905-11-25,france,3.5
1905-11-25,germany,4.75
1905-11-25,russia,5.5
1905-12-02,austria_hungary,4.375
1905-12-02,dutch,2.63
1905-12-02,france,3.0
1905-12-02,germany,4.625
1905-12-02,russia,6.5
1905-12-09,austria_hungary,4.125
1905-12-09,dutch,2.75
1905-12-09,france,3.0
1905-12-09,germany,5.0
1905-12-09,russia,6.5
1905-12-16,austria_hungary,4.5
1905-12-16,dutch,2.75
1905-12-16,france,3.0
1905-12-16,germany,5.25
1905-12-16,russia,7.0
1905-12-23,austria_hungary,4.5
1905-12-23,dutch,2.75
1905-12-23,france,3.0
1905-12-23,germany,5.25
1905-12-23,russia,7.0
1905-12-30,austria_hungary,4.4375
1905-12-30,dutch,2.88
1905-12-30,france,3.125
1905-12-30,germany,4.25
1905-12-30,russia,7.0
1906-01-06,austria_hungary,4.0
1906-01-06,dutch,2.75
1906-01-06,france,3.0
1906-01-06,germany,4.25
1906-01-06,russia,7.0
1906-01-13,austria_hungary,4.125
1906-01-13,dutch,2.75
1906-01-13,france,2.8125
1906-01-13,germany,4.0
1906-01-13,russia,7.0
1906-01-20,austria_hungary,4.0
1906-01-20,dutch,2.81
1906-01-20,france,2.5625
1906-01-20,germany,3.75
1906-01-20,russia,7.0
1906-01-27,austria_hungary,4.0
1906-01-27,dutch,2.69
1906-01-27,france,2.375
1906-01-27,germany,3.625
1906-01-27,russia,8.0
1906-02-03,austria_hungary,4.0
1906-02-03,dutch,2.69
1906-02-03,france,2.5625
1906-02-03,germany,3.25
1906-02-03,russia,8.0
1906-02-10,austria_hungary,3.875
1906-02-10,dutch,2.88
1906-02-10,france,2.375
1906-02-10,germany,3.25
1906-02-10,russia,8.0
1906-02-17,austria_hungary,4.0
1906-02-17,dutch,2.75
1906-02-17,france,2.25
1906-02-17,germany,3.5
1906-02-17,russia,8.0
1906-02-24,austria_hungary,4.125
1906-02-24,dutch,2.63
1906-02-24,france,2.625
1906-02-24,germany,3.25
1906-02-24,russia,8.0
1906-03-03,austria_hungary,4.0625
1906-03-03,dutch,2.63
1906-03-03,france,2.5
1906-03-03,germany,3.625
1906-03-03,russia,8.0
1906-03-10,austria_hungary,4.125
1906-03-10,dutch,2.5
1906-03-10,france,2.75
1906-03-10,germany,4.0
1906-03-10,russia,8.0
1906-03-17,austria_hungary,4.3125
1906-03-17,dutch,2.63
1906-03-17,france,2.75
1906-03-17,germany,4.5
1906-03-17,russia,8.0
1906-03-24,austria_hungary,4.0625
1906-03-24,dutch,2.5
1906-03-24,france,2.875
1906-03-24,germany,4.125
1906-03-24,russia,8.0
1906-03-31,austria_hungary,4.25
1906-03-31,dutch,2.63
1906-03-31,france,3.0
1906-03-31,germany,4.125
1906-03-31,russia,8.0
1906-04-07,austria_hungary,4.0
1906-04-07,dutch,2.75
1906-04-07,france,3.0
1906-04-07,germany,3.375
1906-04-07,russia,8.0
1906-04-14,austria_hungary,4.125
1906-04-14,dutch,2.75
1906-04-14,france,3.0
1906-04-14,germany,3.375
1906-04-14,russia,8.0
1906-04-21,austria_hungary,4.25
1906-04-21,dutch,2.88
1906-04-21,france,3.0
1906-04-21,germany,3.375
1906-04-21,russia,7.5
1906-04-28,austria_hungary,4.3125
1906-04-28,dutch,2.88
1906-04-28,france,2.75
1906-04-28,germany,3.25
1906-04-28,russia,7.5
1906-05-05,austria_hungary,4.0625
1906-05-05,dutch,4.375
1906-05-05,france,2.5
1906-05-05,germany,3.25
1906-05-05,russia,7.5
1906-05-12,austria_hungary,4.0
1906-05-12,dutch,3.75
1906-05-12,france,2.5
1906-05-12,germany,3.375
1906-05-12,russia,7.5
1906-05-19,austria_hungary,4.0
1906-05-19,dutch,3.5
1906-05-19,france,2.5
1906-05-19,germany,3.5
1906-05-19,russia,7.5
1906-05-26,austria_hungary,4.0625
1906-05-26,dutch,3.25
1906-05-26,france,2.5
1906-05-26,germany,3.5
1906-05-26,russia,7.5
1906-06-02,austria_hungary,3.875
1906-06-02,dutch,3.25
1906-06-02,france,2.5
1906-06-02,germany,3.375
1906-06-02,russia,7.5
1906-06-09,austria_hungary,3.875
1906-06-09,dutch,3.5
1906-06-09,france,2.5
1906-06-09,germany,3.5
1906-06-09,russia,7.5
1906-06-16,austria_hungary,3.875
1906-06-16,dutch,3.38
1906-06-16,france,2.5
1906-06-16,germany,3.875
1906-06-16,russia,7.5
1906-06-23,austria_hungary,3.875
1906-06-23,dutch,3.88
1906-06-23,france,2.5
1906-06-23,germany,3.625
1906-06-23,russia,6.5
1906-06-30,austria_hungary,3.875
1906-06-30,dutch,4.0
1906-06-30,france,2.625
1906-06-30,germany,3.875
1906-06-30,russia,6.5
1906-07-07,austria_hungary,3.6875
1906-07-07,dutch,3.88
1906-07-07,france,2.625
1906-07-07,germany,3.5
1906-07-07,russia,6.5
1906-07-14,austria_hungary,3.875
1906-07-14,dutch,3.88
1906-07-14,france,2.625
1906-07-14,germany,3.5
1906-07-14,russia,6.5
1906-07-21,austria_hungary,3.875
1906-07-21,dutch,4.0
1906-07-21,france,2.625
1906-07-21,germany,3.5
1906-07-21,russia,6.5
1906-07-28,austria_hungary,3.875
1906-07-28,dutch,4.25
1906-07-28,france,2.625
1906-07-28,germany,3.125
1906-07-28,russia,6.5
1906-08-04,austria_hungary,3.75
1906-08-04,dutch,4.38
1906-08-04,france,2.625
1906-08-04,germany,3.25
1906-08-04,russia,6.5
1906-08-11,austria_hungary,3.875
1906-08-11,dutch,4.38
1906-08-11,france,2.0
1906-08-11,germany,3.375
1906-08-11,russia,6.5
1906-08-18,austria_hungary,3.875
1906-08-18,dutch,4.31
1906-08-18,france,2.25
1906-08-18,germany,3.5
1906-08-18,russia,6.5
1906-08-25,austria_hungary,4.0
1906-08-25,dutch,4.25
1906-08-25,france,2.125
1906-08-25,germany,3.125
1906-08-25,russia,6.5
1906-09-01,austria_hungary,3.875
1906-09-01,dutch,4.25
1906-09-01,france,2.25
1906-09-01,germany,3.5
1906-09-01,russia,6.5
1906-09-08,austria_hungary,4.0
1906-09-08,dutch,4.25
1906-09-08,france,2.5
1906-09-08,germany,3.875
1906-09-08,russia,6.5
1906-09-15,austria_hungary,4.0
1906-09-15,dutch,4.25
1906-09-15,france,2.75
1906-09-15,germany,4.375
1906-09-15,russia,6.5
1906-09-22,austria_hungary,4.0
1906-09-22,dutch,4.25
1906-09-22,france,2.625
1906-09-22,germany,4.375
1906-09-22,russia,6.5
1906-09-29,austria_hungary,4.25
1906-09-29,dutch,4.25
1906-09-29,france,2.9375
1906-09-29,germany,4.625
1906-09-29,russia,7.5
1906-10-06,austria_hungary,4.25
1906-10-06,dutch,4.38
1906-10-06,france,2.875
1906-10-06,germany,4.375
1906-10-06,russia,7.5
1906-10-13,austria_hungary,4.375
1906-10-13,dutch,4.75
1906-10-13,france,2.875
1906-10-13,germany,4.75
1906-10-13,russia,7.5
1906-10-20,austria_hungary,4.4375
1906-10-20,dutch,4.5
1906-10-20,france,2.875
1906-10-20,germany,4.875
1906-10-20,russia,7.5
1906-10-27,austria_hungary,4.5
1906-10-27,dutch,4.75
1906-10-27,france,3.0
1906-10-27,germany,5.0
1906-10-27,russia,7.5
1906-11-03,austria_hungary,4.4375
1906-11-03,dutch,4.88
1906-11-03,france,3.0
1906-11-03,germany,5.25
1906-11-03,russia,7.5
1906-11-10,austria_hungary,4.4375
1906-11-10,dutch,4.94
1906-11-10,france,3.0
1906-11-10,germany,5.125
1906-11-10,russia,7.5
1906-11-17,austria_hungary,4.4375
1906-11-17,dutch,4.94
1906-11-17,france,3.0
1906-11-17,germany,5.375
1906-11-17,russia,7.5
1906-11-24,austria_hungary,4.375
1906-11-24,dutch,4.88
1906-11-24,france,2.875
1906-11-24,germany,5.375
1906-11-24,russia,7.5
1906-12-01,austria_hungary,4.4375
1906-12-01,dutch,4.88
1906-12-01,france,2.875
1906-12-01,germany,5.0
1906-12-01,russia,7.5
1906-12-08,austria_hungary,4.375
1906-12-08,dutch,4.88
1906-12-08,france,3.0
1906-12-08,germany,5.375
1906-12-08,russia,7.5
1906-12-15,austria_hungary,4.375
1906-12-15,dutch,4.88
1906-12-15,france,3.0
1906-12-15,germany,5.5
1906-12-15,russia,7.5
1906-12-22,austria_hungary,4.4375
1906-12-22,dutch,4.88
1906-12-22,france,3.0
1906-12-22,germany,5.75
1906-12-22,russia,7.5
1906-12-29,austria_hungary,4.5
1906-12-29,dutch,5.0
1906-12-29,france,3.0
1906-12-29,germany,5.75
1906-12-29,russia,7.5
1907-01-05,austria_hungary,4.25
1907-01-05,dutch,4.88
1907-01-05,france,3.0
1907-01-05,germany,5.125
1907-01-05,russia,7.5
1907-01-12,austria_hungary,4.5
1907-01-12,dutch,4.88
1907-01-12,france,3.0
1907-01-12,germany,5.25
1907-01-12,russia,7.5
1907-01-19,austria_hungary,4.25
1907-01-19,dutch,4.88
1907-01-19,france,3.0
1907-01-19,germany,5.0
1907-01-19,russia,7.5
1907-01-26,austria_hungary,4.375
1907-01-26,dutch,4.63
1907-01-26,france,3.0
1907-01-26,germany,4.375
1907-01-26,russia,7.5
1907-02-02,austria_hungary,4.3125
1907-02-02,dutch,4.63
1907-02-02,france,3.0
1907-02-02,germany,4.375
1907-02-02,russia,7.5
1907-02-09,austria_hungary,4.1875
1907-02-09,dutch,4.75
1907-02-09,france,3.0
1907-02-09,germany,4.5
1907-02-09,russia,7.0
1907-02-16,austria_hungary,4.0625
1907-02-16,dutch,4.63
1907-02-16,france,3.0
1907-02-16,germany,4.875
1907-02-16,russia,7.0
1907-02-23,austria_hungary,4.125
1907-02-23,dutch,4.75
1907-02-23,france,3.0
1907-02-23,germany,4.625
1907-02-23,russia,7.0
1907-03-02,austria_hungary,4.125
1907-03-02,dutch,4.38
1907-03-02,france,3.0
1907-03-02,germany,4.875
1907-03-02,russia,7.0
1907-03-09,austria_hungary,4.1875
1907-03-09,dutch,4.5
1907-03-09,france,3.0
1907-03-09,germany,5.25
1907-03-09,russia,7.0
1907-03-16,austria_hungary,4.25
1907-03-16,dutch,5.375
1907-03-16,france,3.0
1907-03-16,germany,5.625
1907-03-16,russia,7.0
1907-03-23,austria_hungary,4.4375
1907-03-23,dutch,5.38
1907-03-23,france,3.375
1907-03-23,germany,5.625
1907-03-23,russia,7.0
1907-03-30,austria_hungary,4.4375
1907-03-30,dutch,5.38
1907-03-30,france,3.375
1907-03-30,germany,5.625
1907-03-30,russia,7.0
1907-04-06,austria_hungary,4.375
1907-04-06,dutch,5.38
1907-04-06,france,3.375
1907-04-06,germany,5.125
1907-04-06,russia,7.0
1907-04-13,austria_hungary,4.3125
1907-04-13,dutch,5.38
1907-04-13,france,3.25
1907-04-13,germany,4.625
1907-04-13,russia,7.0
1907-04-20,austria_hungary,4.375
1907-04-20,dutch,4.75
1907-04-20,france,3.25
1907-04-20,germany,4.5
1907-04-20,russia,7.0
1907-04-27,austria_hungary,4.4375
1907-04-27,dutch,4.75
1907-04-27,france,3.375
1907-04-27,germany,4.0
1907-04-27,russia,7.0
1907-05-04,austria_hungary,4.3125
1907-05-04,dutch,5.0
1907-05-04,france,3.375
1907-05-04,germany,4.375
1907-05-04,russia,7.0
1907-05-11,austria_hungary,4.125
1907-05-11,dutch,4.85
1907-05-11,france,3.375
1907-05-11,germany,4.25
1907-05-11,russia,7.0
1907-05-18,austria_hungary,4.125
1907-05-18,dutch,4.88
1907-05-18,france,3.25
1907-05-18,germany,4.5
1907-05-18,russia,7.0
1907-05-25,austria_hungary,4.1875
1907-05-25,dutch,4.88
1907-05-25,france,3.375
1907-05-25,germany,4.5
1907-05-25,russia,7.0
1907-06-01,austria_hungary,4.75
1907-06-01,dutch,4.63
1907-06-01,france,3.375
1907-06-01,germany,4.625
1907-06-01,russia,7.0
1907-06-08,austria_hungary,4.0625
1907-06-08,dutch,4.69
1907-06-08,france,3.4375
1907-06-08,germany,4.625
1907-06-08,russia,7.0
1907-06-15,austria_hungary,4.0625
1907-06-15,dutch,4.75
1907-06-15,france,3.25
1907-06-15,germany,4.625
1907-06-15,russia,7.0
1907-06-22,austria_hungary,4.1875
1907-06-22,dutch,4.75
1907-06-22,france,3.375
1907-06-22,germany,4.75
1907-06-22,russia,7.0
1907-06-29,austria_hungary,4.5
1907-06-29,dutch,4.75
1907-06-29,france,3.375
1907-06-29,germany,4.75
1907-06-29,russia,7.0
1907-07-06,austria_hungary,4.4375
1907-07-06,dutch,5.0
1907-07-06,france,3.375
1907-07-06,germany,4.5
1907-07-06,russia,7.0
1907-07-13,austria_hungary,4.5625
1907-07-13,dutch,4.75
1907-07-13,france,3.375
1907-07-13,germany,4.5
1907-07-13,russia,7.0
1907-07-20,austria_hungary,4.75
1907-07-20,dutch,4.75
1907-07-20,france,3.25
1907-07-20,germany,4.5
1907-07-20,russia,7.0
1907-07-27,austria_hungary,4.875
1907-07-27,dutch,4.88
1907-07-27,france,3.25
1907-07-27,germany,4.25
1907-07-27,russia,7.0
1907-08-03,austria_hungary,4.875
1907-08-03,dutch,4.75
1907-08-03,france,3.25
1907-08-03,germany,4.375
1907-08-03,russia,7.0
1907-08-10,austria_hungary,4.875
1907-08-10,dutch,4.63
1907-08-10,france,3.25
1907-08-10,germany,4.5
1907-08-10,russia,7.0
1907-08-17,austria_hungary,4.9375
1907-08-17,dutch,5.0
1907-08-17,france,3.25
1907-08-17,germany,4.75
1907-08-17,russia,7.0
1907-08-24,austria_hungary,4.9375
1907-08-24,dutch,4.63
1907-08-24,france,3.5625
1907-08-24,germany,4.625
1907-08-24,russia,7.0
1907-08-31,austria_hungary,5.0
1907-08-31,dutch,4.88
1907-08-31,france,3.625
1907-08-31,germany,4.625
1907-08-31,russia,7.0
1907-09-07,austria_hungary,5.0
1907-09-07,dutch,4.81
1907-09-07,france,3.375
1907-09-07,germany,4.75
1907-09-07,russia,7.0
1907-09-14,austria_hungary,5.0
1907-09-14,dutch,4.88
1907-09-14,france,3.4375
1907-09-14,germany,5.0
1907-09-14,russia,7.0
1907-09-21,austria_hungary,5.0
1907-09-21,dutch,5.0
1907-09-21,france,3.4375
1907-09-21,germany,5.25
1907-09-21,russia,7.0
1907-09-28,austria_hungary,5.0
1907-09-28,dutch,4.88
1907-09-28,france,3.375
1907-09-28,germany,5.25
1907-09-28,russia,7.0
1907-10-05,austria_hungary,4.9375
1907-10-05,dutch,5.0
1907-10-05,france,3.375
1907-10-05,germany,4.875
1907-10-05,russia,7.0
1907-10-12,austria_hungary,4.9375
1907-10-12,dutch,4.88
1907-10-12,france,3.375
1907-10-12,germany,4.75
1907-10-12,russia,7.0
1907-10-19,austria_hungary,4.9375
1907-10-19,dutch,4.88
1907-10-19,france,3.25
1907-10-19,germany,4.875
1907-10-19,russia,7.0
1907-10-26,austria_hungary,4.9375
1907-10-26,dutch,4.88
1907-10-26,france,3.375
1907-10-26,germany,4.875
1907-10-26,russia,7.0
1907-11-02,austria_hungary,5.0
1907-11-02,dutch,4.88
1907-11-02,france,3.75
1907-11-02,germany,5.5
1907-11-02,russia,7.0
1907-11-09,austria_hungary,5.0
1907-11-09,dutch,5.0
1907-11-09,france,4.0
1907-11-09,germany,6.625
1907-11-09,russia,7.0
1907-11-16,austria_hungary,5.25
1907-11-16,dutch,4.88
1907-11-16,france,3.75
1907-11-16,germany,6.625
1907-11-16,russia,7.5
1907-11-23,austria_hungary,5.5
1907-11-23,dutch,4.88
1907-11-23,france,3.75
1907-11-23,germany,7.0
1907-11-23,russia,7.5
1907-11-30,austria_hungary,5.5
1907-11-30,dutch,4.88
1907-11-30,france,3.875
1907-11-30,germany,7.0
1907-11-30,russia,7.5
1907-12-07,austria_hungary,5.375
1907-12-07,dutch,4.88
1907-12-07,france,3.875
1907-12-07,germany,7.125
1907-12-07,russia,7.5
1907-12-14,austria_hungary,5.875
1907-12-14,dutch,4.75
1907-12-14,france,3.875
1907-12-14,germany,7.125
1907-12-14,russia,7.5
1907-12-21,austria_hungary,5.9375
1907-12-21,dutch,4.75
1907-12-21,france,3.75
1907-12-21,germany,7.25
1907-12-21,russia,7.5
1907-12-28,austria_hungary,5.9375
1907-12-28,dutch,4.75
1907-12-28,france,3.875
1907-12-28,germany,7.0
1907-12-28,russia,7.5
1908-01-04,austria_hungary,5.375
1908-01-04,dutch,4.75
1908-01-04,france,3.875
1908-01-04,germany,6.0
1908-01-04,russia,7.5
1908-01-11,austria_hungary,4.625
1908-01-11,dutch,4.75
1908-01-11,france,3.5
1908-01-11,germany,4.875
1908-01-11,russia,7.5
1908-01-18,austria_hungary,4.5
1908-01-18,dutch,4.75
1908-01-18,france,3.375
1908-01-18,germany,5.125
1908-01-18,russia,7.5
1908-01-25,austria_hungary,4.4375
1908-01-25,dutch,3.88
1908-01-25,france,3.0
1908-01-25,germany,4.5
1908-01-25,russia,7.5
1908-02-01,austria_hungary,4.4375
1908-02-01,dutch,3.88
1908-02-01,france,2.875
1908-02-01,germany,4.25
1908-02-01,russia,6.5
1908-02-08,austria_hungary,4.0625
1908-02-08,dutch,3.63
1908-02-08,france,2.75
1908-02-08,germany,4.625
1908-02-08,russia,6.5
1908-02-15,austria_hungary,4.0
1908-02-15,dutch,3.75
1908-02-15,france,2.75
1908-02-15,germany,4.625
1908-02-15,russia,6.5
1908-02-22,austria_hungary,4.0625
1908-02-22,dutch,3.75
1908-02-22,france,2.375
1908-02-22,germany,4.375
1908-02-22,russia,6.5
1908-02-29,austria_hungary,4.125
1908-02-29,dutch,3.63
1908-02-29,france,2.25
1908-02-29,germany,4.375
1908-02-29,russia,6.5
1908-03-07,austria_hungary,3.875
1908-03-07,dutch,3.5
1908-03-07,france,2.375
1908-03-07,germany,4.25
1908-03-07,russia,6.5
1908-03-14,austria_hungary,4.1875
1908-03-14,dutch,3.38
1908-03-14,france,2.25
1908-03-14,germany,4.5
1908-03-14,russia,6.5
1908-03-21,austria_hungary,4.5
1908-03-21,dutch,3.25
1908-03-21,france,2.5
1908-03-21,germany,4.625
1908-03-21,russia,6.5
1908-03-28,austria_hungary,4.25
1908-03-28,dutch,3.13
1908-03-28,france,2.75
1908-03-28,germany,4.625
1908-03-28,russia,6.5
1908-04-04,austria_hungary,4.0
1908-04-04,dutch,3.25
1908-04-04,france,2.75
1908-04-04,germany,4.125
1908-04-04,russia,6.5
1908-04-11,austria_hungary,4.0
1908-04-11,dutch,3.25
1908-04-11,france,2.625
1908-04-11,germany,4.0
1908-04-11,russia,6.5
1908-04-18,austria_hungary,4.0
1908-04-18,dutch,3.25
1908-04-18,france,2.625
1908-04-18,germany,4.0
1908-04-18,russia,6.5
1908-04-25,austria_hungary,4.25
1908-04-25,dutch,3.38
1908-04-25,france,2.75
1908-04-25,germany,4.125
1908-04-25,russia,6.5
1908-05-02,austria_hungary,4.0
1908-05-02,dutch,3.31
1908-05-02,france,2.75
1908-05-02,germany,4.125
1908-05-02,russia,6.5
1908-05-09,austria_hungary,3.6875
1908-05-09,dutch,3.25
1908-05-09,france,2.375
1908-05-09,germany,4.125
1908-05-09,russia,6.0
1908-05-16,austria_hungary,3.625
1908-05-16,dutch,3.25
1908-05-16,france,2.125
1908-05-16,germany,3.875
1908-05-16,russia,6.0
1908-05-23,austria_hungary,3.75
1908-05-23,dutch,3.0
1908-05-23,france,1.875
1908-05-23,germany,3.75
1908-05-23,russia,6.0
1908-05-30,austria_hungary,3.6875
1908-05-30,dutch,2.44
1908-05-30,france,1.75
1908-05-30,germany,3.625
1908-05-30,russia,6.0
1908-06-06,austria_hungary,3.5
1908-06-06,dutch,2.31
1908-06-06,france,1.75
1908-06-06,germany,3.5
1908-06-06,russia,6.0
1908-06-13,austria_hungary,3.5
1908-06-13,dutch,2.31
1908-06-13,france,1.5
1908-06-13,germany,3.375
1908-06-13,russia,6.0
1908-06-20,austria_hungary,3.625
1908-06-20,dutch,2.38
1908-06-20,france,1.625
1908-06-20,germany,3.125
1908-06-20,russia,6.0
1908-06-27,austria_hungary,3.8125
1908-06-27,dutch,2.38
1908-06-27,france,1.75
1908-06-27,germany,3.125
1908-06-27,russia,6.0
1908-07-04,austria_hungary,3.5
1908-07-04,dutch,2.75
1908-07-04,france,1.625
1908-07-04,germany,2.875
1908-07-04,russia,6.0
1908-07-11,austria_hungary,3.375
1908-07-11,dutch,2.38
1908-07-11,france,1.5
1908-07-11,germany,2.75
1908-07-11,russia,5.5
1908-07-18,austria_hungary,3.375
1908-07-18,dutch,2.5
1908-07-18,france,1.5
1908-07-18,germany,2.75
1908-07-18,russia,5.5
1908-07-25,austria_hungary,3.4375
1908-07-25,dutch,2.5
1908-07-25,france,1.25
1908-07-25,germany,2.75
1908-07-25,russia,5.5
1908-08-01,austria_hungary,3.5
1908-08-01,dutch,2.5
1908-08-01,france,1.125
1908-08-01,germany,2.75
1908-08-01,russia,5.5
1908-08-08,austria_hungary,3.375
1908-08-08,dutch,2.5
1908-08-08,france,1.0
1908-08-08,germany,2.875
1908-08-08,russia,5.5
1908-08-15,austria_hungary,3.375
1908-08-15,dutch,2.5
1908-08-15,france,1.0
1908-08-15,germany,2.75
1908-08-15,russia,5.5
1908-08-22,austria_hungary,3.5
1908-08-22,dutch,2.38
1908-08-22,france,1.0
1908-08-22,germany,2.875
1908-08-22,russia,5.5
1908-08-29,austria_hungary,3.75
1908-08-29,dutch,2.38
1908-08-29,france,1.125
1908-08-29,germany,2.75
1908-08-29,russia,5.5
1908-09-05,austria_hungary,3.625
1908-09-05,dutch,2.44
1908-09-05,france,1.25
1908-09-05,germany,2.875
1908-09-05,russia,5.5
1908-09-12,austria_hungary,3.75
1908-09-12,dutch,2.5
1908-09-12,france,1.625
1908-09-12,germany,3.125
1908-09-12,russia,5.5
1908-09-19,austria_hungary,3.9375
1908-09-19,dutch,2.5
1908-09-19,france,1.75
1908-09-19,germany,3.375
1908-09-19,russia,5.5
1908-09-26,austria_hungary,3.9375
1908-09-26,dutch,2.5
1908-09-26,france,2.0
1908-09-26,germany,3.25
1908-09-26,russia,5.5
1908-10-03,austria_hungary,3.9375
1908-10-03,dutch,2.5
1908-10-03,france,1.875
1908-10-03,germany,3.25
1908-10-03,russia,5.5
1908-10-10,austria_hungary,3.9375
1908-10-10,dutch,2.75
1908-10-10,france,1.875
1908-10-10,germany,2.875
1908-10-10,russia,5.5
1908-10-17,austria_hungary,3.9375
1908-10-17,dutch,2.88
1908-10-17,france,1.875
1908-10-17,germany,2.875
1908-10-17,russia,5.5
1908-10-24,austria_hungary,3.9375
1908-10-24,dutch,2.75
1908-10-24,france,2.0
1908-10-24,germany,2.75
1908-10-24,russia,5.5
1908-10-31,austria_hungary,3.9375
1908-10-31,dutch,2.88
1908-10-31,france,2.25
1908-10-31,germany,2.5
1908-10-31,russia,5.5
1908-11-07,austria_hungary,3.9375
1908-11-07,dutch,2.94
1908-11-07,france,2.0
1908-11-07,germany,2.625
1908-11-07,russia,5.5
1908-11-14,austria_hungary,3.75
1908-11-14,dutch,2.88
1908-11-14,france,2.125
1908-11-14,germany,2.25
1908-11-14,russia,5.5
1908-11-21,austria_hungary,3.75
1908-11-21,dutch,2.94
1908-11-21,france,2.125
1908-11-21,germany,2.5
1908-11-21,russia,5.5
1908-11-28,austria_hungary,3.75
1908-11-28,dutch,2.63
1908-11-28,france,2.25
1908-11-28,germany,2.5
1908-11-28,russia,5.5
1908-12-05,austria_hungary,3.5625
1908-12-05,dutch,2.63
1908-12-05,france,2.0
1908-12-05,germany,2.625
1908-12-05,russia,5.5
1908-12-12,austria_hungary,3.6875
1908-12-12,dutch,2.5
1908-12-12,france,2.0
1908-12-12,germany,2.875
1908-12-12,russia,5.5
1908-12-19,austria_hungary,3.8125
1908-12-19,dutch,2.88
1908-12-19,france,2.5
1908-12-19,germany,3.25
1908-12-19,russia,5.5
1908-12-26,austria_hungary,3.875
1908-12-26,dutch,2.88
1908-12-26,france,2.75
1908-12-26,germany,3.125
1908-12-26,russia,5.5
1909-01-02,austria_hungary,3.63
1909-01-02,dutch,2.88
1909-01-02,france,2.75
1909-01-02,germany,2.75
1909-01-02,russia,5.5
1909-01-09,austria_hungary,3.38
1909-01-09,dutch,2.75
1909-01-09,france,2.5
1909-01-09,germany,2.13
1909-01-09,russia,5.5
1909-01-16,austria_hungary,3.75
1909-01-16,dutch,2.5
1909-01-16,france,2.5
1909-01-16,germany,2.5
1909-01-16,russia,5.5
1909-01-23,austria_hungary,3.63
1909-01-23,dutch,2.63
1909-01-23,france,2.63
1909-01-23,germany,2.13
1909-01-23,russia,5.5
1909-01-30,austria_hungary,3.5
1909-01-30,dutch,2.63
1909-01-30,france,2.0
1909-01-30,germany,2.0
1909-01-30,russia,5.5
1909-02-06,austria_hungary,3.31
1909-02-06,dutch,2.63
1909-02-06,france,1.44
1909-02-06,germany,1.88
1909-02-06,russia,5.5
1909-02-13,austria_hungary,3.13
1909-02-13,dutch,2.25
1909-02-13,france,1.5
1909-02-13,germany,2.25
1909-02-13,russia,5.5
1909-02-20,austria_hungary,3.13
1909-02-20,dutch,2.13
1909-02-20,france,1.0
1909-02-20,germany,2.25
1909-02-20,russia,5.5
1909-02-27,austria_hungary,3.06
1909-02-27,dutch,2.0
1909-02-27,france,1.0
1909-02-27,germany,2.38
1909-02-27,russia,5.5
1909-03-06,austria_hungary,3.25
1909-03-06,dutch,1.88
1909-03-06,france,1.13
1909-03-06,germany,2.38
1909-03-06,russia,5.5
1909-03-13,austria_hungary,3.13
1909-03-13,dutch,1.63
1909-03-13,france,1.13
1909-03-13,germany,2.63
1909-03-13,russia,5.5
1909-03-20,austria_hungary,3.25
1909-03-20,dutch,1.5
1909-03-20,france,1.38
1909-03-20,germany,2.88
1909-03-20,russia,5.5
1909-03-27,austria_hungary,3.88
1909-03-27,dutch,1.38
1909-03-27,france,1.38
1909-03-27,germany,2.88
1909-03-27,russia,5.5
1909-04-03,austria_hungary,3.63
1909-04-03,dutch,1.75
1909-04-03,france,1.13
1909-04-03,germany,2.25
1909-04-03,russia,5.5
1909-04-10,austria_hungary,3.5
1909-04-10,dutch,1.75
1909-04-10,france,1.25
1909-04-10,germany,2.25
1909-04-10,russia,5.5
1909-04-17,austria_hungary,3.5
1909-04-17,dutch,2.25
1909-04-17,france,1.5
1909-04-17,germany,2.0
1909-04-17,russia,5.5
1909-04-24,austria_hungary,3.44
1909-04-24,dutch,2.25
1909-04-24,france,1.5
1909-04-24,germany,1.88
1909-04-24,russia,5.5
1909-05-01,austria_hungary,3.44
1909-05-01,dutch,2.5
1909-05-01,france,1.5
1909-05-01,germany,1.88
1909-05-01,russia,5.5
1909-05-08,austria_hungary,3.06
1909-05-08,dutch,2.5
1909-05-08,france,1.13
1909-05-08,germany,2.0
1909-05-08,russia,5.5
1909-05-15,austria_hungary,2.94
1909-05-15,dutch,2.38
1909-05-15,france,1.13
1909-05-15,germany,2.38
1909-05-15,russia,5.5
1909-05-22,austria_hungary,3.06
1909-05-22,dutch,2.0
1909-05-22,france,1.13
1909-05-22,germany,2.5
1909-05-22,russia,5.5
1909-05-29,austria_hungary,3.0
1909-05-29,dutch,1.75
1909-05-29,france,1.13
1909-05-29,germany,2.75
1909-05-29,russia,5.5
1909-06-05,austria_hungary,2.94
1909-06-05,dutch,1.63
1909-06-05,france,1.25
1909-06-05,germany,2.75
1909-06-05,russia,5.5
1909-06-12,austria_hungary,2.75
1909-06-12,dutch,1.75
1909-06-12,france,1.5
1909-06-12,germany,2.88
1909-06-12,russia,5.5
1909-06-19,austria_hungary,2.69
1909-06-19,dutch,1.75
1909-06-19,france,1.38
1909-06-19,germany,3.25
1909-06-19,russia,5.5
1909-06-26,austria_hungary,2.75
1909-06-26,dutch,1.63
1909-06-26,france,1.5
1909-06-26,germany,2.88
1909-06-26,russia,5.5
1909-07-03,austria_hungary,2.69
1909-07-03,dutch,2.0
1909-07-03,france,1.5
1909-07-03,germany,2.5
1909-07-03,russia,5.5
1909-07-10,austria_hungary,2.63
1909-07-10,dutch,1.88
1909-07-10,france,1.25
1909-07-10,germany,2.25
1909-07-10,russia,5.5
1909-07-17,austria_hungary,2.75
1909-07-17,dutch,1.63
1909-07-17,france,1.25
1909-07-17,germany,2.38
1909-07-17,russia,5.5
1909-07-24,austria_hungary,2.88
1909-07-24,dutch,1.38
1909-07-24,france,1.25
1909-07-24,germany,2.13
1909-07-24,russia,5.5
1909-07-31,austria_hungary,3.0
1909-07-31,dutch,1.5
1909-07-31,france,1.23
1909-07-31,germany,2.25
1909-07-31,russia,5.5
1909-08-07,austria_hungary,3.06
1909-08-07,dutch,1.75
1909-08-07,france,1.25
1909-08-07,germany,2.13
1909-08-07,russia,5.5
1909-08-14,austria_hungary,3.06
1909-08-14,dutch,1.38
1909-08-14,france,1.25
1909-08-14,germany,2.0
1909-08-14,russia,5.5
1909-08-21,austria_hungary,3.38
1909-08-21,dutch,1.38
1909-08-21,france,1.25
1909-08-21,germany,2.13
1909-08-21,russia,5.5
1909-08-28,austria_hungary,3.5
1909-08-28,dutch,1.38
1909-08-28,france,1.25
1909-08-28,germany,2.25
1909-08-28,russia,5.5
1909-09-04,austria_hungary,3.5
1909-09-04,dutch,1.38
1909-09-04,france,1.25
1909-09-04,germany,2.5
1909-09-04,russia,5.0
1909-09-11,austria_hungary,3.5
1909-09-11,dutch,1.5
1909-09-11,france,1.38
1909-09-11,germany,2.75
1909-09-11,russia,5.0
1909-09-18,austria_hungary,3.63
1909-09-18,dutch,1.56
1909-09-18,france,1.63
1909-09-18,germany,3.25
1909-09-18,russia,5.0
1909-09-25,austria_hungary,3.63
1909-09-25,dutch,1.56
1909-09-25,france,2.0
1909-09-25,germany,3.38
1909-09-25,russia,5.0
1909-10-02,austria_hungary,3.06
1909-10-02,dutch,1.69
1909-10-02,france,2.25
1909-10-02,germany,3.5
1909-10-02,russia,5.0
1909-10-09,austria_hungary,3.63
1909-10-09,dutch,2.0
1909-10-09,france,2.25
1909-10-09,germany,3.38
1909-10-09,russia,5.0
1909-10-16,austria_hungary,3.69
1909-10-16,dutch,2.25
1909-10-16,france,2.63
1909-10-16,germany,3.75
1909-10-16,russia,5.0
1909-10-23,austria_hungary,3.88
1909-10-23,dutch,2.63
1909-10-23,france,2.75
1909-10-23,germany,4.25
1909-10-23,russia,5.0
1909-10-30,austria_hungary,3.88
1909-10-30,dutch,2.88
1909-10-30,france,2.75
1909-10-30,germany,4.5
1909-10-30,russia,5.0
1909-11-06,austria_hungary,3.69
1909-11-06,dutch,2.94
1909-11-06,france,2.88
1909-11-06,germany,4.63
1909-11-06,russia,5.0
1909-11-13,austria_hungary,3.75
1909-11-13,dutch,2.94
1909-11-13,france,2.75
1909-11-13,germany,4.63
1909-11-13,russia,5.0
1909-11-20,austria_hungary,3.63
1909-11-20,dutch,2.88
1909-11-20,france,2.75
1909-11-20,germany,4.38
1909-11-20,russia,5.0
1909-11-27,austria_hungary,3.44
1909-11-27,dutch,2.75
1909-11-27,france,2.75
1909-11-27,germany,4.25
1909-11-27,russia,5.0
1909-12-04,austria_hungary,3.38
1909-12-04,dutch,2.63
1909-12-04,france,2.75
1909-12-04,germany,4.13
1909-12-04,russia,5.0
1909-12-11,austria_hungary,3.38
1909-12-11,dutch,2.63
1909-12-11,france,2.75
1909-12-11,germany,4.38
1909-12-11,russia,5.0
1909-12-18,austria_hungary,3.5
1909-12-18,dutch,2.63
1909-12-18,france,2.75
1909-12-18,germany,4.63
1909-12-18,russia,5.0
1909-12-25,austria_hungary,3.25
1909-12-25,dutch,2.63
1909-12-25,france,2.75
1909-12-25,germany,4.25
1909-12-25,russia,5.0
1910-01-01,austria_hungary,3.5
1910-01-01,dutch,2.5
1910-01-01,france,2.75
1910-01-01,germany,3.75
1910-01-01,russia,5.0
1910-01-08,austria_hungary,3.13
1910-01-08,dutch,2.5
1910-01-08,france,2.75
1910-01-08,germany,3.25
1910-01-08,russia,5.0
1910-01-15,austria_hungary,3.13
1910-01-15,dutch,2.5
1910-01-15,france,2.75
1910-01-15,germany,3.13
1910-01-15,russia,5.0
1910-01-22,austria_hungary,3.13
1910-01-22,dutch,2.25
1910-01-22,france,2.5
1910-01-22,germany,2.75
1910-01-22,russia,5.0
1910-01-29,austria_hungary,3.38
1910-01-29,dutch,1.88
1910-01-29,france,2.5
1910-01-29,germany,3.0
1910-01-29,russia,5.0
1910-02-05,austria_hungary,3.06
1910-02-05,dutch,2.0
1910-02-05,france,2.5
1910-02-05,germany,2.88
1910-02-05,russia,5.0
1910-02-12,austria_hungary,3.0
1910-02-12,dutch,2.0
1910-02-12,france,2.5
1910-02-12,germany,2.75
1910-02-12,russia,5.0
1910-02-19,austria_hungary,3.0
1910-02-19,dutch,2.0
1910-02-19,france,2.5
1910-02-19,germany,3.0
1910-02-19,russia,5.0
1910-02-26,austria_hungary,3.0
1910-02-26,dutch,1.88
1910-02-26,france,2.5
1910-02-26,germany,3.0
1910-02-26,russia,5.0
1910-03-05,austria_hungary,3.0
1910-03-05,dutch,1.88
1910-03-05,france,2.25
1910-03-05,germany,3.5
1910-03-05,russia,5.0
1910-03-12,austria_hungary,3.06
1910-03-12,dutch,1.88
1910-03-12,france,2.13
1910-03-12,germany,3.5
1910-03-12,russia,5.0
1910-03-19,austria_hungary,3.44
1910-03-19,dutch,2.13
1910-03-19,france,2.25
1910-03-19,germany,3.63
1910-03-19,russia,5.0
1910-03-26,austria_hungary,3.44
1910-03-26,dutch,2.13
1910-03-26,france,2.25
1910-03-26,germany,3.56
1910-03-26,russia,5.0
1910-04-02,austria_hungary,3.5
1910-04-02,dutch,3.25
1910-04-02,france,2.5
1910-04-02,germany,3.5
1910-04-02,russia,5.0
1910-04-09,austria_hungary,3.5
1910-04-09,dutch,3.25
1910-04-09,france,2.5
1910-04-09,germany,3.0
1910-04-09,russia,5.0
1910-04-16,austria_hungary,3.38
1910-04-16,dutch,3.5
1910-04-16,france,2.5
1910-04-16,germany,3.13
1910-04-16,russia,5.0
1910-04-23,austria_hungary,3.5
1910-04-23,dutch,4.75
1910-04-23,france,2.25
1910-04-23,germany,3.13
1910-04-23,russia,5.0
1910-04-30,austria_hungary,3.63
1910-04-30,dutch,4.75
1910-04-30,france,2.25
1910-04-30,germany,3.13
1910-04-30,russia,5.0
1910-05-07,austria_hungary,3.31
1910-05-07,dutch,4.88
1910-05-07,france,2.13
1910-05-07,germany,3.25
1910-05-07,russia,5.0
1910-05-14,austria_hungary,3.38
1910-05-14,dutch,4.75
1910-05-14,france,2.25
1910-05-14,germany,3.25
1910-05-14,russia,5.0
1910-05-21,austria_hungary,3.38
1910-05-21,dutch,4.75
1910-05-21,france,2.25
1910-05-21,germany,3.25
1910-05-21,russia,5.0
1910-05-28,austria_hungary,3.44
1910-05-28,dutch,4.0
1910-05-28,france,2.13
1910-05-28,germany,3.5
1910-05-28,russia,5.0
1910-06-04,austria_hungary,3.5
1910-06-04,dutch,3.75
1910-06-04,france,2.13
1910-06-04,germany,3.13
1910-06-04,russia,5.0
1910-06-11,austria_hungary,3.56
1910-06-11,dutch,3.88
1910-06-11,france,2.13
1910-06-11,germany,3.13
1910-06-11,russia,5.0
1910-06-18,austria_hungary,3.63
1910-06-18,dutch,4.13
1910-06-18,france,2.25
1910-06-18,germany,3.5
1910-06-18,russia,5.0
1910-06-25,austria_hungary,3.75
1910-06-25,dutch,4.25
1910-06-25,france,2.25
1910-06-25,germany,3.5
1910-06-25,russia,5.0
1910-07-02,austria_hungary,3.63
1910-07-02,dutch,4.5
1910-07-02,france,2.5
1910-07-02,germany,3.13
1910-07-02,russia,5.0
1910-07-09,austria_hungary,3.75
1910-07-09,dutch,4.25
1910-07-09,france,2.0
1910-07-09,germany,2.88
1910-07-09,russia,5.0
1910-07-16,austria_hungary,3.56
1910-07-16,dutch,4.5
1910-07-16,france,1.88
1910-07-16,germany,3.25
1910-07-16,russia,5.0
1910-07-23,austria_hungary,3.75
1910-07-23,dutch,4.5
1910-07-23,france,2.0
1910-07-23,germany,3.13
1910-07-23,russia,5.0
1910-07-30,austria_hungary,3.81
1910-07-30,dutch,4.25
1910-07-30,france,2.0
1910-07-30,germany,3.13
1910-07-30,russia,5.0
1910-08-06,austria_hungary,3.63
1910-08-06,dutch,4.5
1910-08-06,france,2.0
1910-08-06,germany,3.13
1910-08-06,russia,5.0
1910-08-13,austria_hungary,3.94
1910-08-13,dutch,4.5
1910-08-13,france,2.0
1910-08-13,germany,3.25
1910-08-13,russia,5.0
1910-08-20,austria_hungary,3.94
1910-08-20,dutch,4.5
1910-08-20,france,2.0
1910-08-20,germany,3.63
1910-08-20,russia,5.0
1910-08-27,austria_hungary,3.94
1910-08-27,dutch,4.25
1910-08-27,france,2.0
1910-08-27,germany,3.5
1910-08-27,russia,5.0
1910-09-03,austria_hungary,3.88
1910-09-03,dutch,4.5
1910-09-03,france,2.0
1910-09-03,germany,3.63
1910-09-03,russia,5.0
1910-09-10,austria_hungary,3.75
1910-09-10,dutch,4.75
1910-09-10,france,2.13
1910-09-10,germany,3.75
1910-09-10,russia,4.5
1910-09-17,austria_hungary,4.0
1910-09-17,dutch,4.5
1910-09-17,france,2.25
1910-09-17,germany,3.75
1910-09-17,russia,5.0
1910-09-24,austria_hungary,3.94
1910-09-24,dutch,3.88
1910-09-24,france,2.38
1910-09-24,germany,4.0
1910-09-24,russia,5.0
1910-10-01,austria_hungary,3.94
1910-10-01,dutch,3.88
1910-10-01,france,2.63
1910-10-01,germany,4.25
1910-10-01,russia,5.0
1910-10-08,austria_hungary,3.94
1910-10-08,dutch,4.0
1910-10-08,france,2.88
1910-10-08,germany,4.0
1910-10-08,russia,5.0
1910-10-15,austria_hungary,4.0
1910-10-15,dutch,4.0
1910-10-15,france,2.88
1910-10-15,germany,4.13
1910-10-15,russia,5.0
1910-10-22,austria_hungary,4.0
1910-10-22,dutch,3.94
1910-10-22,france,3.0
1910-10-22,germany,4.38
1910-10-22,russia,5.0
1910-10-29,austria_hungary,4.81
1910-10-29,dutch,4.0
1910-10-29,france,2.88
1910-10-29,germany,4.38
1910-10-29,russia,5.0
1910-11-05,austria_hungary,4.75
1910-11-05,dutch,4.0
1910-11-05,france,2.88
1910-11-05,germany,4.38
1910-11-05,russia,5.0
1910-11-12,austria_hungary,4.75
1910-11-12,dutch,3.88
1910-11-12,france,2.75
1910-11-12,germany,4.69
1910-11-12,russia,5.0
1910-11-19,austria_hungary,4.81
1910-11-19,dutch,4.0
1910-11-19,france,2.88
1910-11-19,germany,4.75
1910-11-19,russia,5.0
1910-11-26,austria_hungary,4.88
1910-11-26,dutch,3.88
1910-11-26,france,2.75
1910-11-26,germany,4.5
1910-11-26,russia,5.0
1910-12-03,austria_hungary,4.81
1910-12-03,dutch,3.75
1910-12-03,france,2.63
1910-12-03,germany,4.5
1910-12-03,russia,5.0
1910-12-10,austria_hungary,4.38
1910-12-10,dutch,3.75
1910-12-10,france,2.63
1910-12-10,germany,4.38
1910-12-10,russia,5.0
1910-12-17,austria_hungary,4.88
1910-12-17,dutch,3.75
1910-12-17,france,2.63
1910-12-17,germany,4.63
1910-12-17,russia,5.0
1910-12-24,austria_hungary,4.88
1910-12-24,dutch,3.75
1910-12-24,france,2.63
1910-12-24,germany,4.63
1910-12-24,russia,5.0
1910-12-31,austria_hungary,4.75
1910-12-31,dutch,3.75
1910-12-31,france,2.13
1910-12-31,germany,4.63
1910-12-31,russia,5.0
1911-01-07,austria_hungary,4.25
1911-01-07,dutch,3.75
1911-01-07,france,2.75
1911-01-07,germany,3.5
1911-01-07,russia,5.0
1911-01-14,austria_hungary,4.13
1911-01-14,dutch,3.44
1911-01-14,france,2.63
1911-01-14,germany,3.75
1911-01-14,russia,5.0
1911-01-21,austria_hungary,4.13
1911-01-21,dutch,3.38
1911-01-21,france,2.63
1911-01-21,germany,3.63
1911-01-21,russia,5.0
1911-01-28,austria_hungary,4.75
1911-01-28,dutch,3.25
1911-01-28,france,2.5
1911-01-28,germany,3.5
1911-01-28,russia,5.0
1911-02-04,austria_hungary,4.13
1911-02-04,dutch,3.38
1911-02-04,france,2.5
1911-02-04,germany,3.38
1911-02-04,russia,5.0
1911-02-11,austria_hungary,3.94
1911-02-11,dutch,3.25
1911-02-11,france,2.25
1911-02-11,germany,3.13
1911-02-11,russia,5.0
1911-02-18,austria_hungary,3.94
1911-02-18,dutch,3.38
1911-02-18,france,2.25
1911-02-18,germany,2.88
1911-02-18,russia,5.0
1911-02-25,austria_hungary,3.88
1911-02-25,dutch,3.38
1911-02-25,france,2.25
1911-02-25,germany,3.0
1911-02-25,russia,5.0
1911-03-04,austria_hungary,3.69
1911-03-04,dutch,3.38
1911-03-04,france,2.25
1911-03-04,germany,3.13
1911-03-04,russia,5.0
1911-03-11,austria_hungary,3.75
1911-03-11,dutch,3.25
1911-03-11,france,2.25
1911-03-11,germany,3.13
1911-03-11,russia,5.0
1911-03-18,austria_hungary,3.75
1911-03-18,dutch,3.25
1911-03-18,france,2.38
1911-03-18,germany,3.38
1911-03-18,russia,5.0
1911-03-25,austria_hungary,3.69
1911-03-25,dutch,3.25
1911-03-25,france,2.38
1911-03-25,germany,3.5
1911-03-25,russia,5.0
1911-04-01,austria_hungary,3.75
1911-04-01,dutch,3.25
1911-04-01,france,2.38
1911-04-01,germany,3.5
1911-04-01,russia,5.0
1911-04-08,austria_hungary,3.63
1911-04-08,dutch,3.25
1911-04-08,france,2.25
1911-04-08,germany,3.0
1911-04-08,russia,5.0
1911-04-15,austria_hungary,3.69
1911-04-15,dutch,3.25
1911-04-15,france,2.25
1911-04-15,germany,2.88
1911-04-15,russia,5.0
1911-04-22,austria_hungary,3.75
1911-04-22,dutch,3.25
1911-04-22,france,2.19
1911-04-22,germany,2.88
1911-04-22,russia,5.0
1911-04-29,austria_hungary,3.81
1911-04-29,dutch,3.38
1911-04-29,france,2.25
1911-04-29,germany,2.88
1911-04-29,russia,5.0
1911-05-06,austria_hungary,3.5
1911-05-06,dutch,3.38
1911-05-06,france,2.25
1911-05-06,germany,2.88
1911-05-06,russia,5.0
1911-05-13,austria_hungary,3.38
1911-05-13,dutch,3.25
1911-05-13,france,2.13
1911-05-13,germany,2.75
1911-05-13,russia,5.0
1911-05-20,austria_hungary,3.38
1911-05-20,dutch,2.75
1911-05-20,france,2.13
1911-05-20,germany,2.75
1911-05-20,russia,5.0
1911-05-27,austria_hungary,3.44
1911-05-27,dutch,2.06
1911-05-27,france,2.13
1911-05-27,germany,2.88
1911-05-27,russia,5.0
1911-06-03,austria_hungary,3.38
1911-06-03,dutch,2.5
1911-06-03,france,2.13
1911-06-03,germany,2.88
1911-06-03,russia,5.0
1911-06-10,austria_hungary,3.44
1911-06-10,dutch,2.75
1911-06-10,france,2.13
1911-06-10,germany,3.25
1911-06-10,russia,5.0
1911-06-17,austria_hungary,3.56
1911-06-17,dutch,2.75
1911-06-17,france,2.13
1911-06-17,germany,3.5
1911-06-17,russia,5.0
1911-06-24,austria_hungary,3.56
1911-06-24,dutch,2.75
1911-06-24,france,2.13
1911-06-24,germany,3.5
1911-06-24,russia,5.0
1911-07-01,austria_hungary,3.69
1911-07-01,dutch,2.75
1911-07-01,france,2.13
1911-07-01,germany,3.5
1911-07-01,russia,5.0
1911-07-08,austria_hungary,3.38
1911-07-08,dutch,2.75
1911-07-08,france,2.13
1911-07-08,germany,2.5
1911-07-08,russia,5.0
1911-07-15,austria_hungary,3.5
1911-07-15,dutch,2.88
1911-07-15,france,2.13
1911-07-15,germany,2.25
1911-07-15,russia,5.0
1911-07-22,austria_hungary,3.5
1911-07-22,dutch,2.81
1911-07-22,france,2.38
1911-07-22,germany,2.25
1911-07-22,russia,5.0
1911-07-29,austria_hungary,3.5
1911-07-29,dutch,2.81
1911-07-29,france,2.13
1911-07-29,germany,2.63
1911-07-29,russia,5.0
1911-08-05,austria_hungary,3.56
1911-08-05,dutch,3.0
1911-08-05,france,2.13
1911-08-05,germany,2.75
1911-08-05,russia,5.0
1911-08-12,austria_hungary,3.38
1911-08-12,dutch,2.88
1911-08-12,france,2.13
1911-08-12,germany,3.0
1911-08-12,russia,5.0
1911-08-19,austria_hungary,3.88
1911-08-19,dutch,2.88
1911-08-19,france,2.13
1911-08-19,germany,3.13
1911-08-19,russia,5.0
1911-08-26,austria_hungary,3.75
1911-08-26,dutch,2.75
1911-08-26,france,2.25
1911-08-26,germany,3.13
1911-08-26,russia,5.0
1911-09-02,austria_hungary,3.88
1911-09-02,dutch,2.75
1911-09-02,france,2.38
1911-09-02,germany,3.5
1911-09-02,russia,5.0
1911-09-09,austria_hungary,3.88
1911-09-09,dutch,2.88
1911-09-09,france,2.75
1911-09-09,germany,3.75
1911-09-09,russia,5.0
1911-09-16,austria_hungary,3.88
1911-09-16,dutch,3.0
1911-09-16,france,3.0
1911-09-16,germany,3.88
1911-09-16,russia,5.0
1911-09-23,austria_hungary,4.25
1911-09-23,dutch,3.0
1911-09-23,france,3.25
1911-09-23,germany,4.63
1911-09-23,russia,5.0
1911-09-30,austria_hungary,4.5
1911-09-30,dutch,3.0
1911-09-30,france,3.5
1911-09-30,germany,4.75
1911-09-30,russia,5.0
1911-10-07,austria_hungary,4.0
1911-10-07,dutch,3.5
1911-10-07,france,3.5
1911-10-07,germany,4.0
1911-10-07,russia,5.0
1911-10-14,austria_hungary,4.94
1911-10-14,dutch,3.0
1911-10-14,france,3.5
1911-10-14,germany,4.25
1911-10-14,russia,5.0
1911-10-21,austria_hungary,5.0
1911-10-21,dutch,3.19
1911-10-21,france,3.5
1911-10-21,germany,4.5
1911-10-21,russia,5.0
1911-10-28,austria_hungary,5.0
1911-10-28,dutch,3.81
1911-10-28,france,3.5
1911-10-28,germany,4.63
1911-10-28,russia,5.0
1911-11-04,austria_hungary,4.94
1911-11-04,dutch,4.0
1911-11-04,france,3.5
1911-11-04,germany,4.5
1911-11-04,russia,5.0
1911-11-11,austria_hungary,4.88
1911-11-11,dutch,3.88
1911-11-11,france,3.5
1911-11-11,germany,4.38
1911-11-11,russia,5.0
1911-11-18,austria_hungary,4.88
1911-11-18,dutch,4.0
1911-11-18,france,3.25
1911-11-18,germany,4.63
1911-11-18,russia,5.0
1911-11-25,austria_hungary,4.94
1911-11-25,dutch,4.0
1911-11-25,france,3.25
1911-11-25,germany,4.5
1911-11-25,russia,5.0
1911-12-02,austria_hungary,4.88
1911-12-02,dutch,4.0
1911-12-02,france,3.25
1911-12-02,germany,4.75
1911-12-02,russia,5.0
1911-12-09,austria_hungary,4.75
1911-12-09,dutch,4.0
1911-12-09,france,3.25
1911-12-09,germany,4.75
1911-12-09,russia,5.0
1911-12-16,austria_hungary,4.94
1911-12-16,dutch,4.0
1911-12-16,france,3.25
1911-12-16,germany,5.0
1911-12-16,russia,5.0
1911-12-23,austria_hungary,4.94
1911-12-23,dutch,4.0
1911-12-23,france,3.25
1911-12-23,germany,4.88
1911-12-23,russia,5.0
1911-12-30,austria_hungary,4.94
1911-12-30,dutch,4.0
1911-12-30,france,3.5
1911-12-30,germany,4.63
1911-12-30,russia,5.0
1912-01-06,austria_hungary,4.75
1912-01-06,dutch,4.0
1912-01-06,france,3.38
1912-01-06,germany,3.63
1912-01-06,russia,5.0
1912-01-13,austria_hungary,4.44
1912-01-13,dutch,3.88
1912-01-13,france,3.38
1912-01-13,germany,3.5
1912-01-13,russia,5.0
1912-01-20,austria_hungary,4.63
1912-01-20,dutch,3.13
1912-01-20,france,3.38
1912-01-20,germany,3.0
1912-01-20,russia,5.0
1912-01-27,austria_hungary,4.75
1912-01-27,dutch,3.13
1912-01-27,france,3.25
1912-01-27,germany,3.25
1912-01-27,russia,5.0
1912-02-03,austria_hungary,4.5
1912-02-03,dutch,3.88
1912-02-03,france,3.25
1912-02-03,germany,3.38
1912-02-03,russia,5.0
1912-02-10,austria_hungary,4.44
1912-02-10,dutch,3.13
1912-02-10,france,3.13
1912-02-10,germany,3.88
1912-02-10,russia,5.0
1912-02-17,austria_hungary,5.0
1912-02-17,dutch,4.0
1912-02-17,france,3.0
1912-02-17,germany,3.88
1912-02-17,russia,5.0
1912-02-24,austria_hungary,4.63
1912-02-24,dutch,3.88
1912-02-24,france,3.0
1912-02-24,germany,4.0
1912-02-24,russia,5.0
1912-03-02,austria_hungary,4.5
1912-03-02,dutch,3.88
1912-03-02,france,3.0
1912-03-02,germany,4.38
1912-03-02,russia,5.0
1912-03-09,austria_hungary,4.5
1912-03-09,dutch,4.0
1912-03-09,france,3.13
1912-03-09,germany,4.5
1912-03-09,russia,5.0
1912-03-16,austria_hungary,4.5
1912-03-16,dutch,4.0
1912-03-16,france,3.25
1912-03-16,germany,4.88
1912-03-16,russia,5.0
1912-03-23,austria_hungary,4.75
1912-03-23,dutch,4.0
1912-03-23,france,3.25
1912-03-23,germany,4.88
1912-03-23,russia,5.0
1912-03-30,austria_hungary,4.75
1912-03-30,dutch,4.0
1912-03-30,france,3.25
1912-03-30,germany,4.88
1912-03-30,russia,5.0
1912-04-06,austria_hungary,4.69
1912-04-06,dutch,4.0
1912-04-06,france,3.25
1912-04-06,germany,3.75
1912-04-06,russia,5.0
1912-04-13,austria_hungary,4.56
1912-04-13,dutch,4.0
1912-04-13,france,3.25
1912-04-13,germany,3.88
1912-04-13,russia,5.0
1912-04-20,austria_hungary,4.5
1912-04-20,dutch,4.0
1912-04-20,france,3.13
1912-04-20,germany,3.63
1912-04-20,russia,5.0
1912-04-27,austria_hungary,4.63
1912-04-27,dutch,4.0
1912-04-27,france,3.13
1912-04-27,germany,3.75
1912-04-27,russia,5.0
1912-05-04,austria_hungary,4.63
1912-05-04,dutch,4.0
1912-05-04,france,3.0
1912-05-04,germany,3.75
1912-05-04,russia,5.0
1912-05-11,austria_hungary,4.25
1912-05-11,dutch,4.0
1912-05-11,france,3.13
1912-05-11,germany,3.88
1912-05-11,russia,5.0
1912-05-18,austria_hungary,4.44
1912-05-18,dutch,4.0
1912-05-18,france,3.13
1912-05-18,germany,4.13
1912-05-18,russia,5.0
1912-05-25,austria_hungary,4.44
1912-05-25,dutch,3.88
1912-05-25,france,2.88
1912-05-25,germany,4.0
1912-05-25,russia,5.0
1912-06-01,austria_hungary,4.5
1912-06-01,dutch,4.0
1912-06-01,france,2.88
1912-06-01,germany,4.13
1912-06-01,russia,5.0
1912-06-08,austria_hungary,4.25
1912-06-08,dutch,4.0
1912-06-08,france,2.88
1912-06-08,germany,4.13
1912-06-08,russia,5.0
1912-06-15,austria_hungary,4.5
1912-06-15,dutch,3.88
1912-06-15,france,2.88
1912-06-15,germany,4.13
1912-06-15,russia,5.0
1912-06-22,austria_hungary,4.5
1912-06-22,dutch,3.88
1912-06-22,france,2.88
1912-06-22,germany,4.25
1912-06-22,russia,5.0
1912-06-29,austria_hungary,4.5
1912-06-29,dutch,3.88
1912-06-29,france,2.88
1912-06-29,germany,4.25
1912-06-29,russia,5.0
1912-07-06,austria_hungary,4.375
1912-07-06,dutch,3.88
1912-07-06,france,2.125
1912-07-06,germany,3.5
1912-07-06,russia,5.0
1912-07-13,austria_hungary,4.375
1912-07-13,dutch,3.88
1912-07-13,france,2.75
1912-07-13,germany,3.25
1912-07-13,russia,5.0
1912-07-20,austria_hungary,4.25
1912-07-20,dutch,3.88
1912-07-20,france,2.75
1912-07-20,germany,3.375
1912-07-20,russia,5.0
1912-07-27,austria_hungary,4.375
1912-07-27,dutch,4.0
1912-07-27,france,2.625
1912-07-27,germany,3.375
1912-07-27,russia,5.0
1912-08-03,austria_hungary,4.4375
1912-08-03,dutch,4.0
1912-08-03,france,2.625
1912-08-03,germany,3.375
1912-08-03,russia,5.0
1912-08-10,austria_hungary,4.3125
1912-08-10,dutch,4.0
1912-08-10,france,2.625
1912-08-10,germany,4.0
1912-08-10,russia,5.0
1912-08-17,austria_hungary,4.5625
1912-08-17,dutch,3.94
1912-08-17,france,2.625
1912-08-17,germany,4.0
1912-08-17,russia,5.0
1912-08-24,austria_hungary,4.75
1912-08-24,dutch,4.0
1912-08-24,france,2.625
1912-08-24,germany,4.0
1912-08-24,russia,5.0
1912-08-31,austria_hungary,4.875
1912-08-31,dutch,3.88
1912-08-31,france,2.625
1912-08-31,germany,4.375
1912-08-31,russia,5.0
1912-09-07,austria_hungary,4.875
1912-09-07,dutch,4.0
1912-09-07,france,2.75
1912-09-07,germany,4.375
1912-09-07,russia,5.0
1912-09-14,austria_hungary,4.875
1912-09-14,dutch,3.13
1912-09-14,france,2.875
1912-09-14,germany,4.375
1912-09-14,russia,5.0
1912-09-21,austria_hungary,4.875
1912-09-21,dutch,3.88
1912-09-21,france,2.875
1912-09-21,germany,4.5
1912-09-21,russia,5.0
1912-09-28,austria_hungary,4.875
1912-09-28,dutch,4.0
1912-09-28,france,3.0
1912-09-28,germany,4.5
1912-09-28,russia,5.0
1912-10-05,austria_hungary,4.8125
1912-10-05,dutch,4.0
1912-10-05,france,3.0
1912-10-05,germany,3.75
1912-10-05,russia,5.0
1912-10-12,austria_hungary,4.875
1912-10-12,dutch,3.94
1912-10-12,france,3.0
1912-10-12,germany,4.125
1912-10-12,russia,5.0
1912-10-19,austria_hungary,4.875
1912-10-19,dutch,4.0
1912-10-19,france,3.0
1912-10-19,germany,4.25
1912-10-19,russia,5.0
1912-10-26,austria_hungary,5.0
1912-10-26,dutch,4.0
1912-10-26,france,3.125
1912-10-26,germany,4.375
1912-10-26,russia,5.0
1912-11-02,austria_hungary,5.25
1912-11-02,dutch,4.0
1912-11-02,france,3.625
1912-11-02,germany,4.625
1912-11-02,russia,5.5
1912-11-09,austria_hungary,5.375
1912-11-09,dutch,4.0
1912-11-09,france,3.75
1912-11-09,germany,4.75
1912-11-09,russia,5.5
1912-11-16,austria_hungary,5.75
1912-11-16,dutch,4.0
1912-11-16,france,3.75
1912-11-16,germany,5.25
1912-11-16,russia,5.5
1912-11-23,austria_hungary,5.6875
1912-11-23,dutch,4.0
1912-11-23,france,3.75
1912-11-23,germany,5.5
1912-11-23,russia,5.5
1912-11-30,austria_hungary,5.875
1912-11-30,dutch,4.0
1912-11-30,france,3.75
1912-11-30,germany,5.875
1912-11-30,russia,5.5
1912-12-07,austria_hungary,5.75
1912-12-07,dutch,4.0
1912-12-07,france,3.75
1912-12-07,germany,5.875
1912-12-07,russia,5.5
1912-12-14,austria_hungary,6.0
1912-12-14,dutch,4.0
1912-12-14,france,3.75
1912-12-14,germany,6.0
1912-12-14,russia,5.5
1912-12-21,austria_hungary,6.0
1912-12-21,dutch,4.0
1912-12-21,france,4.0
1912-12-21,germany,6.0
1912-12-21,russia,5.5
1912-12-28,austria_hungary,5.9375
1912-12-28,dutch,4.0
1912-12-28,france,4.0
1912-12-28,germany,6.0
1912-12-28,russia,5.5
1913-01-04,austria_hungary,5.75
1913-01-04,dutch,4.0
1913-01-04,france,4.0
1913-01-04,germany,4.875
1913-01-04,russia,5.5
1913-01-11,austria_hungary,5.625
1913-01-11,dutch,4.0
1913-01-11,france,4.0
1913-01-11,germany,4.5
1913-01-11,russia,5.5
1913-01-18,austria_hungary,5.375
1913-01-18,dutch,4.0
1913-01-18,france,4.0
1913-01-18,germany,4.75
1913-01-18,russia,5.5
1913-01-25,austria_hungary,5.125
1913-01-25,dutch,4.0
1913-01-25,france,4.0
1913-01-25,germany,4.75
1913-01-25,russia,5.5
1913-02-01,austria_hungary,5.75
1913-02-01,dutch,4.0
1913-02-01,france,4.0
1913-02-01,germany,4.75
1913-02-01,russia,5.5
1913-02-08,austria_hungary,5.75
1913-02-08,dutch,4.0
1913-02-08,france,4.0
1913-02-08,germany,5.0
1913-02-08,russia,5.5
1913-02-15,austria_hungary,5.25
1913-02-15,dutch,4.0
1913-02-15,france,3.9375
1913-02-15,germany,5.0
1913-02-15,russia,5.5
1913-02-22,austria_hungary,5.75
1913-02-22,dutch,3.88
1913-02-22,france,3.875
1913-02-22,germany,5.25
1913-02-22,russia,5.5
1913-03-01,austria_hungary,5.75
1913-03-01,dutch,3.75
1913-03-01,france,3.875
1913-03-01,germany,5.5
1913-03-01,russia,5.5
1913-03-08,austria_hungary,5.75
1913-03-08,dutch,3.75
1913-03-08,france,3.875
1913-03-08,germany,5.75
1913-03-08,russia,5.5
1913-03-15,austria_hungary,6.0
1913-03-15,dutch,3.88
1913-03-15,france,4.0
1913-03-15,germany,5.875
1913-03-15,russia,5.5
1913-03-22,austria_hungary,6.0
1913-03-22,dutch,3.88
1913-03-22,france,4.0
1913-03-22,germany,5.875
1913-03-22,russia,5.5
1913-03-29,austria_hungary,6.0
1913-03-29,dutch,4.0
1913-03-29,france,4.0
1913-03-29,germany,6.0
1913-03-29,russia,5.5
1913-04-05,austria_hungary,6.0
1913-04-05,dutch,4.0
1913-04-05,france,4.0
1913-04-05,germany,4.75
1913-04-05,russia,5.5
1913-04-12,austria_hungary,5.8125
1913-04-12,dutch,4.0
1913-04-12,france,4.0
1913-04-12,germany,4.5
1913-04-12,russia,5.5
1913-04-19,austria_hungary,5.875
1913-04-19,dutch,4.0
1913-04-19,france,4.0
1913-04-19,germany,4.5
1913-04-19,russia,5.5
1913-04-26,austria_hungary,5.625
1913-04-26,dutch,3.88
1913-04-26,france,4.0
1913-04-26,germany,4.625
1913-04-26,russia,5.5
1913-05-03,austria_hungary,5.8125
1913-05-03,dutch,4.0
1913-05-03,france,4.0
1913-05-03,germany,5.0
1913-05-03,russia,5.5
1913-05-10,austria_hungary,5.75
1913-05-10,dutch,4.0
1913-05-10,france,4.0
1913-05-10,germany,5.25
1913-05-10,russia,5.5
1913-05-17,austria_hungary,5.6875
1913-05-17,dutch,3.88
1913-05-17,france,4.0
1913-05-17,germany,5.5
1913-05-17,russia,5.5
1913-05-24,austria_hungary,5.875
1913-05-24,dutch,3.88
1913-05-24,france,3.875
1913-05-24,germany,5.25
1913-05-24,russia,5.5
1913-05-31,austria_hungary,5.75
1913-05-31,dutch,3.875
1913-05-31,france,3.875
1913-05-31,germany,5.25
1913-05-31,russia,5.5
1913-06-07,austria_hungary,5.75
1913-06-07,dutch,3.75
1913-06-07,france,3.75
1913-06-07,germany,5.5
1913-06-07,russia,5.5
1913-06-14,austria_hungary,5.875
1913-06-14,dutch,3.75
1913-06-14,france,3.75
1913-06-14,germany,5.5
1913-06-14,russia,5.5
1913-06-21,austria_hungary,5.875
1913-06-21,dutch,3.88
1913-06-21,france,3.75
1913-06-21,germany,5.375
1913-06-21,russia,5.5
1913-06-28,austria_hungary,5.875
1913-06-28,dutch,4.5
1913-06-28,france,3.75
1913-06-28,germany,5.5
1913-06-28,russia,5.5
1913-07-05,austria_hungary,5.875
1913-07-05,dutch,4.63
1913-07-05,france,3.75
1913-07-05,germany,4.375
1913-07-05,russia,5.5
1913-07-12,austria_hungary,5.875
1913-07-12,dutch,4.5
1913-07-12,france,3.75
1913-07-12,germany,4.625
1913-07-12,russia,5.5
1913-07-19,austria_hungary,5.875
1913-07-19,dutch,4.38
1913-07-19,france,3.75
1913-07-19,germany,4.5
1913-07-19,russia,5.5
1913-07-26,austria_hungary,5.875
1913-07-26,dutch,4.25
1913-07-26,france,3.75
1913-07-26,germany,4.75
1913-07-26,russia,5.5
1913-08-02,austria_hungary,5.875
1913-08-02,dutch,4.75
1913-08-02,france,3.0
1913-08-02,germany,4.0
1913-08-02,russia,5.5
1913-08-09,austria_hungary,5.875
1913-08-09,dutch,4.38
1913-08-09,france,3.75
1913-08-09,germany,4.75
1913-08-09,russia,5.5
1913-08-16,austria_hungary,5.875
1913-08-16,dutch,4.5
1913-08-16,france,3.75
1913-08-16,germany,5.0
1913-08-16,russia,5.5
1913-08-23,austria_hungary,5.75
1913-08-23,dutch,4.38
1913-08-23,france,3.75
1913-08-23,germany,5.0
1913-08-23,russia,5.5
1913-08-30,austria_hungary,5.75
1913-08-30,dutch,4.88
1913-08-30,france,3.75
1913-08-30,germany,4.875
1913-08-30,russia,5.5
1913-09-06,austria_hungary,5.8125
1913-09-06,dutch,5.0
1913-09-06,france,3.75
1913-09-06,germany,4.875
1913-09-06,russia,5.5
1913-09-13,austria_hungary,5.75
1913-09-13,dutch,4.5
1913-09-13,france,3.75
1913-09-13,germany,5.375
1913-09-13,russia,5.5
1913-09-20,austria_hungary,5.75
1913-09-20,dutch,4.94
1913-09-20,france,3.75
1913-09-20,germany,5.625
1913-09-20,russia,5.5
1913-09-27,austria_hungary,5.9375
1913-09-27,dutch,4.94
1913-09-27,france,3.75
1913-09-27,germany,5.625
1913-09-27,russia,5.5
1913-10-04,austria_hungary,5.875
1913-10-04,dutch,4.94
1913-10-04,france,3.75
1913-10-04,germany,4.5
1913-10-04,russia,5.5
1913-10-11,austria_hungary,6.0
1913-10-11,dutch,4.94
1913-10-11,france,3.75
1913-10-11,germany,4.75
1913-10-11,russia,5.5
1913-10-18,austria_hungary,5.9375
1913-10-18,dutch,4.88
1913-10-18,france,3.75
1913-10-18,germany,4.875
1913-10-18,russia,5.5
1913-10-25,austria_hungary,5.9375
1913-10-25,dutch,4.88
1913-10-25,france,3.875
1913-10-25,germany,4.625
1913-10-25,russia,5.5
1913-11-01,austria_hungary,5.9375
1913-11-01,dutch,4.88
1913-11-01,france,3.875
1913-11-01,germany,4.75
1913-11-01,russia,5.5
1913-11-08,austria_hungary,5.9375
1913-11-08,dutch,4.88
1913-11-08,france,3.875
1913-11-08,germany,4.5
1913-11-08,russia,5.5
1913-11-15,austria_hungary,5.8125
1913-11-15,dutch,5.0
1913-11-15,france,3.875
1913-11-15,germany,4.375
1913-11-15,russia,5.5
1913-11-22,austria_hungary,5.875
1913-11-22,dutch,4.94
1913-11-22,france,3.75
1913-11-22,germany,4.25
1913-11-22,russia,5.5
1913-11-29,austria_hungary,5.375
1913-11-29,dutch,4.88
1913-11-29,france,3.5
1913-11-29,germany,4.25
1913-11-29,russia,5.5
1913-12-06,austria_hungary,5.375
1913-12-06,dutch,4.88
1913-12-06,france,3.125
1913-12-06,germany,4.375
1913-12-06,russia,5.5
1913-12-13,austria_hungary,5.25
1913-12-13,dutch,4.94
1913-12-13,france,3.5
1913-12-13,germany,4.5
1913-12-13,russia,5.5
1913-12-20,austria_hungary,5.3125
1913-12-20,dutch,4.88
1913-12-20,france,3.625
1913-12-20,germany,4.5
1913-12-20,russia,5.5
1913-12-27,austria_hungary,5.3125
1913-12-27,dutch,4.88
1913-12-27,france,3.625
1913-12-27,germany,4.5
1913-12-27,russia,5.5
1914-01-03,austria_hungary,5.25
1914-01-03,dutch,4.88
1914-01-03,france,3.75
1914-01-03,germany,3.5
1914-01-03,russia,5.5
1914-01-10,austria_hungary,5.25
1914-01-10,dutch,4.75
1914-01-10,france,3.75
1914-01-10,germany,3.5
1914-01-10,russia,5.5
1914-01-17,austria_hungary,5.25
1914-01-17,dutch,4.88
1914-01-17,france,3.375
1914-01-17,germany,3.25
1914-01-17,russia,5.5
1914-01-24,austria_hungary,4.25
1914-01-24,dutch,4.5
1914-01-24,france,3.5
1914-01-24,germany,3.0
1914-01-24,russia,5.5
1914-01-31,austria_hungary,4.25
1914-01-31,dutch,4.38
1914-01-31,france,3.25
1914-01-31,germany,3.0
1914-01-31,russia,5.5
1914-02-07,austria_hungary,4.25
1914-02-07,dutch,4.25
1914-02-07,france,3.25
1914-02-07,germany,3.0
1914-02-07,russia,5.5
1914-02-14,austria_hungary,3.9375
1914-02-14,dutch,4.25
1914-02-14,france,3.0
1914-02-14,germany,3.125
1914-02-14,russia,5.5
1914-02-21,austria_hungary,3.75
1914-02-21,dutch,4.25
1914-02-21,france,2.75
1914-02-21,germany,2.75
1914-02-21,russia,5.5
1914-02-28,austria_hungary,3.4375
1914-02-28,dutch,4.0
1914-02-28,france,2.75
1914-02-28,germany,3.25
1914-02-28,russia,5.5
1914-03-07,austria_hungary,3.4375
1914-03-07,dutch,4.0
1914-03-07,france,2.75
1914-03-07,germany,3.375
1914-03-07,russia,5.5
1914-03-14,austria_hungary,3.4375
1914-03-14,dutch,4.0
1914-03-14,france,2.75
1914-03-14,germany,3.25
1914-03-14,russia,5.5
1914-03-21,austria_hungary,3.25
1914-03-21,dutch,3.25
1914-03-21,france,2.75
1914-03-21,germany,3.375
1914-03-21,russia,5.5
1914-03-28,austria_hungary,3.25
1914-03-28,dutch,3.0
1914-03-28,france,2.75
1914-03-28,germany,3.375
1914-03-28,russia,5.5
1914-04-04,austria_hungary,3.25
1914-04-04,dutch,3.25
1914-04-04,france,3.5
1914-04-04,germany,2.875
1914-04-04,russia,5.0
1914-04-11,austria_hungary,3.375
1914-04-11,dutch,3.25
1914-04-11,france,2.75
1914-04-11,germany,2.375
1914-04-11,russia,5.0
1914-04-18,austria_hungary,3.5
1914-04-18,dutch,3.25
1914-04-18,france,2.75
1914-04-18,germany,2.5
1914-04-18,russia,5.0
1914-04-25,austria_hungary,3.5
1914-04-25,dutch,3.25
1914-04-25,france,2.3125
1914-04-25,germany,2.5
1914-04-25,russia,5.0
1914-05-02,austria_hungary,3.5
1914-05-02,dutch,3.38
1914-05-02,france,2.75
1914-05-02,germany,2.5
1914-05-02,russia,5.0
1914-05-09,austria_hungary,3.375
1914-05-09,dutch,3.38
1914-05-09,france,2.75
1914-05-09,germany,2.5
1914-05-09,russia,5.0
1914-05-16,austria_hungary,3.5
1914-05-16,dutch,3.25
1914-05-16,france,2.75
1914-05-16,germany,2.75
1914-05-16,russia,5.0
1914-05-23,austria_hungary,3.75
1914-05-23,dutch,3.0
1914-05-23,france,2.75
1914-05-23,germany,2.625
1914-05-23,russia,5.0
1914-05-30,austria_hungary,3.25
1914-05-30,dutch,3.0
1914-05-30,france,2.75
1914-05-30,germany,2.75
1914-05-30,russia,5.0
1914-06-06,austria_hungary,3.25
1914-06-06,dutch,3.0
1914-06-06,france,2.75
1914-06-06,germany,2.875
1914-06-06,russia,5.0
1914-06-13,austria_hungary,3.375
1914-06-13,dutch,2.88
1914-06-13,france,2.75
1914-06-13,germany,2.75
1914-06-13,russia,5.0
1914-06-20,austria_hungary,3.25
1914-06-20,dutch,2.75
1914-06-20,france,2.75
1914-06-20,germany,2.875
1914-06-20,russia,5.0
1914-06-27,austria_hungary,3.375
1914-06-27,dutch,3.0
1914-06-27,france,2.75
1914-06-27,germany,2.75
1914-06-27,russia,5.0
