date,series,value
1880-01-02,france,3.6855
1880-01-09,france,3.6697
1880-01-16,france,3.6832
1880-01-23,france,3.6641
1880-01-30,france,3.663
1880-02-06,france,3.6397
1880-02-13,france,3.6472
1880-02-20,france,3.6452
1880-02-27,france,3.6452
1880-03-05,france,3.632
1880-03-12,france,3.6232
1880-03-19,france,3.6243
1880-03-26,france,3.6232
1880-04-02,france,3.595
1880-04-09,france,3.5928
1880-04-16,france,3.5907
1880-04-23,france,3.5971
1880-04-30,france,3.5598
1880-05-07,france,3.5253
1880-05-14,france,3.5201
1880-05-21,france,3.5232
1880-05-28,france,3.5119
1880-06-04,france,3.4904
1880-06-11,france,3.4884
1880-06-18,france,3.4732
1880-06-25,france,3.4945
1880-07-02,france,3.516
1880-07-09,france,3.5129
1880-07-16,france,3.5242
1880-07-23,france,3.5232
1880-07-30,france,3.5492
1880-08-06,france,3.5108
1880-08-13,france,3.5088
1880-08-20,france,3.5088
1880-08-27,france,3.4965
1880-09-03,france,3.4592
1880-09-10,france,3.4513
1880-09-17,france,3.4863
1880-09-24,france,3.5026
1880-10-01,france,3.5149
1880-10-08,france,3.5367
1880-10-15,france,3.5149
1880-10-22,france,3.4985
1880-10-29,france,3.4833
1880-11-05,france,3.4894
1880-11-12,france,3.4996
1880-11-19,france,3.5108
1880-11-26,france,3.4996
1880-12-03,france,3.4934
1880-12-10,france,3.5026
1880-12-17,france,3.5273
1880-12-24,france,3.5346
1880-12-31,france,3.5336
1881-01-07,france,3.5284
1881-01-14,france,3.5263
1881-01-21,france,3.5608
1881-01-28,france,3.564
1881-02-04,france,3.5451
1881-02-11,france,3.5619
1881-02-18,france,3.5608
1881-02-25,france,3.5663
1881-03-04,france,3.5398
1881-03-11,france,3.5108
1881-03-18,france,3.5693
1881-03-25,france,3.544
1881-04-01,france,3.5651
1881-04-08,france,3.5971
1881-04-15,france,3.6036
1881-04-22,france,3.6145
1881-04-29,france,3.5907
1881-05-06,france,3.5242
1881-05-13,france,3.4975
1881-05-20,france,3.4773
1881-05-27,france,3.4793
1881-06-03,france,3.4443
1881-06-10,france,3.4572
1881-06-17,france,3.4803
1881-06-24,france,3.4783
1881-07-01,france,3.4874
1881-07-08,france,3.4843
1881-07-15,france,3.5129
1881-07-22,france,3.518
1881-07-29,france,3.5098
1881-08-05,france,3.4672
1881-08-12,france,3.4924
1881-08-19,france,3.4783
1881-08-26,france,3.4965
1881-09-02,france,3.5026
1881-09-09,france,3.4896
1881-09-16,france,3.5088
1881-09-23,france,3.5377
1881-09-30,france,3.5461
1881-10-07,france,3.56
1881-10-14,france,3.5482
1881-10-21,france,3.5821
1881-10-28,france,3.5661
1881-11-04,france,3.5222
1881-11-11,france,3.4752
1881-11-18,france,3.4803
1881-11-25,france,3.5108
1881-12-02,france,3.5336
1881-12-09,france,3.4924
1881-12-16,france,3.4803
1881-12-23,france,3.5821
1881-12-30,france,3.5778
1882-01-06,france,3.5693
1882-01-13,france,3.5629
1882-01-20,france,3.6254
1882-01-27,france,3.653
1882-02-03,france,3.6474
1882-02-10,france,3.6408
1882-02-17,france,3.6353
1882-02-24,france,3.6221
1882-03-03,france,3.5874
1882-03-10,france,3.5661
1882-03-17,france,3.6079
1882-03-24,france,3.6079
1882-03-31,france,3.6014
1882-04-07,france,3.5896
1882-04-14,france,3.5693
1882-04-21,france,3.5704
1882-04-28,france,3.5821
1882-05-05,france,3.5704
1882-05-12,france,3.5757
1882-05-19,france,3.5736
1882-05-26,france,3.5896
1882-06-02,france,3.6123
1882-06-09,france,3.6101
1882-06-16,france,3.6199
1882-06-23,france,3.6878
1882-06-30,france,3.7083
1882-07-07,france,3.698
1882-07-14,france,3.7003
1882-07-21,france,3.6799
1882-07-28,france,3.6923
1882-08-04,france,3.6832
1882-08-11,france,3.6496
1882-08-18,france,3.6353
1882-08-25,dutch,3.7879
1882-08-25,france,3.6397
1882-09-01,dutch,3.7879
1882-09-01,france,3.6331
1882-09-08,dutch,3.7879
1882-09-08,france,3.6014
1882-09-15,dutch,3.7879
1882-09-15,france,3.5993
1882-09-22,dutch,3.7879
1882-09-22,france,3.6641
1882-09-29,dutch,3.8462
1882-09-29,france,3.6619
1882-10-06,dutch,3.8462
1882-10-06,france,3.6697
1882-10-13,dutch,3.8462
1882-10-13,france,3.6753
1882-10-20,dutch,3.8462
1882-10-20,france,3.6866
1882-10-27,dutch,3.8462
1882-10-27,france,3.7244
1882-11-03,dutch,3.8462
1882-11-03,france,3.743
1882-11-10,dutch,3.7879
1882-11-10,france,3.7198
1882-11-17,dutch,3.7879
1882-11-17,france,3.757
1882-11-24,dutch,3.8462
1882-11-24,france,3.743
1882-12-01,dutch,3.7879
1882-12-01,france,3.7383
1882-12-08,dutch,3.7879
1882-12-08,france,3.7313
1882-12-15,dutch,3.7879
1882-12-15,france,3.7547
1882-12-22,dutch,3.7879
1882-12-22,france,3.7819
1882-12-29,dutch,3.7879
1882-12-29,france,3.7594
1883-01-05,dutch,3.8462
1883-01-05,france,3.7783
1883-01-12,dutch,3.8462
1883-01-12,france,3.7688
1883-01-19,dutch,3.8462
1883-01-19,france,3.7927
1883-01-26,dutch,3.8462
1883-01-26,france,3.8785
1883-02-02,dutch,3.8462
1883-02-02,france,3.8412
1883-02-09,dutch,3.8462
1883-02-09,france,3.7903
1883-02-16,dutch,3.8462
1883-02-16,france,3.7891
1883-02-23,dutch,3.9683
1883-02-23,france,3.7383
1883-03-02,dutch,3.9062
1883-03-02,france,3.6878
1883-03-09,dutch,3.8462
1883-03-09,france,3.6496
1883-03-16,dutch,3.8462
1883-03-16,france,3.6708
1883-03-23,dutch,3.8462
1883-03-23,france,3.7106
1883-03-30,dutch,3.8462
1883-03-30,france,3.7395
1883-04-06,dutch,3.8462
1883-04-06,france,3.7232
1883-04-13,dutch,3.9062
1883-04-13,france,3.7606
1883-04-20,dutch,3.8462
1883-04-20,france,3.7807
1883-04-27,dutch,3.8462
1883-04-27,france,3.7559
1883-05-04,dutch,3.9062
1883-05-04,france,3.7383
1883-05-11,dutch,3.8462
1883-05-11,france,3.7677
1883-05-18,dutch,3.8462
1883-05-18,france,3.75
1883-05-25,dutch,3.8462
1883-05-25,france,3.7406
1883-06-01,dutch,3.8462
1883-06-01,france,3.743
1883-06-08,dutch,3.8462
1883-06-08,france,3.7712
1883-06-15,dutch,3.8462
1883-06-15,france,3.7748
1883-06-22,dutch,3.8462
1883-06-22,france,3.7999
1883-06-29,dutch,3.8462
1883-06-29,france,3.8047
1883-07-06,dutch,3.9062
1883-07-06,france,3.8144
1883-07-13,dutch,3.9062
1883-07-13,france,3.8047
1883-07-20,dutch,3.9062
1883-07-20,france,3.8083
1883-07-27,dutch,3.9062
1883-07-27,france,3.7963
1883-08-03,dutch,3.9062
1883-08-03,france,3.7313
1883-08-10,dutch,3.9062
1883-08-10,france,3.7267
1883-08-17,dutch,3.9062
1883-08-17,france,3.7465
1883-08-24,dutch,3.8462
1883-08-24,france,3.7688
1883-08-31,dutch,3.8462
1883-08-31,france,3.7535
1883-09-07,dutch,3.8462
1883-09-07,france,3.7618
1883-09-14,dutch,3.8462
1883-09-14,france,3.7618
1883-09-21,dutch,3.9062
1883-09-21,france,3.7843
1883-09-28,dutch,3.9062
1883-09-28,france,3.8059
1883-10-05,dutch,3.9683
1883-10-05,france,3.8647
1883-10-12,dutch,3.9683
1883-10-12,france,3.8573
1883-10-19,dutch,3.9683
1883-10-19,france,3.8314
1883-10-26,dutch,3.9062
1883-10-26,france,3.8412
1883-11-02,dutch,3.9062
1883-11-02,france,3.8474
1883-11-09,dutch,3.9062
1883-11-09,france,3.8635
1883-11-16,dutch,3.8462
1883-11-16,france,3.8585
1883-11-23,dutch,3.8462
1883-11-23,france,3.8499
1883-11-30,dutch,3.8462
1883-11-30,france,3.8835
1883-12-07,dutch,3.8462
1883-12-07,france,3.886
1883-12-14,dutch,3.8462
1883-12-14,france,3.9101
1883-12-21,dutch,3.8462
1883-12-21,france,3.9854
1883-12-28,dutch,3.8462
1883-12-28,france,3.9854
1884-01-04,dutch,3.876
1884-01-04,france,3.9788
1884-01-11,dutch,3.8462
1884-01-11,france,3.9088
1884-01-18,dutch,3.8462
1884-01-18,france,3.9101
1884-01-25,dutch,3.8462
1884-01-25,france,3.8772
1884-02-01,dutch,3.8462
1884-02-01,france,3.881
1884-02-08,dutch,3.8462
1884-02-08,france,3.8948
1884-02-15,dutch,3.8462
1884-02-15,france,3.9229
1884-02-22,dutch,3.8462
1884-02-22,france,3.9409
1884-02-29,dutch,3.8462
1884-02-29,france,3.9331
1884-03-07,dutch,3.8462
1884-03-07,france,3.9293
1884-03-14,dutch,3.8462
1884-03-14,france,3.9139
1884-03-21,dutch,3.8462
1884-03-21,france,3.9735
1884-03-28,dutch,3.8168
1884-03-28,france,3.9578
1884-04-04,dutch,3.8168
1884-04-04,france,3.9164
1884-04-11,dutch,3.7879
1884-04-11,france,3.8961
1884-04-18,dutch,3.7879
1884-04-18,france,3.9012
1884-04-25,dutch,3.7879
1884-04-25,france,3.9126
1884-05-02,dutch,3.7313
1884-05-02,france,3.8302
1884-05-09,dutch,3.7313
1884-05-09,france,3.7999
1884-05-16,dutch,3.7313
1884-05-16,france,3.7999
1884-05-23,dutch,3.7313
1884-05-23,france,3.8095
1884-05-30,dutch,3.7313
1884-05-30,france,3.8047
1884-06-06,dutch,3.7313
1884-06-06,france,3.7963
1884-06-13,dutch,3.7879
1884-06-13,france,3.7903
1884-06-20,dutch,3.7879
1884-06-20,france,3.8265
1884-06-27,dutch,3.7879
1884-06-27,france,3.8822
1884-07-04,dutch,3.6765
1884-07-04,france,3.9422
1884-07-11,dutch,3.6765
1884-07-11,france,3.9318
1884-07-18,dutch,3.7313
1884-07-18,france,3.9075
1884-07-25,dutch,3.6765
1884-07-25,france,3.8936
1884-08-01,dutch,3.6765
1884-08-01,france,3.8685
1884-08-08,dutch,3.6765
1884-08-08,france,3.8543
1884-08-15,dutch,3.6232
1884-08-15,france,3.8119
1884-08-22,dutch,3.6765
1884-08-22,france,3.8326
1884-08-29,dutch,3.7037
1884-08-29,france,3.8132
1884-09-05,dutch,3.7037
1884-09-05,france,3.8241
1884-09-12,dutch,3.7879
1884-09-12,france,3.8083
1884-09-19,dutch,3.7879
1884-09-19,france,3.8119
1884-09-26,dutch,3.8462
1884-09-26,france,3.8363
1884-10-03,dutch,3.8462
1884-10-03,france,3.8302
1884-10-10,dutch,3.8462
1884-10-10,france,3.8375
1884-10-17,dutch,3.8462
1884-10-17,france,3.8474
1884-10-24,dutch,3.8462
1884-10-24,france,3.8363
1884-10-31,dutch,3.8462
1884-10-31,france,3.8351
1884-11-07,dutch,3.8462
1884-11-07,france,3.8119
1884-11-14,dutch,3.8462
1884-11-14,france,3.8339
1884-11-21,dutch,3.7879
1884-11-21,france,3.8095
1884-11-28,dutch,3.7879
1884-11-28,france,3.8011
1884-12-05,dutch,3.7879
1884-12-05,france,3.7819
1884-12-12,dutch,3.7879
1884-12-12,france,3.7903
1884-12-19,dutch,3.7879
1884-12-19,france,3.8265
1884-12-26,dutch,3.7879
1884-12-26,france,3.8107
1885-01-02,dutch,3.6765
1885-01-02,france,3.7915
1885-01-09,dutch,3.7879
1885-01-09,france,3.7688
1885-01-16,dutch,3.8462
1885-01-16,france,3.7712
1885-01-23,dutch,3.8462
1885-01-23,france,3.7465
1885-01-30,dutch,3.8462
1885-01-30,france,3.7559
1885-02-06,dutch,3.8462
1885-02-06,france,3.7083
1885-02-13,dutch,3.8462
1885-02-13,france,3.6878
1885-02-20,dutch,3.8462
1885-02-20,france,3.6832
1885-02-27,dutch,3.8462
1885-02-27,france,3.6731
1885-03-06,dutch,3.8462
1885-03-06,france,3.6652
1885-03-13,dutch,3.8462
1885-03-13,france,3.6619
1885-03-20,dutch,3.7879
1885-03-20,france,3.6765
1885-03-27,dutch,3.7879
1885-03-27,france,3.6991
1885-04-03,dutch,3.7879
1885-04-03,france,3.8437
1885-04-10,dutch,3.7879
1885-04-10,france,3.9229
1885-04-17,dutch,3.7879
1885-04-17,france,3.8511
1885-04-24,dutch,3.8462
1885-04-24,france,3.861
1885-05-01,dutch,3.9062
1885-05-01,france,3.8735
1885-05-08,dutch,3.8462
1885-05-08,france,3.776
1885-05-15,dutch,3.8462
1885-05-15,france,3.7523
1885-05-22,dutch,3.7879
1885-05-22,france,3.736
1885-05-29,dutch,3.7879
1885-05-29,france,3.7302
1885-06-05,dutch,3.7879
1885-06-05,france,3.6585
1885-06-12,dutch,3.7879
1885-06-12,france,3.653
1885-06-19,dutch,3.7313
1885-06-19,france,3.6878
1885-06-26,dutch,3.7313
1885-06-26,france,3.6878
1885-07-03,dutch,3.7879
1885-07-03,france,3.7003
1885-07-10,dutch,3.7879
1885-07-10,france,3.6991
1885-07-17,dutch,3.7879
1885-07-17,france,3.7279
1885-07-24,dutch,3.7879
1885-07-24,france,3.7094
1885-07-31,dutch,3.7313
1885-07-31,france,3.6969
1885-08-07,dutch,3.7313
1885-08-07,france,3.7186
1885-08-14,dutch,3.7313
1885-08-14,france,3.7152
1885-08-21,dutch,3.7313
1885-08-21,france,3.7048
1885-08-28,dutch,3.7313
1885-08-28,france,3.6969
1885-09-04,dutch,3.7313
1885-09-04,france,3.6799
1885-09-11,dutch,3.7313
1885-09-11,france,3.6664
1885-09-18,dutch,3.7313
1885-09-18,france,3.6923
1885-09-25,dutch,3.7313
1885-09-25,france,3.7186
1885-10-02,dutch,3.7313
1885-10-02,france,3.7267
1885-10-09,dutch,3.7313
1885-10-09,france,3.7618
1885-10-16,dutch,3.7313
1885-10-16,france,3.7951
1885-10-23,dutch,3.6765
1885-10-23,france,3.7325
1885-10-30,dutch,3.6765
1885-10-30,france,3.7441
1885-11-06,dutch,3.6765
1885-11-06,france,3.7688
1885-11-13,dutch,3.6765
1885-11-13,france,3.7477
1885-11-20,dutch,3.6765
1885-11-20,france,3.757
1885-11-27,dutch,3.6765
1885-11-27,france,3.7594
1885-12-04,dutch,3.6765
1885-12-04,france,3.7302
1885-12-11,dutch,3.6765
1885-12-11,france,3.6957
1885-12-18,dutch,3.6232
1885-12-18,france,3.7383
1885-12-25,dutch,3.6232
1885-12-25,france,3.7465
1886-01-01,dutch,3.6232
1886-01-01,france,3.7406
1886-01-08,dutch,3.6765
1886-01-08,france,3.7048
1886-01-15,dutch,3.6765
1886-01-15,france,3.6844
1886-01-22,dutch,3.6232
1886-01-22,france,3.6866
1886-01-29,dutch,3.5714
1886-01-29,france,3.672
1886-02-05,dutch,3.5714
1886-02-05,france,3.6675
1886-02-12,dutch,3.5714
1886-02-12,france,3.6832
1886-02-19,dutch,3.5714
1886-02-19,france,3.6463
1886-02-26,dutch,3.5211
1886-02-26,france,3.6474
1886-03-05,dutch,3.4722
1886-03-05,france,3.6474
1886-03-12,dutch,3.4247
1886-03-12,france,3.6563
1886-03-19,dutch,3.4722
1886-03-19,france,3.7117
1886-03-26,dutch,3.4722
1886-03-26,france,3.7163
1886-04-02,dutch,3.4722
1886-04-02,france,3.7313
1886-04-09,dutch,3.4722
1886-04-09,france,3.7152
1886-04-16,dutch,3.4722
1886-04-16,france,3.7071
1886-04-23,dutch,3.4722
1886-04-23,france,3.7094
1886-04-30,dutch,3.4722
1886-04-30,france,3.6731
1886-05-07,dutch,3.4722
1886-05-07,france,3.6265
1886-05-14,dutch,3.4722
1886-05-14,france,3.6287
1886-05-21,dutch,3.3333
1886-05-21,france,3.6474
1886-05-28,dutch,3.3333
1886-05-28,france,3.6397
1886-06-04,dutch,3.3784
1886-06-04,france,3.6155
1886-06-11,dutch,3.3784
1886-06-11,france,3.6188
1886-06-18,dutch,3.4247
1886-06-18,france,3.6309
1886-06-25,dutch,3.4247
1886-06-25,france,3.6092
1886-07-02,dutch,3.4722
1886-07-02,france,3.6188
1886-07-09,dutch,3.4247
1886-07-09,france,3.6145
1886-07-16,dutch,3.4247
1886-07-16,france,3.6134
1886-07-23,dutch,3.3557
1886-07-23,france,3.6188
1886-07-30,dutch,3.3333
1886-07-30,france,3.6123
1886-08-06,dutch,3.3333
1886-08-06,france,3.6342
1886-08-13,dutch,3.3333
1886-08-13,france,3.621
1886-08-20,dutch,3.3784
1886-08-20,france,3.6101
1886-08-27,dutch,3.3784
1886-08-27,france,3.6298
1886-09-03,dutch,3.3784
1886-09-03,france,3.6071
1886-09-10,dutch,3.3784
1886-09-10,france,3.5907
1886-09-17,dutch,3.3333
1886-09-17,france,3.6265
1886-09-24,dutch,3.3784
1886-09-24,france,3.6342
1886-10-01,dutch,3.3784
1886-10-01,france,3.6364
1886-10-08,dutch,3.3784
1886-10-08,france,3.6166
1886-10-15,dutch,3.3784
1886-10-15,france,3.6397
1886-10-22,dutch,3.3784
1886-10-22,france,3.6353
1886-10-29,dutch,3.3784
1886-10-29,france,3.6309
1886-11-05,dutch,3.3784
1886-11-05,france,3.6309
1886-11-12,dutch,3.3784
1886-11-12,france,3.6331
1886-11-19,dutch,3.3784
1886-11-19,france,3.6232
1886-11-26,dutch,3.3784
1886-11-26,france,3.6047
1886-12-03,dutch,3.3784
1886-12-03,france,3.5832
1886-12-10,dutch,3.3784
1886-12-10,france,3.5768
1886-12-17,dutch,3.3784
1886-12-17,france,3.6199
1886-12-24,dutch,3.3784
1886-12-24,france,3.6309
1886-12-31,dutch,3.3784
1886-12-31,france,3.6452
1887-01-07,dutch,3.4722
1887-01-07,france,3.6364
1887-01-14,dutch,3.4722
1887-01-14,france,3.6496
1887-01-21,dutch,3.4722
1887-01-21,france,3.6855
1887-01-28,dutch,3.4722
1887-01-28,france,3.7418
1887-02-04,dutch,3.5211
1887-02-04,france,3.95
1887-02-11,dutch,3.5211
1887-02-11,france,3.8573
1887-02-18,dutch,3.5211
1887-02-18,france,3.84
1887-02-25,dutch,3.5211
1887-02-25,france,3.8059
1887-03-04,dutch,3.5211
1887-03-04,france,3.7477
1887-03-11,dutch,3.5211
1887-03-11,france,3.7106
1887-03-18,dutch,3.5211
1887-03-18,france,3.7129
1887-03-25,dutch,3.4722
1887-03-25,france,3.7014
1887-04-01,dutch,3.4722
1887-04-01,france,3.7014
1887-04-08,dutch,3.4722
1887-04-08,france,3.7175
1887-04-15,dutch,3.4722
1887-04-15,france,3.6923
1887-04-22,dutch,3.4722
1887-04-22,france,3.7083
1887-04-29,dutch,3.4722
1887-04-29,france,3.736
1887-05-06,dutch,3.4722
1887-05-06,france,3.7395
1887-05-13,dutch,3.4722
1887-05-13,france,3.7348
1887-05-20,dutch,3.4247
1887-05-20,france,3.7186
1887-05-27,dutch,3.4247
1887-05-27,france,3.6957
1887-06-03,dutch,3.4247
1887-06-03,france,3.6507
1887-06-10,dutch,3.4247
1887-06-10,france,3.6619
1887-06-17,dutch,3.4247
1887-06-17,france,3.7037
1887-06-24,dutch,3.4247
1887-06-24,france,3.6914
1887-07-01,dutch,3.4722
1887-07-01,france,3.7175
1887-07-08,dutch,3.4722
1887-07-08,france,3.6869
1887-07-15,dutch,3.4722
1887-07-15,france,3.6969
1887-07-22,dutch,3.4722
1887-07-22,france,3.6957
1887-07-29,dutch,3.4247
1887-07-29,france,3.6923
1887-08-05,dutch,3.4247
1887-08-05,france,3.6878
1887-08-12,dutch,3.4247
1887-08-12,france,3.6855
1887-08-19,dutch,3.4247
1887-08-19,france,3.6753
1887-08-26,dutch,3.4247
1887-08-26,france,3.663
1887-09-02,dutch,3.4247
1887-09-02,france,3.6574
1887-09-09,dutch,3.4247
1887-09-09,france,3.6474
1887-09-16,dutch,3.4247
1887-09-16,france,3.6597
1887-09-23,dutch,3.4722
1887-09-23,france,3.6765
1887-09-30,dutch,3.4722
1887-09-30,france,3.6742
1887-10-07,dutch,3.4722
1887-10-07,france,3.643
1887-10-14,dutch,3.4722
1887-10-14,france,3.6608
1887-10-21,dutch,3.4722
1887-10-21,france,3.6552
1887-10-28,dutch,3.4722
1887-10-28,france,3.6597
1887-11-04,dutch,3.4722
1887-11-04,france,3.6608
1887-11-11,dutch,3.4722
1887-11-11,france,3.7106
1887-11-18,dutch,3.4722
1887-11-18,france,3.7232
1887-11-25,dutch,3.4722
1887-11-25,france,3.672
1887-12-02,dutch,3.4247
1887-12-02,france,3.6923
1887-12-09,dutch,3.4247
1887-12-09,france,3.6353
1887-12-16,dutch,3.4247
1887-12-16,france,3.6419
1887-12-23,dutch,3.4247
1887-12-23,france,3.6889
1887-12-30,dutch,3.4247
1887-12-30,france,3.6969
1888-01-06,dutch,3.4722
1888-01-06,france,3.6878
1888-01-13,dutch,3.4247
1888-01-13,france,3.7026
1888-01-20,dutch,3.4247
1888-01-20,france,3.698
1888-01-27,dutch,3.4247
1888-01-27,france,3.6821
1888-02-03,dutch,3.4247
1888-02-03,france,3.6799
1888-02-10,dutch,3.4247
1888-02-10,france,3.6934
1888-02-17,dutch,3.4247
1888-02-17,france,3.6675
1888-02-24,dutch,3.4247
1888-02-24,france,3.6597
1888-03-02,dutch,3.4722
1888-03-02,france,3.6386
1888-03-09,dutch,3.4722
1888-03-09,france,3.6375
1888-03-16,dutch,3.4722
1888-03-16,france,3.621
1888-03-23,dutch,3.4722
1888-03-23,france,3.6541
1888-03-30,dutch,3.4722
1888-03-30,france,3.6452
1888-04-06,dutch,3.4722
1888-04-06,france,3.6641
1888-04-13,dutch,3.4722
1888-04-13,france,3.6912
1888-04-20,dutch,3.3784
1888-04-20,france,3.6866
1888-04-27,dutch,3.3333
1888-04-27,france,3.6507
1888-05-04,dutch,3.3333
1888-05-04,france,3.6519
1888-05-11,dutch,3.3333
1888-05-11,france,3.6331
1888-05-18,dutch,3.3333
1888-05-18,france,3.6331
1888-05-25,dutch,3.3333
1888-05-25,france,3.6474
1888-06-01,dutch,3.3333
1888-06-01,france,3.6298
1888-06-08,dutch,3.2895
1888-06-08,france,3.6058
1888-06-15,dutch,3.2468
1888-06-15,france,3.6166
1888-06-22,dutch,3.2468
1888-06-22,france,3.6079
1888-06-29,dutch,3.2468
1888-06-29,france,3.6243
1888-07-06,dutch,3.2468
1888-07-06,france,3.595
1888-07-13,dutch,3.2468
1888-07-13,france,3.595
1888-07-20,dutch,3.2468
1888-07-20,france,3.5971
1888-07-27,dutch,3.2468
1888-07-27,france,3.5842
1888-08-03,dutch,3.2468
1888-08-03,france,3.5939
1888-08-10,dutch,3.2468
1888-08-10,france,3.5874
1888-08-17,dutch,3.2468
1888-08-17,france,3.5832
1888-08-24,dutch,3.2468
1888-08-24,france,3.5896
1888-08-31,dutch,3.2468
1888-08-31,france,3.5736
1888-09-07,dutch,3.2895
1888-09-07,france,3.5556
1888-09-14,dutch,3.2895
1888-09-14,france,3.5619
1888-09-21,dutch,3.2895
1888-09-21,france,3.5928
1888-09-28,dutch,3.2895
1888-09-28,france,3.5993
1888-10-05,dutch,3.2895
1888-10-05,france,3.6298
1888-10-12,dutch,3.3333
1888-10-12,france,3.6375
1888-10-19,dutch,3.3333
1888-10-19,france,3.6353
1888-10-26,dutch,3.3333
1888-10-26,france,3.6309
1888-11-02,dutch,3.3333
1888-11-02,france,3.6353
1888-11-09,dutch,3.3333
1888-11-09,france,3.6221
1888-11-16,dutch,3.2895
1888-11-16,france,3.6047
1888-11-23,dutch,3.2895
1888-11-23,france,3.6112
1888-11-30,dutch,3.2895
1888-11-30,france,3.6166
1888-12-07,dutch,3.2895
1888-12-07,france,3.6069
1888-12-14,dutch,3.2895
1888-12-14,france,3.609
1888-12-21,dutch,3.2895
1888-12-21,france,3.632
1888-12-28,dutch,3.2895
1888-12-28,france,3.6265
1889-01-04,dutch,3.2051
1889-01-04,france,3.6123
1889-01-11,dutch,3.3333
1889-01-11,france,3.621
1889-01-18,dutch,3.3333
1889-01-18,france,3.6145
1889-01-25,dutch,3.3333
1889-01-25,france,3.6177
1889-02-01,dutch,3.3333
1889-02-01,france,3.6155
1889-02-08,dutch,3.3333
1889-02-08,france,3.5874
1889-02-15,dutch,3.3333
1889-02-15,france,3.5864
1889-02-22,dutch,3.3333
1889-02-22,france,3.5646
1889-03-01,dutch,3.3333
1889-03-01,france,3.516
1889-03-08,dutch,3.3333
1889-03-08,france,3.5139
1889-03-15,dutch,3.3333
1889-03-15,france,3.5067
1889-03-22,dutch,3.3333
1889-03-22,france,3.5315
1889-03-29,dutch,3.3333
1889-03-29,france,3.5006
1889-04-05,dutch,3.3333
1889-04-05,france,3.5182
1889-04-12,dutch,3.3333
1889-04-12,france,3.4894
1889-04-19,dutch,3.2895
1889-04-19,france,3.4493
1889-04-26,dutch,3.2468
1889-04-26,france,3.4423
1889-05-03,dutch,3.2051
1889-05-03,france,3.4198
1889-05-10,dutch,3.2051
1889-05-10,france,3.412
1889-05-17,dutch,3.2051
1889-05-17,france,3.4247
1889-05-24,dutch,3.1646
1889-05-24,france,3.4345
1889-05-31,dutch,3.1646
1889-05-31,france,3.4602
1889-06-07,dutch,3.1646
1889-06-07,france,3.4642
1889-06-14,dutch,3.1646
1889-06-14,france,3.4762
1889-06-21,dutch,3.1646
1889-06-21,france,3.5047
1889-06-28,dutch,3.1646
1889-06-28,france,3.5566
1889-07-05,dutch,3.2051
1889-07-05,france,3.5693
1889-07-12,dutch,3.2051
1889-07-12,france,3.5993
1889-07-19,dutch,3.2051
1889-07-19,france,3.58
1889-07-26,dutch,3.2051
1889-07-26,france,3.5757
1889-08-02,dutch,3.2051
1889-08-02,france,3.5471
1889-08-09,dutch,3.1646
1889-08-09,france,3.5232
1889-08-16,dutch,3.1646
1889-08-16,france,3.5513
1889-08-23,dutch,3.125
1889-08-23,france,3.4955
1889-08-30,dutch,3.1646
1889-08-30,france,3.5119
1889-09-06,dutch,3.1646
1889-09-06,france,3.4924
1889-09-13,dutch,3.1646
1889-09-13,france,3.4783
1889-09-20,dutch,3.1646
1889-09-20,france,3.5016
1889-09-27,dutch,3.1646
1889-09-27,france,3.4722
1889-10-04,dutch,3.1646
1889-10-04,france,3.4394
1889-10-11,dutch,3.125
1889-10-11,france,3.4266
1889-10-18,dutch,3.125
1889-10-18,france,3.4178
1889-10-25,dutch,3.125
1889-10-25,france,3.4276
1889-11-01,dutch,3.125
1889-11-01,france,3.4443
1889-11-08,dutch,3.125
1889-11-08,france,3.4423
1889-11-15,dutch,3.0864
1889-11-15,france,3.4305
1889-11-22,dutch,3.0864
1889-11-22,france,3.4178
1889-11-29,dutch,3.0864
1889-11-29,france,3.4227
1889-12-06,dutch,3.0488
1889-12-06,france,3.4198
1889-12-13,dutch,3.0488
1889-12-13,france,3.3965
1889-12-20,dutch,2.9762
1889-12-20,france,3.4217
1889-12-27,dutch,3.012
1889-12-27,france,3.4159
1890-01-03,dutch,3.0488
1890-01-03,france,3.4188
1890-01-03,russia,4.3011
1890-01-10,dutch,3.0864
1890-01-10,france,3.4266
1890-01-10,russia,4.2667
1890-01-17,dutch,3.0488
1890-01-17,france,3.4296
1890-01-17,russia,4.2328
1890-01-24,dutch,3.0488
1890-01-24,france,3.4159
1890-01-24,russia,4.2328
1890-01-31,dutch,3.0488
1890-01-31,france,3.4101
1890-01-31,russia,4.2328
1890-02-07,dutch,3.0488
1890-02-07,france,3.4227
1890-02-07,russia,4.2384
1890-02-14,dutch,3.0488
1890-02-14,france,3.413
1890-02-14,russia,4.2553
1890-02-21,dutch,3.0488
1890-02-21,france,3.4091
1890-02-21,russia,4.2781
1890-02-28,dutch,3.0864
1890-02-28,france,3.3956
1890-02-28,russia,4.2667
1890-03-07,dutch,3.125
1890-03-07,france,3.3956
1890-03-07,russia,4.244
1890-03-14,dutch,3.125
1890-03-14,france,3.3831
1890-03-14,russia,4.2105
1890-03-21,dutch,3.125
1890-03-21,france,3.4149
1890-03-21,russia,4.244
1890-03-28,dutch,3.125
1890-03-28,france,3.4101
1890-03-28,russia,4.2328
1890-04-04,dutch,3.0864
1890-04-04,france,3.3889
1890-04-04,russia,4.2328
1890-04-11,dutch,3.0864
1890-04-11,france,3.3736
1890-04-11,russia,4.2216
1890-04-18,dutch,3.0864
1890-04-18,france,3.3651
1890-04-18,russia,4.1721
1890-04-25,dutch,3.0864
1890-04-25,france,3.3689
1890-04-25,russia,4.1721
1890-05-02,dutch,3.0864
1890-05-02,france,3.3557
1890-05-02,russia,4.1237
1890-05-09,dutch,3.0488
1890-05-09,france,3.3623
1890-05-09,russia,4.0712
1890-05-16,dutch,3.0488
1890-05-16,france,3.351
1890-05-16,russia,4.0302
1890-05-23,dutch,3.0488
1890-05-23,france,3.3315
1890-05-23,russia,4.0404
1890-05-30,dutch,3.0488
1890-05-30,france,3.3067
1890-05-30,russia,4.0201
1890-06-06,dutch,3.0488
1890-06-06,france,3.2582
1890-06-06,russia,4.0302
1890-06-13,dutch,3.0488
1890-06-13,france,3.2415
1890-06-13,russia,4.0404
1890-06-20,dutch,3.0488
1890-06-20,france,3.268
1890-06-20,russia,4.0712
1890-06-27,dutch,3.0488
1890-06-27,france,3.2671
1890-06-27,russia,4.0712
1890-07-04,dutch,3.0864
1890-07-04,france,3.294
1890-07-04,russia,4.1131
1890-07-11,dutch,3.125
1890-07-11,france,3.2931
1890-07-11,russia,4.1344
1890-07-18,dutch,3.1646
1890-07-18,france,3.2698
1890-07-18,russia,4.1026
1890-07-25,dutch,3.1646
1890-07-25,france,3.2354
1890-07-25,russia,4.0816
1890-08-01,dutch,3.1646
1890-08-01,france,3.2415
1890-08-01,russia,4.1026
1890-08-08,dutch,3.1646
1890-08-08,france,3.194
1890-08-08,russia,4.0816
1890-08-15,dutch,3.1646
1890-08-15,france,3.1729
1890-08-15,russia,4.0506
1890-08-22,dutch,3.1646
1890-08-22,france,3.1671
1890-08-22,russia,4.0302
1890-08-29,dutch,3.1646
1890-08-29,france,3.1687
1890-08-29,russia,4.0201
1890-09-05,dutch,3.1646
1890-09-05,france,3.1234
1890-09-05,russia,4.0201
1890-09-12,dutch,3.1646
1890-09-12,france,3.1381
1890-09-12,russia,4.0201
1890-09-19,dutch,3.1646
1890-09-19,france,3.1654
1890-09-19,russia,4.01
1890-09-26,dutch,3.2051
1890-09-26,france,3.1364
1890-09-26,russia,4.0201
1890-10-03,dutch,3.1646
1890-10-03,france,3.1654
1890-10-03,russia,4.0609
1890-10-10,dutch,3.1646
1890-10-10,france,3.1637
1890-10-10,russia,4.0609
1890-10-17,dutch,3.2051
1890-10-17,france,3.2077
1890-10-17,russia,4.0921
1890-10-24,dutch,3.2051
1890-10-24,france,3.1754
1890-10-24,russia,4.0921
1890-10-31,dutch,3.2051
1890-10-31,france,3.1906
1890-10-31,russia,4.0816
1890-11-07,dutch,3.1646
1890-11-07,france,3.1646
1890-11-07,russia,4.0921
1890-11-14,dutch,3.2051
1890-11-14,france,3.1537
1890-11-14,russia,4.0921
1890-11-21,dutch,3.2468
1890-11-21,france,3.1704
1890-11-21,russia,4.0816
1890-11-28,dutch,3.2051
1890-11-28,france,3.1529
1890-11-28,russia,4.0816
1890-12-05,dutch,3.2051
1890-12-05,france,3.1414
1890-12-05,russia,4.0506
1890-12-12,dutch,3.2051
1890-12-12,france,3.1226
1890-12-12,russia,4.0506
1890-12-19,dutch,3.2051
1890-12-19,france,3.1546
1890-12-19,russia,4.0302
1890-12-26,dutch,3.2051
1890-12-26,france,3.1654
1890-12-26,russia,4.0816
1891-01-02,dutch,3.2051
1891-01-02,france,3.1562
1891-01-02,russia,4.0609
1891-01-09,dutch,3.2051
1891-01-09,france,3.148
1891-01-09,russia,4.0712
1891-01-16,dutch,3.2051
1891-01-16,france,3.1463
1891-01-16,russia,4.0609
1891-01-23,dutch,3.2051
1891-01-23,france,3.1397
1891-01-23,russia,4.0506
1891-01-30,dutch,3.2051
1891-01-30,france,3.1397
1891-01-30,russia,4.0302
1891-02-06,dutch,3.2051
1891-02-06,france,3.143
1891-02-06,russia,4.0201
1891-02-13,dutch,3.2051
1891-02-13,france,3.134
1891-02-13,russia,4.01
1891-02-20,dutch,3.2051
1891-02-20,france,3.1315
1891-02-20,russia,4.0
1891-02-27,dutch,3.1646
1891-02-27,france,3.1521
1891-02-27,russia,4.01
1891-03-06,dutch,3.1646
1891-03-06,france,3.1389
1891-03-06,russia,4.0
1891-03-13,dutch,3.1646
1891-03-13,france,3.1488
1891-03-13,russia,4.0
1891-03-20,dutch,3.2051
1891-03-20,france,3.1621
1891-03-20,russia,3.99
1891-03-27,dutch,3.2051
1891-03-27,france,3.1596
1891-03-27,russia,3.99
1891-04-03,dutch,3.2051
1891-04-03,france,3.1546
1891-04-03,russia,4.0404
1891-04-10,dutch,3.2051
1891-04-10,france,3.1596
1891-04-10,russia,4.0404
1891-04-17,dutch,3.2051
1891-04-17,france,3.1612
1891-04-17,russia,4.0302
1891-04-24,dutch,3.2051
1891-04-24,france,3.1654
1891-04-24,russia,4.0404
1891-05-01,dutch,3.2468
1891-05-01,france,3.1654
1891-05-01,russia,4.0404
1891-05-08,dutch,3.2468
1891-05-08,france,3.1983
1891-05-08,russia,4.1558
1891-05-15,dutch,3.2468
1891-05-15,france,3.2216
1891-05-15,russia,4.1558
1891-05-22,dutch,3.2468
1891-05-22,france,3.2086
1891-05-22,russia,4.1451
1891-05-29,dutch,3.2468
1891-05-29,france,3.183
1891-05-29,russia,4.1026
1891-06-05,dutch,3.2051
1891-06-05,france,3.143
1891-06-05,russia,4.0609
1891-06-12,dutch,3.2051
1891-06-12,france,3.1307
1891-06-12,russia,4.0302
1891-06-19,dutch,3.2051
1891-06-19,france,3.1529
1891-06-19,russia,4.0302
1891-06-26,dutch,3.1646
1891-06-26,france,3.1546
1891-06-26,russia,4.0302
1891-07-03,dutch,3.2051
1891-07-03,france,3.1562
1891-07-03,russia,4.1131
1891-07-10,dutch,3.2051
1891-07-10,france,3.148
1891-07-10,russia,4.1026
1891-07-17,dutch,3.2051
1891-07-17,france,3.1513
1891-07-17,russia,4.1026
1891-07-24,dutch,3.2051
1891-07-24,france,3.1447
1891-07-24,russia,4.1131
1891-07-31,dutch,3.2051
1891-07-31,france,3.1539
1891-07-31,russia,4.1451
1891-08-07,dutch,3.2051
1891-08-07,france,3.1488
1891-08-07,russia,4.1131
1891-08-14,dutch,3.2468
1891-08-14,france,3.1513
1891-08-14,russia,4.1667
1891-08-21,dutch,3.2468
1891-08-21,france,3.1471
1891-08-21,russia,4.1451
1891-08-28,dutch,3.2468
1891-08-28,france,3.143
1891-08-28,russia,4.1451
1891-09-04,dutch,3.2051
1891-09-04,france,3.1242
1891-09-04,russia,4.1026
1891-09-11,dutch,3.2051
1891-09-11,france,3.1104
1891-09-11,russia,4.0609
1891-09-18,dutch,3.2051
1891-09-18,france,3.1391
1891-09-18,russia,4.0816
1891-09-25,dutch,3.2468
1891-09-25,france,3.1193
1891-09-25,russia,4.0712
1891-10-02,dutch,3.2468
1891-10-02,france,3.1258
1891-10-02,russia,4.1237
1891-10-09,dutch,3.2468
1891-10-09,france,3.1266
1891-10-09,russia,4.1451
1891-10-16,dutch,3.2468
1891-10-16,france,3.1193
1891-10-16,russia,4.1237
1891-10-23,dutch,3.2468
1891-10-23,france,3.1307
1891-10-23,russia,4.1885
1891-10-30,dutch,3.2051
1891-10-30,france,3.1242
1891-10-30,russia,4.2328
1891-11-06,dutch,3.2051
1891-11-06,france,3.1529
1891-11-06,russia,4.336
1891-11-13,dutch,3.2051
1891-11-13,france,3.1612
1891-11-13,russia,4.4444
1891-11-20,dutch,3.2895
1891-11-20,france,3.1839
1891-11-20,russia,4.4017
1891-11-27,dutch,3.2895
1891-11-27,france,3.148
1891-11-27,russia,4.336
1891-12-04,dutch,3.2468
1891-12-04,france,3.134
1891-12-04,russia,4.261
1891-12-11,dutch,3.2468
1891-12-11,france,3.1307
1891-12-11,russia,4.2384
1891-12-18,dutch,3.2468
1891-12-18,france,3.1496
1891-12-18,russia,4.2161
1891-12-25,dutch,3.2468
1891-12-25,france,3.1513
1891-12-25,russia,4.1995
1892-01-01,dutch,3.2051
1892-01-01,france,3.1604
1892-01-01,russia,4.2328
1892-01-08,dutch,3.2468
1892-01-08,france,3.1496
1892-01-08,russia,4.2667
1892-01-15,dutch,3.2468
1892-01-15,france,3.1529
1892-01-15,russia,4.3069
1892-01-22,dutch,3.2468
1892-01-22,france,3.1471
1892-01-22,russia,4.2838
1892-01-29,dutch,3.2468
1892-01-29,france,3.1471
1892-01-29,russia,4.2724
1892-02-05,dutch,3.2468
1892-02-05,france,3.1414
1892-02-05,russia,4.2553
1892-02-12,dutch,3.2468
1892-02-12,france,3.134
1892-02-12,russia,4.3069
1892-02-19,dutch,3.2468
1892-02-19,france,3.1291
1892-02-19,russia,4.3011
1892-02-26,dutch,3.2468
1892-02-26,france,3.1234
1892-02-26,russia,4.3243
1892-03-04,dutch,3.2468
1892-03-04,france,3.1096
1892-03-04,russia,4.2724
1892-03-11,dutch,3.2468
1892-03-11,france,3.0992
1892-03-11,russia,4.261
1892-03-18,dutch,3.2468
1892-03-18,france,3.1201
1892-03-18,russia,4.3243
1892-03-25,dutch,3.2051
1892-03-25,france,3.1088
1892-03-25,russia,4.2781
1892-04-01,dutch,3.2051
1892-04-01,france,3.0992
1892-04-01,russia,4.3069
1892-04-08,dutch,3.2051
1892-04-08,france,3.0976
1892-04-08,russia,4.2895
1892-04-15,dutch,3.2051
1892-04-15,france,3.0976
1892-04-15,russia,4.3127
1892-04-22,dutch,3.2051
1892-04-22,france,3.1016
1892-04-22,russia,4.2838
1892-04-29,dutch,3.2051
1892-04-29,france,3.0984
1892-04-29,russia,4.2553
1892-05-06,dutch,3.2051
1892-05-06,france,3.088
1892-05-06,russia,4.1995
1892-05-13,dutch,3.2051
1892-05-13,france,3.0698
1892-05-13,russia,4.1775
1892-05-20,dutch,3.2051
1892-05-20,france,3.0667
1892-05-20,russia,4.1505
1892-05-27,dutch,3.2051
1892-05-27,france,3.0565
1892-05-27,russia,4.1237
1892-06-03,dutch,3.2051
1892-06-03,france,3.0519
1892-06-03,russia,4.1237
1892-06-10,dutch,3.2051
1892-06-10,france,3.0242
1892-06-10,russia,4.1237
1892-06-17,dutch,3.2051
1892-06-17,france,3.003
1892-06-17,russia,4.1026
1892-06-24,dutch,3.2051
1892-06-24,france,3.0166
1892-06-24,russia,4.129
1892-07-01,dutch,3.2051
1892-07-01,france,3.0349
1892-07-01,russia,4.1775
1892-07-08,dutch,3.2051
1892-07-08,france,3.0364
1892-07-08,russia,4.2272
1892-07-15,dutch,3.2051
1892-07-15,france,3.0558
1892-07-15,russia,4.2161
1892-07-22,dutch,3.2051
1892-07-22,france,3.0503
1892-07-22,russia,4.1775
1892-07-29,dutch,3.2051
1892-07-29,france,3.0503
1892-07-29,russia,4.1885
1892-08-05,dutch,3.2051
1892-08-05,france,3.0257
1892-08-05,russia,4.1721
1892-08-12,dutch,3.2051
1892-08-12,france,3.0151
1892-08-12,russia,4.1612
1892-08-19,dutch,3.2051
1892-08-19,france,3.006
1892-08-19,russia,4.1397
1892-08-26,dutch,3.2051
1892-08-26,france,3.006
1892-08-26,russia,4.1505
1892-09-02,dutch,3.2051
1892-09-02,france,2.994
1892-09-02,russia,4.129
1892-09-09,dutch,3.2051
1892-09-09,france,2.9828
1892-09-09,russia,4.1078
1892-09-23,dutch,3.1646
1892-09-23,france,3.003
1892-09-23,russia,4.0764
1892-09-30,dutch,3.1646
1892-09-30,france,3.0038
1892-09-30,russia,4.0661
1892-10-07,dutch,3.1646
1892-10-07,france,3.0151
1892-10-07,russia,4.1078
1892-10-14,dutch,3.1646
1892-10-14,france,3.0219
1892-10-14,russia,4.1026
1892-10-21,dutch,3.1646
1892-10-21,france,3.0257
1892-10-21,russia,4.1078
1892-10-28,dutch,3.1646
1892-10-28,france,3.0242
1892-10-28,russia,4.1451
1892-11-04,dutch,3.1646
1892-11-04,france,3.0311
1892-11-04,russia,4.1344
1892-11-11,dutch,3.1646
1892-11-11,france,3.0136
1892-11-11,russia,4.1184
1892-11-18,dutch,3.1646
1892-11-18,france,3.0181
1892-11-18,russia,4.1026
1892-11-25,dutch,3.1646
1892-11-25,france,3.0105
1892-11-25,russia,4.0921
1892-12-02,dutch,3.1646
1892-12-02,france,3.0311
1892-12-02,russia,4.1078
1892-12-09,dutch,3.1646
1892-12-09,france,2.9993
1892-12-09,russia,4.0506
1892-12-16,dutch,3.0488
1892-12-16,france,3.0128
1892-12-16,russia,4.0558
1892-12-23,dutch,3.0488
1892-12-23,france,3.0488
1892-12-23,russia,4.0455
1892-12-30,dutch,3.0488
1892-12-30,france,3.1072
1892-12-30,russia,4.0921
1893-01-06,dutch,3.0864
1893-01-06,france,3.1788
1893-01-06,russia,4.1451
1893-01-13,dutch,3.0864
1893-01-13,france,3.1579
1893-01-13,russia,4.1184
1893-01-20,dutch,3.0864
1893-01-20,france,3.1177
1893-01-20,russia,4.0868
1893-01-27,dutch,3.0864
1893-01-27,france,3.0984
1893-01-27,russia,4.0816
1893-02-03,dutch,3.0864
1893-02-03,france,3.0612
1893-02-03,russia,4.0661
1893-02-10,dutch,3.0864
1893-02-10,france,3.0612
1893-02-10,russia,4.0455
1893-02-17,dutch,3.0864
1893-02-17,france,3.0449
1893-02-17,russia,4.0201
1893-02-24,dutch,3.012
1893-02-24,france,3.0573
1893-02-24,russia,4.0252
1893-03-03,dutch,3.012
1893-03-03,france,3.0589
1893-03-03,russia,4.0252
1893-03-10,dutch,3.012
1893-03-10,france,3.0659
1893-03-10,russia,4.0201
1893-03-17,dutch,3.012
1893-03-17,france,3.0944
1893-03-17,russia,4.0302
1893-03-24,dutch,3.012
1893-03-24,france,3.0825
1893-03-24,russia,4.0151
1893-03-31,dutch,3.012
1893-03-31,france,3.0984
1893-03-31,russia,4.005
1893-04-07,dutch,3.012
1893-04-07,france,3.092
1893-04-07,russia,4.0609
1893-04-14,dutch,3.012
1893-04-14,france,3.1299
1893-04-14,russia,4.0609
1893-04-21,dutch,3.012
1893-04-21,france,3.1104
1893-04-21,russia,4.0455
1893-04-28,dutch,2.9762
1893-04-28,france,3.1201
1893-04-28,russia,4.0404
1893-05-05,dutch,2.9762
1893-05-05,france,3.0872
1893-05-05,russia,4.0404
1893-05-12,dutch,2.9762
1893-05-12,france,3.1008
1893-05-12,russia,4.0404
1893-05-19,dutch,2.9762
1893-05-19,france,3.088
1893-05-19,russia,4.0455
1893-05-26,dutch,2.9762
1893-05-26,france,3.0769
1893-05-26,russia,4.0404
1893-06-02,dutch,3.0488
1893-06-02,france,3.0542
1893-06-02,russia,4.005
1893-06-09,dutch,3.0488
1893-06-09,france,3.0472
1893-06-09,russia,3.9851
1893-06-16,dutch,3.0488
1893-06-16,france,3.038
1893-06-16,russia,3.9851
1893-06-23,dutch,3.0488
1893-06-23,france,3.0769
1893-06-23,russia,3.9851
1893-06-30,dutch,3.0488
1893-06-30,france,3.0769
1893-06-30,russia,3.99
1893-07-07,dutch,3.0864
1893-07-07,france,3.0667
1893-07-07,russia,4.0302
1893-07-14,dutch,3.0864
1893-07-14,france,3.0698
1893-07-14,russia,4.0252
1893-07-21,dutch,3.125
1893-07-21,france,3.0597
1893-07-21,russia,4.0353
1893-07-28,dutch,3.0864
1893-07-28,france,3.073
1893-07-28,russia,4.0302
1893-08-04,dutch,3.0864
1893-08-04,france,3.0387
1893-08-04,russia,4.0404
1893-08-11,dutch,3.0864
1893-08-11,france,3.0295
1893-08-11,russia,4.01
1893-08-18,dutch,3.0864
1893-08-18,france,3.0173
1893-08-18,russia,4.01
1893-08-25,dutch,3.125
1893-08-25,france,3.0257
1893-08-25,russia,4.0201
1893-09-01,dutch,3.125
1893-09-01,france,3.0204
1893-09-01,russia,3.9702
1893-09-08,dutch,3.0864
1893-09-08,france,3.0128
1893-09-08,russia,3.9702
1893-09-15,dutch,3.0864
1893-09-15,france,3.0227
1893-09-15,russia,3.9702
1893-09-22,dutch,3.0864
1893-09-22,france,3.048
1893-09-22,russia,3.99
1893-09-29,dutch,3.0864
1893-09-29,france,3.0457
1893-09-29,russia,3.99
1893-10-06,dutch,3.0864
1893-10-06,france,3.0589
1893-10-06,russia,4.0404
1893-10-13,dutch,3.0864
1893-10-13,france,3.0472
1893-10-13,russia,4.01
1893-10-20,dutch,3.0864
1893-10-20,france,3.0511
1893-10-20,russia,4.0201
1893-10-27,dutch,3.0864
1893-10-27,france,3.0511
1893-10-27,russia,4.01
1893-11-03,dutch,3.0864
1893-11-03,france,3.0534
1893-11-03,russia,4.0201
1893-11-10,dutch,3.0864
1893-11-10,france,3.0257
1893-11-10,russia,3.99
1893-11-17,dutch,3.0864
1893-11-17,france,3.0272
1893-11-17,russia,3.9702
1893-11-24,dutch,2.9762
1893-11-24,france,3.0311
1893-11-24,russia,3.9604
1893-12-01,dutch,3.0488
1893-12-01,france,3.0242
1893-12-01,russia,3.9604
1893-12-08,dutch,3.0864
1893-12-08,france,3.0242
1893-12-08,russia,3.9604
1893-12-15,dutch,3.0488
1893-12-15,france,3.0303
1893-12-15,russia,3.99
1893-12-22,dutch,3.0488
1893-12-22,france,3.0497
1893-12-22,russia,3.9801
1893-12-29,dutch,3.0488
1893-12-29,france,3.0575
1893-12-29,russia,3.9801
1894-01-05,dutch,3.012
1894-01-05,france,3.0558
1894-01-05,russia,4.0
1894-01-12,dutch,3.012
1894-01-12,france,3.0581
1894-01-12,russia,4.0
1894-01-19,dutch,2.9762
1894-01-19,france,3.0542
1894-01-19,russia,3.9801
1894-01-26,dutch,2.9762
1894-01-26,france,3.0872
1894-01-26,russia,3.9801
1894-02-02,dutch,2.9762
1894-02-02,france,3.0801
1894-02-02,russia,3.9801
1894-02-09,dutch,2.9762
1894-02-09,france,3.0597
1894-02-09,russia,3.9702
1894-02-16,dutch,2.9762
1894-02-16,france,3.0441
1894-02-16,russia,3.9604
1894-02-23,dutch,2.9412
1894-02-23,france,3.0349
1894-02-23,russia,3.9604
1894-03-02,dutch,2.8409
1894-03-02,france,3.0151
1894-03-02,russia,3.9506
1894-03-09,dutch,2.8409
1894-03-09,france,3.0364
1894-03-09,russia,3.9409
1894-03-16,dutch,2.8409
1894-03-16,france,3.0166
1894-03-16,russia,3.9604
1894-03-23,dutch,2.8736
1894-03-23,france,3.0211
1894-03-23,russia,3.9506
1894-03-30,dutch,2.8736
1894-03-30,france,3.0196
1894-03-30,russia,3.9409
1894-04-06,dutch,2.8736
1894-04-06,france,3.0272
1894-04-06,russia,3.9801
1894-04-13,dutch,2.8736
1894-04-13,france,3.0234
1894-04-13,russia,3.9801
1894-04-20,dutch,2.8736
1894-04-20,france,3.012
1894-04-20,russia,3.9801
1894-04-27,dutch,2.8409
1894-04-27,france,3.006
1894-04-27,russia,3.9604
1894-05-04,dutch,2.8409
1894-05-04,france,2.994
1894-05-04,russia,3.9604
1894-05-11,dutch,2.8409
1894-05-11,france,2.9836
1894-05-11,russia,3.9409
1894-05-18,dutch,2.8409
1894-05-18,france,2.9718
1894-05-18,russia,3.9312
1894-05-25,dutch,2.8409
1894-05-25,france,2.9755
1894-05-25,russia,3.9216
1894-06-01,dutch,2.8409
1894-06-01,france,2.9806
1894-06-01,russia,3.9312
1894-06-08,dutch,2.8409
1894-06-08,france,2.9777
1894-06-08,russia,3.9216
1894-06-15,dutch,2.809
1894-06-15,france,2.9777
1894-06-15,russia,3.9216
1894-06-22,dutch,2.809
1894-06-22,france,2.9873
1894-06-22,russia,3.9216
1894-06-29,dutch,2.809
1894-06-29,france,2.9873
1894-06-29,russia,3.912
1894-07-06,dutch,2.8409
1894-07-06,france,2.9762
1894-07-06,russia,3.9409
1894-07-13,dutch,2.8409
1894-07-13,france,2.9747
1894-07-13,russia,3.9409
1894-07-20,dutch,2.8409
1894-07-20,france,2.9637
1894-07-20,russia,3.9312
1894-07-27,dutch,2.809
1894-07-27,france,2.9542
1894-07-27,russia,3.9506
1894-08-03,dutch,2.809
1894-08-03,france,2.9376
1894-08-03,russia,3.9506
1894-08-10,dutch,2.7473
1894-08-10,france,2.9338
1894-08-10,russia,3.9409
1894-08-24,dutch,2.7473
1894-08-24,france,2.9049
1894-08-24,germany,3.2258
1894-08-24,russia,3.9312
1894-08-31,dutch,2.7473
1894-08-31,france,2.8881
1894-08-31,germany,3.1579
1894-08-31,russia,3.9216
1894-09-07,dutch,2.7473
1894-09-07,france,2.8777
1894-09-07,germany,3.1579
1894-09-07,russia,3.8929
1894-09-14,dutch,2.7174
1894-09-14,france,2.8681
1894-09-14,germany,3.125
1894-09-14,russia,3.8647
1894-09-21,dutch,2.7174
1894-09-21,france,2.9056
1894-09-21,germany,3.1414
1894-09-21,russia,3.8835
1894-09-28,dutch,2.7473
1894-09-28,france,2.9211
1894-09-28,germany,3.1414
1894-09-28,russia,3.9216
1894-10-05,dutch,2.7473
1894-10-05,france,2.9304
1894-10-05,germany,3.2258
1894-10-05,russia,4.0506
1894-10-12,dutch,2.7473
1894-10-12,france,2.9441
1894-10-12,germany,3.2086
1894-10-12,russia,4.01
1894-10-19,dutch,2.7473
1894-10-19,france,2.9637
1894-10-19,germany,3.2258
1894-10-19,russia,4.0609
1894-10-26,dutch,2.7473
1894-10-26,france,2.96
1894-10-26,germany,3.2258
1894-10-26,russia,4.0201
1894-11-02,dutch,2.7473
1894-11-02,france,2.9528
1894-11-02,germany,3.1915
1894-11-02,russia,3.99
1894-11-09,dutch,2.7174
1894-11-09,france,2.9204
1894-11-09,germany,3.1915
1894-11-09,russia,3.9506
1894-11-16,dutch,2.7174
1894-11-16,france,2.9254
1894-11-16,germany,3.1915
1894-11-16,russia,3.912
1894-11-23,dutch,2.7174
1894-11-23,france,2.9455
1894-11-23,germany,3.1915
1894-11-23,russia,3.9024
1894-11-30,dutch,2.7174
1894-11-30,france,2.9426
1894-11-30,germany,3.1579
1894-11-30,russia,3.8647
1894-12-07,dutch,2.7174
1894-12-07,france,2.9318
1894-12-07,germany,3.1579
1894-12-07,russia,3.8647
1894-12-14,dutch,2.7174
1894-12-14,france,2.9326
1894-12-14,germany,3.1746
1894-12-14,russia,3.8741
1894-12-21,dutch,2.6882
1894-12-21,france,2.9542
1894-12-21,germany,3.1746
1894-12-21,russia,3.8741
1894-12-28,dutch,2.6882
1894-12-28,france,2.9491
1894-12-28,germany,3.1662
1894-12-28,russia,3.8647
1895-01-04,dutch,2.7473
1895-01-04,france,2.952
1895-01-04,germany,3.125
1895-01-04,russia,3.9024
1895-01-11,dutch,2.7174
1895-01-11,france,2.9354
1895-01-11,germany,3.125
1895-01-11,russia,3.9024
1895-01-18,dutch,2.7174
1895-01-18,france,2.9369
1895-01-18,germany,3.1088
1895-01-18,russia,3.8835
1895-01-25,dutch,2.7174
1895-01-25,france,2.9304
1895-01-25,germany,3.1008
1895-01-25,russia,3.8741
1895-02-01,dutch,2.7174
1895-02-01,france,2.9247
1895-02-01,germany,3.0928
1895-02-01,russia,3.8741
1895-02-08,dutch,2.7174
1895-02-08,france,2.9049
1895-02-08,germany,3.0928
1895-02-08,russia,3.8554
1895-02-15,dutch,2.7174
1895-02-15,france,2.8993
1895-02-15,germany,3.0928
1895-02-15,russia,3.8554
1895-02-22,dutch,2.7174
1895-02-22,france,2.9056
1895-02-22,germany,3.0691
1895-02-22,russia,3.8462
1895-03-01,dutch,2.7174
1895-03-01,france,2.9098
1895-03-01,germany,3.0612
1895-03-01,russia,3.8462
1895-03-08,dutch,2.7174
1895-03-08,france,2.893
1895-03-08,germany,3.0612
1895-03-08,russia,3.8554
1895-03-15,dutch,2.6596
1895-03-15,france,2.9049
1895-03-15,germany,3.0612
1895-03-15,russia,3.8554
1895-03-22,dutch,2.6596
1895-03-22,france,2.9105
1895-03-22,germany,3.0612
1895-03-22,russia,3.8647
1895-03-29,dutch,2.6596
1895-03-29,france,2.9197
1895-03-29,germany,3.0691
1895-03-29,russia,3.8741
1895-04-05,dutch,2.6596
1895-04-05,france,2.9105
1895-04-05,germany,3.1088
1895-04-05,russia,3.912
1895-04-12,dutch,2.6596
1895-04-12,france,2.914
1895-04-12,germany,3.1088
1895-04-12,russia,3.912
1895-04-19,dutch,2.6596
1895-04-19,france,2.9183
1895-04-19,germany,3.1088
1895-04-19,russia,3.912
1895-04-26,dutch,2.6596
1895-04-26,france,2.9326
1895-04-26,germany,3.1088
1895-04-26,russia,3.9312
1895-05-03,dutch,2.6596
1895-05-03,france,2.934
1895-05-03,germany,3.1088
1895-05-03,russia,3.9216
1895-05-10,dutch,2.6596
1895-05-10,france,2.9183
1895-05-10,germany,3.0928
1895-05-10,russia,3.8835
1895-05-17,dutch,2.6596
1895-05-17,france,2.929
1895-05-17,germany,3.0928
1895-05-17,russia,3.8929
1895-05-24,dutch,2.6882
1895-05-24,france,2.9326
1895-05-24,germany,3.0769
1895-05-24,russia,3.8835
1895-05-31,dutch,2.6882
1895-05-31,france,2.9275
1895-05-31,germany,3.0769
1895-05-31,russia,3.8741
1895-06-07,dutch,2.6882
1895-06-07,france,2.9247
1895-06-07,germany,3.0769
1895-06-07,russia,3.8647
1895-06-14,dutch,2.6882
1895-06-14,france,2.9204
1895-06-14,germany,3.0457
1895-06-14,russia,3.8741
1895-06-21,dutch,2.6882
1895-06-21,france,2.9354
1895-06-21,germany,3.0457
1895-06-21,russia,3.8554
1895-06-28,dutch,2.6882
1895-06-28,france,2.9513
1895-06-28,germany,3.0303
1895-06-28,russia,3.8554
1895-07-05,dutch,2.7174
1895-07-05,france,2.9326
1895-07-05,germany,3.0303
1895-07-05,russia,3.8835
1895-07-12,dutch,2.7174
1895-07-12,france,2.9347
1895-07-12,germany,3.0151
1895-07-12,russia,3.8929
1895-07-19,dutch,2.7174
1895-07-19,france,2.9354
1895-07-19,germany,3.0151
1895-07-19,russia,3.9024
1895-07-26,dutch,2.7174
1895-07-26,france,2.9397
1895-07-26,germany,3.0303
1895-07-26,russia,3.912
1895-08-02,dutch,2.7174
1895-08-02,france,2.9376
1895-08-02,germany,3.0151
1895-08-02,russia,3.9024
1895-08-09,dutch,2.7174
1895-08-09,france,2.9333
1895-08-09,germany,3.0151
1895-08-09,russia,3.912
1895-08-16,dutch,2.7174
1895-08-16,france,2.9311
1895-08-16,germany,3.0151
1895-08-16,russia,3.912
1895-08-23,dutch,2.7174
1895-08-23,france,2.9369
1895-08-23,germany,3.0151
1895-08-23,russia,3.9024
1895-08-30,dutch,2.7174
1895-08-30,france,2.9376
1895-08-30,germany,3.0
1895-08-30,russia,3.9024
1895-09-06,dutch,2.7174
1895-09-06,france,2.9405
1895-09-06,germany,3.0
1895-09-06,russia,3.9024
1895-09-13,dutch,2.6882
1895-09-13,france,2.9383
1895-09-13,germany,3.0
1895-09-13,russia,3.8929
1895-09-20,dutch,2.6882
1895-09-20,france,2.9725
1895-09-20,germany,3.0
1895-09-20,russia,3.8929
1895-09-27,dutch,2.6882
1895-09-27,france,2.9791
1895-09-27,germany,3.0151
1895-09-27,russia,3.8929
1895-10-04,dutch,2.6882
1895-10-04,france,2.9858
1895-10-04,germany,3.0457
1895-10-04,russia,3.9409
1895-10-11,dutch,2.6882
1895-10-11,france,2.9799
1895-10-11,germany,3.0457
1895-10-11,russia,3.9506
1895-10-18,dutch,2.6882
1895-10-18,france,2.9888
1895-10-18,germany,3.0769
1895-10-18,russia,3.9702
1895-10-25,dutch,2.6882
1895-10-25,france,2.9836
1895-10-25,germany,3.0769
1895-10-25,russia,3.9506
1895-11-01,dutch,2.6882
1895-11-01,france,3.0105
1895-11-01,germany,3.0769
1895-11-01,russia,3.99
1895-11-08,dutch,2.6882
1895-11-08,france,2.9948
1895-11-08,germany,3.0769
1895-11-08,russia,3.99
1895-11-15,dutch,2.7174
1895-11-15,france,2.9851
1895-11-15,germany,3.0928
1895-11-15,russia,3.9702
1895-11-22,dutch,2.7174
1895-11-22,france,2.9858
1895-11-22,germany,3.0769
1895-11-22,russia,3.99
1895-11-29,dutch,2.7174
1895-11-29,france,2.9755
1895-11-29,germany,3.0769
1895-11-29,russia,3.9702
1895-12-06,dutch,2.7174
1895-12-06,france,2.9528
1895-12-06,germany,3.0612
1895-12-06,russia,3.9604
1895-12-13,dutch,2.6882
1895-12-13,france,2.9593
1895-12-13,germany,3.0457
1895-12-13,russia,3.9604
1895-12-20,dutch,2.7174
1895-12-20,france,2.9828
1895-12-20,germany,3.0457
1895-12-20,russia,3.9506
1895-12-27,dutch,2.6882
1895-12-27,france,2.9814
1895-12-27,germany,3.0457
1895-12-27,russia,3.9506
1896-01-03,dutch,2.7778
1896-01-03,france,2.9586
1896-01-03,germany,3.0457
1896-01-03,russia,3.99
1896-01-10,dutch,2.7473
1896-01-10,france,2.9888
1896-01-10,germany,3.0612
1896-01-10,russia,3.9801
1896-01-17,dutch,2.7473
1896-01-17,france,2.9549
1896-01-17,germany,3.0457
1896-01-17,russia,3.9312
1896-01-24,dutch,2.7473
1896-01-24,france,2.9397
1896-01-24,germany,3.0457
1896-01-24,russia,3.8929
1896-01-31,dutch,2.7473
1896-01-31,france,2.934
1896-01-31,germany,3.0303
1896-01-31,russia,3.8835
1896-02-07,dutch,2.7473
1896-02-07,france,2.9162
1896-02-07,germany,3.0303
1896-02-07,russia,3.8647
1896-02-14,dutch,2.7473
1896-02-14,france,2.9112
1896-02-14,germany,3.0303
1896-02-14,russia,3.8647
1896-02-21,dutch,2.7473
1896-02-21,france,2.9169
1896-02-21,germany,3.0303
1896-02-21,russia,3.8462
1896-02-28,dutch,2.7473
1896-02-28,france,2.9211
1896-02-28,germany,3.0151
1896-02-28,russia,3.8369
1896-03-06,dutch,2.7473
1896-03-06,france,2.9169
1896-03-06,germany,3.0151
1896-03-06,russia,3.8369
1896-03-13,dutch,2.7473
1896-03-13,france,2.9183
1896-03-13,germany,3.0
1896-03-13,russia,3.8278
1896-03-20,dutch,2.7473
1896-03-20,france,2.952
1896-03-20,germany,3.0151
1896-03-20,russia,3.8278
1896-03-27,dutch,2.7473
1896-03-27,france,2.952
1896-03-27,germany,3.0151
1896-03-27,russia,3.8369
1896-04-03,dutch,2.7473
1896-04-03,france,2.9513
1896-04-03,germany,3.0457
1896-04-03,russia,3.8647
1896-04-10,dutch,2.7778
1896-04-10,france,2.9637
1896-04-10,germany,3.0457
1896-04-10,russia,3.8647
1896-04-17,dutch,2.7473
1896-04-17,france,2.9586
1896-04-17,germany,3.0457
1896-04-17,russia,3.8462
1896-04-24,dutch,2.7174
1896-04-24,france,2.9361
1896-04-24,germany,3.0303
1896-04-24,russia,3.8278
1896-05-01,dutch,2.7473
1896-05-01,france,2.9347
1896-05-01,germany,3.0303
1896-05-01,russia,3.8278
1896-05-08,dutch,2.7473
1896-05-08,france,2.9133
1896-05-08,germany,3.0457
1896-05-08,russia,3.8186
1896-05-15,dutch,2.7473
1896-05-15,france,2.9226
1896-05-15,germany,3.0457
1896-05-15,russia,3.8278
1896-05-22,dutch,2.7473
1896-05-22,france,2.9311
1896-05-22,germany,3.0457
1896-05-22,russia,3.8278
1896-05-29,dutch,2.7473
1896-05-29,france,2.9405
1896-05-29,germany,3.0457
1896-05-29,russia,3.8278
1896-06-05,dutch,2.7473
1896-06-05,france,2.9455
1896-06-05,germany,3.0457
1896-06-05,russia,3.8278
1896-06-12,dutch,2.7473
1896-06-12,france,2.9506
1896-06-12,germany,3.0303
1896-06-12,russia,3.8278
1896-06-19,dutch,2.7473
1896-06-19,france,2.9688
1896-06-19,germany,3.0303
1896-06-19,russia,3.8186
1896-06-26,dutch,2.7473
1896-06-26,france,2.9681
1896-06-26,germany,3.0303
1896-06-26,russia,3.8095
1896-07-03,dutch,2.7473
1896-07-03,france,2.9579
1896-07-03,germany,3.0303
1896-07-03,russia,3.8462
1896-07-10,dutch,2.7473
1896-07-10,france,2.947
1896-07-10,germany,3.0151
1896-07-10,russia,3.8462
1896-07-17,dutch,2.7473
1896-07-17,france,2.9455
1896-07-17,germany,3.0151
1896-07-17,russia,3.8462
1896-07-24,dutch,2.7473
1896-07-24,france,2.9477
1896-07-24,germany,3.0151
1896-07-24,russia,3.8462
1896-07-31,dutch,2.809
1896-07-31,france,2.9557
1896-07-31,germany,3.0151
1896-07-31,russia,3.8462
1896-08-07,dutch,2.809
1896-08-07,france,2.934
1896-08-07,germany,3.0151
1896-08-07,russia,3.8369
1896-08-14,dutch,2.809
1896-08-14,france,2.9211
1896-08-14,germany,3.0151
1896-08-14,russia,3.8369
1896-08-21,dutch,2.809
1896-08-21,france,2.9211
1896-08-21,germany,3.0
1896-08-21,russia,3.8278
1896-08-28,dutch,2.809
1896-08-28,france,2.9254
1896-08-28,germany,2.9703
1896-08-28,russia,3.8186
1896-09-04,dutch,2.809
1896-09-04,france,2.9091
1896-09-04,germany,2.9703
1896-09-04,russia,3.8095
1896-09-11,dutch,2.809
1896-09-11,france,2.9126
1896-09-11,germany,3.0
1896-09-11,russia,3.8095
1896-09-18,dutch,2.809
1896-09-18,france,2.9462
1896-09-18,germany,3.0
1896-09-18,russia,3.8278
1896-09-25,dutch,2.809
1896-09-25,france,2.9412
1896-09-25,germany,3.0
1896-09-25,russia,3.8369
1896-10-02,dutch,2.809
1896-10-02,france,2.9491
1896-10-02,germany,3.0303
1896-10-02,russia,3.8835
1896-10-09,dutch,2.809
1896-10-09,france,2.9542
1896-10-09,germany,3.0303
1896-10-09,russia,3.9024
1896-10-16,dutch,2.809
1896-10-16,france,2.96
1896-10-16,germany,3.0612
1896-10-16,russia,3.912
1896-10-23,dutch,2.809
1896-10-23,france,2.9542
1896-10-23,germany,3.0928
1896-10-23,russia,3.9024
1896-10-30,dutch,2.8409
1896-10-30,france,2.9491
1896-10-30,germany,3.0928
1896-10-30,russia,3.8929
1896-11-06,dutch,2.8409
1896-11-06,france,2.9275
1896-11-06,germany,3.0769
1896-11-06,russia,3.8835
1896-11-13,dutch,2.8409
1896-11-13,france,2.9247
1896-11-13,germany,3.0769
1896-11-13,russia,3.8647
1896-11-20,dutch,2.8409
1896-11-20,france,2.9226
1896-11-20,germany,3.0769
1896-11-20,russia,3.8554
1896-11-27,dutch,2.8409
1896-11-27,france,2.924
1896-11-27,germany,3.0769
1896-11-27,russia,3.8462
1896-12-04,dutch,2.8409
1896-12-04,france,2.9056
1896-12-04,germany,3.0769
1896-12-04,russia,3.8369
1896-12-11,dutch,2.8409
1896-12-11,france,2.9098
1896-12-11,germany,3.0769
1896-12-11,russia,3.8369
1896-12-18,dutch,2.809
1896-12-18,france,2.9333
1896-12-18,germany,3.0769
1896-12-18,russia,3.8462
1896-12-25,dutch,2.809
1896-12-25,france,2.9283
1896-12-25,germany,3.0769
1896-12-25,russia,3.8462
1897-01-01,dutch,2.809
1897-01-01,france,2.9304
1897-01-01,germany,3.0303
1897-01-01,russia,3.8462
1897-01-08,dutch,2.8409
1897-01-08,france,2.9283
1897-01-08,germany,3.0457
1897-01-08,russia,3.8741
1897-01-15,dutch,2.8409
1897-01-15,france,2.9275
1897-01-15,germany,3.0457
1897-01-15,russia,3.8741
1897-01-22,dutch,2.8409
1897-01-22,france,2.924
1897-01-22,germany,3.0612
1897-01-22,russia,3.8788
1897-01-29,dutch,2.8409
1897-01-29,france,2.9176
1897-01-29,germany,3.0612
1897-01-29,russia,3.8694
1897-02-05,dutch,2.8409
1897-02-05,france,2.9084
1897-02-05,germany,3.0612
1897-02-05,russia,3.8601
1897-02-12,dutch,2.8409
1897-02-12,france,2.9311
1897-02-12,germany,3.0612
1897-02-12,russia,3.8882
1897-02-19,dutch,2.8409
1897-02-19,france,2.9304
1897-02-19,germany,3.0769
1897-02-19,russia,3.8977
1897-02-26,dutch,2.8409
1897-02-26,france,2.9197
1897-02-26,germany,3.0769
1897-02-26,russia,3.9072
1897-03-05,dutch,2.8409
1897-03-05,france,2.9247
1897-03-05,germany,3.0769
1897-03-05,russia,3.9168
1897-03-12,dutch,2.8736
1897-03-12,france,2.9169
1897-03-12,germany,3.0769
1897-03-12,russia,3.8977
1897-03-19,dutch,2.8736
1897-03-19,france,2.9326
1897-03-19,germany,3.0769
1897-03-19,russia,3.8694
1897-03-26,dutch,2.8736
1897-03-26,france,2.9254
1897-03-26,germany,3.0769
1897-03-26,russia,3.8788
1897-04-02,dutch,2.8736
1897-04-02,france,2.9297
1897-04-02,germany,3.1088
1897-04-02,russia,3.9168
1897-04-09,dutch,2.8736
1897-04-09,france,2.919
1897-04-09,germany,3.1088
1897-04-09,russia,3.8882
1897-04-16,dutch,2.8736
1897-04-16,france,2.9275
1897-04-16,germany,3.0928
1897-04-16,russia,3.8882
1897-04-23,dutch,2.907
1897-04-23,france,2.9311
1897-04-23,germany,3.0928
1897-04-23,russia,3.8977
1897-04-30,dutch,2.907
1897-04-30,france,2.9147
1897-04-30,germany,3.0928
1897-04-30,russia,3.8694
1897-05-07,dutch,2.907
1897-05-07,france,2.9098
1897-05-07,germany,3.0928
1897-05-07,russia,3.8694
1897-05-14,dutch,2.8736
1897-05-14,france,2.9028
1897-05-14,germany,3.0928
1897-05-14,russia,3.8508
1897-05-21,dutch,2.8736
1897-05-21,france,2.9
1897-05-21,germany,3.0928
1897-05-21,russia,3.8415
1897-05-28,dutch,2.8409
1897-05-28,france,2.8986
1897-05-28,germany,3.0928
1897-05-28,russia,3.8415
1897-06-04,dutch,2.8409
1897-06-04,france,2.8784
1897-06-04,germany,3.0769
1897-06-04,russia,3.8415
1897-06-11,dutch,2.8409
1897-06-11,france,2.8825
1897-06-11,germany,3.0769
1897-06-11,russia,3.8415
1897-06-18,dutch,2.8409
1897-06-18,france,2.9035
1897-06-18,germany,3.0769
1897-06-18,russia,3.8323
1897-06-25,dutch,2.8409
1897-06-25,france,2.8958
1897-06-25,germany,3.0769
1897-06-25,russia,3.8369
1897-07-02,dutch,2.8736
1897-07-02,france,2.8846
1897-07-02,germany,3.0769
1897-07-02,russia,3.8694
1897-07-09,dutch,2.8736
1897-07-09,france,2.8798
1897-07-09,germany,3.0769
1897-07-09,russia,3.8694
1897-07-16,dutch,2.8736
1897-07-16,france,2.8729
1897-07-16,germany,3.0769
1897-07-16,russia,3.8788
1897-07-23,dutch,3.012
1897-07-23,france,2.8612
1897-07-23,germany,3.0769
1897-07-23,russia,3.8694
1897-07-30,dutch,2.8736
1897-07-30,france,2.8626
1897-07-30,germany,3.0769
1897-07-30,russia,3.8694
1897-08-06,dutch,2.8736
1897-08-06,france,2.8537
1897-08-06,germany,3.0612
1897-08-06,russia,3.8977
1897-08-13,dutch,2.8736
1897-08-13,france,2.8551
1897-08-13,germany,3.0612
1897-08-13,russia,3.8415
1897-08-20,dutch,2.8736
1897-08-20,france,2.8565
1897-08-20,germany,3.0769
1897-08-20,russia,3.8415
1897-08-27,dutch,2.8736
1897-08-27,france,2.8681
1897-08-27,germany,3.0612
1897-08-27,russia,3.8323
1897-09-03,dutch,2.8736
1897-09-03,france,2.8791
1897-09-03,germany,3.0612
1897-09-03,russia,3.8323
1897-09-10,dutch,2.8736
1897-09-10,france,2.8743
1897-09-10,germany,3.0769
1897-09-10,russia,3.8186
1897-09-17,dutch,2.8736
1897-09-17,france,2.9028
1897-09-17,germany,3.0769
1897-09-17,russia,3.805
1897-09-24,dutch,2.8736
1897-09-24,france,2.907
1897-09-24,germany,3.0769
1897-09-24,russia,3.8141
1897-10-01,dutch,2.8736
1897-10-01,france,2.9098
1897-10-01,germany,3.125
1897-10-01,russia,3.8508
1897-10-08,dutch,2.8736
1897-10-08,france,2.9078
1897-10-08,germany,3.125
1897-10-08,russia,3.8415
1897-10-15,dutch,2.8736
1897-10-15,france,2.9098
1897-10-15,germany,3.125
1897-10-15,russia,3.8415
1897-10-22,dutch,2.8736
1897-10-22,france,2.9105
1897-10-22,germany,3.1088
1897-10-22,russia,3.8415
1897-10-29,dutch,2.8736
1897-10-29,france,2.9056
1897-10-29,germany,3.1088
1897-10-29,russia,3.8415
1897-11-12,dutch,2.8736
1897-11-12,france,2.8909
1897-11-12,germany,3.1088
1897-11-12,russia,3.8323
1897-11-19,dutch,2.8736
1897-11-19,france,2.8902
1897-11-19,germany,3.1088
1897-11-19,russia,3.8323
1897-11-26,dutch,2.8736
1897-11-26,france,2.8944
1897-11-26,germany,3.1088
1897-11-26,russia,3.8323
1897-12-03,dutch,2.8736
1897-12-03,france,2.8909
1897-12-03,germany,3.1088
1897-12-03,russia,3.8232
1897-12-10,dutch,2.8736
1897-12-10,france,2.8888
1897-12-10,germany,3.1088
1897-12-10,russia,3.8232
1897-12-17,dutch,2.8736
1897-12-17,france,2.9091
1897-12-17,germany,3.1088
1897-12-17,russia,3.8232
1897-12-24,dutch,2.8736
1897-12-24,france,2.9091
1897-12-24,germany,3.1088
1897-12-24,russia,3.8323
1897-12-31,dutch,2.8736
1897-12-31,france,2.9112
1897-12-31,germany,3.0928
1897-12-31,russia,3.8232
1898-01-07,dutch,2.907
1898-01-07,france,2.9049
1898-01-07,germany,3.0928
1898-01-07,russia,3.8601
1898-01-14,dutch,2.907
1898-01-14,france,2.9098
1898-01-14,germany,3.0928
1898-01-14,russia,3.8601
1898-01-21,dutch,2.907
1898-01-21,france,2.9119
1898-01-21,germany,3.0928
1898-01-21,russia,3.8694
1898-01-28,dutch,2.907
1898-01-28,france,2.9063
1898-01-28,germany,3.0928
1898-01-28,russia,3.8601
1898-02-04,dutch,2.907
1898-02-04,france,2.8979
1898-02-04,germany,3.0928
1898-02-04,russia,3.8508
1898-02-11,dutch,2.907
1898-02-11,france,2.893
1898-02-11,germany,3.0928
1898-02-11,russia,3.8508
1898-02-18,dutch,2.907
1898-02-18,france,2.8923
1898-02-18,germany,3.0769
1898-02-18,russia,3.8232
1898-02-25,dutch,2.907
1898-02-25,france,2.893
1898-02-25,germany,3.0769
1898-02-25,russia,3.8415
1898-03-04,dutch,2.907
1898-03-04,france,2.8763
1898-03-04,germany,3.0769
1898-03-04,russia,3.8323
1898-03-11,dutch,2.907
1898-03-11,france,2.8818
1898-03-11,germany,3.0769
1898-03-11,russia,3.8508
1898-03-18,dutch,2.907
1898-03-18,france,2.9056
1898-03-18,germany,3.0928
1898-03-18,russia,3.8508
1898-03-25,dutch,2.907
1898-03-25,france,2.9014
1898-03-25,germany,3.0928
1898-03-25,russia,3.8601
1898-04-01,dutch,2.907
1898-04-01,france,2.9035
1898-04-01,germany,3.1414
1898-04-01,russia,3.8882
1898-04-08,dutch,2.9412
1898-04-08,france,2.9084
1898-04-08,germany,3.1414
1898-04-08,russia,3.9168
1898-04-15,dutch,2.907
1898-04-15,france,2.9275
1898-04-15,germany,3.1414
1898-04-15,russia,3.936
1898-04-22,dutch,2.9762
1898-04-22,france,2.9593
1898-04-22,germany,3.1579
1898-04-22,russia,3.9555
1898-04-29,dutch,2.9762
1898-04-29,france,2.9326
1898-04-29,germany,3.1579
1898-04-29,russia,3.8929
1898-05-06,dutch,2.9762
1898-05-06,france,2.9147
1898-05-06,germany,3.125
1898-05-06,russia,3.8741
1898-05-13,dutch,2.9762
1898-05-13,france,2.9169
1898-05-13,germany,3.125
1898-05-13,russia,3.8554
1898-05-20,dutch,2.9762
1898-05-20,france,2.9254
1898-05-20,germany,3.125
1898-05-20,russia,3.8741
1898-05-27,dutch,2.9412
1898-05-27,france,2.914
1898-05-27,germany,3.125
1898-05-27,russia,3.8554
1898-06-03,dutch,2.9412
1898-06-03,france,2.9147
1898-06-03,germany,3.125
1898-06-03,russia,3.8462
1898-06-10,dutch,2.8736
1898-06-10,france,2.9056
1898-06-10,germany,3.125
1898-06-10,russia,3.8278
1898-06-17,dutch,2.907
1898-06-17,france,2.924
1898-06-17,germany,3.125
1898-06-17,russia,3.8369
1898-06-24,dutch,2.907
1898-06-24,france,2.9218
1898-06-24,germany,3.1579
1898-06-24,russia,3.8278
1898-07-01,dutch,2.9412
1898-07-01,france,2.924
1898-07-01,germany,3.1414
1898-07-01,russia,3.8278
1898-07-08,dutch,2.9412
1898-07-08,france,2.9098
1898-07-08,germany,3.1579
1898-07-08,russia,3.8554
1898-07-15,dutch,2.9762
1898-07-15,france,2.9077
1898-07-15,germany,3.1579
1898-07-15,russia,3.8369
1898-07-22,dutch,2.9762
1898-07-22,france,2.907
1898-07-22,germany,3.1579
1898-07-22,russia,3.8186
1898-07-29,dutch,2.9762
1898-07-29,france,2.9077
1898-07-29,germany,3.1579
1898-07-29,russia,3.8186
1898-08-05,dutch,2.9762
1898-08-05,france,2.8958
1898-08-05,germany,3.1579
1898-08-05,russia,3.8095
1898-08-12,dutch,2.9762
1898-08-12,france,2.8979
1898-08-12,germany,3.1579
1898-08-12,russia,3.8278
1898-08-19,dutch,2.907
1898-08-19,france,2.8979
1898-08-19,germany,3.1579
1898-08-19,russia,3.8186
1898-08-26,dutch,2.907
1898-08-26,france,2.9105
1898-08-26,germany,3.1579
1898-08-26,russia,3.8095
1898-09-02,dutch,2.907
1898-09-02,france,2.9028
1898-09-02,germany,3.1579
1898-09-02,russia,3.8186
1898-09-09,dutch,2.907
1898-09-09,france,2.9028
1898-09-09,germany,3.1579
1898-09-09,russia,3.8186
1898-09-16,dutch,2.9412
1898-09-16,france,2.9042
1898-09-16,germany,3.1579
1898-09-16,russia,3.8278
1898-09-23,dutch,2.9412
1898-09-23,france,2.9254
1898-09-23,germany,3.1746
1898-09-23,russia,3.8278
1898-09-30,dutch,2.9412
1898-09-30,france,2.9226
1898-09-30,germany,3.1746
1898-09-30,russia,3.8278
1898-10-07,dutch,2.9412
1898-10-07,france,2.9318
1898-10-07,germany,3.2258
1898-10-07,russia,3.8741
1898-10-14,dutch,2.9412
1898-10-14,france,2.9361
1898-10-14,germany,3.2258
1898-10-14,russia,3.8835
1898-10-21,dutch,2.9412
1898-10-21,france,2.9441
1898-10-21,germany,3.2258
1898-10-21,russia,3.912
1898-10-28,dutch,2.9412
1898-10-28,france,2.9448
1898-10-28,germany,3.2258
1898-10-28,russia,3.912
1898-11-04,dutch,2.9762
1898-11-04,france,2.9484
1898-11-04,germany,3.2258
1898-11-04,russia,3.9024
1898-11-11,dutch,2.9762
1898-11-11,france,2.947
1898-11-11,germany,3.2258
1898-11-11,russia,3.9024
1898-11-18,dutch,2.9412
1898-11-18,france,2.9491
1898-11-18,germany,3.2258
1898-11-18,russia,3.9312
1898-11-25,dutch,2.9412
1898-11-25,france,2.9333
1898-11-25,germany,3.2086
1898-11-25,russia,3.912
1898-12-02,dutch,2.9762
1898-12-02,france,2.9218
1898-12-02,germany,3.1915
1898-12-02,russia,3.9024
1898-12-09,dutch,2.9762
1898-12-09,france,2.9176
1898-12-09,germany,3.2086
1898-12-09,russia,3.912
1898-12-16,dutch,2.907
1898-12-16,france,2.9176
1898-12-16,germany,3.1915
1898-12-16,russia,3.9024
1898-12-23,dutch,2.907
1898-12-23,france,2.9448
1898-12-23,germany,3.1915
1898-12-23,russia,3.8929
1898-12-30,dutch,2.907
1898-12-30,france,2.9426
1898-12-30,germany,3.1915
1898-12-30,russia,3.9024
1899-01-06,dutch,2.9762
1899-01-06,france,2.9564
1899-01-06,germany,3.1915
1899-01-06,russia,3.9312
1899-01-13,dutch,2.9412
1899-01-13,france,2.9542
1899-01-13,germany,3.2086
1899-01-13,russia,3.9216
1899-01-20,dutch,2.9412
1899-01-20,france,2.9426
1899-01-20,germany,3.2086
1899-01-20,russia,3.8835
1899-01-27,dutch,2.9412
1899-01-27,france,2.9376
1899-01-27,germany,3.2086
1899-01-27,russia,3.8835
1899-02-03,dutch,2.9412
1899-02-03,france,2.9211
1899-02-03,germany,3.2086
1899-02-03,russia,3.8835
1899-02-10,dutch,2.9412
1899-02-10,france,2.9183
1899-02-10,germany,3.2086
1899-02-10,russia,3.8741
1899-02-17,dutch,2.9412
1899-02-17,france,2.9133
1899-02-17,germany,3.2086
1899-02-17,russia,3.8741
1899-02-24,dutch,2.907
1899-02-24,france,2.9147
1899-02-24,germany,3.2086
1899-02-24,russia,3.8554
1899-03-03,dutch,2.907
1899-03-03,france,2.9084
1899-03-03,germany,3.2086
1899-03-03,russia,3.8929
1899-03-10,dutch,2.907
1899-03-10,france,2.9091
1899-03-10,germany,3.2086
1899-03-10,russia,3.8929
1899-03-17,dutch,2.9412
1899-03-17,france,2.9311
1899-03-17,germany,3.2258
1899-03-17,russia,3.8929
1899-03-24,dutch,2.9412
1899-03-24,france,2.9311
1899-03-24,germany,3.2432
1899-03-24,russia,3.8929
1899-03-31,dutch,2.9412
1899-03-31,france,2.9354
1899-03-31,germany,3.2432
1899-03-31,russia,3.8929
1899-04-07,dutch,2.9412
1899-04-07,france,2.9412
1899-04-07,germany,3.2787
1899-04-07,russia,3.9409
1899-04-14,dutch,2.9412
1899-04-14,france,2.9435
1899-04-14,germany,3.3149
1899-04-14,russia,3.9409
1899-04-21,dutch,2.9412
1899-04-21,france,2.9412
1899-04-21,germany,3.2609
1899-04-21,russia,3.9409
1899-04-28,dutch,2.9412
1899-04-28,france,2.9441
1899-04-28,germany,3.2609
1899-04-28,russia,3.9312
1899-05-05,dutch,2.9412
1899-05-05,france,2.9361
1899-05-05,germany,3.2609
1899-05-05,russia,3.9024
1899-05-12,dutch,2.9412
1899-05-12,france,2.9261
1899-05-12,germany,3.2609
1899-05-12,russia,3.8741
1899-05-19,dutch,2.9762
1899-05-19,france,2.929
1899-05-19,germany,3.2609
1899-05-19,russia,3.8741
1899-05-26,dutch,2.9762
1899-05-26,france,2.9297
1899-05-26,germany,3.2609
1899-05-26,russia,3.8741
1899-06-02,dutch,2.9762
1899-06-02,france,2.9347
1899-06-02,germany,3.2609
1899-06-02,russia,3.8647
1899-06-09,dutch,2.9762
1899-06-09,france,2.9383
1899-06-09,germany,3.2609
1899-06-09,russia,3.8554
1899-06-16,dutch,2.9762
1899-06-16,france,2.9347
1899-06-16,germany,3.2967
1899-06-16,russia,3.8647
1899-06-23,dutch,3.012
1899-06-23,france,2.96
1899-06-23,germany,3.3333
1899-06-23,russia,3.8835
1899-06-30,dutch,3.012
1899-06-30,france,2.9747
1899-06-30,germany,3.2967
1899-06-30,russia,3.8835
1899-07-07,dutch,3.0488
1899-07-07,france,2.9608
1899-07-07,germany,3.2967
1899-07-07,russia,3.9216
1899-07-14,dutch,3.0864
1899-07-14,france,2.9681
1899-07-14,germany,3.3149
1899-07-14,russia,3.9312
1899-07-21,dutch,3.0864
1899-07-21,france,2.9718
1899-07-21,germany,3.3149
1899-07-21,russia,3.9312
1899-07-28,dutch,3.0864
1899-07-28,france,3.009
1899-07-28,germany,3.2967
1899-07-28,russia,3.9312
1899-08-04,dutch,3.0864
1899-08-04,france,3.0008
1899-08-04,germany,3.2967
1899-08-04,russia,3.9312
1899-08-11,dutch,3.0864
1899-08-11,france,3.006
1899-08-11,germany,3.3333
1899-08-11,russia,3.9312
1899-08-18,dutch,3.125
1899-08-18,france,3.0
1899-08-18,germany,3.352
1899-08-18,russia,3.9312
1899-08-25,dutch,3.125
1899-08-25,france,2.9993
1899-08-25,germany,3.3708
1899-08-25,russia,3.9506
1899-09-01,dutch,3.125
1899-09-01,france,2.9777
1899-09-01,germany,3.352
1899-09-01,russia,3.9702
1899-09-08,dutch,3.125
1899-09-08,france,2.9843
1899-09-08,germany,3.3708
1899-09-08,russia,3.9702
1899-09-15,dutch,3.125
1899-09-15,france,2.9644
1899-09-15,germany,3.3333
1899-09-15,russia,3.9312
1899-09-22,dutch,3.125
1899-09-22,france,2.974
1899-09-22,germany,3.3333
1899-09-22,russia,3.9312
1899-09-29,dutch,3.125
1899-09-29,france,2.9828
1899-09-29,germany,3.3333
1899-09-29,russia,3.9312
1899-10-06,dutch,3.125
1899-10-06,france,2.9814
1899-10-06,germany,3.4286
1899-10-06,russia,4.01
1899-10-13,dutch,3.125
1899-10-13,france,2.9843
1899-10-13,germany,3.4091
1899-10-13,russia,4.01
1899-10-20,dutch,3.1646
1899-10-20,france,2.9873
1899-10-20,germany,3.3898
1899-10-20,russia,3.99
1899-10-27,dutch,3.1646
1899-10-27,france,2.9866
1899-10-27,germany,3.3898
1899-10-27,russia,3.9702
1899-11-03,dutch,3.1646
1899-11-03,france,2.988
1899-11-03,germany,3.352
1899-11-03,russia,3.9702
1899-11-10,dutch,3.1646
1899-11-10,france,2.9933
1899-11-10,germany,3.3708
1899-11-10,russia,3.99
1899-11-17,dutch,3.125
1899-11-17,france,2.988
1899-11-17,germany,3.352
1899-11-17,russia,3.99
1899-11-24,dutch,3.125
1899-11-24,france,2.9888
1899-11-24,germany,3.352
1899-11-24,russia,3.99
1899-12-01,dutch,3.125
1899-12-01,france,2.9851
1899-12-01,germany,3.352
1899-12-01,russia,3.99
1899-12-08,dutch,3.125
1899-12-08,france,2.9791
1899-12-08,germany,3.3708
1899-12-08,russia,3.99
1899-12-15,dutch,3.125
1899-12-15,france,2.9806
1899-12-15,germany,3.3708
1899-12-15,russia,3.99
1899-12-22,dutch,3.125
1899-12-22,france,3.0173
1899-12-22,germany,3.4483
1899-12-22,russia,4.0302
1899-12-29,dutch,3.125
1899-12-29,france,3.028
1899-12-29,germany,3.3708
1899-12-29,russia,4.01
1900-01-06,dutch,3.2051
1900-01-19,dutch,3.2051
1900-01-19,france,2.9978
1900-01-19,germany,3.3708
1900-01-19,russia,4.01
1900-01-26,dutch,3.2051
1900-01-26,france,2.997
1900-01-26,germany,3.3708
1900-01-26,russia,3.9702
1900-02-02,dutch,3.2051
1900-02-03,dutch,3.125
1900-02-11,dutch,3.3333
1900-02-16,dutch,3.0864
1900-02-16,france,2.9814
1900-02-16,germany,3.4091
1900-02-16,russia,3.9506
1900-02-23,dutch,3.0864
1900-02-23,france,2.9681
1900-02-23,germany,3.4286
1900-02-23,russia,3.9312
1900-03-08,dutch,3.2895
1900-03-16,dutch,3.1646
1900-03-16,france,2.939
1900-03-16,germany,3.4483
1900-03-16,russia,3.9506
1900-03-23,dutch,3.1646
1900-03-23,france,2.9579
1900-03-23,germany,3.4483
1900-03-23,russia,3.9506
1900-03-30,dutch,3.1646
1900-03-30,france,2.9622
1900-03-30,germany,3.4483
1900-03-30,russia,3.9409
1900-04-05,dutch,3.2051
1900-04-13,dutch,3.1646
1900-04-13,france,2.9542
1900-04-13,germany,3.4884
1900-04-13,russia,3.99
1900-04-20,dutch,3.1646
1900-04-20,france,2.9659
1900-04-20,germany,3.5088
1900-04-20,russia,3.99
1900-04-27,dutch,3.2468
1900-04-27,france,2.9732
1900-04-27,germany,3.5088
1900-04-27,russia,3.99
1900-05-01,dutch,3.1646
1900-05-10,dutch,3.3333
1900-05-18,dutch,3.2051
1900-05-18,france,2.9659
1900-05-18,germany,3.5088
1900-05-18,russia,4.0
1900-05-25,dutch,3.1646
1900-05-25,france,2.9718
1900-05-25,germany,3.5088
1900-05-25,russia,4.0
1900-06-04,dutch,3.1646
1900-06-07,dutch,3.2895
1900-06-15,dutch,3.2051
1900-06-15,france,2.963
1900-06-15,germany,3.4286
1900-06-15,russia,4.0201
1900-06-22,dutch,3.2051
1900-06-22,france,2.9993
1900-06-22,germany,3.4483
1900-06-22,russia,4.0201
1900-06-29,dutch,3.2051
1900-06-29,france,2.994
1900-06-29,germany,3.4286
1900-06-29,russia,4.01
1900-07-09,dutch,3.2468
1900-07-12,dutch,3.2895
1900-07-13,dutch,3.2895
1900-07-13,france,3.0008
1900-07-13,germany,3.4483
1900-07-13,russia,4.0712
1900-07-20,dutch,3.2895
1900-07-20,france,3.0113
1900-07-20,germany,3.4682
1900-07-20,russia,4.1344
1900-07-27,dutch,3.2895
1900-07-27,france,3.003
1900-07-27,germany,3.4884
1900-07-27,russia,4.1131
1900-08-06,dutch,3.2468
1900-08-17,dutch,3.2468
1900-08-17,france,2.9858
1900-08-17,germany,3.4884
1900-08-17,russia,4.0506
1900-08-24,dutch,3.2468
1900-08-24,france,2.9814
1900-08-24,germany,3.4682
1900-08-24,russia,4.0302
1900-08-31,dutch,3.2468
1900-08-31,france,2.9784
1900-08-31,germany,3.4682
1900-08-31,russia,4.0302
1900-09-02,dutch,3.125
1900-09-03,dutch,3.1646
1900-09-11,dutch,3.1646
1900-09-14,dutch,3.2895
1900-09-14,france,2.9681
1900-09-14,germany,3.4483
1900-09-14,russia,4.01
1900-09-21,dutch,3.3333
1900-09-21,france,2.997
1900-09-21,germany,3.4682
1900-09-21,russia,4.0302
1900-09-28,dutch,3.3784
1900-09-28,france,3.0015
1900-09-28,germany,3.4884
1900-09-28,russia,4.0506
1900-10-08,dutch,3.2895
1900-10-19,dutch,3.3333
1900-10-19,france,2.9985
1900-10-19,germany,3.5294
1900-10-19,russia,4.0712
1900-10-26,dutch,3.3333
1900-10-26,france,2.9948
1900-10-26,germany,3.4483
1900-10-26,russia,4.0506
1900-11-05,dutch,3.2051
1900-11-16,dutch,3.3333
1900-11-16,france,2.9836
1900-11-16,germany,3.4682
1900-11-16,russia,3.99
1900-11-23,dutch,3.2895
1900-11-23,france,2.9821
1900-11-23,germany,3.4682
1900-11-23,russia,3.99
1900-11-30,dutch,3.2895
1900-11-30,france,2.9725
1900-11-30,germany,3.4483
1900-11-30,russia,3.9702
1900-12-01,dutch,3.2051
1900-12-10,dutch,3.3333
1900-12-14,dutch,3.2895
1900-12-14,france,2.9397
1900-12-14,germany,3.4286
1900-12-14,russia,3.9506
1900-12-21,dutch,3.2895
1900-12-21,france,2.9703
1900-12-21,germany,3.4286
1900-12-21,russia,3.9506
1900-12-28,dutch,3.2895
1900-12-28,france,2.9557
1900-12-28,germany,3.4286
1900-12-28,russia,3.9506
1901-01-02,dutch,3.2895
1901-01-03,dutch,3.2468
1901-01-11,dutch,3.1646
1901-01-18,dutch,3.3333
1901-01-18,france,2.9441
1901-01-18,germany,3.4483
1901-01-18,russia,3.9702
1901-01-25,dutch,3.3333
1901-01-25,france,2.9419
1901-01-25,germany,3.4286
1901-01-25,russia,3.9702
1901-02-08,dutch,3.2051
1901-02-15,dutch,3.2468
1901-02-15,france,2.9347
1901-02-15,germany,3.3708
1901-02-15,russia,3.9312
1901-02-22,dutch,3.2468
1901-02-22,france,2.9326
1901-02-22,germany,3.3898
1901-02-22,russia,3.9506
1901-03-05,dutch,3.2468
1901-03-15,dutch,3.2051
1901-03-15,france,2.9297
1901-03-15,germany,3.3708
1901-03-15,russia,3.9216
1901-03-22,dutch,3.2051
1901-03-22,france,2.9593
1901-03-22,germany,3.3898
1901-03-22,russia,3.9216
1901-03-29,dutch,3.2468
1901-03-29,france,2.9608
1901-03-29,germany,3.3708
1901-03-29,russia,3.9409
1901-04-01,dutch,3.3333
1901-04-10,dutch,3.1646
1901-04-19,dutch,3.2468
1901-04-19,france,2.9622
1901-04-19,germany,3.4483
1901-04-19,russia,3.9604
1901-04-26,dutch,3.2468
1901-04-26,france,2.9542
1901-04-26,germany,3.4091
1901-04-26,russia,3.9604
1901-05-04,dutch,3.2468
1901-05-07,dutch,3.2051
1901-05-17,dutch,3.2468
1901-05-17,france,2.9477
1901-05-17,germany,3.4286
1901-05-17,russia,3.9604
1901-05-24,dutch,3.2468
1901-05-24,france,2.9622
1901-05-24,germany,3.4286
1901-05-24,russia,3.9604
1901-05-31,dutch,3.2468
1901-05-31,france,2.9659
1901-05-31,germany,3.4091
1901-05-31,russia,3.9604
1901-06-09,dutch,3.1646
1901-06-12,dutch,3.1646
1901-06-14,dutch,3.1646
1901-06-14,france,2.9674
1901-06-14,germany,3.4091
1901-06-14,russia,3.9409
1901-06-21,dutch,3.1646
1901-06-21,france,2.9948
1901-06-21,germany,3.3708
1901-06-21,russia,3.9409
1901-06-28,dutch,3.1646
1901-06-28,france,2.9948
1901-06-28,germany,3.3333
1901-06-28,russia,3.9409
1901-07-06,dutch,3.2468
1901-07-19,dutch,3.2051
1901-07-19,france,2.9791
1901-07-19,germany,3.3333
1901-07-19,russia,4.0
1901-07-26,dutch,3.2051
1901-07-26,france,2.9814
1901-07-26,germany,3.3333
1901-07-26,russia,4.0201
1901-08-02,dutch,3.2895
1901-08-03,dutch,3.2051
1901-08-11,dutch,3.1646
1901-08-16,dutch,3.2051
1901-08-16,france,2.9542
1901-08-16,germany,3.2967
1901-08-16,russia,3.9801
1901-08-23,dutch,3.2051
1901-08-23,france,2.9542
1901-08-23,germany,3.2967
1901-08-23,russia,3.9409
1901-08-30,dutch,3.2051
1901-08-30,france,2.9528
1901-08-30,germany,3.2967
1901-08-30,russia,3.9409
1901-09-08,dutch,3.2051
1901-09-13,dutch,3.1646
1901-09-13,france,2.9455
1901-09-13,germany,3.2967
1901-09-13,russia,3.9409
1901-09-20,dutch,3.1646
1901-09-20,france,2.9718
1901-09-20,germany,3.2967
1901-09-20,russia,3.9409
1901-09-27,dutch,3.1646
1901-09-27,france,2.9652
1901-09-27,germany,3.2967
1901-09-27,russia,3.9409
1901-10-05,dutch,3.2468
1901-10-18,dutch,3.1646
1901-10-18,france,2.9895
1901-10-18,germany,3.3708
1901-10-18,russia,4.0201
1901-10-25,dutch,3.1646
1901-10-25,france,2.9873
1901-10-25,germany,3.3708
1901-10-25,russia,4.0201
1901-11-01,dutch,3.3333
1901-11-10,dutch,3.1646
1901-11-15,dutch,3.1646
1901-11-15,france,2.9755
1901-11-15,germany,3.3708
1901-11-15,russia,4.0
1901-11-22,dutch,3.1646
1901-11-22,france,2.9681
1901-11-22,germany,3.3898
1901-11-22,russia,4.0
1901-11-29,dutch,3.1646
1901-11-29,france,2.9688
1901-11-29,germany,3.3708
1901-11-29,russia,3.9604
1901-12-04,dutch,3.2468
1901-12-07,dutch,3.2051
1901-12-13,dutch,3.1646
1901-12-13,france,2.9586
1901-12-13,germany,3.352
1901-12-13,russia,3.9801
1901-12-20,dutch,3.1646
1901-12-20,france,2.9866
1901-12-20,germany,3.3333
1901-12-20,russia,3.9409
1901-12-27,dutch,3.1646
1901-12-27,france,2.9985
1901-12-27,germany,3.3333
1901-12-27,russia,3.9409
1902-01-17,dutch,3.1646
1902-01-24,dutch,3.1646
1902-01-31,dutch,3.125
1902-02-05,dutch,3.0864
1902-02-14,dutch,3.125
1902-02-21,dutch,3.125
1902-02-28,dutch,3.0488
1902-03-01,dutch,3.1646
1902-03-10,dutch,3.125
1902-03-14,dutch,3.012
1902-03-21,dutch,3.012
1902-03-28,dutch,3.012
1902-04-04,dutch,3.012
1902-04-07,dutch,3.0488
1902-04-18,dutch,3.0864
1902-04-25,dutch,3.0864
1902-05-09,dutch,3.125
1902-05-12,dutch,3.125
1902-05-16,dutch,3.0864
1902-05-23,dutch,3.0864
1902-05-30,dutch,3.0488
1902-06-06,dutch,3.0488
1902-06-13,dutch,3.0488
1902-06-20,dutch,3.0488
1902-06-27,dutch,3.0488
1902-07-02,dutch,3.125
1902-07-03,dutch,3.0488
1902-07-11,dutch,3.125
1902-07-18,dutch,3.0488
1902-07-25,dutch,3.125
1902-08-08,dutch,3.0864
1902-08-15,dutch,3.0864
1902-08-22,dutch,3.125
1902-08-29,dutch,3.125
1902-09-05,dutch,3.0864
1902-09-19,dutch,3.125
1902-09-26,dutch,3.125
1902-10-01,dutch,3.1646
1902-10-10,dutch,3.125
1902-10-17,dutch,3.125
1902-10-24,dutch,3.125
1902-10-31,dutch,3.125
1902-11-04,dutch,3.0864
1902-11-07,dutch,3.0488
1902-11-14,dutch,3.125
1902-11-21,dutch,3.125
1902-11-28,dutch,3.125
1902-12-09,dutch,3.125
1902-12-12,dutch,3.125
1902-12-19,dutch,3.125
1902-12-26,dutch,3.125
1903-01-05,dutch,3.2051
1903-01-16,dutch,3.1646
1903-01-23,dutch,3.1646
1903-01-30,dutch,3.1646
1903-02-01,dutch,3.1646
1903-02-10,dutch,3.2468
1903-02-13,dutch,3.1646
1903-02-20,dutch,3.1646
1903-02-27,dutch,3.2051
1903-03-04,dutch,3.2051
1903-03-07,dutch,3.1646
1903-03-13,dutch,3.2051
1903-03-20,dutch,3.2051
1903-03-27,dutch,3.2051
1903-04-09,dutch,3.2468
1903-04-12,dutch,3.2051
1903-04-17,dutch,3.2051
1903-04-24,dutch,3.2051
1903-05-06,dutch,3.1646
1903-05-15,dutch,3.2051
1903-05-22,dutch,3.1646
1903-05-29,dutch,3.1646
1903-06-02,dutch,3.125
1903-06-03,dutch,3.2051
1903-06-11,dutch,3.2051
1903-06-19,dutch,3.1646
1903-06-26,dutch,3.125
1903-07-08,dutch,3.2468
1903-07-17,dutch,3.2468
1903-07-24,dutch,3.2468
1903-07-31,dutch,3.2468
1903-08-05,dutch,3.2051
1903-08-14,dutch,3.2051
1903-08-21,dutch,3.2051
1903-08-28,dutch,3.2051
1903-09-01,dutch,3.1646
1903-09-10,dutch,3.2468
1903-09-18,dutch,3.2468
1903-09-25,dutch,3.2468
1903-10-04,dutch,3.2051
1903-10-07,dutch,3.1646
1903-10-16,dutch,3.2051
1903-10-23,dutch,3.2051
1903-10-30,dutch,3.2051
1903-11-09,dutch,3.2468
1903-11-12,dutch,3.1646
1903-11-13,dutch,3.2051
1903-11-20,dutch,3.2468
1903-11-27,dutch,3.2051
1903-12-06,dutch,3.1646
1903-12-18,dutch,3.1646
1903-12-25,dutch,3.1646
1904-01-01,dutch,3.1646
1904-01-04,dutch,3.2468
1904-01-07,dutch,3.2468
1904-01-15,austria_hungary,3.9216
1904-01-15,dutch,3.2468
1904-01-15,france,3.0683
1904-01-15,germany,3.3149
1904-01-15,russia,4.1026
1904-01-22,austria_hungary,3.8835
1904-01-22,dutch,3.2468
1904-01-22,france,3.0675
1904-01-22,germany,3.2787
1904-01-22,russia,4.0609
1904-01-29,austria_hungary,3.8835
1904-01-29,dutch,3.2468
1904-01-29,france,3.0753
1904-01-29,germany,3.2787
1904-01-29,russia,4.1026
1904-02-09,dutch,3.2051
1904-02-12,dutch,3.1646
1904-02-19,austria_hungary,3.9216
1904-02-19,dutch,3.2468
1904-02-19,france,3.1488
1904-02-19,germany,3.3333
1904-02-19,russia,4.4693
1904-02-26,austria_hungary,4.0
1904-02-26,dutch,3.2468
1904-02-26,france,3.1646
1904-02-26,germany,3.3898
1904-02-26,russia,4.3478
1904-03-06,dutch,3.2468
1904-03-18,austria_hungary,3.9604
1904-03-18,dutch,3.2468
1904-03-18,france,3.1414
1904-03-18,germany,3.352
1904-03-18,russia,4.2553
1904-03-25,austria_hungary,3.9604
1904-03-25,dutch,3.2468
1904-03-25,france,3.1307
1904-03-25,germany,3.352
1904-03-25,russia,4.2328
1904-04-03,dutch,3.2468
1904-04-11,dutch,3.1646
1904-04-15,austria_hungary,4.0
1904-04-15,dutch,3.2468
1904-04-15,france,3.0659
1904-04-15,germany,3.3708
1904-04-15,russia,4.3011
1904-04-22,austria_hungary,4.0
1904-04-22,dutch,3.2468
1904-04-22,france,3.0738
1904-04-22,germany,3.3898
1904-04-22,russia,4.3478
1904-04-29,austria_hungary,3.9604
1904-04-29,dutch,3.2468
1904-04-29,france,3.0698
1904-04-29,germany,3.3708
1904-04-29,russia,4.3478
1904-05-02,dutch,3.2051
1904-05-08,dutch,3.2051
1904-05-13,austria_hungary,3.9604
1904-05-13,dutch,3.2468
1904-05-13,france,3.1056
1904-05-13,germany,3.3708
1904-05-13,russia,4.4944
1904-05-20,austria_hungary,3.9604
1904-05-20,dutch,3.2468
1904-05-20,france,3.1016
1904-05-20,germany,3.3898
1904-05-20,russia,4.4944
1904-05-27,austria_hungary,3.9604
1904-05-27,dutch,3.2468
1904-05-27,france,3.0936
1904-05-27,germany,3.3898
1904-05-27,russia,4.4818
1904-06-05,dutch,3.2468
1904-06-17,austria_hungary,3.9604
1904-06-17,dutch,3.2051
1904-06-17,france,3.0769
1904-06-17,germany,3.352
1904-06-17,russia,4.4321
1904-06-24,austria_hungary,3.9604
1904-06-24,dutch,3.2051
1904-06-24,france,3.0722
1904-06-24,germany,3.3333
1904-06-24,russia,4.3243
1904-07-10,dutch,3.2051
1904-07-15,austria_hungary,3.9604
1904-07-15,dutch,3.2051
1904-07-15,france,3.0496
1904-07-15,germany,3.3333
1904-07-15,russia,4.336
1904-07-22,austria_hungary,3.9604
1904-07-22,dutch,3.2051
1904-07-22,france,3.0581
1904-07-22,germany,3.3333
1904-07-22,russia,4.3597
1904-07-29,austria_hungary,3.9216
1904-07-29,dutch,3.2051
1904-07-29,france,3.0714
1904-07-29,germany,3.352
1904-07-29,russia,4.3716
1904-08-01,dutch,3.2468
1904-08-04,dutch,3.2468
1904-08-07,dutch,3.2468
1904-08-19,austria_hungary,3.9216
1904-08-19,dutch,3.2051
1904-08-19,france,3.0581
1904-08-19,germany,3.352
1904-08-19,russia,4.3836
1904-08-26,austria_hungary,3.9216
1904-08-26,dutch,3.2051
1904-08-26,france,3.055
1904-08-26,germany,3.352
1904-08-26,russia,4.3597
1904-09-09,dutch,3.2051
1904-09-12,dutch,3.1646
1904-09-16,austria_hungary,3.9216
1904-09-16,dutch,3.2051
1904-09-16,france,3.0272
1904-09-16,germany,3.3333
1904-09-16,russia,4.3127
1904-09-23,austria_hungary,3.9216
1904-09-23,dutch,3.2051
1904-09-23,france,3.0628
1904-09-23,germany,3.3333
1904-09-23,russia,4.336
1904-09-30,austria_hungary,3.9216
1904-09-30,dutch,3.2051
1904-09-30,france,3.0691
1904-09-30,germany,3.3333
1904-09-30,russia,4.3127
1904-10-06,dutch,3.2468
1904-10-14,austria_hungary,3.9604
1904-10-14,dutch,3.1646
1904-10-14,france,3.0644
1904-10-14,germany,3.3898
1904-10-14,russia,4.3011
1904-10-21,austria_hungary,3.9604
1904-10-21,dutch,3.1646
1904-10-21,france,3.0597
1904-10-21,germany,3.3898
1904-10-21,russia,4.3011
1904-10-28,austria_hungary,3.9604
1904-10-28,dutch,3.1646
1904-10-28,france,3.0722
1904-10-28,germany,3.4091
1904-10-28,russia,4.3127
1904-11-03,dutch,3.2468
1904-11-11,dutch,3.1646
1904-11-18,austria_hungary,3.9216
1904-11-18,dutch,3.1646
1904-11-18,france,3.0511
1904-11-18,germany,3.3898
1904-11-18,russia,4.2781
1904-11-25,austria_hungary,3.9216
1904-11-25,dutch,3.1646
1904-11-25,france,3.0472
1904-11-25,germany,3.3708
1904-11-25,russia,4.2895
1904-12-02,dutch,3.2051
1904-12-08,dutch,3.2051
1904-12-16,austria_hungary,3.9216
1904-12-16,dutch,3.1646
1904-12-16,france,3.0465
1904-12-16,germany,3.352
1904-12-16,russia,4.3011
1904-12-23,austria_hungary,3.9216
1904-12-23,dutch,3.1646
1904-12-23,france,3.0777
1904-12-23,germany,3.352
1904-12-23,russia,4.3478
1904-12-30,austria_hungary,3.9216
1904-12-30,dutch,3.1646
1904-12-30,france,3.0722
1904-12-30,germany,3.352
1904-12-30,russia,4.3716
1905-01-09,dutch,3.2051
1905-01-12,dutch,3.2468
1905-01-13,austria_hungary,3.9216
1905-01-13,dutch,3.2051
1905-01-13,france,3.0604
1905-01-13,germany,3.352
1905-01-13,russia,4.4321
1905-01-20,austria_hungary,3.9216
1905-01-20,dutch,3.2051
1905-01-20,france,3.062
1905-01-20,germany,3.352
1905-01-20,russia,4.4818
1905-01-27,austria_hungary,3.9216
1905-01-27,dutch,3.2051
1905-01-27,france,3.0558
1905-01-27,germany,3.352
1905-01-27,russia,4.4693
1905-02-06,dutch,3.2051
1905-02-17,austria_hungary,3.8835
1905-02-17,dutch,3.2051
1905-02-17,france,3.0038
1905-02-17,germany,3.2967
1905-02-17,russia,4.3836
1905-02-24,austria_hungary,3.8835
1905-02-24,dutch,3.1646
1905-02-24,france,3.009
1905-02-24,germany,3.2967
1905-02-24,russia,4.4818
1905-03-02,dutch,3.2051
1905-03-03,dutch,3.1646
1905-03-11,dutch,3.2468
1905-03-17,austria_hungary,3.8835
1905-03-17,dutch,3.1646
1905-03-17,france,3.012
1905-03-17,germany,3.3149
1905-03-17,russia,4.5714
1905-03-24,austria_hungary,3.8835
1905-03-24,dutch,3.1646
1905-03-24,france,3.0038
1905-03-24,germany,3.3149
1905-03-24,russia,4.507
1905-03-31,austria_hungary,3.9216
1905-03-31,dutch,3.1646
1905-03-31,france,3.0151
1905-03-31,germany,3.2967
1905-03-31,russia,4.4444
1905-04-08,dutch,3.2051
1905-04-14,austria_hungary,3.9604
1905-04-14,dutch,3.1646
1905-04-14,france,3.0196
1905-04-14,germany,3.352
1905-04-14,russia,4.5584
1905-04-21,austria_hungary,3.9604
1905-04-21,dutch,3.1646
1905-04-21,france,3.0204
1905-04-21,germany,3.352
1905-04-21,russia,4.5845
1905-04-28,austria_hungary,3.9604
1905-04-28,dutch,3.2468
1905-04-28,france,3.0449
1905-04-28,germany,3.3708
1905-04-28,russia,4.5977
1905-05-05,dutch,3.2468
1905-05-19,austria_hungary,3.9604
1905-05-19,dutch,3.2051
1905-05-19,france,3.0189
1905-05-19,germany,3.3708
1905-05-19,russia,4.507
1905-05-26,austria_hungary,3.9604
1905-05-26,dutch,3.2051
1905-05-26,france,3.0105
1905-05-26,germany,3.352
1905-05-26,russia,4.507
1905-06-01,dutch,3.2051
1905-06-10,dutch,3.2051
1905-06-16,austria_hungary,3.9604
1905-06-16,dutch,3.2051
1905-06-16,france,3.0189
1905-06-16,germany,3.352
1905-06-16,russia,4.4444
1905-06-23,austria_hungary,3.9604
1905-06-23,dutch,3.2051
1905-06-23,france,3.0465
1905-06-23,germany,3.3708
1905-06-23,russia,4.4818
1905-06-30,austria_hungary,3.9604
1905-06-30,dutch,3.2051
1905-06-30,france,3.0434
1905-06-30,germany,3.3708
1905-06-30,russia,4.5584
1905-07-04,dutch,3.2051
1905-07-07,dutch,3.2468
1905-07-14,austria_hungary,3.9216
1905-07-14,dutch,3.2468
1905-07-14,france,3.0234
1905-07-14,germany,3.352
1905-07-14,russia,4.5977
1905-07-21,austria_hungary,3.9216
1905-07-21,dutch,3.2468
1905-07-21,france,3.0173
1905-07-21,germany,3.352
1905-07-21,russia,4.6243
1905-07-28,austria_hungary,3.9216
1905-07-28,dutch,3.2468
1905-07-28,france,3.0181
1905-07-28,germany,3.352
1905-07-28,russia,4.5198
1905-08-09,dutch,3.2051
1905-08-12,dutch,3.2468
1905-08-18,austria_hungary,3.9216
1905-08-18,dutch,3.2051
1905-08-18,france,3.0068
1905-08-18,germany,3.352
1905-08-18,russia,4.4693
1905-08-25,austria_hungary,3.9216
1905-08-25,dutch,3.2051
1905-08-25,france,3.0075
1905-08-25,germany,3.352
1905-08-25,russia,4.4693
1905-09-06,dutch,3.2051
1905-09-15,austria_hungary,3.8835
1905-09-15,dutch,3.2051
1905-09-15,france,2.9895
1905-09-15,germany,3.3333
1905-09-15,russia,4.2328
1905-09-22,austria_hungary,3.8835
1905-09-22,dutch,3.2051
1905-09-22,france,3.0075
1905-09-22,germany,3.352
1905-09-22,russia,4.2105
1905-09-29,austria_hungary,3.8835
1905-09-29,dutch,3.2051
1905-09-29,france,3.009
1905-09-29,germany,3.352
1905-09-29,russia,4.2105
1905-10-02,dutch,3.2051
1905-10-03,dutch,3.1646
1905-10-11,dutch,3.2468
1905-10-13,austria_hungary,3.9216
1905-10-13,dutch,3.2468
1905-10-13,france,3.012
1905-10-13,germany,3.4091
1905-10-13,russia,4.2895
1905-10-20,austria_hungary,3.9216
1905-10-20,dutch,3.2468
1905-10-20,france,3.0204
1905-10-20,germany,3.4091
1905-10-20,russia,4.3011
1905-10-27,austria_hungary,3.9216
1905-10-27,dutch,3.2468
1905-10-27,france,3.012
1905-10-27,germany,3.4286
1905-10-27,russia,4.4444
1905-11-08,dutch,3.2051
1905-11-17,austria_hungary,4.0
1905-11-17,dutch,3.2468
1905-11-17,france,3.006
1905-11-17,germany,3.4091
1905-11-17,russia,4.5977
1905-11-24,austria_hungary,4.0
1905-11-24,dutch,3.2468
1905-11-24,france,3.0015
1905-11-24,germany,3.4091
1905-11-24,russia,4.507
1905-12-05,dutch,3.2468
1905-12-15,austria_hungary,4.0
1905-12-15,dutch,3.2468
1905-12-15,france,3.0045
1905-12-15,germany,3.3898
1905-12-15,russia,4.9689
1905-12-22,austria_hungary,4.0
1905-12-22,dutch,3.2468
1905-12-22,france,3.038
1905-12-22,germany,3.4091
1905-12-22,russia,5.0794
1905-12-29,austria_hungary,4.0
1905-12-29,dutch,3.2051
1905-12-29,france,3.0272
1905-12-29,germany,3.3898
1905-12-29,russia,4.893
1906-01-06,dutch,3.2468
1906-01-19,austria_hungary,4.0
1906-01-19,dutch,3.2468
1906-01-19,france,3.0295
1906-01-19,germany,3.3898
1906-01-19,russia,4.7337
1906-01-26,austria_hungary,3.9604
1906-01-26,dutch,3.2468
1906-01-26,france,3.0364
1906-01-26,germany,3.4091
1906-01-26,russia,4.8193
1906-02-02,dutch,3.2051
1906-02-03,dutch,3.2051
1906-02-11,dutch,3.3333
1906-02-16,austria_hungary,3.9604
1906-02-16,dutch,3.2051
1906-02-16,france,3.0189
1906-02-16,germany,3.3898
1906-02-16,russia,4.7478
1906-02-23,austria_hungary,3.9604
1906-02-23,dutch,3.2051
1906-02-23,france,3.0204
1906-02-23,germany,3.3898
1906-02-23,russia,4.7478
1906-03-08,dutch,3.2895
1906-03-16,austria_hungary,3.9604
1906-03-16,dutch,3.2051
1906-03-16,france,3.009
1906-03-16,germany,3.3898
1906-03-16,russia,4.7059
1906-03-23,austria_hungary,3.9604
1906-03-23,dutch,3.2051
1906-03-23,france,3.0204
1906-03-23,germany,3.3708
1906-03-23,russia,4.6784
1906-03-30,austria_hungary,3.9604
1906-03-30,dutch,3.2051
1906-03-30,france,3.0288
1906-03-30,germany,3.3708
1906-03-30,russia,4.7059
1906-04-05,dutch,3.2468
1906-04-13,austria_hungary,4.0
1906-04-13,dutch,3.2051
1906-04-13,france,3.028
1906-04-13,germany,3.4286
1906-04-13,russia,4.8338
1906-04-20,austria_hungary,4.0
1906-04-20,dutch,3.2051
1906-04-20,france,3.038
1906-04-20,germany,3.4483
1906-04-20,russia,4.908
1906-04-27,austria_hungary,4.0
1906-04-27,dutch,3.2468
1906-04-27,france,3.0326
1906-04-27,germany,3.4483
1906-04-27,russia,4.8485
1906-05-01,dutch,3.2468
1906-05-10,dutch,3.3333
1906-05-18,austria_hungary,4.0
1906-05-18,dutch,3.2468
1906-05-18,france,3.0288
1906-05-18,germany,3.4483
1906-05-18,russia,4.8632
1906-05-25,austria_hungary,4.0
1906-05-25,dutch,3.2468
1906-05-25,france,3.0334
1906-05-25,germany,3.4483
1906-05-25,russia,4.893
1906-06-04,dutch,3.2051
1906-06-07,dutch,3.2895
1906-06-15,austria_hungary,4.0
1906-06-15,dutch,3.2468
1906-06-15,france,3.0527
1906-06-15,germany,3.4682
1906-06-15,russia,5.0633
1906-06-22,austria_hungary,4.0
1906-06-22,dutch,3.2468
1906-06-22,france,3.0848
1906-06-22,germany,3.4483
1906-06-22,russia,5.1118
1906-06-29,austria_hungary,4.0
1906-06-29,dutch,3.2468
1906-06-29,france,3.1064
1906-06-29,germany,3.4483
1906-06-29,russia,5.1282
1906-07-09,dutch,3.2895
1906-07-12,dutch,3.2895
1906-07-13,austria_hungary,4.0
1906-07-13,dutch,3.2895
1906-07-13,france,3.096
1906-07-13,germany,3.4286
1906-07-13,russia,5.2288
1906-07-20,austria_hungary,4.0
1906-07-20,dutch,3.2895
1906-07-20,france,3.0968
1906-07-20,germany,3.4483
1906-07-20,russia,5.3872
1906-07-27,austria_hungary,4.0
1906-07-27,dutch,3.2895
1906-07-27,france,3.0936
1906-07-27,germany,3.4483
1906-07-27,russia,5.4237
1906-08-06,dutch,3.2468
1906-08-17,austria_hungary,3.9604
1906-08-17,dutch,3.2895
1906-08-17,france,3.0644
1906-08-17,germany,3.4682
1906-08-17,russia,5.4795
1906-08-24,austria_hungary,3.9216
1906-08-24,dutch,3.2895
1906-08-24,france,3.0675
1906-08-24,germany,3.4682
1906-08-24,russia,5.5363
1906-08-31,austria_hungary,4.0
1906-08-31,dutch,3.2895
1906-08-31,france,3.0651
1906-08-31,germany,3.4483
1906-08-31,russia,5.5749
1906-09-02,dutch,3.2051
1906-09-03,dutch,3.2051
1906-09-11,dutch,3.2895
1906-09-14,austria_hungary,4.0
1906-09-14,dutch,3.2895
1906-09-14,france,3.0785
1906-09-14,germany,3.4682
1906-09-14,russia,5.5556
1906-09-21,austria_hungary,4.0
1906-09-21,dutch,3.2895
1906-09-21,france,3.1016
1906-09-21,germany,3.4682
1906-09-21,russia,5.5556
1906-09-28,austria_hungary,4.0
1906-09-28,dutch,3.3333
1906-09-28,france,3.1072
1906-09-28,germany,3.4483
1906-09-28,russia,5.4608
1906-10-08,dutch,3.2895
1906-10-19,austria_hungary,4.0816
1906-10-19,dutch,3.3333
1906-10-19,france,3.1234
1906-10-19,germany,3.5294
1906-10-19,russia,5.4983
1906-10-26,austria_hungary,4.0816
1906-10-26,dutch,3.3333
1906-10-26,france,3.1405
1906-10-26,germany,3.5503
1906-10-26,russia,5.3872
1906-11-05,dutch,3.2468
1906-11-16,austria_hungary,4.0816
1906-11-16,dutch,3.2895
1906-11-16,france,3.1258
1906-11-16,germany,3.5088
1906-11-16,russia,5.1948
1906-11-23,austria_hungary,4.0404
1906-11-23,dutch,3.2895
1906-11-23,france,3.1217
1906-11-23,germany,3.5088
1906-11-23,russia,5.2117
1906-11-30,austria_hungary,4.0404
1906-11-30,dutch,3.2895
1906-11-30,france,3.1266
1906-11-30,germany,3.5088
1906-11-30,russia,5.1118
1906-12-01,dutch,3.2468
1906-12-10,dutch,3.3333
1906-12-14,austria_hungary,4.0404
1906-12-14,dutch,3.2895
1906-12-14,france,3.1193
1906-12-14,germany,3.4884
1906-12-14,russia,5.1948
1906-12-21,austria_hungary,4.0404
1906-12-21,dutch,3.2895
1906-12-21,france,3.1537
1906-12-21,germany,3.4884
1906-12-21,russia,5.1613
1906-12-28,austria_hungary,4.0404
1906-12-28,dutch,3.2468
1906-12-28,france,3.1471
1906-12-28,germany,3.4682
1906-12-28,russia,5.0633
1907-01-02,dutch,3.2895
1907-01-03,dutch,3.2895
1907-01-11,dutch,3.4722
1907-01-18,austria_hungary,4.0404
1907-01-18,dutch,3.3333
1907-01-18,france,3.1579
1907-01-18,germany,3.4884
1907-01-18,russia,5.1282
1907-01-25,austria_hungary,4.0404
1907-01-25,dutch,3.3333
1907-01-25,france,3.1662
1907-01-25,germany,3.4884
1907-01-25,russia,5.1447
1907-02-08,dutch,3.4247
1907-02-15,austria_hungary,4.0
1907-02-15,dutch,3.2895
1907-02-15,france,3.1447
1907-02-15,germany,3.4884
1907-02-15,russia,5.1447
1907-02-22,austria_hungary,4.0
1907-02-22,dutch,3.2895
1907-02-22,france,3.1414
1907-02-22,germany,3.5088
1907-02-22,russia,5.2805
1907-03-05,dutch,3.3784
1907-03-15,austria_hungary,4.0
1907-03-15,dutch,3.3784
1907-03-15,france,3.1274
1907-03-15,germany,3.5503
1907-03-15,russia,5.3333
1907-03-22,austria_hungary,4.0404
1907-03-22,dutch,3.3784
1907-03-22,france,3.1604
1907-03-22,germany,3.5714
1907-03-22,russia,5.3156
1907-03-29,austria_hungary,4.0404
1907-03-29,dutch,3.3784
1907-03-29,france,3.1679
1907-03-29,germany,3.5294
1907-03-29,russia,5.2632
1907-04-01,dutch,3.3333
1907-04-10,dutch,3.4722
1907-04-19,austria_hungary,4.0816
1907-04-19,dutch,3.3784
1907-04-19,france,3.1771
1907-04-19,germany,3.5928
1907-04-19,russia,5.3512
1907-04-26,austria_hungary,4.0404
1907-04-26,dutch,3.3784
1907-04-26,france,3.1721
1907-04-26,germany,3.5928
1907-04-26,russia,5.3333
1907-05-04,dutch,3.3784
1907-05-07,dutch,3.5211
1907-05-17,austria_hungary,4.0404
1907-05-17,dutch,3.3784
1907-05-17,france,3.1596
1907-05-17,germany,3.6364
1907-05-17,russia,5.3512
1907-05-24,austria_hungary,4.0404
1907-05-24,dutch,3.3784
1907-05-24,france,3.1763
1907-05-24,germany,3.6364
1907-05-24,russia,5.3691
1907-05-31,austria_hungary,4.0404
1907-05-31,dutch,3.3784
1907-05-31,france,3.1529
1907-05-31,germany,3.6364
1907-05-31,russia,5.3333
1907-06-09,dutch,3.4722
1907-06-12,dutch,3.4722
1907-06-14,austria_hungary,4.0404
1907-06-14,dutch,3.4722
1907-06-14,france,3.1629
1907-06-14,germany,3.6145
1907-06-14,russia,5.4237
1907-06-21,austria_hungary,4.0404
1907-06-21,dutch,3.4722
1907-06-21,france,3.1923
1907-06-21,germany,3.6364
1907-06-21,russia,5.4795
1907-06-28,austria_hungary,4.0404
1907-06-28,dutch,3.4722
1907-06-28,france,3.1813
1907-06-28,germany,3.5928
1907-06-28,russia,5.3333
1907-07-06,dutch,3.3784
1907-07-19,austria_hungary,4.0816
1907-07-19,dutch,3.4722
1907-07-19,france,3.1529
1907-07-19,germany,3.6145
1907-07-19,russia,5.3872
1907-07-26,austria_hungary,4.0816
1907-07-26,dutch,3.4247
1907-07-26,france,3.1562
1907-07-26,germany,3.6145
1907-07-26,russia,5.4054
1907-08-02,dutch,3.2895
1907-08-03,dutch,3.2895
1907-08-11,dutch,3.4722
1907-08-16,austria_hungary,4.0816
1907-08-16,dutch,3.5211
1907-08-16,france,3.1712
1907-08-16,germany,3.7037
1907-08-16,russia,5.5556
1907-08-23,austria_hungary,4.0816
1907-08-23,dutch,3.5211
1907-08-23,france,3.1847
1907-08-23,germany,3.681
1907-08-23,russia,5.4983
1907-08-30,austria_hungary,4.0816
1907-08-30,dutch,3.4722
1907-08-30,france,3.1696
1907-08-30,germany,3.6585
1907-08-30,russia,5.4422
1907-09-08,dutch,3.4247
1907-09-13,austria_hungary,4.0404
1907-09-13,dutch,3.4722
1907-09-13,france,3.1646
1907-09-13,germany,3.5928
1907-09-13,russia,5.3333
1907-09-20,austria_hungary,4.0404
1907-09-20,dutch,3.4722
1907-09-20,france,3.1873
1907-09-20,germany,3.5714
1907-09-20,russia,5.2288
1907-09-27,austria_hungary,4.0404
1907-09-27,dutch,3.4722
1907-09-27,france,3.1881
1907-09-27,germany,3.5503
1907-09-27,russia,5.178
1907-10-05,dutch,3.3784
1907-10-18,austria_hungary,4.1237
1907-10-18,dutch,3.4722
1907-10-18,france,3.1881
1907-10-18,germany,3.6145
1907-10-18,russia,5.3333
1907-10-25,austria_hungary,4.1237
1907-10-25,dutch,3.4722
1907-10-25,france,3.1822
1907-10-25,germany,3.6364
1907-10-25,russia,5.298
1907-11-01,dutch,3.3333
1907-11-10,dutch,3.4722
1907-11-15,austria_hungary,4.1237
1907-11-15,dutch,3.4722
1907-11-15,france,3.1612
1907-11-15,germany,3.681
1907-11-15,russia,5.3156
1907-11-22,austria_hungary,4.1667
1907-11-22,dutch,3.4722
1907-11-22,france,3.1529
1907-11-22,germany,3.681
1907-11-22,russia,5.2288
1907-11-29,austria_hungary,4.1667
1907-11-29,dutch,3.4722
1907-11-29,france,3.1612
1907-11-29,germany,3.681
1907-11-29,russia,4.9689
1907-12-04,dutch,3.4247
1907-12-07,dutch,3.5211
1907-12-13,austria_hungary,4.1667
1907-12-13,dutch,3.4722
1907-12-13,france,3.1217
1907-12-13,germany,3.681
1907-12-13,russia,4.878
1907-12-20,austria_hungary,4.1667
1907-12-20,dutch,3.4722
1907-12-20,france,3.1422
1907-12-20,germany,3.6585
1907-12-20,russia,4.893
1907-12-27,austria_hungary,4.1667
1907-12-27,dutch,3.4247
1907-12-27,france,3.148
1907-12-27,germany,3.6585
1907-12-27,russia,4.908
1908-01-05,dutch,3.3784
1908-01-17,austria_hungary,4.0816
1908-01-17,dutch,3.4247
1908-01-17,france,3.1356
1908-01-17,germany,3.6585
1908-01-17,russia,4.908
1908-01-24,austria_hungary,4.0404
1908-01-24,dutch,3.4247
1908-01-24,france,3.134
1908-01-24,germany,3.6364
1908-01-24,russia,4.8193
1908-01-31,austria_hungary,4.0
1908-01-31,dutch,3.3784
1908-01-31,france,3.1145
1908-01-31,germany,3.6145
1908-01-31,russia,4.7198
1908-02-10,dutch,3.3784
1908-02-14,austria_hungary,4.0
1908-02-14,dutch,3.3333
1908-02-14,france,3.0968
1908-02-14,germany,3.6145
1908-02-14,russia,4.7478
1908-02-21,austria_hungary,4.0
1908-02-21,dutch,3.3333
1908-02-21,france,3.0936
1908-02-21,germany,3.6145
1908-02-21,russia,4.7904
1908-02-28,austria_hungary,4.0
1908-02-28,dutch,3.2895
1908-02-28,france,3.084
1908-02-28,germany,3.6145
1908-02-28,russia,4.8048
1908-03-01,dutch,3.4722
1908-03-04,dutch,3.3784
1908-03-07,dutch,3.4247
1908-03-13,austria_hungary,4.0
1908-03-13,dutch,3.3784
1908-03-13,france,3.073
1908-03-13,germany,3.6364
1908-03-13,russia,4.8485
1908-03-20,austria_hungary,4.0
1908-03-20,dutch,3.3784
1908-03-20,france,3.0864
1908-03-20,germany,3.6364
1908-03-20,russia,4.8048
1908-03-27,austria_hungary,4.0
1908-03-27,dutch,3.3784
1908-03-27,france,3.0944
1908-03-27,germany,3.6364
1908-03-27,russia,4.8048
1908-04-09,dutch,3.3784
1908-04-12,dutch,3.2895
1908-04-17,austria_hungary,4.0816
1908-04-17,dutch,3.3784
1908-04-17,france,3.1128
1908-04-17,germany,3.7037
1908-04-17,russia,4.8048
1908-04-24,austria_hungary,4.0816
1908-04-24,dutch,3.3784
1908-04-24,france,3.1104
1908-04-24,germany,3.7267
1908-04-24,russia,4.8338
1908-05-06,dutch,3.3784
1908-05-15,austria_hungary,4.0816
1908-05-15,dutch,3.3784
1908-05-15,france,3.1048
1908-05-15,germany,3.681
1908-05-15,russia,4.7619
1908-05-22,austria_hungary,4.0404
1908-05-22,dutch,3.3784
1908-05-22,france,3.0968
1908-05-22,germany,3.6585
1908-05-22,russia,4.6784
1908-05-29,austria_hungary,4.0404
1908-05-29,dutch,3.3784
1908-05-29,france,3.1193
1908-05-29,germany,3.6364
1908-05-29,russia,4.5845
1908-06-03,dutch,3.3784
1908-06-11,dutch,3.3333
1908-06-19,austria_hungary,4.0404
1908-06-19,dutch,3.3784
1908-06-19,france,3.1729
1908-06-19,germany,3.6364
1908-06-19,russia,4.5714
1908-06-26,austria_hungary,4.0404
1908-06-26,dutch,3.3784
1908-06-26,france,3.178
1908-06-26,germany,3.6585
1908-06-26,russia,4.5845
1908-07-02,dutch,3.3784
1908-07-08,dutch,3.4247
1908-07-17,austria_hungary,4.0404
1908-07-17,dutch,3.3784
1908-07-17,france,3.1291
1908-07-17,germany,3.6145
1908-07-17,russia,4.6377
1908-07-24,austria_hungary,4.0404
1908-07-24,dutch,3.4247
1908-07-24,france,3.1364
1908-07-24,germany,3.6364
1908-07-24,russia,4.611
1908-07-31,austria_hungary,4.0404
1908-07-31,dutch,3.4247
1908-07-31,france,3.1234
1908-07-31,germany,3.6145
1908-07-31,russia,4.6647
1908-08-05,dutch,3.3784
1908-08-14,austria_hungary,4.0404
1908-08-14,dutch,3.3784
1908-08-14,france,3.1169
1908-08-14,germany,3.5928
1908-08-14,russia,4.5977
1908-08-21,austria_hungary,4.0
1908-08-21,dutch,3.3784
1908-08-21,france,3.112
1908-08-21,germany,3.5714
1908-08-21,russia,4.5977
1908-08-28,austria_hungary,4.0
1908-08-28,dutch,3.3784
1908-08-28,france,3.1072
1908-08-28,germany,3.5714
1908-08-28,russia,4.5584
1908-09-10,dutch,3.3784
1908-09-18,austria_hungary,4.0
1908-09-18,dutch,3.3784
1908-09-18,france,3.1234
1908-09-18,germany,3.5714
1908-09-18,russia,4.5845
1908-09-25,austria_hungary,4.0
1908-09-25,dutch,3.3784
1908-09-25,france,3.1209
1908-09-25,germany,3.5294
1908-09-25,russia,4.5714
1908-10-01,dutch,3.4247
1908-10-04,dutch,3.3784
1908-10-07,dutch,3.4247
1908-10-16,austria_hungary,4.1237
1908-10-16,dutch,3.3784
1908-10-16,france,3.1438
1908-10-16,germany,3.6364
1908-10-16,russia,4.7761
1908-10-23,austria_hungary,4.0816
1908-10-23,dutch,3.3333
1908-10-23,france,3.1397
1908-10-23,germany,3.6145
1908-10-23,russia,4.7761
1908-10-30,austria_hungary,4.0816
1908-10-30,dutch,3.3333
1908-10-30,france,3.1283
1908-10-30,germany,3.5714
1908-10-30,russia,4.7337
1908-11-09,dutch,3.3784
1908-11-12,dutch,3.3333
1908-11-13,austria_hungary,4.0816
1908-11-13,dutch,3.3333
1908-11-13,france,3.1072
1908-11-13,germany,3.5928
1908-11-13,russia,4.7198
1908-11-20,austria_hungary,4.0816
1908-11-20,dutch,3.3333
1908-11-20,france,3.1008
1908-11-20,germany,3.5714
1908-11-20,russia,4.7198
1908-11-27,austria_hungary,4.0816
1908-11-27,dutch,3.2895
1908-11-27,france,3.1056
1908-11-27,germany,3.5503
1908-11-27,russia,4.7337
1908-12-06,dutch,3.3784
1908-12-18,austria_hungary,4.1237
1908-12-18,dutch,3.3333
1908-12-18,france,3.1032
1908-12-18,germany,3.5503
1908-12-18,russia,4.7198
1908-12-25,austria_hungary,4.1237
1908-12-25,dutch,3.3333
1908-12-25,france,3.1
1908-12-25,germany,3.5503
1908-12-25,russia,4.7059
1909-01-01,dutch,3.2895
1909-01-10,dutch,3.2895
1909-01-15,austria_hungary,4.0816
1909-01-15,dutch,3.3333
1909-01-15,france,3.1056
1909-01-15,germany,3.5503
1909-01-15,russia,4.8048
1909-01-22,austria_hungary,4.0816
1909-01-22,dutch,3.3333
1909-01-22,france,3.1104
1909-01-22,germany,3.5294
1909-01-22,russia,4.8193
1909-01-29,austria_hungary,4.0816
1909-01-29,dutch,3.3333
1909-01-29,france,3.1072
1909-01-29,germany,3.5088
1909-01-29,russia,4.8632
1909-02-04,dutch,3.3333
1909-02-07,dutch,3.2895
1909-02-19,austria_hungary,4.0404
1909-02-19,dutch,3.3333
1909-02-19,france,3.062
1909-02-19,germany,3.4483
1909-02-19,russia,4.7198
1909-02-26,austria_hungary,4.0404
1909-02-26,dutch,3.2895
1909-02-26,france,3.0753
1909-02-26,germany,3.4682
1909-02-26,russia,4.7619
1909-03-09,dutch,3.2468
1909-03-12,dutch,3.2895
1909-03-19,austria_hungary,4.0816
1909-03-19,dutch,3.3333
1909-03-19,france,3.0944
1909-03-19,germany,3.4884
1909-03-19,russia,4.7619
1909-03-26,austria_hungary,4.0404
1909-03-26,dutch,3.3333
1909-03-26,france,3.0872
1909-03-26,germany,3.4884
1909-03-26,russia,4.7337
1909-04-06,dutch,3.2895
1909-04-16,austria_hungary,4.0816
1909-04-16,dutch,3.2895
1909-04-16,france,3.0738
1909-04-16,germany,3.4884
1909-04-16,russia,4.6377
1909-04-23,austria_hungary,4.0816
1909-04-23,dutch,3.2895
1909-04-23,france,3.0785
1909-04-23,germany,3.5088
1909-04-23,russia,4.5845
1909-04-30,austria_hungary,4.0404
1909-04-30,dutch,3.2895
1909-04-30,france,3.0856
1909-04-30,germany,3.5088
1909-04-30,russia,4.5455
1909-05-02,dutch,3.3333
1909-05-03,dutch,3.2895
1909-05-11,dutch,3.2895
1909-05-14,austria_hungary,4.0404
1909-05-14,dutch,3.2895
1909-05-14,france,3.0753
1909-05-14,germany,3.5088
1909-05-14,russia,4.507
1909-05-21,austria_hungary,4.0404
1909-05-21,dutch,3.2895
1909-05-21,france,3.0698
1909-05-21,germany,3.4884
1909-05-21,russia,4.4818
1909-05-28,austria_hungary,4.0404
1909-05-28,dutch,3.2895
1909-05-28,france,3.0683
1909-05-28,germany,3.4884
1909-05-28,russia,4.507
1909-06-08,dutch,3.2468
1909-06-18,austria_hungary,4.0404
1909-06-18,dutch,3.2468
1909-06-18,france,3.0785
1909-06-18,germany,3.5088
1909-06-18,russia,4.5326
1909-06-25,austria_hungary,4.0404
1909-06-25,dutch,3.2468
1909-06-25,france,3.0888
1909-06-25,germany,3.5503
1909-06-25,russia,4.5326
1909-07-05,dutch,3.2895
1909-07-16,austria_hungary,4.0
1909-07-16,dutch,3.3333
1909-07-16,france,3.0722
1909-07-16,germany,3.4884
1909-07-16,russia,4.5455
1909-07-23,austria_hungary,4.0
1909-07-23,dutch,3.2895
1909-07-23,france,3.0698
1909-07-23,germany,3.4884
1909-07-23,russia,4.4944
1909-07-30,austria_hungary,4.0
1909-07-30,dutch,3.2468
1909-07-30,france,3.0714
1909-07-30,germany,3.4884
1909-07-30,russia,4.5198
1909-08-01,dutch,3.2895
1909-08-10,dutch,3.2468
1909-08-13,austria_hungary,4.0
1909-08-13,dutch,3.2468
1909-08-13,france,3.0581
1909-08-13,germany,3.4884
1909-08-13,russia,4.4818
1909-08-20,austria_hungary,4.0
1909-08-20,dutch,3.2468
1909-08-20,france,3.0558
1909-08-20,germany,3.4884
1909-08-20,russia,4.4444
1909-08-27,austria_hungary,3.9604
1909-08-27,dutch,3.2468
1909-08-27,france,3.0542
1909-08-27,germany,3.4884
1909-08-27,russia,4.3956
1909-09-04,dutch,3.3333
1909-09-07,dutch,3.3333
1909-09-17,austria_hungary,3.9604
1909-09-17,dutch,3.2468
1909-09-17,france,3.0706
1909-09-17,germany,3.5088
1909-09-17,russia,4.3836
1909-09-24,austria_hungary,3.9604
1909-09-24,dutch,3.2468
1909-09-24,france,3.0793
1909-09-24,germany,3.5088
1909-09-24,russia,4.3716
1909-10-09,dutch,3.2468
1909-10-12,dutch,3.2895
1909-10-15,austria_hungary,4.0404
1909-10-15,dutch,3.2468
1909-10-15,france,3.0785
1909-10-15,germany,3.6145
1909-10-15,russia,4.4199
1909-10-22,austria_hungary,4.0404
1909-10-22,dutch,3.2468
1909-10-22,france,3.0411
1909-10-22,germany,3.6364
1909-10-22,russia,4.4321
1909-10-29,austria_hungary,4.0404
1909-10-29,dutch,3.2468
1909-10-29,france,3.0403
1909-10-29,germany,3.6145
1909-10-29,russia,4.4321
1909-11-06,dutch,3.2895
1909-11-19,austria_hungary,4.0404
1909-11-19,dutch,3.2895
1909-11-19,france,3.0334
1909-11-19,germany,3.5714
1909-11-19,russia,4.4321
1909-11-26,austria_hungary,4.0404
1909-11-26,dutch,3.2895
1909-11-26,france,3.0272
1909-11-26,germany,3.5714
1909-11-26,russia,4.3011
1909-12-02,dutch,3.3333
1909-12-03,dutch,3.2895
1909-12-11,dutch,3.2895
1909-12-17,austria_hungary,4.0
1909-12-17,dutch,3.2895
1909-12-17,france,3.0434
1909-12-17,germany,3.5714
1909-12-17,russia,4.2553
1909-12-24,austria_hungary,4.0
1909-12-24,dutch,3.3333
1909-12-24,france,3.0357
1909-12-24,germany,3.5714
1909-12-24,russia,4.2781
1909-12-31,austria_hungary,4.0
1909-12-31,dutch,3.2895
1909-12-31,france,3.0434
1909-12-31,germany,3.5294
1909-12-31,russia,4.2553
1910-01-04,dutch,3.3784
1910-01-07,dutch,3.4247
1910-01-14,austria_hungary,4.0
1910-01-14,dutch,3.3333
1910-01-14,france,3.0265
1910-01-14,germany,3.5294
1910-01-14,russia,4.2781
1910-01-21,austria_hungary,4.0
1910-01-21,dutch,3.3333
1910-01-21,france,3.0265
1910-01-21,germany,3.5294
1910-01-21,russia,4.2781
1910-01-28,austria_hungary,4.0
1910-01-28,dutch,3.3333
1910-01-28,france,3.0349
1910-01-28,germany,3.5294
1910-01-28,russia,4.2895
1910-02-09,dutch,3.4247
1910-02-12,dutch,3.4722
1910-02-18,austria_hungary,3.9604
1910-02-18,dutch,3.3333
1910-02-18,france,3.0326
1910-02-18,germany,3.5294
1910-02-18,russia,4.244
1910-02-25,austria_hungary,3.9604
1910-02-25,dutch,3.3333
1910-02-25,france,3.0364
1910-02-25,germany,3.5503
1910-02-25,russia,4.2553
1910-03-06,dutch,3.3784
1910-03-18,austria_hungary,3.9604
1910-03-18,dutch,3.3333
1910-03-18,france,3.0527
1910-03-18,germany,3.5714
1910-03-18,russia,4.2667
1910-03-25,austria_hungary,3.9604
1910-03-25,dutch,3.3333
1910-03-25,france,3.0527
1910-03-25,germany,3.5294
1910-03-25,russia,4.2667
1910-04-02,dutch,3.3333
1910-04-03,dutch,3.3333
1910-04-11,dutch,3.4722
1910-04-15,austria_hungary,4.0404
1910-04-15,dutch,3.3784
1910-04-15,france,3.0372
1910-04-15,germany,3.5928
1910-04-15,russia,4.3011
1910-04-22,austria_hungary,4.0404
1910-04-22,dutch,3.4247
1910-04-22,france,3.0411
1910-04-22,germany,3.5928
1910-04-22,russia,4.2895
1910-04-29,austria_hungary,4.0404
1910-04-29,dutch,3.4247
1910-04-29,france,3.0449
1910-04-29,germany,3.5928
1910-04-29,russia,4.3011
1910-05-08,dutch,3.4247
1910-05-13,austria_hungary,4.0404
1910-05-13,dutch,3.4247
1910-05-13,france,3.0349
1910-05-13,germany,3.5714
1910-05-13,russia,4.2553
1910-05-20,austria_hungary,4.0404
1910-05-20,dutch,3.4247
1910-05-20,france,3.0364
1910-05-20,germany,3.5928
1910-05-20,russia,4.244
1910-05-27,austria_hungary,4.0404
1910-05-27,dutch,3.4247
1910-05-27,france,3.0357
1910-05-27,germany,3.5928
1910-05-27,russia,4.2667
1910-06-05,dutch,3.4247
1910-06-17,austria_hungary,4.0404
1910-06-17,dutch,3.3784
1910-06-17,france,3.0612
1910-06-17,germany,3.5714
1910-06-17,russia,4.2553
1910-06-24,austria_hungary,4.0404
1910-06-24,dutch,3.3784
1910-06-24,france,3.0589
1910-06-24,germany,3.5714
1910-06-24,russia,4.2553
1910-07-01,dutch,3.2895
1910-07-10,dutch,3.4247
1910-07-15,austria_hungary,4.0404
1910-07-15,dutch,3.4247
1910-07-15,france,3.073
1910-07-15,germany,3.5714
1910-07-15,russia,4.2553
1910-07-22,austria_hungary,4.0404
1910-07-22,dutch,3.4247
1910-07-22,france,3.0864
1910-07-22,germany,3.5714
1910-07-22,russia,4.2667
1910-07-29,austria_hungary,4.0404
1910-07-29,dutch,3.4247
1910-07-29,france,3.0832
1910-07-29,germany,3.5714
1910-07-29,russia,4.2553
1910-08-04,dutch,3.3784
1910-08-07,dutch,3.4247
1910-08-19,austria_hungary,4.0
1910-08-19,dutch,3.4247
1910-08-19,france,3.0785
1910-08-19,germany,3.5928
1910-08-19,russia,4.2781
1910-08-26,austria_hungary,4.0
1910-08-26,dutch,3.4247
1910-08-26,france,3.0832
1910-08-26,germany,3.5928
1910-08-26,russia,4.2781
1910-09-09,dutch,3.4247
1910-09-12,dutch,3.4722
1910-09-16,austria_hungary,4.0
1910-09-16,dutch,3.4247
1910-09-16,france,3.0706
1910-09-16,germany,3.5928
1910-09-16,russia,4.2328
1910-09-23,austria_hungary,4.0
1910-09-23,dutch,3.4247
1910-09-23,france,3.0785
1910-09-23,germany,3.6145
1910-09-23,russia,4.2105
1910-09-30,austria_hungary,4.0
1910-09-30,dutch,3.4247
1910-09-30,france,3.0864
1910-09-30,germany,3.6145
1910-09-30,russia,4.2105
1910-10-06,dutch,3.3784
1910-10-14,austria_hungary,4.0816
1910-10-14,dutch,3.4247
1910-10-14,france,3.1048
1910-10-14,germany,3.6364
1910-10-14,russia,4.2553
1910-10-21,austria_hungary,4.0816
1910-10-21,dutch,3.4722
1910-10-21,france,3.0912
1910-10-21,germany,3.6364
1910-10-21,russia,4.2667
1910-10-28,austria_hungary,4.0816
1910-10-28,dutch,3.4722
1910-10-28,france,3.0952
1910-10-28,germany,3.6364
1910-10-28,russia,4.2781
1910-11-02,dutch,3.3333
1910-11-03,dutch,3.3333
1910-11-11,dutch,3.4722
1910-11-18,austria_hungary,4.0816
1910-11-18,dutch,3.4722
1910-11-18,france,3.0864
1910-11-18,germany,3.6364
1910-11-18,russia,4.2216
1910-11-25,austria_hungary,4.0816
1910-11-25,dutch,3.4722
1910-11-25,france,3.0801
1910-11-25,germany,3.6364
1910-11-25,russia,4.2216
1910-12-08,dutch,3.4247
1910-12-16,austria_hungary,4.0404
1910-12-16,dutch,3.4722
1910-12-16,france,3.0683
1910-12-16,germany,3.5503
1910-12-16,russia,4.1885
1910-12-23,austria_hungary,4.0404
1910-12-23,dutch,3.4722
1910-12-23,france,3.0896
1910-12-23,germany,3.5503
1910-12-23,russia,4.1667
1910-12-30,austria_hungary,4.0404
1910-12-30,dutch,3.4247
1910-12-30,france,3.0896
1910-12-30,germany,3.5503
1910-12-30,russia,4.1558
1911-01-09,dutch,3.6232
1911-01-12,dutch,3.6765
1911-01-13,austria_hungary,4.0404
1911-01-13,dutch,3.4722
1911-01-13,france,3.0785
1911-01-13,germany,3.5294
1911-01-13,russia,4.1558
1911-01-20,austria_hungary,4.0404
1911-01-20,dutch,3.5211
1911-01-20,france,3.0785
1911-01-20,germany,3.5294
1911-01-20,russia,4.1775
1911-01-27,austria_hungary,4.0404
1911-01-27,dutch,3.5211
1911-01-27,france,3.0825
1911-01-27,germany,3.5294
1911-01-27,russia,4.1667
1911-02-06,dutch,3.4722
1911-02-17,austria_hungary,4.0404
1911-02-17,dutch,3.5211
1911-02-17,france,3.0753
1911-02-17,germany,3.5503
1911-02-17,russia,4.2216
1911-02-24,austria_hungary,4.0404
1911-02-24,dutch,3.5211
1911-02-24,france,3.0769
1911-02-24,germany,3.5503
1911-02-24,russia,4.2105
1911-03-02,dutch,3.5211
1911-03-03,dutch,3.5211
1911-03-11,dutch,3.6765
1911-03-17,austria_hungary,4.0
1911-03-17,dutch,3.5211
1911-03-17,france,3.0698
1911-03-17,germany,3.5503
1911-03-17,russia,4.2216
1911-03-24,austria_hungary,4.0
1911-03-24,dutch,3.5211
1911-03-24,france,3.1104
1911-03-24,germany,3.5294
1911-03-24,russia,4.1995
1911-03-31,austria_hungary,4.0
1911-03-31,dutch,3.5211
1911-03-31,france,3.1072
1911-03-31,germany,3.5294
1911-03-31,russia,4.2328
1911-04-08,dutch,3.6232
1911-04-14,austria_hungary,4.0816
1911-04-14,dutch,3.5211
1911-04-14,france,3.1226
1911-04-14,germany,3.6145
1911-04-14,russia,4.2553
1911-04-21,austria_hungary,4.0816
1911-04-21,dutch,3.5714
1911-04-21,france,3.1217
1911-04-21,germany,3.6145
1911-04-21,russia,4.2553
1911-04-28,austria_hungary,4.0816
1911-04-28,dutch,3.5714
1911-04-28,france,3.1185
1911-04-28,germany,3.5928
1911-04-28,russia,4.2667
1911-05-05,dutch,3.5714
1911-05-19,austria_hungary,4.0404
1911-05-19,dutch,3.4722
1911-05-19,france,3.1096
1911-05-19,germany,3.5928
1911-05-19,russia,4.1995
1911-05-26,austria_hungary,4.0404
1911-05-26,dutch,3.4722
1911-05-26,france,3.1258
1911-05-26,germany,3.6145
1911-05-26,russia,4.1885
1911-06-01,dutch,3.4722
1911-06-10,dutch,3.6765
1911-06-16,austria_hungary,3.9604
1911-06-16,dutch,3.6232
1911-06-16,france,3.0976
1911-06-16,germany,3.6145
1911-06-16,russia,4.1026
1911-06-23,austria_hungary,3.9604
1911-06-23,dutch,3.6232
1911-06-23,france,3.1513
1911-06-23,germany,3.6145
1911-06-23,russia,4.1026
1911-06-30,austria_hungary,4.0
1911-06-30,dutch,3.6232
1911-06-30,france,3.1562
1911-06-30,germany,3.6145
1911-06-30,russia,4.1026
1911-07-04,dutch,3.5211
1911-07-07,dutch,3.6765
1911-07-14,austria_hungary,4.0
1911-07-14,dutch,3.6232
1911-07-14,france,3.1662
1911-07-14,germany,3.6145
1911-07-14,russia,4.1775
1911-07-21,austria_hungary,4.0
1911-07-21,dutch,3.5714
1911-07-21,france,3.1662
1911-07-21,germany,3.5928
1911-07-21,russia,4.1667
1911-07-28,austria_hungary,4.0
1911-07-28,dutch,3.5714
1911-07-28,france,3.179
1911-07-28,germany,3.6145
1911-07-28,russia,4.1667
1911-08-09,dutch,3.6232
1911-08-12,dutch,3.6765
1911-08-18,austria_hungary,4.0
1911-08-18,dutch,3.6232
1911-08-18,france,3.1612
1911-08-18,germany,3.6145
1911-08-18,russia,4.1667
1911-08-25,austria_hungary,4.0
1911-08-25,dutch,3.6232
1911-08-25,france,3.1679
1911-08-25,germany,3.6585
1911-08-25,russia,4.1775
1911-09-06,dutch,3.6232
1911-09-15,austria_hungary,4.0
1911-09-15,dutch,3.6232
1911-09-15,france,3.1813
1911-09-15,germany,3.6364
1911-09-15,russia,4.2216
1911-09-22,austria_hungary,4.0404
1911-09-22,dutch,3.6232
1911-09-22,france,3.2
1911-09-22,germany,3.6364
1911-09-22,russia,4.2216
1911-09-29,austria_hungary,4.0404
1911-09-29,dutch,3.6232
1911-09-29,france,3.1864
1911-09-29,germany,3.6364
1911-09-29,russia,4.244
1911-10-02,dutch,3.5211
1911-10-03,dutch,3.5211
1911-10-11,dutch,3.6765
1911-10-13,austria_hungary,4.1237
1911-10-13,dutch,3.6765
1911-10-13,france,3.1797
1911-10-13,germany,3.681
1911-10-13,russia,4.2553
1911-10-20,austria_hungary,4.1237
1911-10-20,dutch,3.6765
1911-10-20,france,3.1915
1911-10-20,germany,3.7267
1911-10-20,russia,4.2553
1911-10-27,austria_hungary,4.1237
1911-10-27,dutch,3.6765
1911-10-27,france,3.1596
1911-10-27,germany,3.7037
1911-10-27,russia,4.1885
1911-11-08,dutch,3.6232
1911-11-17,austria_hungary,4.0404
1911-11-17,dutch,3.6765
1911-11-17,france,3.143
1911-11-17,germany,3.6585
1911-11-17,russia,4.1885
1911-11-24,austria_hungary,4.0816
1911-11-24,dutch,3.6765
1911-11-24,france,3.1397
1911-11-24,germany,3.6585
1911-11-24,russia,4.1885
1911-12-05,dutch,3.5211
1911-12-15,austria_hungary,4.0816
1911-12-15,dutch,3.6232
1911-12-15,france,3.1414
1911-12-15,germany,3.6585
1911-12-15,russia,4.1885
1911-12-22,austria_hungary,4.0816
1911-12-22,dutch,3.6232
1911-12-22,france,3.1746
1911-12-22,germany,3.6585
1911-12-22,russia,4.1885
1911-12-29,austria_hungary,4.0816
1911-12-29,dutch,3.6232
1911-12-29,france,3.1813
1911-12-29,germany,3.6585
1911-12-29,russia,4.1885
1912-01-03,dutch,3.6765
1912-01-11,dutch,3.8462
1912-01-19,austria_hungary,4.0816
1912-01-19,dutch,3.6765
1912-01-19,france,3.1546
1912-01-19,germany,3.681
1912-01-19,russia,4.2216
1912-01-26,austria_hungary,4.0816
1912-01-26,dutch,3.6765
1912-01-26,france,3.1513
1912-01-26,germany,3.681
1912-01-26,russia,4.2328
1912-02-02,dutch,3.6765
1912-02-08,dutch,3.8462
1912-02-16,austria_hungary,4.1237
1912-02-16,dutch,3.6765
1912-02-16,france,3.1546
1912-02-16,germany,3.6585
1912-02-16,russia,4.2105
1912-02-23,austria_hungary,4.0816
1912-02-23,dutch,3.6765
1912-02-23,france,3.1696
1912-02-23,germany,3.6585
1912-02-23,russia,4.2216
1912-03-05,dutch,3.7879
1912-03-15,austria_hungary,4.0816
1912-03-15,dutch,3.7879
1912-03-15,france,3.1662
1912-03-15,germany,3.6923
1912-03-15,russia,4.244
1912-03-22,austria_hungary,4.0816
1912-03-22,dutch,3.7879
1912-03-22,france,3.1966
1912-03-22,germany,3.681
1912-03-22,russia,4.3011
1912-03-29,austria_hungary,4.0816
1912-03-29,dutch,3.7879
1912-03-29,france,3.212
1912-03-29,germany,3.681
1912-03-29,russia,4.2553
1912-04-10,dutch,3.8462
1912-04-19,austria_hungary,4.1667
1912-04-19,dutch,3.7879
1912-04-19,france,3.2626
1912-04-19,germany,3.75
1912-04-19,russia,4.3243
1912-04-26,austria_hungary,4.1667
1912-04-26,dutch,3.7879
1912-04-26,france,3.1983
1912-04-26,germany,3.75
1912-04-26,russia,4.2895
1912-05-01,dutch,3.6765
1912-05-04,dutch,3.7879
1912-05-07,dutch,3.7313
1912-05-17,austria_hungary,4.1451
1912-05-17,dutch,3.7879
1912-05-17,france,3.1976
1912-05-17,germany,3.75
1912-05-17,russia,4.2895
1912-05-24,austria_hungary,4.1451
1912-05-24,dutch,3.7879
1912-05-24,france,3.1932
1912-05-24,germany,3.75
1912-05-24,russia,4.2781
1912-05-31,austria_hungary,4.1237
1912-05-31,dutch,3.7313
1912-05-31,france,3.2017
1912-05-31,germany,3.75
1912-05-31,russia,4.2667
1912-06-09,dutch,3.9062
1912-06-12,dutch,3.8462
1912-06-14,austria_hungary,4.1026
1912-06-14,dutch,3.7313
1912-06-14,france,3.1983
1912-06-14,germany,3.7736
1912-06-14,russia,4.2328
1912-06-21,austria_hungary,4.1451
1912-06-21,dutch,3.7313
1912-06-21,france,3.2397
1912-06-21,germany,3.7736
1912-06-21,russia,4.244
1912-06-28,austria_hungary,4.1451
1912-06-28,dutch,3.7313
1912-06-28,france,3.2275
1912-06-28,germany,3.75
1912-06-28,russia,4.2553
1912-07-06,dutch,3.7313
1912-07-19,austria_hungary,4.1237
1912-07-19,dutch,3.8462
1912-07-19,france,3.2503
1912-07-19,germany,3.7736
1912-07-19,russia,4.3127
1912-07-26,austria_hungary,4.1237
1912-07-26,dutch,3.8462
1912-07-26,france,3.2626
1912-07-26,germany,3.7736
1912-07-26,russia,4.3127
1912-08-03,dutch,3.6765
1912-08-11,dutch,3.8462
1912-08-16,austria_hungary,4.0816
1912-08-16,dutch,3.9062
1912-08-16,france,3.2468
1912-08-16,germany,3.7736
1912-08-16,russia,4.2781
1912-08-23,austria_hungary,4.0816
1912-08-23,dutch,3.9062
1912-08-23,france,3.2362
1912-08-23,germany,3.7736
1912-08-23,russia,4.2895
1912-08-30,austria_hungary,4.1237
1912-08-30,dutch,3.9062
1912-08-30,france,3.2362
1912-08-30,germany,3.7736
1912-08-30,russia,4.2781
1912-09-02,dutch,3.6765
1912-09-08,dutch,3.9062
1912-09-13,austria_hungary,4.1237
1912-09-13,dutch,3.8462
1912-09-13,france,3.2468
1912-09-13,germany,3.7975
1912-09-13,russia,4.2781
1912-09-20,austria_hungary,4.1237
1912-09-20,dutch,3.8462
1912-09-20,france,3.2787
1912-09-20,germany,3.7975
1912-09-20,russia,4.2781
1912-09-27,austria_hungary,4.1237
1912-09-27,dutch,3.8462
1912-09-27,france,3.2913
1912-09-27,germany,3.7975
1912-09-27,russia,4.2781
1912-10-05,dutch,3.7879
1912-10-18,austria_hungary,4.3478
1912-10-18,dutch,3.8462
1912-10-18,france,3.337
1912-10-18,germany,3.8961
1912-10-18,russia,4.4944
1912-10-25,austria_hungary,4.3478
1912-10-25,dutch,3.8462
1912-10-25,france,3.337
1912-10-25,germany,3.8462
1912-10-25,russia,4.5455
1912-11-10,dutch,3.8462
1912-11-15,austria_hungary,4.3011
1912-11-15,dutch,3.8462
1912-11-15,france,3.3241
1912-11-15,germany,3.8961
1912-11-15,russia,4.4199
1912-11-22,austria_hungary,4.3011
1912-11-22,dutch,3.8462
1912-11-22,france,3.3278
1912-11-22,germany,3.8462
1912-11-22,russia,4.3956
1912-11-29,austria_hungary,4.3011
1912-11-29,dutch,3.8462
1912-11-29,france,3.3333
1912-11-29,germany,3.8961
1912-11-29,russia,4.4444
1912-12-01,dutch,3.6765
1912-12-04,dutch,3.7879
1912-12-07,dutch,3.8462
1912-12-13,austria_hungary,4.3011
1912-12-13,dutch,3.8462
1912-12-13,france,3.3352
1912-12-13,germany,3.8961
1912-12-13,russia,4.4693
1912-12-20,austria_hungary,4.3478
1912-12-20,dutch,3.8462
1912-12-20,france,3.3708
1912-12-20,germany,3.8961
1912-12-20,russia,4.4444
1912-12-27,austria_hungary,4.3478
1912-12-27,dutch,3.8462
1912-12-27,france,3.3613
1912-12-27,germany,3.8961
1913-01-08,dutch,3.8462
1913-01-17,austria_hungary,4.3011
1913-01-17,dutch,3.9062
1913-01-17,france,3.3613
1913-01-17,germany,3.8462
1913-01-17,russia,4.3956
1913-01-24,austria_hungary,4.3011
1913-01-24,dutch,3.9062
1913-01-24,france,3.3595
1913-01-24,germany,3.871
1913-01-24,russia,4.4077
1913-01-31,austria_hungary,4.3011
1913-01-31,dutch,3.8462
1913-01-31,france,3.3651
1913-01-31,germany,3.871
1913-01-31,russia,4.3836
1913-02-05,dutch,3.9062
1913-02-14,austria_hungary,4.3011
1913-02-14,dutch,3.8462
1913-02-14,france,3.3708
1913-02-14,germany,3.871
1913-02-14,russia,4.3836
1913-02-21,austria_hungary,4.3011
1913-02-21,dutch,3.8462
1913-02-21,france,3.3708
1913-02-21,germany,3.8961
1913-02-21,russia,4.4199
1913-02-28,austria_hungary,4.3011
1913-02-28,dutch,3.8462
1913-02-28,france,3.3708
1913-02-28,germany,3.9216
1913-02-28,russia,4.4077
1913-03-01,dutch,3.9062
1913-03-10,dutch,3.8462
1913-03-14,austria_hungary,4.3478
1913-03-14,dutch,3.8462
1913-03-14,france,3.3708
1913-03-14,germany,3.8961
1913-03-14,russia,4.4077
1913-03-21,austria_hungary,4.3478
1913-03-21,dutch,3.8462
1913-03-21,france,3.4169
1913-03-21,germany,3.9735
1913-03-21,russia,4.4077
1913-03-28,austria_hungary,4.3478
1913-03-28,dutch,3.8462
1913-03-28,france,3.4258
1913-03-28,germany,3.9216
1913-03-28,russia,4.3836
1913-04-04,dutch,3.8462
1913-04-07,dutch,3.9683
1913-04-18,austria_hungary,4.3956
1913-04-18,dutch,3.9062
1913-04-18,france,3.4742
1913-04-18,germany,3.9474
1913-04-18,russia,4.4077
1913-04-25,austria_hungary,4.3956
1913-04-25,dutch,3.9062
1913-04-25,france,3.4783
1913-04-25,germany,3.9474
1913-04-25,russia,4.4077
1913-05-09,dutch,3.8462
1913-05-12,dutch,3.9062
1913-05-16,austria_hungary,4.4444
1913-05-16,dutch,3.9062
1913-05-16,france,3.5253
1913-05-16,germany,3.9474
1913-05-16,russia,4.4077
1913-05-23,austria_hungary,4.4444
1913-05-23,dutch,3.9062
1913-05-23,france,3.4904
1913-05-23,germany,3.9474
1913-05-23,russia,4.4321
1913-05-30,austria_hungary,4.4444
1913-05-30,dutch,3.9062
1913-05-30,france,3.5149
1913-05-30,germany,3.9474
1913-05-30,russia,4.4568
1913-06-06,dutch,3.9062
1913-06-13,austria_hungary,4.5455
1913-06-13,dutch,3.9062
1913-06-13,france,3.5357
1913-06-13,germany,4.0
1913-06-13,russia,4.4944
1913-06-20,austria_hungary,4.5977
1913-06-20,dutch,3.9062
1913-06-20,france,3.5693
1913-06-20,germany,4.0541
1913-06-20,russia,4.507
1913-06-27,austria_hungary,4.5977
1913-06-27,dutch,3.9062
1913-06-27,france,3.5672
1913-06-27,germany,4.0541
1913-06-27,russia,4.5198
1913-07-02,dutch,3.8462
1913-07-03,dutch,3.8462
1913-07-11,dutch,3.8462
1913-07-18,austria_hungary,4.5455
1913-07-18,dutch,3.8462
1913-07-18,france,3.5629
1913-07-18,germany,4.0541
1913-07-18,russia,4.4818
1913-07-25,austria_hungary,4.5455
1913-07-25,dutch,3.8462
1913-07-25,france,3.5419
1913-07-25,germany,4.0541
1913-07-25,russia,4.4444
1913-08-08,dutch,3.8462
1913-08-15,austria_hungary,4.3478
1913-08-15,dutch,3.8462
1913-08-15,france,3.3917
1913-08-15,germany,4.0
1913-08-15,russia,4.4444
1913-08-22,austria_hungary,4.3011
1913-08-22,dutch,3.8462
1913-08-22,france,3.411
1913-08-22,germany,4.0
1913-08-22,russia,4.4321
1913-08-29,austria_hungary,4.3011
1913-08-29,dutch,3.8462
1913-08-29,france,3.3803
1913-08-29,germany,4.0
1913-08-29,russia,4.4077
1913-09-05,dutch,3.9062
1913-09-19,austria_hungary,4.3478
1913-09-19,dutch,3.8462
1913-09-19,france,3.3576
1913-09-19,germany,3.8961
1913-09-19,russia,4.3716
1913-09-26,austria_hungary,4.3478
1913-09-26,dutch,3.8462
1913-09-26,france,3.3784
1913-09-26,germany,3.8961
1913-09-26,russia,4.3956
1913-10-01,dutch,3.9062
1913-10-10,dutch,3.8462
1913-10-17,austria_hungary,4.4444
1913-10-17,dutch,3.8462
1913-10-17,france,3.4247
1913-10-17,germany,4.0
1913-10-17,russia,4.4944
1913-10-24,austria_hungary,4.4944
1913-10-24,dutch,3.8462
1913-10-24,france,3.4345
1913-10-24,germany,4.0
1913-10-24,russia,4.4944
1913-10-31,austria_hungary,4.4944
1913-10-31,dutch,3.8462
1913-10-31,france,3.4325
1913-10-31,germany,3.9474
1913-10-31,russia,4.5455
1913-11-04,dutch,3.9062
1913-11-07,dutch,3.9683
1913-11-14,austria_hungary,4.5455
1913-11-14,dutch,3.8462
1913-11-14,france,3.4423
1913-11-14,germany,3.9474
1913-11-14,russia,4.4693
1913-11-21,austria_hungary,4.5455
1913-11-21,dutch,3.8462
1913-11-21,france,3.4622
1913-11-21,germany,3.9474
1913-11-21,russia,4.4693
1913-11-28,austria_hungary,4.5455
1913-11-28,dutch,3.9062
1913-11-28,france,3.4602
1913-11-28,germany,3.9474
1913-11-28,russia,4.4944
1913-12-09,dutch,3.8462
1913-12-12,dutch,3.9683
1913-12-19,austria_hungary,4.4944
1913-12-19,dutch,3.9683
1913-12-19,france,3.5191
1913-12-19,germany,3.9474
1913-12-19,russia,4.5198
1913-12-26,austria_hungary,4.4944
1913-12-26,dutch,3.9683
1913-12-26,france,3.5088
1913-12-26,germany,3.9474
1914-01-16,austria_hungary,4.4944
1914-01-16,france,3.4884
1914-01-16,germany,3.9474
1914-01-16,russia,4.5714
1914-01-23,austria_hungary,4.4944
1914-01-23,france,3.5026
1914-01-23,germany,3.8961
1914-01-23,russia,4.507
1914-01-30,austria_hungary,4.4444
1914-01-30,france,3.4904
1914-01-30,germany,3.7975
1914-01-30,russia,4.4944
1914-02-13,austria_hungary,4.3478
1914-02-13,france,3.4443
1914-02-13,germany,3.7975
1914-02-13,russia,4.4944
1914-02-20,austria_hungary,4.3478
1914-02-20,france,3.4396
1914-02-20,germany,3.7975
1914-02-20,russia,4.4944
1914-02-27,austria_hungary,4.3478
1914-02-27,france,3.4404
1914-02-27,germany,3.7975
1914-02-27,russia,4.4944
1914-03-13,austria_hungary,4.7619
1914-03-13,france,3.411
1914-03-13,germany,3.8462
1914-03-13,russia,4.5198
1914-03-20,austria_hungary,4.7619
1914-03-20,france,3.4562
1914-03-20,germany,3.8462
1914-03-20,russia,4.5198
1914-03-27,austria_hungary,4.4444
1914-03-27,france,3.4582
1914-03-27,germany,3.7975
1914-03-27,russia,4.5198
1914-04-17,austria_hungary,4.5977
1914-04-17,france,3.4622
1914-04-17,germany,3.8462
1914-04-17,russia,4.5977
1914-04-24,austria_hungary,4.7619
1914-04-24,france,3.4682
1914-04-24,germany,3.8961
1914-04-24,russia,4.6243
1914-05-15,austria_hungary,4.7619
1914-05-15,france,3.4526
1914-05-15,germany,3.8961
1914-05-15,russia,4.5977
1914-05-22,austria_hungary,4.7619
1914-05-22,france,3.4884
1914-05-22,germany,3.8961
1914-05-22,russia,4.5714
1914-05-29,austria_hungary,4.6512
1914-05-29,france,3.4522
1914-05-29,germany,3.8961
1914-05-29,russia,4.5714
1914-06-19,austria_hungary,4.8193
1914-06-19,france,3.5461
1914-06-19,germany,3.8961
1914-06-19,russia,4.5455
1914-06-26,austria_hungary,4.7059
1914-06-26,france,3.5864
1914-06-26,germany,3.8961
1914-06-26,russia,4.5455
1914-07-17,austria_hungary,4.9383
1914-07-17,france,3.621
1914-07-17,germany,3.9216
1914-07-17,russia,4.6243
1914-07-24,austria_hungary,5.0
1914-07-24,france,3.69
1914-07-24,germany,3.9474
1914-07-24,russia,4.7619
1914-07-31,austria_hungary,5.1282
1914-07-31,france,3.6364
1914-07-31,germany,4.1096
1914-07-31,russia,5.0633
