retailer,brand,vendor_raw,title,sku,form,motion,power,material,price,list_price,discount_pct,url
slumberland,La-Z-Boy,La-Z-Boy,Trouper Power Plus Reclining Console Loveseat,QK1064415,Loveseat,Motion,Power,Unspecified,2599.99,4399.99,40.9,https://www.slumberland.com/products/trouper-power-plus-reclining-console-loveseat-1
slumberland,La-Z-Boy,La-Z-Boy,Trouper Power Plus Reclining Loveseat,QK1064414,Loveseat,Motion,Power,Unspecified,2479.99,4279.99,42.1,https://www.slumberland.com/products/trouper-power-plus-reclining-loveseat-1
slumberland,Ashley,Ashley Furniture,Cambeck Panel Storage Bed,QK1085564,Other,Stationary,,Unspecified,599.99,1609.99,62.7,https://www.slumberland.com/products/cambeck-panel-storage-bed-1
slumberland,Ashley,Ashley Furniture,Valebeck Backless Swivel Counter Stool,QK1107502,Chair,Stationary,,Unspecified,149.99,219.99,31.8,https://www.slumberland.com/products/valebeck-backless-swivel-counter-stool
slumberland,Ashley,Ashley Furniture,Robbinsdale Upholstered Swivel Counter Stool,QK1107504,Chair,Stationary,,Unspecified,169.99,319.99,46.9,https://www.slumberland.com/products/robbinsdale-upholstered-swivel-counter-stool
slumberland,Ashley,Ashley Furniture,Robbinsdale Upholstered Swivel Open Back Counter Stool,QK1107503,Chair,Stationary,,Unspecified,159.99,229.99,30.4,https://www.slumberland.com/products/robbinsdale-upholstered-swivel-open-back-counter-stool
slumberland,Ashley,Ashley Furniture,Modmax 6 Piece Left Storage Chaise Sectional,QK1107344,Sectional,Stationary,,Fabric,2799.99,3649.99,23.3,https://www.slumberland.com/products/modmax-6-piece-left-storage-chaise-sectional
slumberland,Ashley,Ashley Furniture,Haddigan Swivel Counter Stool,QK1107505,Chair,Stationary,,Unspecified,159.99,299.99,46.7,https://www.slumberland.com/products/haddigan-swivel-counter-stool
slumberland,Ashley,Ashley Furniture,Gibbswellner Arc Lamp,QK1106227,Other,Stationary,,Unspecified,249.99,549.99,54.5,https://www.slumberland.com/products/gibbswellner-arc-lamp
slumberland,Ashley,Ashley Furniture,Frankwell Bookcase,QK1059639,Other,Stationary,,Unspecified,299.99,599.99,50.0,https://www.slumberland.com/products/frankwell-bookcase
slumberland,Ashley,Ashley Furniture,Forestmin Bookcase,QK1085792,Other,Stationary,,Unspecified,449.99,1049.99,57.1,https://www.slumberland.com/products/forestmin-bookcase
slumberland,Ashley,Ashley Furniture,Drystan Panel Storage Bed,QK1085661,Other,Stationary,,Unspecified,449.99,1089.99,58.7,https://www.slumberland.com/products/drystan-panel-storage-bed-1
slumberland,Ashley,Ashley Furniture,Culverbach Mirror,7069859,Other,Stationary,,Unspecified,99.99,169.99,41.2,https://www.slumberland.com/products/culverbach-mirror
slumberland,Ashley,Ashley Furniture,Cambeck Panel Storage Bed,QK1085573,Other,Stationary,,Unspecified,429.99,1089.99,60.6,https://www.slumberland.com/products/cambeck-panel-storage-bed
slumberland,Flexsteel,Flexsteel,Bryant Sofa,QK1103801,Sofa,Stationary,,Unspecified,2799.99,4199.98,33.3,https://www.slumberland.com/products/bryant-sofa
slumberland,Flexsteel,Flexsteel,Bryant Ottoman,QK1103804,Ottoman,Stationary,,Unspecified,699.99,899.99,22.2,https://www.slumberland.com/products/bryant-ottoman
slumberland,Flexsteel,Flexsteel,Bryant Loveseat,QK1103802,Loveseat,Stationary,,Unspecified,2779.99,4169.98,33.3,https://www.slumberland.com/products/bryant-loveseat
slumberland,Flexsteel,Flexsteel,Bryant Chair,QK1103803,Chair,Stationary,,Unspecified,1799.99,2699.99,33.3,https://www.slumberland.com/products/bryant-chair
slumberland,Flexsteel,Flexsteel,Bryant Leather Sofa,QK1103822,Sofa,Stationary,,Leather,4499.99,6749.98,33.3,https://www.slumberland.com/products/bryant-leather-sofa
slumberland,Flexsteel,Flexsteel,Bryant Leather Ottoman,QK1103825,Ottoman,Stationary,,Leather,1399.99,2099.99,33.3,https://www.slumberland.com/products/bryant-leather-ottoman
slumberland,Flexsteel,Flexsteel,Bryant Leather Loveseat,QK1103823,Loveseat,Stationary,,Leather,4479.99,6719.98,33.3,https://www.slumberland.com/products/bryant-leather-loveseat
slumberland,Flexsteel,Flexsteel,Bryant Leather Chair,QK1103824,Chair,Stationary,,Leather,3399.99,5099.98,33.3,https://www.slumberland.com/products/bryant-leather-chair
slumberland,Flexsteel,Flexsteel,Bryant Leather 2 Piece Left Sofa Sectional,QK1103842,Sectional,Stationary,,Leather,8999.99,13499.99,33.3,https://www.slumberland.com/products/bryant-leather-2-piece-left-sofa-sectional
slumberland,Ashley,Ashley Furniture,Valebeck Swivel Counter Stool,QK1055153,Chair,Stationary,,Leather,199.99,329.99,39.4,https://www.slumberland.com/products/valebeck-counter-stool
slumberland,Ashley,Ashley Furniture,Valebeck Swivel Bar Stool,QK1055152,Chair,Stationary,,Leather,199.99,329.99,39.4,https://www.slumberland.com/products/valebeck-bar-stool
slumberland,Ashley,Ashley Furniture,Gesthaven Counter Stool,QK1099400,Other,Stationary,,Unspecified,99.99,199.99,50.0,https://www.slumberland.com/products/gesthaven-counter-stool
slumberland,Ashley,Ashley Furniture,Gesthaven Round Drop Leaf Table,QK1099402,Other,Stationary,,Unspecified,199.99,399.99,50.0,https://www.slumberland.com/products/gesthaven-round-drop-leaf-table
slumberland,Ashley,Ashley Furniture,Gesthaven 5 Piece Rectangular Counter Dining Set,QK1099406,Other,Stationary,,Unspecified,739.99,1199.99,38.3,https://www.slumberland.com/products/gesthaven-5-piece-rectangular-counter-dining-set
slumberland,Ashley,Ashley Furniture,Gesthaven 6 Piece Rectangular Dining Set,QK1099380,Other,Stationary,,Unspecified,488.99,899.99,45.7,https://www.slumberland.com/products/gesthaven-6-piece-rectangular-dining-set
slumberland,Ashley,Ashley Furniture,Gesthaven Rectangle Counter Table,QK1099377,Other,Stationary,,Unspecified,349.99,599.99,41.7,https://www.slumberland.com/products/gesthaven-rectangle-counter-table
slumberland,Ashley,Ashley Furniture,Gesthaven Chair,QK1099383,Chair,Stationary,,Unspecified,99.99,179.99,44.4,https://www.slumberland.com/products/gesthaven-chair
slumberland,Ashley,Ashley Furniture,Gesthaven 5 Piece Square Counter Dining Set,QK1099379,Other,Stationary,,Unspecified,539.99,799.99,32.5,https://www.slumberland.com/products/gesthaven-5-piece-square-counter-dining-set
slumberland,Ashley,Ashley Furniture,Gesthaven 3 Piece Round Drop Leaf Dining Set,QK1099381,Other,Stationary,,Unspecified,389.99,699.99,44.3,https://www.slumberland.com/products/gesthaven-3-piece-round-drop-leaf-dining-set
slumberland,La-Z-Boy,La-Z-Boy,Greyson Leather Tri-Power Rocker Recliner,QK1108338,Recliner,Motion,Power,Leather,1999.99,3699.0,45.9,https://www.slumberland.com/products/greyson-leather-tri-power-rocker-recliner
slumberland,Ashley,Ashley Furniture,Pearce-Pike 3 Piece Double Console Reclining Sectional,QK1106244,Sectional,Motion,,Leather,1999.99,2999.99,33.3,https://www.slumberland.com/products/pearce-pike-3-piece-double-console-reclining-sectional
slumberland,Ashley,Ashley Furniture,Pearce-Pike 3 Piece Left Console Reclining Sectional,QK1106242,Sectional,Motion,,Leather,1799.99,2699.99,33.3,https://www.slumberland.com/products/pearce-pike-3-piece-left-console-reclining-sectional
slumberland,Ashley,Ashley Furniture,Pearce-Pike 3 Piece Right Console Reclining Sectional,QK1106243,Sectional,Motion,,Leather,1799.99,2699.99,33.3,https://www.slumberland.com/products/pearce-pike-3-piece-right-console-reclining-sectional
slumberland,Ashley,Ashley Furniture,Pearce-Pike 3 Piece Reclining Sectional,QK1106236,Sectional,Motion,,Leather,1699.99,2399.99,29.2,https://www.slumberland.com/products/pearce-pike-3-piece-reclining-sectional
slumberland,Flexsteel,Flexsteel,Everest Power Reclining Console Loveseat,QK1106084,Loveseat,Motion,Power,Unspecified,3999.99,5999.98,33.3,https://www.slumberland.com/products/everest-power-reclining-console-loveseat
slumberland,Flexsteel,Flexsteel,Everest Power Reclining Sofa,QK1106083,Sofa,Motion,Power,Unspecified,3999.99,5999.98,33.3,https://www.slumberland.com/products/everest-power-reclining-sofa
slumberland,Flexsteel,Flexsteel,Everest Power Swivel Glider Recliner,QK1106088,Recliner,Motion,Power,Leather,2999.99,4499.98,33.3,https://www.slumberland.com/products/everest-power-swivel-glider-recliner
slumberland,Flexsteel,Flexsteel,Murph Leather Swivel Glider,QK1106561,Chair,Motion,,Leather,2499.99,4999.99,50.0,https://www.slumberland.com/products/murph-leather-swivel-glider
slumberland,Flexsteel,Flexsteel,Kingman Swivel Glider,QK1106560,Chair,Motion,,Unspecified,1149.99,2299.99,50.0,https://www.slumberland.com/products/kingman-swivel-glider
slumberland,Ashley,Ashley Furniture,Danry Table Lamp,QK1103592,Other,Stationary,,Unspecified,119.99,319.99,62.5,https://www.slumberland.com/products/danry-table-lamp
slumberland,Ashley,Ashley Furniture,Dawthorne Table Lamp,QK1106215,Other,Stationary,,Unspecified,69.99,149.99,53.3,https://www.slumberland.com/products/dawthorne-table-lamp
slumberland,La-Z-Boy,La-Z-Boy,Dutton Leather Rocker Recliner,QK1108334,Recliner,Motion,,Leather,1199.99,1899.0,36.8,https://www.slumberland.com/products/dutton-leather-rocker-recliner
slumberland,Ashley,Ashley Furniture,Rosswain Lift Top Coffee Table,QK1107485,Other,Stationary,,Unspecified,399.99,599.99,33.3,https://www.slumberland.com/products/rosswain-lift-top-coffee-table
slumberland,Ashley,Ashley Furniture,Rosswain Square End Table,QK1107486,Other,Stationary,,Unspecified,229.99,349.99,34.3,https://www.slumberland.com/products/rosswain-square-end-table
slumberland,Ashley,Ashley Furniture,Juararo 4 Piece Poster Room Group,QK1106592,Other,Stationary,,Unspecified,1459.99,2699.99,45.9,https://www.slumberland.com/products/juararo-4-piece-poster-room-group
slumberland,Ashley,Ashley Furniture,Broachmyn Chest,QK1106407,Other,Stationary,,Unspecified,289.99,379.99,23.7,https://www.slumberland.com/products/broachmyn-chest
slumberland,Ashley,Ashley Furniture,Broachmyn Dresser,QK1106405,Other,Stationary,,Unspecified,399.99,399.99,,https://www.slumberland.com/products/broachmyn-dresser
slumberland,Ashley,Ashley Furniture,Broachmyn Mirror,QK1106406,Other,Stationary,,Unspecified,79.99,99.99,20.0,https://www.slumberland.com/products/broachmyn-mirror
slumberland,Ashley,Ashley Furniture,Broachmyn Nightstand,QK1106410,Other,Stationary,,Unspecified,149.99,179.99,16.7,https://www.slumberland.com/products/broachmyn-nightstand
slumberland,Ashley,Ashley Furniture,Broachmyn Panel Bed,QK1106413,Other,Stationary,,Unspecified,299.99,399.99,25.0,https://www.slumberland.com/products/broachmyn-panel-bed
slumberland,Ashley,Ashley Furniture,Dellner Table Lamp,QK1106214,Other,Stationary,,Unspecified,79.99,169.99,52.9,https://www.slumberland.com/products/dellner-table-lamp
slumberland,Ashley,Ashley Furniture,Dreward Table Lamp,QK1103587,Other,Stationary,,Unspecified,124.99,259.99,51.9,https://www.slumberland.com/products/dreward-table-lamp
slumberland,Ashley,Ashley Furniture,Bartner Accent Mirror,QK1089689,Chair,Stationary,,Unspecified,129.99,299.99,56.7,https://www.slumberland.com/products/bartner-accent-mirror
slumberland,Ashley,Ashley Furniture,Shylore Set of 3 Tables,QK1107484,Other,Stationary,,Unspecified,339.99,499.99,32.0,https://www.slumberland.com/products/shylore-set-of-3-tables
slumberland,Ashley,Ashley Furniture,Haigwood Floor Lamp,QK1106225,Other,Stationary,,Unspecified,129.99,279.99,53.6,https://www.slumberland.com/products/haigwood-floor-lamp
slumberland,Ashley,Ashley Furniture,Haigwood Table Lamp,QK1106219,Other,Stationary,,Unspecified,59.99,129.99,53.9,https://www.slumberland.com/products/haigwood-table-lamp
slumberland,Ashley,Ashley Furniture,Edenfield 3 Piece Right Chaise Sectional and Ottoman,,Sectional,Stationary,,Unspecified,1449.98,,,https://www.slumberland.com/products/edenfield-3-piece-right-chaise-sectional-and-ottoman
slumberland,Ashley,Ashley Furniture,Carlibrie Rectangular End Table,QK1107483,Other,Stationary,,Unspecified,219.99,329.99,33.3,https://www.slumberland.com/products/carlibrie-rectangular-end-table
slumberland,Ashley,Ashley Furniture,Carlibrie Lift Top Coffee Table,QK1107482,Other,Stationary,,Unspecified,379.99,569.99,33.3,https://www.slumberland.com/products/carlibrie-lift-top-coffee-table
slumberland,Ashley,Ashley Furniture,Kandinew Rectangular Coffee Table,QK1107479,Other,Stationary,,Unspecified,299.99,599.99,50.0,https://www.slumberland.com/products/kandinew-rectangular-coffee-table
slumberland,Ashley,Ashley Furniture,Kandinew Square End Table,QK1107478,Other,Stationary,,Unspecified,219.99,399.99,45.0,https://www.slumberland.com/products/kandinew-square-end-table
slumberland,La-Z-Boy,La-Z-Boy,James Reclining Loveseat With Console,QK1081523,Loveseat,Motion,,Unspecified,1699.99,2549.99,33.3,https://www.slumberland.com/products/james-rec-loveseat-with-console
slumberland,Ashley,Ashley Furniture,Modmax 5 Piece Dual Chaise Sectional with Audio Consoles,QK1107403,Sectional,Stationary,,Fabric,2899.99,3899.99,25.6,https://www.slumberland.com/products/modmax-5-piece-dual-chaise-sectional-with-audio-consoles
slumberland,Ashley,Ashley Furniture,Modmax Left Chair,QK1107331,Chair,Stationary,,Fabric,449.99,599.99,25.0,https://www.slumberland.com/products/modmax-left-chair
slumberland,Ashley,Ashley Furniture,Modmax Storage Console,QK1107374,Other,Stationary,,Fabric,469.99,649.99,27.7,https://www.slumberland.com/products/modmax-storage-console
slumberland,Ashley,Ashley Furniture,Modmax Right Chair,QK1107354,Chair,Stationary,,Fabric,449.99,599.99,25.0,https://www.slumberland.com/products/modmax-right-chair
slumberland,Ashley,Ashley Furniture,Modmax Corner Wedge,QK1107398,Other,Stationary,,Fabric,499.99,629.99,20.6,https://www.slumberland.com/products/modmax-corner-wedge
slumberland,Ashley,Ashley Furniture,Modmax 8 Piece Left Chaise Sectional,QK1107334,Sectional,Stationary,,Fabric,3299.99,4799.99,31.3,https://www.slumberland.com/products/modmax-8-piece-left-chaise-sectional
slumberland,Ashley,Ashley Furniture,Modmax 2 Piece Loveseat,QK1107335,Loveseat,Stationary,,Fabric,789.99,1179.99,33.1,https://www.slumberland.com/products/modmax-2-piece-loveseat
slumberland,Ashley,Ashley Furniture,Modmax 3 Piece Sofa,QK1107336,Sofa,Stationary,,Fabric,1199.99,1499.99,20.0,https://www.slumberland.com/products/modmax-3-piece-sofa
slumberland,Ashley,Ashley Furniture,Modmax 3 Piece Audio Console Loveseat,QK1107402,Loveseat,Stationary,,Fabric,1299.99,1949.99,33.3,https://www.slumberland.com/products/modmax-3-piece-audio-console-loveseat
slumberland,Ashley,Ashley Furniture,Modmax 4 Piece Dual Chaise Sectional,QK1107339,Sectional,Stationary,,Fabric,2199.99,2999.99,26.7,https://www.slumberland.com/products/modmax-4-piece-dual-chaise-sectional
slumberland,Ashley,Ashley Furniture,Modmax 5 Piece Sectional,QK1107340,Sectional,Stationary,,Fabric,1399.99,2599.99,46.2,https://www.slumberland.com/products/modmax-5-piece-sectional
slumberland,Ashley,Ashley Furniture,Modmax 6 Piece Sectional with Audio Console,QK1107406,Sectional,Stationary,,Fabric,2399.99,3499.99,31.4,https://www.slumberland.com/products/modmax-6-piece-sectional-with-audio-console
slumberland,Ashley,Ashley Furniture,Modmax 6 Piece Left Chaise Sectional,QK1107407,Sectional,Stationary,,Fabric,2699.99,3599.99,25.0,https://www.slumberland.com/products/modmax-6-piece-left-chaise-sectional
slumberland,Ashley,Ashley Furniture,Modmax 3 Piece Left Chaise Sofa,QK1107408,Sofa,Stationary,,Fabric,1399.99,1949.99,28.2,https://www.slumberland.com/products/modmax-3-piece-left-chaise-sofa
slumberland,Ashley,Ashley Furniture,Modmax Ottoman,QK1107389,Ottoman,Stationary,,Fabric,279.99,429.99,34.9,https://www.slumberland.com/products/modmax-ottoman
slumberland,Ashley,Ashley Furniture,Modmax Left Chaise,QK1107411,Other,Stationary,,Fabric,689.99,979.99,29.6,https://www.slumberland.com/products/modmax-left-chaise
slumberland,Ashley,Ashley Furniture,Modmax Right Chaise,QK1107412,Other,Stationary,,Fabric,689.99,979.99,29.6,https://www.slumberland.com/products/modmax-right-chaise
slumberland,Ashley,Ashley Furniture,Modmax Left Storage Chaise,QK1107348,Other,Stationary,,Fabric,699.99,999.99,30.0,https://www.slumberland.com/products/modmax-left-storage-chaise
slumberland,Ashley,Ashley Furniture,Modmax Right Storage Chaise,QK1107349,Other,Stationary,,Fabric,699.99,999.99,30.0,https://www.slumberland.com/products/modmax-right-storage-chaise
slumberland,Ashley,Ashley Furniture,Modmax Audio Console,QK1107350,Other,Stationary,,Fabric,579.99,799.99,27.5,https://www.slumberland.com/products/modmax-audio-console
slumberland,Ashley,Ashley Furniture,Modmax Armless Chair,QK1107416,Chair,Stationary,,Fabric,429.99,499.99,14.0,https://www.slumberland.com/products/modmax-armless-chair
slumberland,La-Z-Boy,La-Z-Boy,Redwood Tri-Power Rocker Recliner,QK1096563,Recliner,Motion,Power,Unspecified,1769.99,3199.0,44.7,https://www.slumberland.com/products/redwood-tri-power-rocker-recliner
slumberland,Ashley,Ashley Furniture,Whitlock Loveseat,QK1107427,Loveseat,Stationary,,Leather,489.99,729.99,32.9,https://www.slumberland.com/products/whitlock-loveseat
slumberland,Ashley,Ashley Furniture,Whitlock Rocker Recliner,QK1107426,Recliner,Motion,,Leather,479.99,719.99,33.3,https://www.slumberland.com/products/whitlock-rocker-recliner
slumberland,Ashley,Ashley Furniture,Whitlock Sofa,QK1107428,Sofa,Stationary,,Leather,499.99,749.99,33.3,https://www.slumberland.com/products/whitlock-sofa
slumberland,Ashley,Ashley Furniture,Loreo Sofa,QK1107309,Sofa,Stationary,,Fabric,449.99,899.99,50.0,https://www.slumberland.com/products/loreo-sofa
slumberland,Ashley,Ashley Furniture,Loreo Ottoman,QK1107306,Ottoman,Stationary,,Fabric,329.99,494.99,33.3,https://www.slumberland.com/products/loreo-ottoman
slumberland,Ashley,Ashley Furniture,Loreo Loveseat,QK1107318,Loveseat,Stationary,,Fabric,439.99,869.99,49.4,https://www.slumberland.com/products/loreo-loveseat
slumberland,Ashley,Ashley Furniture,Loreo Chair,QK1107307,Chair,Stationary,,Fabric,389.99,584.99,33.3,https://www.slumberland.com/products/loreo-chair
slumberland,Ashley,Ashley Furniture,Loreo Sleeper,QK1107315,Sleeper,Stationary,,Fabric,899.99,1349.98,33.3,https://www.slumberland.com/products/loreo-sleeper
slumberland,La-Z-Boy,La-Z-Boy,Redwood Rocker Recliner,QK1082413,Recliner,Motion,,Unspecified,1169.99,1599.99,26.9,https://www.slumberland.com/products/redwood-rocker-recliner
slumberland,Best Home Furnishings,Best Home Furnishings,Novae Wing Chair,QK1104708,Chair,Stationary,,Unspecified,599.99,899.99,33.3,https://www.slumberland.com/products/novae-wing-chair
slumberland,Ashley,Ashley Furniture,Valo Arc Lamp,QK1106224,Other,Stationary,,Unspecified,249.99,549.99,54.5,https://www.slumberland.com/products/valo-arc-lamp
slumberland,Best Home Furnishings,Best Home Furnishings,Aubrey Swivel Chair,QK1103775,Chair,Stationary,,Fabric,769.99,1499.99,48.7,https://www.slumberland.com/products/aubrey-swivel-chair
slumberland,La-Z-Boy,La-Z-Boy,Liam Wall Recliner,QK1097958,Recliner,Motion,,Unspecified,679.99,1199.0,43.3,https://www.slumberland.com/products/liam-wall-recliner
slumberland,Ashley,Ashley Furniture,Erinslane Loveseat,QK1094606,Loveseat,Stationary,,Unspecified,429.99,879.99,51.1,https://www.slumberland.com/products/erinslane-loveseat
slumberland,Ashley,Ashley Furniture,Erinslane Sofa,QK1094607,Sofa,Stationary,,Unspecified,449.99,899.99,50.0,https://www.slumberland.com/products/erinslane-sofa
slumberland,Ashley,Ashley Furniture,Yafe Floor Lamp,QK1106223,Other,Stationary,,Unspecified,149.99,329.99,54.5,https://www.slumberland.com/products/yafe-floor-lamp
slumberland,La-Z-Boy,La-Z-Boy,Norton Rocker Recliner,QK1106081,Recliner,Motion,,Unspecified,599.99,1199.99,50.0,https://www.slumberland.com/products/norton-rocker-recliner
slumberland,La-Z-Boy,La-Z-Boy,Hawthorn Rocker Recliner,QK1106089,Recliner,Motion,,Unspecified,499.99,999.99,50.0,https://www.slumberland.com/products/hawthorn-rocker-recliner-1
slumberland,Ashley,Ashley Furniture,Santiford Floor Lamp,QK1106226,Other,Stationary,,Unspecified,129.99,279.99,53.6,https://www.slumberland.com/products/santiford-floor-lamp
slumberland,Ashley,Ashley Furniture,Jorlaina End Table,QK1087964,Other,Stationary,,Unspecified,239.99,265.99,9.8,https://www.slumberland.com/products/jorlaina-end-table
slumberland,Ashley,Ashley Furniture,Jorlaina Coffee Table,QK1087963,Other,Stationary,,Unspecified,419.99,489.99,14.3,https://www.slumberland.com/products/jorlaina-coffee-table
slumberland,Ashley,Ashley Furniture,Santorine Loveseat,QK1094598,Loveseat,Stationary,,Leather,779.99,1079.99,27.8,https://www.slumberland.com/products/santorine-loveseat
slumberland,Ashley,Ashley Furniture,Foreside Sofa and Recliner,,Sofa,Motion,,Unspecified,1299.98,,,https://www.slumberland.com/products/foreside-sofa-and-recliner
slumberland,Ashley,Ashley Furniture,Foreside Rocker Recliner,QK1104796,Recliner,Motion,,Unspecified,499.99,899.99,44.4,https://www.slumberland.com/products/foreside-rocker-recliner
slumberland,Ashley,Ashley Furniture,Foreside Reclining Sofa,QK1104797,Sofa,Motion,,Unspecified,799.99,1349.98,40.7,https://www.slumberland.com/products/foreside-reclining-sofa
slumberland,Ashley,Ashley Furniture,Foreside Reclining Console Loveseat,QK1104798,Loveseat,Motion,,Unspecified,799.99,1349.98,40.7,https://www.slumberland.com/products/foreside-reclining-console-loveseat
slumberland,Ashley,Ashley Furniture,Birkdale Court Oversized Ottoman,QK1104803,Ottoman,Stationary,,Unspecified,399.99,599.99,33.3,https://www.slumberland.com/products/birkdale-court-oversized-ottoman
slumberland,Ashley,Ashley Furniture,Birkdale Court 3 Piece Right Chaise Sectional,QK1104807,Sectional,Stationary,,Unspecified,1499.99,2249.99,33.3,https://www.slumberland.com/products/birkdale-court-3-piece-right-chaise-sectional
slumberland,Ashley,Ashley Furniture,Darlita Set of 2 Table Lamps,QK1106222,Other,Stationary,,Unspecified,119.99,249.99,52.0,https://www.slumberland.com/products/darlita-set-of-2-table-lamps
slumberland,Ashley,Ashley Furniture,Wimlow Table Lamp,QK1106216,Other,Stationary,,Unspecified,69.99,149.99,53.3,https://www.slumberland.com/products/wimlow-table-lamp
slumberland,La-Z-Boy,La-Z-Boy,Pinnacle Tri-Power Recliner,QK1101745,Recliner,Motion,Power,Unspecified,1499.99,2499.99,40.0,https://www.slumberland.com/products/pinnacle-tri-power-recliner
slumberland,Ashley,Ashley Furniture,Seyler Lane Rocker Recliner,QK1106122,Recliner,Motion,,Unspecified,399.99,599.99,33.3,https://www.slumberland.com/products/seyler-lane-rocker-recliner
slumberland,Ashley,Ashley Furniture,Seyler Lane Ottoman,QK1106121,Ottoman,Stationary,,Unspecified,349.99,524.99,33.3,https://www.slumberland.com/products/seyler-lane-ottoman
slumberland,Ashley,Ashley Furniture,Seyler Lane 3 Piece Right Chaise Sleeper Sectional,QK1106116,Sectional,Stationary,,Unspecified,1699.99,2549.99,33.3,https://www.slumberland.com/products/seyler-lane-3-piece-right-chaise-sleeper-sectional
slumberland,Ashley,Ashley Furniture,Seyler Lane 3 Piece Left Chaise Sleeper Sectional,QK1106123,Sectional,Stationary,,Unspecified,1699.99,2549.99,33.3,https://www.slumberland.com/products/seyler-lane-3-piece-left-chaise-sleeper-sectional
slumberland,Ashley,Ashley Furniture,Ferrilby Table Lamp,QK1106228,Other,Stationary,,Unspecified,129.99,279.99,53.6,https://www.slumberland.com/products/ferrilby-table-lamp
slumberland,Ashley,Ashley Furniture,Afener Set of 2 Table Lamps,QK1106221,Other,Stationary,,Unspecified,129.99,279.99,53.6,https://www.slumberland.com/products/afener-set-of-2-table-lamps
slumberland,Ashley,Ashley Furniture,Calbert Table Lamp,QK1106217,Other,Stationary,,Unspecified,119.99,249.99,52.0,https://www.slumberland.com/products/calbert-table-lamp
slumberland,Ashley,Ashley Furniture,Triston-Peaks Chair and a Half,QK1104065,Chair,Stationary,,Unspecified,399.99,599.99,33.3,https://www.slumberland.com/products/triston-peaks-chair-and-a-half
slumberland,Ashley,Ashley Furniture,Triston-Peaks Loveseat,QK1104066,Loveseat,Stationary,,Unspecified,429.99,779.99,44.9,https://www.slumberland.com/products/triston-peaks-loveseat
slumberland,Ashley,Ashley Furniture,Triston-Peaks Ottoman,QK1104064,Ottoman,Stationary,,Unspecified,229.99,349.99,34.3,https://www.slumberland.com/products/triston-peaks-ottoman
slumberland,Flexsteel,Flexsteel,Finley Chair,QK1103794,Chair,Stationary,,Unspecified,1599.99,1799.98,11.1,https://www.slumberland.com/products/finley-chair
slumberland,Flexsteel,Flexsteel,Finley Ottoman,QK1103795,Ottoman,Stationary,,Unspecified,699.99,749.99,6.7,https://www.slumberland.com/products/finley-ottoman
slumberland,Flexsteel,Flexsteel,Finley Loveseat,QK1103793,Loveseat,Stationary,,Unspecified,2179.99,2679.99,18.7,https://www.slumberland.com/products/finley-loveseat
slumberland,Flexsteel,Flexsteel,Finley Sofa,QK1103792,Sofa,Stationary,,Unspecified,2199.99,2699.99,18.5,https://www.slumberland.com/products/finley-sofa
slumberland,Flexsteel,Flexsteel,Finley Leather Ottoman,QK1103791,Ottoman,Stationary,,Leather,999.99,1129.99,11.5,https://www.slumberland.com/products/finley-leather-ottoman
slumberland,Flexsteel,Flexsteel,Finley Leather Chair,QK1103790,Chair,Stationary,,Leather,2599.99,3599.99,27.8,https://www.slumberland.com/products/finley-leather-chair
slumberland,Flexsteel,Flexsteel,Finley Leather Loveseat,QK1103789,Loveseat,Stationary,,Leather,3579.99,4469.98,19.9,https://www.slumberland.com/products/finley-leather-loveseat
slumberland,Flexsteel,Flexsteel,Finley Leather Sofa,QK1103788,Sofa,Stationary,,Leather,3599.99,4499.98,20.0,https://www.slumberland.com/products/finley-leather-sofa
slumberland,Flexsteel,Flexsteel,Finley 2 Piece Left Sofa Sectional,QK1103787,Sectional,Stationary,,Unspecified,4599.99,6899.98,33.3,https://www.slumberland.com/products/finley-2-piece-left-sofa-sectional
slumberland,Flexsteel,Flexsteel,Eleanora Chair,QK1103779,Chair,Stationary,,Unspecified,1799.99,2099.99,14.3,https://www.slumberland.com/products/eleanora-chair
slumberland,Flexsteel,Flexsteel,Eleanora Loveseat,QK1103778,Loveseat,Stationary,,Unspecified,2479.99,2979.99,16.8,https://www.slumberland.com/products/eleanora-loveseat
slumberland,Flexsteel,Flexsteel,Eleanora Ottoman,QK1103780,Ottoman,Stationary,,Unspecified,899.99,1049.99,14.3,https://www.slumberland.com/products/eleanora-ottoman
slumberland,Flexsteel,Flexsteel,Eleanora Sofa,QK1103777,Sofa,Stationary,,Unspecified,2499.99,2999.99,16.7,https://www.slumberland.com/products/eleanora-sofa
slumberland,Ashley,Ashley Furniture,Kerrbrook Table Lamp,QK1106218,Other,Stationary,,Unspecified,99.99,199.99,50.0,https://www.slumberland.com/products/kerrbrook-table-lamp
slumberland,Ashley,Ashley Furniture,Mette Table Lamp,QK1103589,Other,Stationary,,Unspecified,79.99,199.99,60.0,https://www.slumberland.com/products/mette-table-lamp
slumberland,La-Z-Boy,La-Z-Boy,Rheeves High Leg Reclining Chair,QK1102326,Chair,Motion,,Unspecified,1099.99,1799.0,38.9,https://www.slumberland.com/products/rheeves-high-leg-reclining-chair
slumberland,Ashley,Ashley Furniture,Hambell Table Lamp,QK1092498,Other,Stationary,,Unspecified,129.99,189.99,31.6,https://www.slumberland.com/products/hambell-table-lamp
slumberland,Ashley,Ashley Furniture,Forestmin Chairside Table,QK1045699,Other,Stationary,,Unspecified,99.99,179.99,44.4,https://www.slumberland.com/products/forestmin-chairside-table
slumberland,Ashley,Ashley Furniture,Freedan End Table,QK1045453,Other,Stationary,,Unspecified,139.99,269.99,48.1,https://www.slumberland.com/products/freedan-end-table
slumberland,Ashley,Ashley Furniture,Triston-Peaks Sofa,QK1104067,Sofa,Stationary,,Unspecified,449.99,799.99,43.8,https://www.slumberland.com/products/triston-peaks-sofa
slumberland,Ashley,Ashley Furniture,Sundown Adirondack Chair,QK1041903,Chair,Stationary,,Unspecified,219.99,429.99,48.8,https://www.slumberland.com/products/sundown-end-table-3
slumberland,Ashley,Ashley Furniture,Gauntlet Rocker Recliner,QK1104063,Recliner,Motion,,Unspecified,459.99,719.99,36.1,https://www.slumberland.com/products/gauntlet-rocker-recliner
slumberland,Ashley,Ashley Furniture,Gauntlet Reclining Sofa,QK1104061,Sofa,Motion,,Unspecified,699.99,1049.99,33.3,https://www.slumberland.com/products/gauntlet-reclining-sofa
slumberland,Ashley,Ashley Furniture,Abanson Floor Lamp,QK1092340,Other,Stationary,,Unspecified,96.99,215.99,55.1,https://www.slumberland.com/products/abanson-floor-lamp
slumberland,Ashley,Ashley Furniture,Edenfield 3 Piece Linen Left Chaise Sectional,QK1085628,Sectional,Stationary,,Fabric,1299.99,1949.98,33.3,https://www.slumberland.com/products/edenfield-linen-sectional
slumberland,Ashley,Ashley Furniture,Bolsena Sofa and Rocker Recliner,,Sofa,Motion,,Leather,1749.98,,,https://www.slumberland.com/products/bolsena-sofa-and-rocker-recliner
slumberland,Ashley,Ashley Furniture,Seyler Lane 3 Piece Left Chaise Sectional,QK1106117,Sectional,Stationary,,Unspecified,1399.99,2099.99,33.3,https://www.slumberland.com/products/seyler-lane-3-piece-left-chaise-sectional
slumberland,Flexsteel,Flexsteel,Kingman Leather Swivel Glider,QK1104704,Chair,Motion,,Leather,2099.99,3999.99,47.5,https://www.slumberland.com/products/kingman-leather-swivel-glider
slumberland,Ashley,Ashley Furniture,Sundown End Table,1170016,Other,Stationary,,Unspecified,89.99,199.99,55.0,https://www.slumberland.com/products/sundown-end-table
slumberland,Ashley,Ashley Furniture,Stayfish Rocker Recliner,QK1104041,Recliner,Motion,,Unspecified,339.99,699.99,51.4,https://www.slumberland.com/products/stayfish-rocker-recliner
slumberland,Ashley,Ashley Furniture,Jossleigh Table Lamp,QK1103586,Other,Stationary,,Unspecified,149.99,359.99,58.3,https://www.slumberland.com/products/jossleigh-table-lamp
slumberland,Best Home Furnishings,Best Home Furnishings,Brodi Swivel Accent Chair,QK1098210,Chair,Stationary,,Fabric,799.99,1459.99,45.2,https://www.slumberland.com/products/brodi-swivel-accent-chair-1
slumberland,Ashley,Ashley Furniture,Noraluna End Table,QK1106048,Other,Stationary,,Unspecified,159.99,299.99,46.7,https://www.slumberland.com/products/noraluna-end-table
slumberland,Ashley,Ashley Furniture,Noraluna Coffee Table,QK1106047,Other,Stationary,,Unspecified,259.99,549.99,52.7,https://www.slumberland.com/products/noraluna-cocktail-table
slumberland,Ashley,Ashley Furniture,Korestone Sofa Table,QK1106046,Sofa,Stationary,,Unspecified,249.99,499.99,50.0,https://www.slumberland.com/products/korestone-sofa-table
slumberland,Ashley,Ashley Furniture,Korestone End Table,QK1106045,Other,Stationary,,Unspecified,169.99,299.99,43.3,https://www.slumberland.com/products/korestone-end-table
slumberland,Ashley,Ashley Furniture,Korestone Coffee Table,QK1106044,Other,Stationary,,Unspecified,229.99,399.99,42.5,https://www.slumberland.com/products/korestone-cocktail-table
slumberland,Ashley,Ashley Furniture,Ashbryn 3 Drawer Night Stand,QK1104789,Other,Stationary,,Unspecified,299.99,599.99,50.0,https://www.slumberland.com/products/ashbryn-3-drawer-night-stand
slumberland,Ashley,Ashley Furniture,Ashbryn 5 Drawer Chest,QK1104788,Other,Stationary,,Unspecified,799.99,1479.99,45.9,https://www.slumberland.com/products/ashbryn-5-drawer-chest
slumberland,Ashley,Ashley Furniture,Ashbryn Mirror,QK1104787,Other,Stationary,,Unspecified,149.99,299.99,50.0,https://www.slumberland.com/products/ashbryn-mirror
slumberland,Ashley,Ashley Furniture,Ashbryn Dresser,QK1104786,Other,Stationary,,Unspecified,899.99,1899.99,52.6,https://www.slumberland.com/products/ashbryn-dresser
slumberland,Ashley,Ashley Furniture,Ashbryn 4 Piece Room Group,QK1104784,Other,Stationary,,Unspecified,1999.99,4139.99,51.7,https://www.slumberland.com/products/ashbryn-4-piece-room-group
slumberland,Ashley,Ashley Furniture,Ashbryn Panel Storage Bed,QK1104790,Other,Stationary,,Unspecified,599.99,1399.99,57.1,https://www.slumberland.com/products/ashbryn-panel-storage-bed
slumberland,Flexsteel,Flexsteel,Murph Swivel Glider,QK1104705,Chair,Motion,,Unspecified,1499.99,2899.99,48.3,https://www.slumberland.com/products/murph-swivel-glider
slumberland,Ashley,Ashley Furniture,Brogliano Loveseat,QK1104801,Loveseat,Stationary,,Leather,1279.99,1919.98,33.3,https://www.slumberland.com/products/brogliano-loveseat
slumberland,Ashley,Ashley Furniture,Brogliano Ottoman,QK1104799,Ottoman,Stationary,,Leather,399.99,589.99,32.2,https://www.slumberland.com/products/brogliano-ottoman
slumberland,Ashley,Ashley Furniture,Brogliano Oversized Chair and a Half,QK1104800,Chair,Stationary,,Leather,1089.99,1634.98,33.3,https://www.slumberland.com/products/brogliano-oversized-chair-and-a-half
slumberland,Ashley,Ashley Furniture,Brogliano Sofa,QK1104802,Sofa,Stationary,,Leather,1299.99,1949.98,33.3,https://www.slumberland.com/products/brogliano-sofa
slumberland,Ashley,Ashley Furniture,Ailsa Floor Lamp,QK1103593,Other,Stationary,,Unspecified,229.99,579.99,60.3,https://www.slumberland.com/products/ailsa-floor-lamp
slumberland,Ashley,Ashley Furniture,Willport Set of 2 Table Lamps,QK1103591,Other,Stationary,,Unspecified,134.99,349.99,61.4,https://www.slumberland.com/products/willport-table-lamp
slumberland,Ashley,Ashley Furniture,Aaleahya Table Lamp,QK1103590,Other,Stationary,,Unspecified,119.99,259.99,53.8,https://www.slumberland.com/products/aaleahya-table-lamp
slumberland,La-Z-Boy,La-Z-Boy,Ava 5 Piece Sectional with 2 Tri-Power Ends and 1 Tri-Power Armless,QK1098747,Sectional,Motion,Power,Unspecified,5699.99,8399.99,32.1,https://www.slumberland.com/products/ava-5-piece-sectional-with-2-tri-power-ends-and-1-tri-power-armless
slumberland,Ashley,Ashley Furniture,Huey Vineyard Chest of Drawers,QK1085989,Other,Stationary,,Unspecified,269.99,699.99,61.4,https://www.slumberland.com/products/huey-vineyard-chest-of-drawers
slumberland,Ashley,Ashley Furniture,Strumford Bar Stool,QK1046419,Other,Stationary,,Unspecified,99.99,199.99,50.0,https://www.slumberland.com/products/strumford-black-bar-stool
slumberland,Ashley,Ashley Furniture,Derekson 4 Drawer Storage Bed,QK1029105,Other,Stationary,,Unspecified,739.99,1289.98,42.6,https://www.slumberland.com/products/derekson-4-drawer-storage-bed
slumberland,Ashley,Ashley Furniture,Moriville Counter Stool,QK1028656,Other,Stationary,,Fabric,124.99,219.99,43.2,https://www.slumberland.com/products/moriville-counter-stool
slumberland,Ashley,Ashley Furniture,Gauntlet Reclining Console Loveseat,QK1104062,Loveseat,Motion,,Unspecified,699.99,1099.99,36.4,https://www.slumberland.com/products/gauntlet-reclining-console-loveseat
slumberland,Flexsteel,Flexsteel,Zecliner Sleep Kit,QK1104139,Recliner,Motion,,Fabric,150.0,219.99,31.8,https://www.slumberland.com/products/zecliner-sleep-kit
slumberland,Flexsteel,Flexsteel,Zecliner Model 3+ Petite Lift Recliner,QK1104137,Recliner,Motion,,Fabric,2799.99,3399.99,17.6,https://www.slumberland.com/products/zecliner-model-3-petite-lift-recliner
slumberland,Flexsteel,Flexsteel,Zecliner Chair Protector,QK1104140,Chair,Motion,,Fabric,130.0,199.99,35.0,https://www.slumberland.com/products/zecliner-chair-protector
slumberland,Ashley,Ashley Furniture,Top Tier 2 Piece Reclining Sofa,QK1097977,Sofa,Motion,,Fabric,999.99,1499.98,33.3,https://www.slumberland.com/products/top-tier-2-piece-reclining-sofa
slumberland,Flexsteel,Flexsteel,Sophisticated Swivel Power Recliner,QK1101559,Recliner,Motion,Power,Unspecified,1299.99,1899.99,31.6,https://www.slumberland.com/products/sophisticated-power-recliner
slumberland,Ashley,Ashley Furniture,SimpleJoy Sofa,QK1104732,Sofa,Stationary,,Unspecified,399.99,749.99,46.7,https://www.slumberland.com/products/simplejoy-sofa
slumberland,Ashley,Ashley Furniture,SimpleJoy Rocker Recliner,QK1104730,Recliner,Motion,,Unspecified,379.99,704.99,46.1,https://www.slumberland.com/products/simplejoy-rocker-recliner
slumberland,Ashley,Ashley Furniture,SimpleJoy Loveseat,QK1104731,Loveseat,Stationary,,Unspecified,389.99,734.99,46.9,https://www.slumberland.com/products/simplejoy-loveseat
slumberland,Best Home Furnishings,Best Home Furnishings,Riley Ottoman,QK1100898,Ottoman,Stationary,,Unspecified,299.99,599.99,50.0,https://www.slumberland.com/products/riley-ottoman
slumberland,Flexsteel,Flexsteel,Refined Swivel Power Recliner,QK1101561,Recliner,Motion,Power,Leather,1599.99,2349.99,31.9,https://www.slumberland.com/products/refined-power-recliner
slumberland,Southern Motion,Southern Motion,Primrose Hill Power Reclining Sofa,QK1103562,Sofa,Motion,Power,Leather,1899.99,2899.99,34.5,https://www.slumberland.com/products/primrose-hill-power-reclining-sofa
slumberland,Southern Motion,Southern Motion,Primrose Hill Power Reclining Loveseat,QK1103563,Loveseat,Motion,Power,Leather,1879.99,2879.99,34.7,https://www.slumberland.com/products/primrose-hill-power-reclining-loveseat
slumberland,Southern Motion,Southern Motion,Primrose Hill Power Recliner,QK1103564,Recliner,Motion,Power,Leather,1299.99,1949.99,33.3,https://www.slumberland.com/products/primrose-hill-power-recliner
slumberland,Southern Motion,Southern Motion,Primrose Hill Leather Power Recliner,QK1103567,Recliner,Motion,Power,Leather,1799.99,2699.99,33.3,https://www.slumberland.com/products/primrose-hill-leather-recliner
slumberland,Southern Motion,Southern Motion,Primrose Hill Leather Power Reclining Sofa,QK1103565,Sofa,Motion,Power,Leather,3199.99,4799.99,33.3,https://www.slumberland.com/products/primrose-hill-leather-power-reclining-sofa
slumberland,Southern Motion,Southern Motion,Primrose Hill Leather Power Reclining Loveseat,QK1103566,Loveseat,Motion,Power,Leather,3179.99,4779.99,33.5,https://www.slumberland.com/products/primrose-hill-leather-power-reclining-loveseat
slumberland,Ashley,Ashley Furniture,Perringhill Table Lamp,QK1103588,Other,Stationary,,Unspecified,119.99,319.99,62.5,https://www.slumberland.com/products/perringhill-table-lamp
slumberland,Ashley,Ashley Furniture,Heartcort Sofa,QK1105111,Sofa,Stationary,,Unspecified,699.99,1049.98,33.3,https://www.slumberland.com/products/heartcort-sofa
slumberland,Ashley,Ashley Furniture,Heartcort Oversized Chair and a Half,QK1105109,Chair,Stationary,,Unspecified,549.99,749.99,26.7,https://www.slumberland.com/products/heartcort-oversized-chair-and-a-half
slumberland,Ashley,Ashley Furniture,Heartcort Ottoman,QK1105108,Ottoman,Stationary,,Unspecified,349.99,524.99,33.3,https://www.slumberland.com/products/heartcort-ottoman
slumberland,Ashley,Ashley Furniture,Heartcort Loveseat,QK1105110,Loveseat,Stationary,,Unspecified,679.99,1019.99,33.3,https://www.slumberland.com/products/heartcort-loveseat
slumberland,Flexsteel,Flexsteel,Bryant 2 Piece Left Sofa Sectional,QK1103821,Sectional,Stationary,,Unspecified,5599.99,8399.99,33.3,https://www.slumberland.com/products/bryant-2-piece-left-sofa-sectional
slumberland,Ashley,Ashley Furniture,Edenfield Linen Ottoman,QK1085665,Ottoman,Stationary,,Fabric,299.99,449.99,33.3,https://www.slumberland.com/products/edenfield-ottoman-1
slumberland,Ashley,Ashley Furniture,Edenfield 3 Piece Linen Right Chaise Sectional,QK1085629,Sectional,Stationary,,Fabric,1299.99,1949.98,33.3,https://www.slumberland.com/products/edenfield-3-piece-brown-right-chaise-sectional
slumberland,Ashley,Ashley Furniture,Top Tier Oversized Rocker Recliner,QK1097974,Recliner,Motion,,Unspecified,699.99,1049.98,33.3,https://www.slumberland.com/products/top-tier-oversized-rocker-recliner
slumberland,Ashley,Ashley Furniture,Stairatt Sofa,QK1081582,Sofa,Stationary,,Fabric,499.99,779.99,35.9,https://www.slumberland.com/products/stairatt-sofa
slumberland,Ashley,Ashley Furniture,Stairatt Ottoman,QK1081574,Ottoman,Stationary,,Fabric,249.99,379.99,34.2,https://www.slumberland.com/products/stairatt-ottoman
slumberland,Ashley,Ashley Furniture,Stairatt Loveseat,QK1081572,Loveseat,Stationary,,Fabric,479.99,749.99,36.0,https://www.slumberland.com/products/stairatt-loveseat
slumberland,Ashley,Ashley Furniture,Stairatt Chair,QK1081573,Chair,Stationary,,Fabric,399.99,649.99,38.5,https://www.slumberland.com/products/stairatt-chair
slumberland,Ashley,Ashley Furniture,First Base Rocker Recliner,QK1086603,Recliner,Motion,,Leather,549.99,789.99,30.4,https://www.slumberland.com/products/first-base-rocker-recliner
slumberland,Ashley,Ashley Furniture,First Base Reclining Sofa,QK1086601,Sofa,Motion,,Leather,749.99,1499.99,50.0,https://www.slumberland.com/products/first-base-reclining-sofa
slumberland,Ashley,Ashley Furniture,First Base Reclining Loveseat,QK1086602,Loveseat,Motion,,Leather,729.99,1479.99,50.7,https://www.slumberland.com/products/first-base-reclining-loveseat
slumberland,Ashley,Ashley Furniture,Edenfield 3 Piece Linen Right Chaise Sectional and Ottoman,,Sectional,Stationary,,Fabric,1599.98,,,https://www.slumberland.com/products/edenfield-right-chaise-sectional-and-ottoman
slumberland,Ashley,Ashley Furniture,Gauntlet Reclining Sofa and Recliner,,Sofa,Motion,,Unspecified,1159.98,,,https://www.slumberland.com/products/gauntlet-reclining-sofa-and-recliner
slumberland,Ashley,Ashley Furniture,Bradney Leather Swivel Accent Chair,QK1083509,Chair,Stationary,,Leather,469.99,799.99,41.3,https://www.slumberland.com/products/bradney-leather-swivel-accent-chair
slumberland,Ashley,Ashley Furniture,Greenbriar Ottoman,QK1099578,Ottoman,Stationary,,Unspecified,239.99,499.99,52.0,https://www.slumberland.com/products/greenbriar-ottoman
slumberland,Ashley,Ashley Furniture,Ashley Peak 2.0 8 Inch Memory Foam Mattress,QK1098218,Other,Stationary,,Unspecified,219.99,519.99,57.7,https://www.slumberland.com/products/ashley-peak-2-8-inch-memory-foam-mattress
slumberland,Ashley,Ashley Furniture,Ashley Peak 2.0 12 Inch Memory Foam Mattress,QK1098226,Other,Stationary,,Unspecified,319.99,799.99,60.0,https://www.slumberland.com/products/ashley-peak-2-12-inch-memory-foam-mattress
slumberland,Ashley,Ashley Furniture,Ashley Peak 2.0 10 Inch Memory Foam Mattress,QK1098222,Other,Stationary,,Unspecified,229.99,599.99,61.7,https://www.slumberland.com/products/ashley-peak-2-10-inch-memory-foam-mattress
slumberland,Ashley,Ashley Furniture,Bradney Swivel Accent Chair,QK1085631,Chair,Stationary,,Fabric,429.99,699.99,38.6,https://www.slumberland.com/products/bradney-swivel-accent-chair
slumberland,La-Z-Boy,La-Z-Boy,La-Z-Boy Sherman Rocker Recliner,QK1102327,Recliner,Motion,,Unspecified,599.99,1199.99,50.0,https://www.slumberland.com/products/la-z-boy-sherman-rocker-recliner
slumberland,La-Z-Boy,La-Z-Boy,Arc Handle,QK1060415,Recliner,Stationary,,Unspecified,39.99,49.99,20.0,https://www.slumberland.com/products/arc-handle
slumberland,Best Home Furnishings,Best Home Furnishings,Riley Accent Chair,QK1100897,Chair,Stationary,,Fabric,569.99,899.99,36.7,https://www.slumberland.com/products/riley-accent-chair
slumberland,Ashley,Ashley Furniture,Greenbriar Sofa Chaise,QK1099579,Sofa,Stationary,,Unspecified,499.99,799.99,37.5,https://www.slumberland.com/products/greenbriar-sofa-chaise
slumberland,Ashley,Ashley Furniture,Seyler Lane 3 Piece Right Chaise Sectional,QK1099583,Sectional,Stationary,,Unspecified,1399.99,2099.99,33.3,https://www.slumberland.com/products/seyler-lane-3-piece-right-chaise-sectional
slumberland,La-Z-Boy,La-Z-Boy,Morrison Power Plus Reclining Console Loveseat,QK1064450,Loveseat,Motion,Power,Unspecified,1999.99,3599.99,44.4,https://www.slumberland.com/products/morrison-power-plus-reclining-console-loveseat
slumberland,Ashley,Ashley Furniture,Ashley Peak 2.0 8 Inch Innerspring Mattress,QK1098230,Other,Stationary,,Unspecified,169.99,399.99,57.5,https://www.slumberland.com/products/ashley-peak-2-8-inch-hybrid-mattress
slumberland,La-Z-Boy,La-Z-Boy,Belmont Rocker Recliner,QK1101741,Recliner,Motion,,Leather,1199.99,1999.0,40.0,https://www.slumberland.com/products/belmont-rocker-recliner
slumberland,La-Z-Boy,La-Z-Boy,Ava Rocker Recliner,QK1098743,Recliner,Motion,,Unspecified,899.99,1259.98,28.6,https://www.slumberland.com/products/ava-rocker-recliner
slumberland,La-Z-Boy,La-Z-Boy,Ava 5 Piece Sectional,QK1098745,Sectional,Stationary,,Unspecified,4399.99,6449.98,31.8,https://www.slumberland.com/products/ava-5-piece-sectional
slumberland,La-Z-Boy,La-Z-Boy,Ava 5 Piece Sectional with 1 Tri-Power End,QK1098744,Sectional,Motion,Power,Unspecified,4899.99,7049.98,30.5,https://www.slumberland.com/products/ava-5-piece-sectional-with-1-tri-power-end
slumberland,La-Z-Boy,La-Z-Boy,Kodie Rocker Recliner,QK1101743,Recliner,Motion,,Unspecified,899.99,1499.0,40.0,https://www.slumberland.com/products/kodie-rocker-recliner
slumberland,Ashley,Ashley Furniture,Grover Reclining Sectional and Recliner,,Sectional,Motion,,Leather,2349.98,4389.98,46.5,https://www.slumberland.com/products/grover-reclining-sectional-recliner
slumberland,Ashley,Ashley Furniture,Edenfield 3 Piece Left Chaise Sectional with Ottoman,,Sectional,Stationary,,Unspecified,1599.98,3179.98,49.7,https://www.slumberland.com/products/edenfield-3-piece-left-chaise-sectional-with-ottoman
slumberland,Ashley,Ashley Furniture,Cashton Sofa with Chair,,Sofa,Stationary,,Unspecified,1069.98,1409.98,24.1,https://www.slumberland.com/products/cashton-sofa-with-chair
slumberland,La-Z-Boy,La-Z-Boy,Astor Leather Rocker Recliner,QK1064471,Recliner,Motion,,Leather,1499.99,2499.99,40.0,https://www.slumberland.com/products/astor-leather-rocker-recliner-1
slumberland,Ashley,Ashley Furniture,Wahida Table Lamp,QK1100605,Other,Stationary,,Unspecified,89.99,189.99,52.6,https://www.slumberland.com/products/wahida-table-lamp
slumberland,Ashley,Ashley Furniture,Wadeland Table Lamp,QK1100601,Other,Stationary,,Unspecified,79.99,229.99,65.2,https://www.slumberland.com/products/wadeland-table-lamp
slumberland,Ashley,Ashley Furniture,Veraleigh Table Lamp,QK1100595,Other,Stationary,,Unspecified,119.99,279.99,57.1,https://www.slumberland.com/products/veraleigh-table-lamp
slumberland,Ashley,Ashley Furniture,Veraleigh Floor Lamp,QK1100609,Other,Stationary,,Unspecified,239.99,349.99,31.4,https://www.slumberland.com/products/veraleigh-floor-lamp
slumberland,Ashley,Ashley Furniture,Trentlen Table Lamp,QK1100599,Other,Stationary,,Unspecified,119.99,199.99,40.0,https://www.slumberland.com/products/trentlen-table-lamp
slumberland,Ashley,Ashley Furniture,Shawburg Table Lamp,QK1100603,Other,Stationary,,Unspecified,129.99,249.99,48.0,https://www.slumberland.com/products/shawburg-table-lamp
slumberland,Ashley,Ashley Furniture,Madsbrook Floor Lamp,QK1100608,Other,Stationary,,Unspecified,149.99,299.99,50.0,https://www.slumberland.com/products/madsbrook-floor-lamp
slumberland,Ashley,Ashley Furniture,Linas Table Lamp,QK1100602,Other,Stationary,,Unspecified,119.99,229.99,47.8,https://www.slumberland.com/products/linas-table-lamp
slumberland,Ashley,Ashley Furniture,Jilton Table Lamp,QK1100607,Other,Stationary,,Unspecified,79.99,179.99,55.6,https://www.slumberland.com/products/jilton-table-lamp
slumberland,Ashley,Ashley Furniture,Imre Table Lamp,QK1100604,Other,Stationary,,Unspecified,64.99,139.99,53.6,https://www.slumberland.com/products/imre-table-lamp
slumberland,Ashley,Ashley Furniture,Gasparleigh Floor Lamp,QK1100596,Other,Stationary,,Unspecified,239.99,369.99,35.1,https://www.slumberland.com/products/gasparleigh-floor-lamp
slumberland,Ashley,Ashley Furniture,Fainwell Floor Lamp,QK1100597,Other,Stationary,,Unspecified,179.99,399.99,55.0,https://www.slumberland.com/products/fainwell-floor-lamp
slumberland,Ashley,Ashley Furniture,Edselham Table Lamp,QK1100606,Other,Stationary,,Unspecified,129.99,229.99,43.5,https://www.slumberland.com/products/edselham-table-lamp
slumberland,Ashley,Ashley Furniture,Danset Floor Lamp,QK1092499,Other,Stationary,,Unspecified,269.99,499.99,46.0,https://www.slumberland.com/products/danset-floor-lamp
slumberland,Ashley,Ashley Furniture,Culverbach Dresser,7069858,Other,Stationary,,Fabric,379.99,749.99,49.3,https://www.slumberland.com/products/culverbach-dresser
slumberland,Ashley,Ashley Furniture,Bandile Table Lamp,QK1100598,Other,Stationary,,Unspecified,49.99,149.99,66.7,https://www.slumberland.com/products/bandile-table-lamp
slumberland,Ashley,Ashley Furniture,Ashley Chime Peak 2.0 10 Inch Hybrid Mattress,QK1098234,Other,Stationary,,Unspecified,189.99,519.99,63.5,https://www.slumberland.com/products/ashley-peak-2-10-inch-hybrid-mattress
slumberland,Best Home Furnishings,Best Home Furnishings,Kacey Swivel Glider,QK1098084,Chair,Motion,,Unspecified,719.99,1219.99,41.0,https://www.slumberland.com/products/kacey-swivel-glider-1
slumberland,Best Home Furnishings,Best Home Furnishings,Kacey Glider Ottoman,QK1098086,Chair,Motion,,Unspecified,299.99,519.99,42.3,https://www.slumberland.com/products/kacey-glider-ottoman
slumberland,Ashley,Ashley Furniture,Wildenauer 76 Inch Console,QK1100818,Other,Stationary,,Unspecified,699.0,949.0,26.3,https://www.slumberland.com/products/wildenauer-76-inch-console
slumberland,Ashley,Ashley Furniture,Draycoll Power Rocker Recliner,QK1082983,Recliner,Motion,Power,Fabric,589.99,1809.99,67.4,https://www.slumberland.com/products/draycoll-power-rocker-recliner
slumberland,Ashley,Ashley Furniture,Cayboni 71 Inch Fireplace TV Stand,QK1100900,Other,Stationary,,Unspecified,649.99,949.0,31.5,https://www.slumberland.com/products/cayboni-71-inch-fireplace-console
slumberland,Ashley,Ashley Furniture,Cayboni 71 Inch TV Stand,QK1100901,Other,Stationary,,Unspecified,399.0,599.0,33.4,https://www.slumberland.com/products/cayboni-71-inch-console
slumberland,Ashley,Ashley Furniture,Briarsboro Set of 2 Accent Tables,QK1084664,Chair,Stationary,,Unspecified,139.99,239.99,41.7,https://www.slumberland.com/products/briarsboro-set-of-2-accent-tables
slumberland,Ashley,Ashley Furniture,Bolanburg End Table,QK1026449,Other,Stationary,,Unspecified,299.99,499.99,40.0,https://www.slumberland.com/products/bolanburg-end-table
slumberland,Ashley,Ashley Furniture,Baronvale Floor Lamp,QK1092343,Other,Stationary,,Fabric,119.99,239.99,50.0,https://www.slumberland.com/products/baronvale-floor-lamp
slumberland,Ashley,Ashley Furniture,Wildenauer 76 Inch Fireplace Console,QK1100819,Other,Stationary,,Unspecified,949.0,1249.0,24.0,https://www.slumberland.com/products/wildenauer-76-inch-fireplace-console
slumberland,Ashley,Ashley Furniture,Ashley Peak 2.0 12 Inch Hybrid Mattress,QK1098214,Other,Stationary,,Unspecified,229.99,599.99,61.7,https://www.slumberland.com/products/ashley-peak-2-12-inch-hybrid-mattress
slumberland,Ashley,Ashley Furniture,Upshur Swivel Glider Accent Chair,QK1085186,Chair,Motion,,Fabric,489.99,899.99,45.6,https://www.slumberland.com/products/upshur-accent-chair
slumberland,Ashley,Ashley Furniture,Huey Vineyard Sleigh Headboard,QK1053641,Other,Stationary,,Unspecified,119.99,229.99,47.8,https://www.slumberland.com/products/huey-vineyard-sleigh-headboard
slumberland,Ashley,Ashley Furniture,Huey Vineyard Nightstand,QK1053639,Other,Stationary,,Unspecified,139.99,329.99,57.6,https://www.slumberland.com/products/huey-vineyard-nightstand
slumberland,Ashley,Ashley Furniture,Huey Vineyard Mirror,QK1053638,Other,Stationary,,Unspecified,79.99,159.99,50.0,https://www.slumberland.com/products/huey-vineyard-mirror
slumberland,Ashley,Ashley Furniture,Huey Vineyard Dresser,QK1053637,Other,Stationary,,Unspecified,299.99,649.99,53.8,https://www.slumberland.com/products/huey-vineyard-dresser
slumberland,Ashley,Ashley Furniture,Huey Vineyard Sleigh Bed,QK1053633,Other,Stationary,,Unspecified,279.99,599.99,53.3,https://www.slumberland.com/products/huey-vineyard-sleigh-bed
slumberland,Ashley,Ashley Furniture,Willowton Headboard,2675409,Other,Stationary,,Unspecified,179.99,399.99,55.0,https://www.slumberland.com/products/willowton-headboard-1
slumberland,Ashley,Ashley Furniture,Grover Rocker Recliner,QK1019857,Recliner,Motion,,Leather,549.99,939.99,41.5,https://www.slumberland.com/products/grover-rocker-recliner
slumberland,Ashley,Ashley Furniture,Grover 2 Piece Reclining Sectional,QK1019856,Sectional,Motion,,Leather,1799.99,3449.99,47.8,https://www.slumberland.com/products/grover-2-piece-reclining-sectional
slumberland,La-Z-Boy,La-Z-Boy,Armitage Dual Power Oversized Recliner,QK1100816,Recliner,Motion,Power,Unspecified,1799.99,2629.99,31.6,https://www.slumberland.com/products/armitage-dual-power-oversized-recliner
slumberland,La-Z-Boy,La-Z-Boy,Armitage 6 Piece Dual Power Reclining Sectional,QK1100817,Sectional,Motion,Power,Unspecified,6399.99,10999.99,41.8,https://www.slumberland.com/products/armitage-6-piece-dual-power-reclining-sectional
slumberland,Ashley,Ashley Furniture,Santorine Chair,QK1094597,Chair,Stationary,,Leather,649.99,799.99,18.8,https://www.slumberland.com/products/santorine-chair
slumberland,Ashley,Ashley Furniture,Chanlow Small Sculpture,QK1061455,Other,Stationary,,Unspecified,19.99,49.99,60.0,https://www.slumberland.com/products/chanlow-small-sculpture
slumberland,Ashley,Ashley Furniture,Kierreys Swivel Chair,QK1100591,Chair,Stationary,,Leather,499.99,899.99,44.4,https://www.slumberland.com/products/kierreys-swivel-chair
slumberland,La-Z-Boy,La-Z-Boy,Liam Power Lift Recliner,QK1100590,Recliner,Motion,Power,Unspecified,1099.99,2249.99,51.1,https://www.slumberland.com/products/liam-power-lift-recliner
slumberland,Ashley,Ashley Furniture,Marnina Set of 2 Table Lamps,QK1020063,Other,Stationary,,Unspecified,129.99,249.99,48.0,https://www.slumberland.com/products/marnina-set-of-2-table-lamps
slumberland,La-Z-Boy,La-Z-Boy,Brooks Reclining Loveseat,QK1062104,Loveseat,Motion,,Unspecified,979.99,2379.99,58.8,https://www.slumberland.com/products/brooks-reclining-loveseat-1
slumberland,Ashley,Ashley Furniture,Cammen Tall Vase,QK1087988,Other,Stationary,,Unspecified,36.99,79.99,53.8,https://www.slumberland.com/products/cammen-tall-vase
slumberland,Ashley,Ashley Furniture,Cammen Medium Vase,QK1087987,Other,Stationary,,Unspecified,33.99,71.99,52.8,https://www.slumberland.com/products/cammen-medium-vase
slumberland,Ashley,Ashley Furniture,Aadeen Small Vase,QK1089693,Other,Stationary,,Unspecified,39.99,71.99,44.5,https://www.slumberland.com/products/aadeen-small-vase
slumberland,Ashley,Ashley Furniture,Hadbury Set of 2 Table Lamps,QK1087982,Other,Stationary,,Unspecified,139.99,195.99,28.6,https://www.slumberland.com/products/hadbury-set-of-2-table-lamps
slumberland,Ashley,Ashley Furniture,Taylow Table Lamp,QK1092333,Other,Stationary,,Unspecified,75.99,167.99,54.8,https://www.slumberland.com/products/taylow-table-lamp
slumberland,Ashley,Ashley Furniture,Kerbert Table Lamp,QK1092336,Other,Stationary,,Unspecified,119.99,279.99,57.1,https://www.slumberland.com/products/kerbert-table-lamp
slumberland,Ashley,Ashley Furniture,Ferrison Table Lamp,QK1092331,Other,Stationary,,Unspecified,54.99,119.99,54.2,https://www.slumberland.com/products/ferrison-table-lamp
slumberland,Ashley,Ashley Furniture,Baronvale Accent Table Lamp,QK1092335,Chair,Stationary,,Unspecified,79.99,169.99,52.9,https://www.slumberland.com/products/baronvale-accent-table-lamp
slumberland,Best Home Furnishings,Best Home Furnishings,Ava Accent Chair,QK1097007,Chair,Stationary,,Fabric,499.99,1299.99,61.5,https://www.slumberland.com/products/ava-accent-chair
slumberland,Ashley,Ashley Furniture,Ashber Accent Table,QK1087977,Chair,Stationary,,Unspecified,149.99,199.99,25.0,https://www.slumberland.com/products/ashber-accent-table
slumberland,Ashley,Ashley Furniture,Ceilby Accent End Table,QK1087973,Chair,Stationary,,Unspecified,159.99,195.99,18.4,https://www.slumberland.com/products/ceilby-accent-table
slumberland,Ashley,Ashley Furniture,Ceilby Accent Side Table,QK1087974,Chair,Stationary,,Unspecified,229.99,279.99,17.9,https://www.slumberland.com/products/ceilby-accent-side-table
slumberland,Ashley,Ashley Furniture,Cabalynn Sofa Table,QK1086616,Sofa,Stationary,,Unspecified,349.99,519.99,32.7,https://www.slumberland.com/products/cabalynn-sofa-table
slumberland,Ashley,Ashley Furniture,Cabalynn End Table,QK1086615,Other,Stationary,,Unspecified,259.99,379.99,31.6,https://www.slumberland.com/products/cabalynn-end-table
slumberland,Ashley,Ashley Furniture,Cabalynn Coffee Table,QK1086614,Other,Stationary,,Unspecified,349.99,519.99,32.7,https://www.slumberland.com/products/cabalynn-coffee-table
slumberland,Ashley,Ashley Furniture,Gardiner Sofa Chaise,QK1098212,Sofa,Stationary,,Unspecified,899.99,1349.98,33.3,https://www.slumberland.com/products/gardiner-sofa-chaise
slumberland,Ashley,Ashley Furniture,Gardiner Oversized Chair,QK1098213,Chair,Stationary,,Unspecified,529.99,794.99,33.3,https://www.slumberland.com/products/gardiner-oversized-chair
slumberland,Ashley,Ashley Furniture,Gardiner Ottoman,QK1098211,Ottoman,Stationary,,Fabric,249.99,349.99,28.6,https://www.slumberland.com/products/gardiner-ottoman
slumberland,Ashley,Ashley Furniture,Bales 8 Piece Modular Seating,QK1085784,Sectional,Stationary,,Fabric,2699.99,5689.99,52.5,https://www.slumberland.com/products/bales-8-piece-modular-seating
slumberland,Ashley,Ashley Furniture,Bales 7 Piece Modular Seating,QK1085783,Sectional,Stationary,,Fabric,2399.99,4999.99,52.0,https://www.slumberland.com/products/bales-7-piece-modular-seating
slumberland,Ashley,Ashley Furniture,Bales 6 Piece Modular Seating,QK1085782,Sectional,Stationary,,Unspecified,1999.99,4299.99,53.5,https://www.slumberland.com/products/bales-6-piece-modular-seating
slumberland,Ashley,Ashley Furniture,Bales 5 Piece Modular Seating,QK1085781,Sectional,Stationary,,Fabric,1649.99,3599.99,54.2,https://www.slumberland.com/products/bales-5-piece-modular-seating
slumberland,Ashley,Ashley Furniture,Bales 4 Piece Modular Seating,QK1085780,Sectional,Stationary,,Unspecified,1349.99,2899.99,53.4,https://www.slumberland.com/products/bales-4-piece-modular-seating
slumberland,Ashley,Ashley Furniture,Bales 3 Piece Modular Seating,QK1085779,Sectional,Stationary,,Fabric,999.99,1699.99,41.2,https://www.slumberland.com/products/bales-3-piece-modular-seating
slumberland,Ashley,Ashley Furniture,Bales 2 Piece Modular Seating,QK1085778,Sectional,Stationary,,Fabric,699.99,1499.99,53.3,https://www.slumberland.com/products/bales-2-piece-modular-seating
slumberland,Ashley,Ashley Furniture,Freybourne Nuvella Swivel Chair,QK1099347,Chair,Stationary,,Fabric,399.99,729.99,45.2,https://www.slumberland.com/products/freybourne-nuvella-swivel-chair
slumberland,Ashley,Ashley Furniture,Cayboni Panel Bed,QK1098703,Other,Stationary,,Unspecified,179.99,289.99,37.9,https://www.slumberland.com/products/cayboni-panel-bed
slumberland,Ashley,Ashley Furniture,Cayboni Nightstand,QK1098696,Other,Stationary,,Unspecified,129.99,199.99,35.0,https://www.slumberland.com/products/cayboni-nightstand
slumberland,Ashley,Ashley Furniture,Cayboni Mirror,QK1098694,Other,Stationary,,Unspecified,59.99,89.99,33.3,https://www.slumberland.com/products/cayboni-mirror
slumberland,Ashley,Ashley Furniture,Cayboni Dresser,QK1098693,Other,Stationary,,Fabric,279.99,439.99,36.4,https://www.slumberland.com/products/cayboni-dresser
slumberland,Ashley,Ashley Furniture,Cayboni Chest,QK1098695,Other,Stationary,,Fabric,279.99,439.99,36.4,https://www.slumberland.com/products/cayboni-chest
slumberland,La-Z-Boy,La-Z-Boy,Ava 3 Piece Sectional,QK1098746,Sectional,Stationary,,Unspecified,3399.99,4949.98,31.3,https://www.slumberland.com/products/ava-3-piece-sectional
slumberland,Ashley,Ashley Furniture,Burkhaus Sofa Table,QK1087969,Sofa,Stationary,,Unspecified,289.99,379.99,23.7,https://www.slumberland.com/products/burkhaus-sofa-table
slumberland,Ashley,Ashley Furniture,Burkhaus End Table,QK1085559,Other,Stationary,,Unspecified,239.99,569.99,57.9,https://www.slumberland.com/products/burkhaus-end-table
slumberland,Ashley,Ashley Furniture,Burkhaus Coffee Table,QK1085558,Other,Stationary,,Unspecified,399.99,799.99,50.0,https://www.slumberland.com/products/burkhaus-coffee-table
slumberland,Ashley,Ashley Furniture,Danset Table Lamp,QK1092337,Other,Stationary,,Fabric,124.99,239.99,47.9,https://www.slumberland.com/products/danset-table-lamp
slumberland,Ashley,Ashley Furniture,Rannis Sleeper,QK1098759,Sleeper,Stationary,,Fabric,699.99,949.99,26.3,https://www.slumberland.com/products/rannis-sleeper
slumberland,Ashley,Ashley Furniture,Loyaska Sofa Table,QK1087958,Sofa,Stationary,,Unspecified,429.99,489.99,12.2,https://www.slumberland.com/products/loyaska-sofa-table
slumberland,Ashley,Ashley Furniture,Loyaska End Table,QK1087957,Other,Stationary,,Unspecified,219.99,269.99,18.5,https://www.slumberland.com/products/loyaska-end-table
slumberland,Ashley,Ashley Furniture,Loyaska Coffee Table,QK1087956,Other,Stationary,,Unspecified,549.99,699.99,21.4,https://www.slumberland.com/products/loyaska-coffee-table
slumberland,Ashley,Ashley Furniture,Nenana Swivel Glider Chair,QK1098113,Chair,Motion,,Fabric,399.99,649.99,38.5,https://www.slumberland.com/products/nenana-swivel-glider-chair
slumberland,Flexsteel,Flexsteel,Dylan Power Rocking Recliner,QK1091049,Recliner,Motion,Power,Unspecified,1899.99,2499.99,24.0,https://www.slumberland.com/products/dylan-power-rocking-recliner
slumberland,Flexsteel,Flexsteel,Dylan Power Recliner,QK1091051,Recliner,Motion,Power,Fabric,1699.99,2199.99,22.7,https://www.slumberland.com/products/dylan-power-recliner
slumberland,Ashley,Ashley Furniture,Derekson Mirror,QK1029072,Other,Stationary,,Unspecified,59.99,139.99,57.1,https://www.slumberland.com/products/derekson-mirror
slumberland,Ashley,Ashley Furniture,Cashton Sofa,QK1096411,Sofa,Stationary,,Fabric,699.99,899.99,22.2,https://www.slumberland.com/products/cashton-sofa
slumberland,Ashley,Ashley Furniture,Cashton Ottoman,QK1096408,Ottoman,Stationary,,Fabric,289.99,299.99,3.3,https://www.slumberland.com/products/cashton-ottoman
slumberland,Ashley,Ashley Furniture,Cashton Loveseat,QK1096410,Loveseat,Stationary,,Fabric,679.99,879.99,22.7,https://www.slumberland.com/products/cashton-loveseat
slumberland,Ashley,Ashley Furniture,Cashton Chair,QK1096409,Chair,Stationary,,Fabric,369.99,509.99,27.5,https://www.slumberland.com/products/cashton-chair
slumberland,La-Z-Boy,La-Z-Boy,Kennedy Tempur Foam Sleeper,QK1094553,Sleeper,Stationary,,Fabric,2399.99,3599.99,33.3,https://www.slumberland.com/products/kennedy-tempur-foam-sleeper
slumberland,Ashley,Ashley Furniture,Frohn Rocker Recliner,QK1097702,Recliner,Motion,,Unspecified,539.99,809.99,33.3,https://www.slumberland.com/products/frohn-rocker-recliner
slumberland,Ashley,Ashley Furniture,Frohn Reclining Sofa,QK1097700,Sofa,Motion,,Fabric,649.99,1049.98,38.1,https://www.slumberland.com/products/frohn-reclining-sofa
slumberland,Ashley,Ashley Furniture,Frohn Console Reclining Loveseat,QK1097701,Loveseat,Motion,,Fabric,699.99,1049.98,33.3,https://www.slumberland.com/products/frohn-console-reclining-loveseat
slumberland,La-Z-Boy,La-Z-Boy,Kennedy Sleeper,QK1094552,Sleeper,Stationary,,Fabric,1899.99,2849.99,33.3,https://www.slumberland.com/products/kennedy-sleeper
slumberland,Ashley,Ashley Furniture,Malthace Table Lamp,QK1089674,Other,Stationary,,Unspecified,134.99,239.99,43.8,https://www.slumberland.com/products/malthace-table-lamp
slumberland,La-Z-Boy,La-Z-Boy,Brooks Reclining Sofa and Recliner,,Sofa,Motion,,Unspecified,1649.98,3599.98,54.2,https://www.slumberland.com/products/brooks-reclining-sofa-and-recliner
slumberland,La-Z-Boy,La-Z-Boy,Trouper Leather Tri Power Reclining Sofa and Loveseat,,Loveseat,Motion,Power,Leather,6579.98,12779.98,48.5,https://www.slumberland.com/products/trouper-leather-tri-power-reclining-sofa-and-loveseat
slumberland,Ashley,Ashley Furniture,Stonemeade Sofa Chaise and Recliner,,Sofa,Motion,,Fabric,1299.98,1359.98,4.4,https://www.slumberland.com/products/stonemeade-sofa-chaise-and-recliner
slumberland,La-Z-Boy,La-Z-Boy,Morrison Reclining Sofa and Power Recliner,,Sofa,Motion,Power,Unspecified,2499.98,4079.98,38.7,https://www.slumberland.com/products/morrison-reclining-sofa-and-power-recliner
slumberland,Flexsteel,Flexsteel,Hayley Power Reclining Sofa and Loveseat,,Loveseat,Motion,Power,Leather,6599.98,8699.98,24.1,https://www.slumberland.com/products/hayley-power-reclining-sofa-and-loveseat
slumberland,Flexsteel,Flexsteel,Amelia Power Reclining Console Sofa and Recliner,,Sofa,Motion,Power,Unspecified,6199.98,7695.98,19.4,https://www.slumberland.com/products/amelia-power-reclining-console-sofa-and-recliner
slumberland,Ashley,Ashley Furniture,Albar Place Sectional and Ottoman,,Sectional,Stationary,,Unspecified,1549.98,1769.98,12.4,https://www.slumberland.com/products/albar-place-sectional-and-ottoman
slumberland,Ashley,Ashley Furniture,Kent Reclining Sofa and Loveseat with Recliner,,Loveseat,Motion,,Fabric,2129.97,3279.97,35.1,https://www.slumberland.com/products/kent-reclining-sofa-and-loveseat-with-recliner
slumberland,Ashley,Ashley Furniture,Midnight-Madness 4 Piece Modular Sectional with Left Chaise,QK1095650,Sectional,Stationary,,Unspecified,2599.99,3539.99,26.6,https://www.slumberland.com/products/midnight-madness-4-piece-left-chaise-sectional
slumberland,Ashley,Ashley Furniture,Mahoney Right Chaise Sectional and Ottoman,,Sectional,Stationary,,Unspecified,1139.98,2409.97,52.7,https://www.slumberland.com/products/mahoney-right-chaise-sectional-ottoman
slumberland,Ashley,Ashley Furniture,Mahoney Left Chaise Sectional and Ottoman,,Sectional,Stationary,,Unspecified,1139.98,2409.97,52.7,https://www.slumberland.com/products/mahoney-left-chaise-sectional-ottoman
slumberland,Ashley,Ashley Furniture,Bales Accent Chair,QK1092496,Chair,Stationary,,Unspecified,329.99,469.99,29.8,https://www.slumberland.com/products/bales-accent-chair
slumberland,Ashley,Ashley Furniture,Magalie Table Lamp,QK1091061,Other,Stationary,,Unspecified,134.99,239.99,43.8,https://www.slumberland.com/products/magalie-table-lamp
slumberland,Ashley,Ashley Furniture,Kent Reclining Loveseat and Recliner,,Loveseat,Motion,,Fabric,1329.98,2039.98,34.8,https://www.slumberland.com/products/kent-reclining-loveseat-recliner
slumberland,Ashley,Ashley Furniture,Riles Left Chaise Sectional and Ottoman,,Sectional,Stationary,,Unspecified,1549.98,2519.97,38.5,https://www.slumberland.com/products/riles-left-chaise-sectional-ottoman
slumberland,Ashley,Ashley Furniture,Riles Right Chaise Sectional and Ottoman,,Sectional,Stationary,,Unspecified,1549.98,2519.97,38.5,https://www.slumberland.com/products/riles-right-chaise-sectional-ottoman
slumberland,Ashley,Ashley Furniture,Kent Reclining Sofa and Recliner,,Sofa,Motion,,Fabric,1349.98,2069.98,34.8,https://www.slumberland.com/products/kent-reclining-sofa-recliner
slumberland,Ashley,Ashley Furniture,Kent Reclining Sofa and Loveseat,,Loveseat,Motion,,Fabric,1579.98,2449.98,35.5,https://www.slumberland.com/products/kent-reclining-sofa-loveseat
slumberland,Ashley,Ashley Furniture,Boyington Power Reclining Sofa and Recliner,QK1097747,Sofa,Motion,Power,Unspecified,4499.98,5669.98,20.6,https://www.slumberland.com/products/boyington-power-reclining-sofa-and-recliner
slumberland,Ashley,Ashley Furniture,Boyington Power Reclining Sofa and Loveseat,QK1097745,Loveseat,Motion,Power,Unspecified,5599.98,7179.98,22.0,https://www.slumberland.com/products/boyington-power-reclining-sofa-and-loveseat
slumberland,Ashley,Ashley Furniture,Mari Table Lamp,QK1089675,Other,Stationary,,Unspecified,149.99,263.99,43.2,https://www.slumberland.com/products/mari-table-lamp
slumberland,Ashley,Ashley Furniture,Lindyn 3 Piece Modular Sofa with Left Chaise,QK1090742,Sofa,Stationary,,Fabric,1999.99,3199.99,37.5,https://www.slumberland.com/products/lindyn-3-piece-left-chaise-sectional
slumberland,Ashley,Ashley Furniture,Lindyn 5 Piece Modular Sectional with Left Chaise,QK1090743,Sectional,Stationary,,Unspecified,3399.99,5199.99,34.6,https://www.slumberland.com/products/lindyn-5-piece-left-chaise-sectional
slumberland,Ashley,Ashley Furniture,Henfield Accent Table,QK1088112,Chair,Stationary,,Unspecified,229.99,279.99,17.9,https://www.slumberland.com/products/henfield-accent-table
slumberland,Ashley,Ashley Furniture,Cadmori Upholstered Bed,QK1097016,Other,Stationary,,Fabric,299.99,669.99,55.2,https://www.slumberland.com/products/cadmori-natural-queen-upholstered-bed
slumberland,La-Z-Boy,La-Z-Boy,Pinnacle Tri-Power Leather Rocker Recliner,QK1096559,Recliner,Motion,Power,Leather,1749.99,2899.0,39.6,https://www.slumberland.com/products/pinnacle-tri-power-leather-rocker-recliner
slumberland,Ashley,Ashley Furniture,Erinslane Chair,QK1094605,Chair,Stationary,,Unspecified,349.99,529.99,34.0,https://www.slumberland.com/products/erinslane-chair
slumberland,Ashley,Ashley Furniture,Erinslane Ottoman,QK1094604,Ottoman,Stationary,,Unspecified,229.99,349.99,34.3,https://www.slumberland.com/products/erinslane-ottoman
slumberland,Ashley,Ashley Furniture,Cadmori Upholstered Panel Bed,QK1089790,Other,Stationary,,Fabric,399.99,599.99,33.3,https://www.slumberland.com/products/cadmori-upholstered-panel-bed
slumberland,La-Z-Boy,La-Z-Boy,Pinnacle Leather Rocker Recliner,QK1096561,Recliner,Motion,,Leather,1099.99,1699.0,35.3,https://www.slumberland.com/products/pinnacle-leather-rocker-recliner-1
slumberland,Ashley,Ashley Furniture,Cadmori 4 Piece Upholstered Room Group,QK1096172,Other,Stationary,,Fabric,1499.99,2699.99,44.4,https://www.slumberland.com/products/cadmori-4-piece-upholstered-room-group
slumberland,La-Z-Boy,La-Z-Boy,Fulton Rocker Recliner,QK1096557,Recliner,Motion,,Unspecified,899.99,1399.0,35.7,https://www.slumberland.com/products/fulton-rocker-recliner
slumberland,Ashley,Ashley Furniture,Midnight-Madness 3 Piece Sectional,QK1095652,Sectional,Stationary,,Fabric,1999.99,2879.99,30.6,https://www.slumberland.com/products/midnight-madness-3-piece-sectional
slumberland,Ashley,Ashley Furniture,Midnight-Madness Oversized Accent Ottoman,QK1095653,Chair,Stationary,,Fabric,349.99,479.99,27.1,https://www.slumberland.com/products/midnight-madness-ottoman
slumberland,Ashley,Ashley Furniture,Midnight-Madness 3 Piece Sectional with Dual Chaise,QK1095651,Sectional,Stationary,,Fabric,1799.99,2559.99,29.7,https://www.slumberland.com/products/midnight-madness-3-piece-dual-chaise-sectional
slumberland,Ashley,Ashley Furniture,Midnight-Madness Oversized Chaise,QK1095654,Other,Stationary,,Unspecified,1149.99,1599.99,28.1,https://www.slumberland.com/products/midnight-madness-chaise
slumberland,Ashley,Ashley Furniture,Midnight-Madness 2 Piece Modular Sectional with Left Chaise,QK1095647,Sectional,Stationary,,Unspecified,1399.99,1929.99,27.5,https://www.slumberland.com/products/midnight-madness-2-piece-left-chaise-sectional
slumberland,Ashley,Ashley Furniture,Midnight-Madness 4 Piece Modular Sectional with Right Chaise,QK1095649,Sectional,Stationary,,Unspecified,2599.99,3539.99,26.6,https://www.slumberland.com/products/midnight-madness-4-piece-right-chaise-sectional
slumberland,Ashley,Ashley Furniture,Midnight-Madness 2 Piece Modular Sectional with Right Chaise,QK1095648,Sectional,Stationary,,Fabric,1399.99,1929.99,27.5,https://www.slumberland.com/products/midnight-madness-2-piece-right-chaise-sectional
slumberland,Flexsteel,Flexsteel,Zecliner Model 2+ Power Lift Recliner,QK1091046,Recliner,Motion,Power,Fabric,2899.99,3599.99,19.4,https://www.slumberland.com/products/zecliner-model-2-power-lift-recliner
slumberland,Ashley,Ashley Furniture,Santorine Sofa,QK1094599,Sofa,Stationary,,Leather,799.99,1099.99,27.3,https://www.slumberland.com/products/santorine-sofa
slumberland,Ashley,Ashley Furniture,Santorine Ottoman,QK1094596,Ottoman,Stationary,,Leather,289.99,389.99,25.6,https://www.slumberland.com/products/santorine-ottoman
slumberland,Ashley,Ashley Furniture,Bunchly Washable Rug,QK1094025,Other,Stationary,,Unspecified,89.99,191.99,53.1,https://www.slumberland.com/products/bunchly-washable-rug
slumberland,Ashley,Ashley Furniture,Stonemeade Sofa Chaise,QK1088842,Sofa,Stationary,,Fabric,799.99,1199.99,33.3,https://www.slumberland.com/products/stonemeade-sofa-chaise
slumberland,Ashley,Ashley Furniture,Stonemeade Recliner,QK1088844,Recliner,Motion,,Unspecified,499.99,799.99,37.5,https://www.slumberland.com/products/stonemeade-recliner
slumberland,Ashley,Ashley Furniture,Roanhowe End Table,QK1087960,Other,Stationary,,Unspecified,199.99,249.99,20.0,https://www.slumberland.com/products/roanhowe-end-table
slumberland,Ashley,Ashley Furniture,Roanhowe Coffee Table,QK1087959,Other,Stationary,,Unspecified,329.99,409.99,19.5,https://www.slumberland.com/products/roanhowe-coffee-table
slumberland,Ashley,Ashley Furniture,Navi Sofa Sleeper,QK1083488,Sleeper,Stationary,,Leather,849.99,2419.99,64.9,https://www.slumberland.com/products/navi-sofa-sleeper
slumberland,La-Z-Boy,La-Z-Boy,Morrison Reclining Console Loveseat,QK1064441,Loveseat,Motion,,Unspecified,1399.99,2299.99,39.1,https://www.slumberland.com/products/morrison-reclining-console-loveseat
slumberland,Ashley,Ashley Furniture,Lindyn Oversized Chaise,QK1094623,Other,Stationary,,Fabric,799.99,949.99,15.8,https://www.slumberland.com/products/lindyn-chaise
slumberland,La-Z-Boy,La-Z-Boy,Trouper Reclining Console Loveseat,QK1064403,Loveseat,Motion,,Unspecified,1999.99,3099.99,35.5,https://www.slumberland.com/products/trouper-reclining-console-loveseat-1
slumberland,Ashley,Ashley Furniture,Albar Place Ottoman,QK1090754,Ottoman,Stationary,,Unspecified,349.99,469.99,25.5,https://www.slumberland.com/products/albar-place-ottoman
slumberland,Ashley,Ashley Furniture,Albar Place 2 Piece Left Sofa Chaise Sectional,QK1090753,Sectional,Stationary,,Unspecified,1199.99,1799.99,33.3,https://www.slumberland.com/products/albar-place-2-piece-left-sofa-chaise-sectional
slumberland,Flexsteel,Flexsteel,Dylan Power Reclining Console Loveseat,QK1093263,Loveseat,Motion,Power,Fabric,2899.99,4349.98,33.3,https://www.slumberland.com/products/dylan-power-reclining-console-loveseat
slumberland,Flexsteel,Flexsteel,Dylan Power Reclining Sofa,QK1093261,Sofa,Motion,Power,Fabric,2899.99,4349.98,33.3,https://www.slumberland.com/products/dylan-power-reclining-sofa
slumberland,Ashley,Ashley Furniture,Wolfridge Power Reclining Sofa,QK1089170,Sofa,Motion,Power,Unspecified,1199.99,1469.99,18.4,https://www.slumberland.com/products/wolfridge-power-reclining-sofa
slumberland,Ashley,Ashley Furniture,Wolfridge Power Recliner,QK1089172,Recliner,Motion,Power,Unspecified,899.99,1189.99,24.4,https://www.slumberland.com/products/wolfridge-power-recliner
slumberland,Ashley,Ashley Furniture,Wolfridge Power Reclining Loveseat,QK1089171,Loveseat,Motion,Power,Unspecified,1199.99,1449.99,17.2,https://www.slumberland.com/products/wolfridge-power-reclining-loveseat
slumberland,Ashley,Ashley Furniture,Lindyn Oversized Accent Ottoman,QK1088029,Chair,Stationary,,Fabric,599.99,899.99,33.3,https://www.slumberland.com/products/lindyn-accent-ottoman
slumberland,La-Z-Boy,La-Z-Boy,Roman Leather Tri-Power Reclining Oversize Chair,QK1082412,Chair,Motion,Power,Leather,2299.99,3349.99,31.3,https://www.slumberland.com/products/roman-leather-tri-power-reclining-oversize-chair
slumberland,Southern Motion,Southern Motion,Kish Power Plus Reclining Loveseat,QK1054856,Loveseat,Motion,Power,Unspecified,1979.99,3199.99,38.1,https://www.slumberland.com/products/kish-power-plus-reclining-loveseat
slumberland,La-Z-Boy,La-Z-Boy,Roman Leather Reclining Oversize Chair,QK1082408,Chair,Motion,,Leather,1899.99,2549.99,25.5,https://www.slumberland.com/products/roman-leather-reclining-oversize-chair
slumberland,La-Z-Boy,La-Z-Boy,Roman Leather Power Plus Reclining Oversize Chair,QK1082410,Chair,Motion,Power,Leather,2099.99,2949.99,28.8,https://www.slumberland.com/products/roman-leather-power-plus-reclining-oversize-chair
slumberland,Southern Motion,Southern Motion,Kish Reclining Loveseat,QK1054853,Loveseat,Motion,,Unspecified,1479.99,2219.99,33.3,https://www.slumberland.com/products/kish-reclining-loveseat
slumberland,La-Z-Boy,La-Z-Boy,Neo Tri-Power Rocker Recliner,QK1087077,Recliner,Motion,Power,Unspecified,1969.99,3099.0,36.4,https://www.slumberland.com/products/neo-tri-power-rocker-recliner
slumberland,Best Home Furnishings,Best Home Furnishings,Kersey Swivel Glide Recliner,QK1084619,Recliner,Motion,,Fabric,799.99,1299.99,38.5,https://www.slumberland.com/products/kersey-ecru-swivel-glide-recliner
slumberland,Ashley,Ashley Furniture,Chadrich Set of 2 Table Lamps,QK1087980,Other,Stationary,,Unspecified,112.99,239.99,52.9,https://www.slumberland.com/products/chadrich-set-of-2-table-lamps
slumberland,Ashley,Ashley Furniture,Boyington Power Reclining Loveseat,QK1092543,Loveseat,Motion,Power,Unspecified,2799.99,3589.99,22.0,https://www.slumberland.com/products/boyington-power-reclining-loveseat
slumberland,Ashley,Ashley Furniture,Boyington Power Recliner,QK1092544,Recliner,Motion,Power,Unspecified,1699.99,2079.99,18.3,https://www.slumberland.com/products/boyington-power-recliner
slumberland,Ashley,Ashley Furniture,Boyington Power Reclining Sofa,QK1092545,Sofa,Motion,Power,Unspecified,2799.99,3589.99,22.0,https://www.slumberland.com/products/boyington-power-reclining-sofa
slumberland,La-Z-Boy,La-Z-Boy,Riley High Leg Reclining Chair,QK1090839,Chair,Motion,,Unspecified,1099.99,1679.0,34.5,https://www.slumberland.com/products/riley-high-leg-reclining-chair
slumberland,La-Z-Boy,La-Z-Boy,Scarlett High Leg Reclining Chair,QK1090830,Chair,Motion,,Unspecified,729.99,1389.0,47.4,https://www.slumberland.com/products/scarlett-high-leg-reclining-chair
slumberland,Ashley,Ashley Furniture,Ladgate Accent Table,QK1088098,Chair,Stationary,,Unspecified,159.99,194.99,17.9,https://www.slumberland.com/products/ladgate-accent-table
slumberland,Ashley,Ashley Furniture,Scarbot Set of 2 Table Lamps,QK1088102,Other,Stationary,,Unspecified,124.99,239.99,47.9,https://www.slumberland.com/products/scarbot-table-lamp
slumberland,Ashley,Ashley Furniture,Danacy Table Lamp,QK1088101,Other,Stationary,,Unspecified,99.99,191.99,47.9,https://www.slumberland.com/products/danacy-table-lamp
slumberland,Ashley,Ashley Furniture,Meadie Bowl,QK1088107,Other,Stationary,,Unspecified,59.99,139.99,57.1,https://www.slumberland.com/products/meadie-bowl
slumberland,Ashley,Ashley Furniture,Arthrow Sculpture,QK1088104,Other,Stationary,,Unspecified,24.99,49.99,50.0,https://www.slumberland.com/products/arthrow-sculpture
slumberland,Ashley,Ashley Furniture,Hallburg Floor Lamp,QK1088103,Other,Stationary,,Unspecified,199.99,399.99,50.0,https://www.slumberland.com/products/hallburg-floor-lamp
slumberland,Best Home Furnishings,Best Home Furnishings,Brianna Gliding Ottoman,QK1084622,Ottoman,Stationary,,Unspecified,299.99,409.99,26.8,https://www.slumberland.com/products/brianna-gliding-ottoman
slumberland,Ashley,Ashley Furniture,Joville Accent Table,QK1088097,Chair,Stationary,,Unspecified,139.99,169.99,17.6,https://www.slumberland.com/products/joville-accent-table
slumberland,Ashley,Ashley Furniture,Trinell 63 Inch Fireplace Wall Unit,QK1028105,Other,Stationary,,Unspecified,1039.99,1964.98,47.1,https://www.slumberland.com/products/trinell-63-inch-fireplace-tv-stand
slumberland,Ashley,Ashley Furniture,Kristiland End Table,QK1091065,Other,Stationary,,Unspecified,249.99,339.99,26.5,https://www.slumberland.com/products/kristiland-end-table
slumberland,La-Z-Boy,La-Z-Boy,Sparrow Rocker Recliner,QK1090832,Recliner,Motion,,Unspecified,669.99,1499.0,55.3,https://www.slumberland.com/products/sparrow-moss-rocker-recliner
slumberland,Ashley,Ashley Furniture,Kristiland Coffee Table,QK1091066,Other,Stationary,,Unspecified,399.99,519.99,23.1,https://www.slumberland.com/products/kristiland-coffee-table
slumberland,Ashley,Ashley Furniture,Derekson Storage Bed,QK1029107,Other,Stationary,,Unspecified,559.99,809.99,30.9,https://www.slumberland.com/products/derekson-storage-bed
slumberland,La-Z-Boy,La-Z-Boy,Joshua Rocker Recliner,QK1090836,Recliner,Motion,,Unspecified,699.99,1298.99,46.1,https://www.slumberland.com/products/joshua-pebble-rocker-recliner
slumberland,Ashley,Ashley Furniture,Drystan Panel Bed,QK989807,Other,Stationary,,Unspecified,279.99,644.99,56.6,https://www.slumberland.com/products/drystan-panel-bed
slumberland,La-Z-Boy,La-Z-Boy,Astor Rocker Recliner,QK1040725,Recliner,Motion,,Unspecified,999.99,1399.99,28.6,https://www.slumberland.com/products/astor-rocker-recliner-1
slumberland,Ashley,Ashley Furniture,Drystan 2 Drawer Bookcase Storage Bed,QK1029249,Other,Stationary,,Unspecified,699.99,1319.98,47.0,https://www.slumberland.com/products/drystan-2-drawer-bookcase-storage-bed
slumberland,Ashley,Ashley Furniture,Paxberry Mirror,QK1084647,Other,Stationary,,Unspecified,59.99,99.99,40.0,https://www.slumberland.com/products/paxberry-whitewash-mirror
slumberland,Ashley,Ashley Furniture,Paxberry Panel Headboard,QK1020676,Other,Stationary,,Unspecified,189.99,379.99,50.0,https://www.slumberland.com/products/paxberry-panel-headboard
slumberland,Ashley,Ashley Furniture,Paxberry Dressing Chest,QK1020681,Other,Stationary,,Unspecified,639.99,1239.99,48.4,https://www.slumberland.com/products/paxberry-dressing-chest
slumberland,Ashley,Ashley Furniture,Paxberry Bed,QK1020685,Other,Stationary,,Unspecified,289.99,674.99,57.0,https://www.slumberland.com/products/paxberry-bed
slumberland,La-Z-Boy,La-Z-Boy,Trouper Leather Power Plus Reclining Sofa,QK1064422,Sofa,Motion,Power,Leather,2999.99,5899.99,49.2,https://www.slumberland.com/products/trouper-leather-power-plus-reclining-sofa-1
slumberland,La-Z-Boy,La-Z-Boy,Trouper Leather Power Plus Reclining Loveseat,QK1064433,Loveseat,Motion,Power,Leather,2979.99,5879.99,49.3,https://www.slumberland.com/products/trouper-leather-power-plus-reclining-loveseat-1
slumberland,La-Z-Boy,La-Z-Boy,Swivel Base,8812391,Chair,Stationary,,Unspecified,159.99,199.99,20.0,https://www.slumberland.com/products/swivel-base
slumberland,Ashley,Ashley Furniture,Trinell Dresser,QK1084646,Other,Stationary,,Unspecified,399.0,849.99,53.1,https://www.slumberland.com/products/trinell-rustic-plank-dresser
slumberland,La-Z-Boy,La-Z-Boy,Bennett DUO Reclining Sofa,QK1042206,Sofa,Motion,,Unspecified,2599.99,5029.99,48.3,https://www.slumberland.com/products/bennett-duo-reclining-sofa
slumberland,Ashley,Ashley Furniture,Juararo Panel Headboard,QK1029156,Other,Stationary,,Unspecified,239.99,429.99,44.2,https://www.slumberland.com/products/juararo-panel-headboard
slumberland,Ashley,Ashley Furniture,Nashburg Metal Bed,QK1054753,Other,Stationary,,Unspecified,229.99,419.99,45.2,https://www.slumberland.com/products/nashburg-metal-bed
slumberland,Flexsteel,Flexsteel,Dylan 6 Piece Sectional with 2 Power Ends and 1 Power Armless,QK1086646,Sectional,Motion,Power,Unspecified,5199.99,7799.98,33.3,https://www.slumberland.com/products/dylan-6-piece-sectional-with-2-power-ends-and-1-power-armless
slumberland,Ashley,Ashley Furniture,Drystan Bookcase Storage Bed,QK1029244,Other,Stationary,,Unspecified,539.99,1099.99,50.9,https://www.slumberland.com/products/drystan-bookcase-storage-bed
slumberland,Ashley,Ashley Furniture,Drystan Bookcase Bed,QK1029239,Other,Stationary,,Unspecified,399.99,799.99,50.0,https://www.slumberland.com/products/drystan-bookcase-bed
slumberland,La-Z-Boy,La-Z-Boy,James Leather Tri-Power Reclining Console Loveseat,QK1081520,Loveseat,Motion,Power,Leather,3499.99,5549.99,36.9,https://www.slumberland.com/products/james-leather-tri-power-reclining-console-loveseat
slumberland,La-Z-Boy,La-Z-Boy,James Leather Tri-Power Reclining Loveseat,QK1081510,Loveseat,Motion,Power,Leather,3379.99,5379.99,37.2,https://www.slumberland.com/products/james-leather-tri-power-reclining-loveseat
slumberland,La-Z-Boy,La-Z-Boy,James Leather Reclining Sofa,QK1081503,Sofa,Motion,,Leather,2599.99,3799.99,31.6,https://www.slumberland.com/products/james-leather-reclining-sofa-1
slumberland,La-Z-Boy,La-Z-Boy,James Leather Power Plus Reclining Loveseat,QK1081507,Loveseat,Motion,Power,Leather,3179.99,4579.99,30.6,https://www.slumberland.com/products/james-leather-power-plus-reclining-loveseat
slumberland,La-Z-Boy,La-Z-Boy,James Leather Power Plus Reclining Console Loveseat,QK1081517,Loveseat,Motion,Power,Leather,3299.99,4749.99,30.5,https://www.slumberland.com/products/james-leather-power-plus-reclining-console-loveseat
slumberland,Best Home Furnishings,Best Home Furnishings,Gemily Glide Ottoman,QK1042866,Ottoman,Motion,,Unspecified,279.99,519.99,46.2,https://www.slumberland.com/products/gemily-glide-ottoman
slumberland,Flexsteel,Flexsteel,Dylan 6 Piece Sectional with 2 Power Ends and 2 Power Armless,QK1086645,Sectional,Motion,Power,Fabric,5499.99,8249.99,33.3,https://www.slumberland.com/products/dylan-6-piece-sectional-with-2-power-ends-and-2-power-armless
slumberland,La-Z-Boy,La-Z-Boy,Trouper Tri-Power Reclining Loveseat,QK1064417,Loveseat,Motion,Power,Unspecified,2679.99,4779.99,43.9,https://www.slumberland.com/products/trouper-tri-power-reclining-loveseat
slumberland,La-Z-Boy,La-Z-Boy,Trouper Leather Tri-Power Reclining Loveseat,QK1064436,Loveseat,Motion,Power,Leather,3279.99,6379.99,48.6,https://www.slumberland.com/products/trouper-leather-tri-power-reclining-loveseat
slumberland,Flexsteel,Flexsteel,Dylan 6 Piece Sectional with 2 Power Ends,QK1086644,Sectional,Motion,Power,Unspecified,4799.99,7199.98,33.3,https://www.slumberland.com/products/dylan-6-piece-sectional-with-2-power-ends
slumberland,Ashley,Ashley Furniture,Cambeck Panel Bed,QK1014877,Other,Stationary,,Unspecified,349.99,644.99,45.7,https://www.slumberland.com/products/cambeck-queen-panel-bed-3
slumberland,Ashley,Ashley Furniture,Paxberry 2 Drawer Nightstand,QK1020679,Other,Stationary,,Unspecified,209.99,439.99,52.3,https://www.slumberland.com/products/paxberry-2-drawer-nightstand
slumberland,Ashley,Ashley Furniture,Cambeck Storage Bed,QK1014880,Other,Stationary,,Unspecified,519.99,1079.98,51.9,https://www.slumberland.com/products/cambeck-storage-bed
slumberland,Best Home Furnishings,Best Home Furnishings,Gemily Swivel Glider,QK1042865,Chair,Motion,,Unspecified,729.99,1289.99,43.4,https://www.slumberland.com/products/gemily-swivel-glider
slumberland,La-Z-Boy,La-Z-Boy,James Leather Reclining Loveseat,QK1081504,Loveseat,Motion,,Leather,2579.99,3779.99,31.7,https://www.slumberland.com/products/james-leather-reclining-loveseat-1
slumberland,La-Z-Boy,La-Z-Boy,James Leather Reclining Console Loveseat,QK1081514,Loveseat,Motion,,Leather,2699.99,3949.99,31.6,https://www.slumberland.com/products/james-leather-reclining-console-loveseat
slumberland,La-Z-Boy,La-Z-Boy,James Leather Power Plus Reclining Sofa,QK1081506,Sofa,Motion,Power,Leather,3199.99,4599.99,30.4,https://www.slumberland.com/products/james-leather-power-plus-reclining-sofa
slumberland,La-Z-Boy,La-Z-Boy,Bennett DUO Reclining Loveseat,QK1042207,Loveseat,Motion,,Unspecified,2579.99,4909.99,47.5,https://www.slumberland.com/products/bennett-duo-reclining-loveseat
slumberland,Flexsteel,Flexsteel,Stewart Lift Recliner,QK1086114,Recliner,Motion,,Unspecified,1699.99,2249.99,24.4,https://www.slumberland.com/products/stewart-lift-recliner
slumberland,Best Home Furnishings,Best Home Furnishings,Sebra Counter Stool,QK1066079,Other,Stationary,,Unspecified,499.99,899.99,44.4,https://www.slumberland.com/products/sebra-counter-stool
slumberland,Best Home Furnishings,Best Home Furnishings,Odellum Counter Stool,QK1066049,Other,Stationary,,Fabric,499.99,949.99,47.4,https://www.slumberland.com/products/odellum-counter-stool
slumberland,Ashley,Ashley Furniture,Marcy Chair,QK1016368,Chair,Stationary,,Fabric,429.99,839.99,48.8,https://www.slumberland.com/products/marcy-chair
slumberland,Ashley,Ashley Furniture,Kegler Rocker Recliner,QK1089699,Recliner,Motion,,Unspecified,379.99,749.99,49.3,https://www.slumberland.com/products/kegler-putty-rocker-recliner
slumberland,Southern Motion,Southern Motion,Daisy Swivel Glider,QK1087502,Chair,Motion,,Leather,969.99,1799.99,46.1,https://www.slumberland.com/products/daisy-swivel-glider
slumberland,Ashley,Ashley Furniture,Centiar Bar Stool,QK1025901,Other,Stationary,,Leather,129.99,219.99,40.9,https://www.slumberland.com/products/centiar-bar-stool
slumberland,Ashley,Ashley Furniture,Bolanburg Upholstered Dining Chair,QK1038023,Chair,Stationary,,Fabric,219.99,389.99,43.6,https://www.slumberland.com/products/bolanburg-antique-white-upholstered-dining-chair
slumberland,Best Home Furnishings,Best Home Furnishings,Arrick Accent Chair,QK1061689,Chair,Stationary,,Unspecified,679.99,1169.99,41.9,https://www.slumberland.com/products/arrick-accent-chair
slumberland,Ashley,Ashley Furniture,Porter Panel Bed,QK1052627,Other,Stationary,,Unspecified,829.99,1699.99,51.2,https://www.slumberland.com/products/porter-panel-bed
slumberland,Ashley,Ashley Furniture,Culverbach Panel Bed,QK1036807,Other,Stationary,,Unspecified,349.99,699.99,50.0,https://www.slumberland.com/products/culverbach-panel-bed
slumberland,La-Z-Boy,La-Z-Boy,Tall Swivel Base,8812463,Chair,Stationary,,Unspecified,159.99,199.99,20.0,https://www.slumberland.com/products/tall-swivel-base
slumberland,La-Z-Boy,La-Z-Boy,James Leather Tri-Power Reclining Sofa,QK1081509,Sofa,Motion,Power,Leather,3399.99,5399.99,37.0,https://www.slumberland.com/products/james-leather-tri-power-reclining-sofa
slumberland,La-Z-Boy,La-Z-Boy,James Reclining Sofa,QK1081521,Sofa,Motion,,Unspecified,1599.99,2399.99,33.3,https://www.slumberland.com/products/james-reclining-sofa-1
slumberland,La-Z-Boy,La-Z-Boy,Morrison Rocker Recliner,QK1088082,Recliner,Motion,,Unspecified,629.99,1079.99,41.7,https://www.slumberland.com/products/morrison-rocker-recliner-1
slumberland,La-Z-Boy,La-Z-Boy,Rowan Rocker Recliner,QK1082401,Recliner,Motion,,Unspecified,799.99,1199.99,33.3,https://www.slumberland.com/products/rowan-rocker-recliner-1
slumberland,Ashley,Ashley Furniture,Cadmori Chest,QK1089800,Other,Stationary,,Unspecified,599.99,899.99,33.3,https://www.slumberland.com/products/cadmori-chest
slumberland,Ashley,Ashley Furniture,Cadmori Nightstand,QK1089798,Other,Stationary,,Unspecified,349.99,599.99,41.7,https://www.slumberland.com/products/cadmori-nightstand
slumberland,Ashley,Ashley Furniture,Cadmori Mirror,QK1089796,Other,Stationary,,Unspecified,89.99,139.99,35.7,https://www.slumberland.com/products/cadmori-mirror
slumberland,Ashley,Ashley Furniture,Cadmori Dresser,QK1089794,Other,Stationary,,Unspecified,599.99,739.99,18.9,https://www.slumberland.com/products/cadmori-dresser
slumberland,La-Z-Boy,La-Z-Boy,Jean Power Lift Recliner,QK1087078,Recliner,Motion,Power,Unspecified,849.99,1349.0,37.0,https://www.slumberland.com/products/jean-power-lift-recliner
slumberland,Ashley,Ashley Furniture,Hanneforth Coffee Table,QK1090395,Other,Stationary,,Unspecified,339.99,599.99,43.3,https://www.slumberland.com/products/hanneforth-warm-brown-coffee-table
slumberland,Ashley,Ashley Furniture,Hanneforth End Table,QK1090394,Other,Stationary,,Unspecified,199.99,399.99,50.0,https://www.slumberland.com/products/hanneforth-warm-brown-end-table
slumberland,Ashley,Ashley Furniture,Paxberry Dresser,QK1024600,Other,Stationary,,Unspecified,449.99,799.99,43.8,https://www.slumberland.com/products/paxberry-dresser
slumberland,La-Z-Boy,La-Z-Boy,Trouper 3 Piece Reclining Sectional,QK1090807,Sectional,Motion,,Fabric,3699.99,5719.99,35.3,https://www.slumberland.com/products/trouper-sable-3-piece-reclining-sectional
slumberland,Flexsteel,Flexsteel,Hayley Power Reclining Console Loveseat with Power Headrests,QK1086637,Loveseat,Motion,Power,Leather,3299.99,4949.98,33.3,https://www.slumberland.com/products/hayley-power-reclining-console-loveseat-with-power-headrests
slumberland,Flexsteel,Flexsteel,Hayley Power Reclining Sofa with Power Headrests,QK1086636,Sofa,Motion,Power,Leather,3299.99,4949.98,33.3,https://www.slumberland.com/products/hayley-power-reclining-sofa-with-power-headrests
slumberland,Flexsteel,Flexsteel,Hayley Power Recliner with Power Headrest,QK1086634,Recliner,Motion,Power,Leather,2299.99,3449.99,33.3,https://www.slumberland.com/products/hayley-power-recliner-with-power-headrest
slumberland,Flexsteel,Flexsteel,Amelia Power Reclining Console Loveseat with Power Headrests & Lumbar,QK1086629,Loveseat,Motion,Power,Leather,3599.99,5399.98,33.3,https://www.slumberland.com/products/amelia-power-reclining-console-loveseat-with-power-headrests-and-lumbar
slumberland,La-Z-Boy,La-Z-Boy,Tall Swivel Base Assembly Kit,QK1085427,Chair,Stationary,,Unspecified,159.99,199.99,20.0,https://www.slumberland.com/products/tall-swivel-base-assembly-kit
slumberland,Flexsteel,Flexsteel,Amelia Power Reclining Console Sofa with Power Headrests and Lumbar,QK1086628,Sofa,Motion,Power,Unspecified,3599.99,5399.98,33.3,https://www.slumberland.com/products/amelia-power-reclining-console-sofa-with-power-headrests-and-lumbar
slumberland,Flexsteel,Flexsteel,Amelia Power Recliner with Power Headrest and Lumbar,QK1086626,Recliner,Motion,Power,Leather,2599.99,3899.99,33.3,https://www.slumberland.com/products/amelia-power-recliner-with-power-headrest-and-lumbar
slumberland,Ashley,Ashley Furniture,Edenfield 3 Piece Left Chaise Sectional,QK1085627,Sectional,Stationary,,Unspecified,1299.99,1949.98,33.3,https://www.slumberland.com/products/edenfield-chaise-sectional
slumberland,Flexsteel,Flexsteel,Shaw Lift Recliner,QK1086112,Recliner,Motion,,Unspecified,1899.99,2549.99,25.5,https://www.slumberland.com/products/shaw-lift-recliner
slumberland,La-Z-Boy,La-Z-Boy,Vail Rocker Recliner,QK1087907,Recliner,Motion,,Unspecified,499.99,1129.0,55.7,https://www.slumberland.com/products/vail-rocker-recliner
slumberland,La-Z-Boy,La-Z-Boy,Morrison Tri-Power Rocker Recliner,QK1082405,Recliner,Motion,Power,Unspecified,1199.99,1879.99,36.2,https://www.slumberland.com/products/morrison-tri-power-rocker-recliner
slumberland,Ashley,Ashley Furniture,Lindyn 5 Piece Modular Sectional with Right Chaise,QK1088051,Sectional,Stationary,,Fabric,3399.99,5199.99,34.6,https://www.slumberland.com/products/lindyn-5-pc-right-chaise-sectional
slumberland,Ashley,Ashley Furniture,Lindyn 5 Piece Modular Sectional,QK1088047,Sectional,Stationary,,Fabric,3199.99,4759.99,32.8,https://www.slumberland.com/products/lindyn-5-pc-sectional
slumberland,Ashley,Ashley Furniture,Lindyn 3 Piece Modular Sofa with Right Chaise,QK1088046,Sofa,Stationary,,Fabric,1999.99,3199.99,37.5,https://www.slumberland.com/products/lindyn-3-pc-right-chaise-sectional
slumberland,Ashley,Ashley Furniture,Lindyn 2 Piece Modular Loveseat,QK1088045,Loveseat,Stationary,,Fabric,1299.99,2059.99,36.9,https://www.slumberland.com/products/lindyn-sofa
slumberland,Ashley,Ashley Furniture,Lindyn Oversized Swivel Accent Chair,QK1088032,Chair,Stationary,,Fabric,899.99,1359.99,33.8,https://www.slumberland.com/products/lindyn-accent-chair
slumberland,La-Z-Boy,La-Z-Boy,Brooks Rocker Recliner,QK1062105,Recliner,Motion,,Unspecified,649.99,1199.99,45.8,https://www.slumberland.com/products/brooks-muslin-rocker-recliner
slumberland,Ashley,Ashley Furniture,Lavenhorne Rocker Recliner,QK1082749,Recliner,Motion,,Leather,679.99,1019.99,33.3,https://www.slumberland.com/products/lavenhorne-rocker-recliner
slumberland,Ashley,Ashley Furniture,Lavenhorne Reclining Console Loveseat,QK1082748,Loveseat,Motion,,Leather,1149.99,1699.99,32.4,https://www.slumberland.com/products/lavenhorne-reclining-console-loveseat
slumberland,Ashley,Ashley Furniture,Lavenhorne Reclining Drop Table Sofa,QK1082747,Sofa,Motion,,Leather,1149.99,1699.99,32.4,https://www.slumberland.com/products/lavenhorne-reclining-drop-table-sofa
slumberland,Ashley,Ashley Furniture,Culverbach Chest,7069860,Other,Stationary,,Fabric,349.99,729.99,52.1,https://www.slumberland.com/products/culverbach-chest
slumberland,Ashley,Ashley Furniture,Culverbach Nightstand,7069864,Other,Stationary,,Fabric,199.99,389.99,48.7,https://www.slumberland.com/products/culverbach-nightstand
slumberland,Ashley,Ashley Furniture,Deidra Set of 2 Table Lamps,3189243,Other,Stationary,,Fabric,129.99,299.99,56.7,https://www.slumberland.com/products/deidra-set-of-2-table-lamps
slumberland,Ashley,Ashley Furniture,Hamlyn Chairside Table,7527003,Other,Stationary,,Unspecified,99.99,299.99,66.7,https://www.slumberland.com/products/hamlyn-chairside-table
slumberland,Ashley,Ashley Furniture,Kent Reclining Loveseat,9860686,Loveseat,Motion,,Fabric,779.99,1169.98,33.3,https://www.slumberland.com/products/kent-reclining-loveseat
slumberland,Ashley,Ashley Furniture,Kent Reclining Sofa,9860688,Sofa,Motion,,Fabric,799.99,1199.98,33.3,https://www.slumberland.com/products/kent-reclining-sofa
slumberland,Ashley,Ashley Furniture,Kent Rocker Recliner,9860625,Recliner,Motion,,Fabric,549.99,824.99,33.3,https://www.slumberland.com/products/kent-rocker-recliner
slumberland,Ashley,Ashley Furniture,Trinell Chest,4462258,Other,Stationary,,Unspecified,389.99,719.99,45.8,https://www.slumberland.com/products/trinell-chest
slumberland,Ashley,Ashley Furniture,Trinell Bookcase Headboard,QK987963,Other,Stationary,,Unspecified,279.99,569.99,50.9,https://www.slumberland.com/products/trinell-bookcase-headboard
slumberland,Ashley,Ashley Furniture,Trinell Nightstand,4462252,Other,Stationary,,Unspecified,199.99,399.99,50.0,https://www.slumberland.com/products/trinell-nightstand
slumberland,Ashley,Ashley Furniture,Trinell Mirror,4462251,Other,Stationary,,Unspecified,88.99,179.99,50.6,https://www.slumberland.com/products/trinell-mirror
slumberland,Ashley,Ashley Furniture,Trinell Panel Headboard,4465374,Other,Stationary,,Unspecified,189.99,309.99,38.7,https://www.slumberland.com/products/trinell-panel-headboard
slumberland,Ashley,Ashley Furniture,Watson End Table,4812942,Other,Stationary,,Unspecified,179.99,269.99,33.3,https://www.slumberland.com/products/watson-end-table
slumberland,Ashley,Ashley Furniture,Watson Coffee Table,4811720,Other,Stationary,,Unspecified,339.99,499.99,32.0,https://www.slumberland.com/products/watson-coffee-table
slumberland,Ashley,Ashley Furniture,Willowton Chest,2675407,Other,Stationary,,Unspecified,399.99,679.99,41.2,https://www.slumberland.com/products/willowton-chest
slumberland,Ashley,Ashley Furniture,Watson Console Table,4814984,Other,Stationary,,Unspecified,279.99,419.99,33.3,https://www.slumberland.com/products/watson-console-table
slumberland,Ashley,Ashley Furniture,Willowton Dresser,2675404,Other,Stationary,,Unspecified,499.99,869.99,42.5,https://www.slumberland.com/products/willowton-dresser
slumberland,Ashley,Ashley Furniture,Willowton Mirror,2675406,Other,Stationary,,Unspecified,79.99,159.99,50.0,https://www.slumberland.com/products/willowton-mirror
slumberland,Ashley,Ashley Furniture,Willowton Nightstand,2675405,Other,Stationary,,Unspecified,199.99,459.99,56.5,https://www.slumberland.com/products/willowton-nightstand
slumberland,La-Z-Boy,La-Z-Boy,Collage Rocker Recliner,QK1095671,Recliner,Motion,,Unspecified,399.99,999.0,60.0,https://www.slumberland.com/products/collage-rocker-recliner
slumberland,La-Z-Boy,La-Z-Boy,Jasper Rocker Recliner,QK1028986,Recliner,Motion,,Fabric,649.99,1079.99,39.8,https://www.slumberland.com/products/jasper-rocker-recliner
slumberland,La-Z-Boy,La-Z-Boy,James Rocker Recliner,5211865,Recliner,Motion,,Leather,599.99,1349.99,55.6,https://www.slumberland.com/products/james-rocker-recliner
slumberland,Ashley,Ashley Furniture,Culverbach 4 Piece Room,PASH008,Other,Stationary,,Fabric,999.99,1799.99,44.4,https://www.slumberland.com/products/culverbach-4-piece-room
slumberland,Ashley,Ashley Furniture,Trinell Bookcase Bed,PASH443,Other,Stationary,,Unspecified,449.99,974.99,53.8,https://www.slumberland.com/products/trinell-bookcase-bed
slumberland,Ashley,Ashley Furniture,Trinell Panel Bed,PASH440,Other,Stationary,,Unspecified,299.99,659.99,54.5,https://www.slumberland.com/products/trinell-panel-bed
slumberland,Ashley,Ashley Furniture,Willowton Bed,PASH269,Other,Stationary,,Unspecified,379.99,799.99,52.5,https://www.slumberland.com/products/willowton-bed
slumberland,La-Z-Boy,La-Z-Boy,Tall Wall Base,8826649,Recliner,Stationary,,Unspecified,69.99,99.99,30.0,https://www.slumberland.com/products/tall-wall-base
slumberland,La-Z-Boy,La-Z-Boy,Tall Base,8821049,Recliner,Stationary,,Unspecified,69.99,99.99,30.0,https://www.slumberland.com/products/tall-base
slumberland,Ashley,Ashley Furniture,Riles Loveseat,QK1016445,Loveseat,Stationary,,Unspecified,389.99,734.99,46.9,https://www.slumberland.com/products/riles-loveseat
slumberland,Ashley,Ashley Furniture,Riles Chair,QK988425,Chair,Stationary,,Unspecified,379.99,674.99,43.7,https://www.slumberland.com/products/riles-chair
slumberland,Ashley,Ashley Furniture,Riles Sofa,QK1016453,Sofa,Stationary,,Fabric,399.99,749.99,46.7,https://www.slumberland.com/products/riles-sofa
slumberland,Ashley,Ashley Furniture,Riles Ottoman,QK1016440,Ottoman,Stationary,,Unspecified,299.99,449.99,33.3,https://www.slumberland.com/products/riles-ottoman
slumberland,Ashley,Ashley Furniture,Realyn Chest,QK986581,Other,Stationary,,Unspecified,739.99,989.99,25.3,https://www.slumberland.com/products/realyn-chest
slumberland,Ashley,Ashley Furniture,Realyn Daybed with Storage,QK986587,Other,Stationary,,Unspecified,999.99,1499.99,33.3,https://www.slumberland.com/products/realyn-daybed-with-storage
slumberland,Ashley,Ashley Furniture,Realyn Bed,QK986585,Other,Stationary,,Unspecified,499.99,799.99,37.5,https://www.slumberland.com/products/realyn-bed
slumberland,Ashley,Ashley Furniture,Realyn Dresser,QK986580,Other,Stationary,,Unspecified,799.99,1069.99,25.2,https://www.slumberland.com/products/realyn-dresser
slumberland,Ashley,Ashley Furniture,Realyn Nightstand,QK986584,Other,Stationary,,Unspecified,299.99,419.99,28.6,https://www.slumberland.com/products/realyn-nightstand
slumberland,Ashley,Ashley Furniture,Realyn Mirror,QK986572,Other,Stationary,,Unspecified,199.99,269.99,25.9,https://www.slumberland.com/products/realyn-mirror
slumberland,Ashley,Ashley Furniture,Realyn Vanity,QK986582,Other,Stationary,,Fabric,649.99,879.99,26.1,https://www.slumberland.com/products/realyn-vanity
slumberland,Ashley,Ashley Furniture,Willowton 4 Piece Room Package,PASH270,Other,Stationary,,Unspecified,1149.99,2199.99,47.7,https://www.slumberland.com/products/willowton-4-piece-room-package
slumberland,Ashley,Ashley Furniture,Drystan Dresser,QK987524,Other,Stationary,,Fabric,359.99,609.99,41.0,https://www.slumberland.com/products/drystan-dresser
slumberland,Ashley,Ashley Furniture,Drystan Lingerie Chest,QK1018409,Other,Stationary,,Fabric,289.99,599.99,51.7,https://www.slumberland.com/products/drystan-lingerie-chest
slumberland,Ashley,Ashley Furniture,Drystan Mirror,QK987520,Other,Stationary,,Unspecified,59.99,119.99,50.0,https://www.slumberland.com/products/drystan-mirror
slumberland,Ashley,Ashley Furniture,Drystan Nightstand,QK987910,Other,Stationary,,Fabric,199.99,399.99,50.0,https://www.slumberland.com/products/drystan-nightstand
slumberland,Ashley,Ashley Furniture,Trinell Captains Bed,QK988462,Other,Stationary,,Unspecified,639.99,1454.98,56.0,https://www.slumberland.com/products/trinell-captains-bed
slumberland,Ashley,Ashley Furniture,Drystan Headboard,QK989803,Other,Stationary,,Unspecified,239.99,409.99,41.5,https://www.slumberland.com/products/drystan-headboard
slumberland,Ashley,Ashley Furniture,Todoe Lift Top Coffee Table,QK1012111,Other,Stationary,,Unspecified,579.99,1059.99,45.3,https://www.slumberland.com/products/todoe-lift-top-coffee-table
slumberland,Ashley,Ashley Furniture,Rosa Chairside Table,QK1012112,Other,Stationary,,Unspecified,199.99,299.99,33.3,https://www.slumberland.com/products/rosa-chairside-table
slumberland,Ashley,Ashley Furniture,Todoe End Table,QK1012110,Other,Stationary,,Unspecified,229.99,419.99,45.2,https://www.slumberland.com/products/todoe-end-table
slumberland,Ashley,Ashley Furniture,Rosa End Table,QK1012114,Other,Stationary,,Unspecified,279.99,459.99,39.1,https://www.slumberland.com/products/rosa-end-table
slumberland,Ashley,Ashley Furniture,Rosa Storage Coffee Table,QK1012115,Other,Stationary,,Unspecified,489.99,789.99,38.0,https://www.slumberland.com/products/rosa-storage-coffee-table
slumberland,Ashley,Ashley Furniture,Wynnlow Bed,QK1012359,Other,Stationary,,Unspecified,599.99,999.99,40.0,https://www.slumberland.com/products/wynnlow-bed
slumberland,Ashley,Ashley Furniture,Wynnlow Chest,QK1012354,Other,Stationary,,Unspecified,429.99,699.99,38.6,https://www.slumberland.com/products/wynnlow-chest
slumberland,Ashley,Ashley Furniture,Wynnlow Mirror,QK1012347,Other,Stationary,,Unspecified,79.99,199.99,60.0,https://www.slumberland.com/products/wynnlow-mirror
slumberland,Ashley,Ashley Furniture,Wynnlow Dresser,QK1012355,Other,Stationary,,Unspecified,399.99,799.99,50.0,https://www.slumberland.com/products/wynnlow-dresser
slumberland,Ashley,Ashley Furniture,Wynnlow Nightstand,QK1012353,Other,Stationary,,Unspecified,199.99,399.99,50.0,https://www.slumberland.com/products/wynnlow-nightstand
slumberland,Ashley,Ashley Furniture,Nerviano Wall Hugging Recliner,QK1013132,Recliner,Motion,,Unspecified,269.99,629.99,57.1,https://www.slumberland.com/products/nerviano-wall-hugging-recliner
slumberland,Ashley,Ashley Furniture,McGann Rocker Recliner,QK1013117,Recliner,Motion,,Leather,399.99,789.99,49.4,https://www.slumberland.com/products/mcgann-rocker-recliner
slumberland,Ashley,Ashley Furniture,Trinell Panel Bed with Twin Trundle,PASH448,Other,Stationary,,Unspecified,539.99,1229.98,56.1,https://www.slumberland.com/products/trinell-panel-bed-with-twin-trundle
slumberland,Ashley,Ashley Furniture,Caitbrook Backless Counter Stool,QK1013414,Other,Stationary,,Unspecified,79.99,139.99,42.9,https://www.slumberland.com/products/caitbrook-backless-counter-stool
slumberland,Ashley,Ashley Furniture,Caitbrook X Back Counter Stool,QK1013415,Other,Stationary,,Unspecified,119.99,199.99,40.0,https://www.slumberland.com/products/caitbrook-x-back-counter-stool
slumberland,Ashley,Ashley Furniture,Caitbrook 5 Piece X Back Counter Dining Set,QK1013417,Other,Stationary,,Unspecified,749.99,1424.98,47.4,https://www.slumberland.com/products/caitbrook-5-piece-x-back-counter-dining-set
slumberland,Ashley,Ashley Furniture,Caitbrook 5 Piece Backless Counter Dining Set,QK1013416,Other,Stationary,,Unspecified,599.99,1199.98,50.0,https://www.slumberland.com/products/caitbrook-5-piece-backless-counter-dining-set
slumberland,Ashley,Ashley Furniture,Caitbrook Counter Height Table,QK1013418,Other,Stationary,,Unspecified,369.99,649.99,43.1,https://www.slumberland.com/products/caitbrook-counter-height-table
slumberland,Ashley,Ashley Furniture,Roybeck Accent Cabinet,QK1013459,Chair,Stationary,,Unspecified,379.99,609.99,37.7,https://www.slumberland.com/products/roybeck-accent-cabinet
slumberland,Ashley,Ashley Furniture,Roybeck Set of 3 Tables,QK1013463,Other,Stationary,,Unspecified,489.99,789.99,38.0,https://www.slumberland.com/products/roybeck-set-of-3-tables
slumberland,Ashley,Ashley Furniture,Tarrin Set of 3 Tables,QK1013462,Other,Stationary,,Unspecified,339.99,609.99,44.3,https://www.slumberland.com/products/tarrin-set-of-3-tables
slumberland,Best Home Furnishings,Best Home Furnishings,Cass Swivel Glider Accent Chair,QK1013796,Chair,Motion,,Unspecified,539.99,1099.99,50.9,https://www.slumberland.com/products/cass-swivel-glider-accent-chair
slumberland,Ashley,Ashley Furniture,Cambeck Chest,QK1014871,Other,Stationary,,Unspecified,349.99,609.99,42.6,https://www.slumberland.com/products/cambeck-chest
slumberland,Ashley,Ashley Furniture,Cambeck 5 Drawer Chest,QK1014872,Other,Stationary,,Unspecified,349.99,609.99,42.6,https://www.slumberland.com/products/cambeck-5-drawer-chest
slumberland,Ashley,Ashley Furniture,Cambeck Dresser,QK1014870,Other,Stationary,,Unspecified,379.99,609.99,37.7,https://www.slumberland.com/products/cambeck-dresser
slumberland,Ashley,Ashley Furniture,Cambeck Mirror,QK1014862,Other,Stationary,,Unspecified,79.99,119.99,33.3,https://www.slumberland.com/products/cambeck-mirror
slumberland,Ashley,Ashley Furniture,Cambeck Panel Headboard,QK1014864,Other,Stationary,,Unspecified,249.99,409.99,39.0,https://www.slumberland.com/products/cambeck-panel-headboard
slumberland,Ashley,Ashley Furniture,Cambeck Nightstand,QK1014869,Other,Stationary,,Unspecified,249.99,399.99,37.5,https://www.slumberland.com/products/cambeck-nightstand
slumberland,La-Z-Boy,La-Z-Boy,Randell Rocker Recliner,QK1015065,Recliner,Motion,,Unspecified,1099.99,1599.99,31.3,https://www.slumberland.com/products/randell-rocker-recliner
slumberland,Ashley,Ashley Furniture,Aniela Set of 2 Table Lamps,QK1015864,Other,Stationary,,Unspecified,129.99,311.99,58.3,https://www.slumberland.com/products/aniela-set-of-2-table-lamps
slumberland,Ashley,Ashley Furniture,Laurentia Table Lamp,QK1015866,Other,Stationary,,Unspecified,79.99,167.99,52.4,https://www.slumberland.com/products/laurentia-table-lamp
slumberland,Ashley,Ashley Furniture,Shianne Floor Lamp,QK1015872,Other,Stationary,,Fabric,139.99,349.99,60.0,https://www.slumberland.com/products/shianne-floor-lamp
slumberland,La-Z-Boy,La-Z-Boy,Trouper Rocker Recliner,QK1016034,Recliner,Motion,,Unspecified,749.99,1349.99,44.4,https://www.slumberland.com/products/trouper-rocker-recliner
slumberland,Ashley,Ashley Furniture,Marcy Ottoman,QK1016302,Ottoman,Stationary,,Fabric,349.99,649.99,46.2,https://www.slumberland.com/products/marcy-ottoman
slumberland,Ashley,Ashley Furniture,Marcy Rocker Recliner,QK1016392,Recliner,Motion,,Fabric,469.99,759.99,38.2,https://www.slumberland.com/products/marcy-rocker-recliner
slumberland,Ashley,Ashley Furniture,Riles Oversized Ottoman,QK1016441,Ottoman,Stationary,,Unspecified,349.99,524.99,33.3,https://www.slumberland.com/products/riles-oversized-ottoman
slumberland,Ashley,Ashley Furniture,Marcy Loveseat,QK1016374,Loveseat,Stationary,,Fabric,479.99,849.99,43.5,https://www.slumberland.com/products/marcy-loveseat
slumberland,Ashley,Ashley Furniture,Riles Rocker Recliner,QK1016455,Recliner,Motion,,Fabric,449.99,704.99,36.2,https://www.slumberland.com/products/riles-rocker-recliner
slumberland,Ashley,Ashley Furniture,Riles Left Chaise Sleeper Sectional,QK1016469,Sectional,Stationary,,Unspecified,1299.99,2849.99,54.4,https://www.slumberland.com/products/riles-left-chaise-sleeper-sectional
slumberland,Ashley,Ashley Furniture,Riles Left Chaise Sectional,QK1016464,Sectional,Stationary,,Fabric,1199.99,1799.98,33.3,https://www.slumberland.com/products/riles-left-chaise-sectional
slumberland,Ashley,Ashley Furniture,Riles Right Chaise Sectional,QK1016470,Sectional,Stationary,,Fabric,1199.99,1799.98,33.3,https://www.slumberland.com/products/riles-right-chaise-sectional
slumberland,Ashley,Ashley Furniture,Riles Sleeper,QK1016452,Sleeper,Stationary,,Unspecified,899.99,1349.98,33.3,https://www.slumberland.com/products/riles-sleeper
slumberland,Ashley,Ashley Furniture,Riles Right Chaise Sleeper Sectional,QK1016471,Sectional,Stationary,,Unspecified,1299.99,2849.99,54.4,https://www.slumberland.com/products/riles-right-chaise-sleeper-sectional
slumberland,Ashley,Ashley Furniture,Aniela Table Lamp,QK1017552,Other,Stationary,,Unspecified,119.99,299.99,60.0,https://www.slumberland.com/products/aniela-table-lamp
slumberland,Ashley,Ashley Furniture,Baldridge Printer Stand,QK1017702,Other,Stationary,,Unspecified,199.99,379.99,47.4,https://www.slumberland.com/products/baldridge-printer-stand
slumberland,Ashley,Ashley Furniture,Drystan Storage Bed,QK1028988,Other,Stationary,,Unspecified,519.99,1079.98,51.9,https://www.slumberland.com/products/drystan-storage-bed
slumberland,Ashley,Ashley Furniture,Maire Table Lamp,QK1020065,Other,Stationary,,Unspecified,129.99,287.99,54.9,https://www.slumberland.com/products/maire-table-lamp
slumberland,Ashley,Ashley Furniture,Norbert Set of 2 Table Lamps,QK1020062,Other,Stationary,,Fabric,129.99,287.99,54.9,https://www.slumberland.com/products/norbert-set-of-2-table-lamps
slumberland,Ashley,Ashley Furniture,Drystan 5 Drawer Chest,QK987525,Other,Stationary,,Fabric,299.99,609.99,50.8,https://www.slumberland.com/products/drystan-5-drawer-chest
slumberland,Ashley,Ashley Furniture,Puckman Leather Accent Chair,QK1022835,Chair,Stationary,,Leather,599.99,1099.99,45.5,https://www.slumberland.com/products/puckman-leather-accent-chair
slumberland,Ashley,Ashley Furniture,Alisdair Sleigh Bed,QK1029049,Other,Stationary,,Unspecified,319.99,499.99,36.0,https://www.slumberland.com/products/alisdair-sleigh-bed
slumberland,Ashley,Ashley Furniture,Wynnlow Panel Headboard,QK1024923,Other,Stationary,,Unspecified,249.99,439.99,43.2,https://www.slumberland.com/products/wynnlow-panel-headboard
slumberland,Ashley,Ashley Furniture,Wynnlow Panel Bed,QK1024925,Other,Stationary,,Unspecified,399.99,899.99,55.6,https://www.slumberland.com/products/wynnlow-panel-bed
slumberland,Ashley,Ashley Furniture,Centiar Counter Stool,3721234,Other,Stationary,,Leather,99.99,199.99,50.0,https://www.slumberland.com/products/centiar-counter-stool
slumberland,Ashley,Ashley Furniture,Realyn 2 Piece Lift Top Desk,QK1026420,Other,Stationary,,Unspecified,739.99,1289.98,42.6,https://www.slumberland.com/products/realyn-2-piece-lift-top-desk
slumberland,Ashley,Ashley Furniture,Realyn 2 Piece Desk,QK1026416,Other,Stationary,,Unspecified,679.99,1184.98,42.6,https://www.slumberland.com/products/realyn-2-piece-desk
slumberland,Ashley,Ashley Furniture,Realyn 60 Inch Desk,QK1026409,Other,Stationary,,Unspecified,429.99,829.99,48.2,https://www.slumberland.com/products/realyn-60-inch-desk
slumberland,Ashley,Ashley Furniture,Realyn Lift Top Desk,QK1026408,Other,Stationary,,Unspecified,499.99,939.99,46.8,https://www.slumberland.com/products/realyn-lift-top-desk
slumberland,Ashley,Ashley Furniture,Realyn Bookcase,QK1026427,Other,Stationary,,Unspecified,429.99,829.99,48.2,https://www.slumberland.com/products/realyn-bookcase
slumberland,Ashley,Ashley Furniture,Valebeck Lift Top Coffee Table,QK1026437,Other,Stationary,,Unspecified,469.99,829.99,43.4,https://www.slumberland.com/products/valebeck-lift-top-coffee-table
slumberland,Ashley,Ashley Furniture,Valebeck End Table,QK1026430,Other,Stationary,,Unspecified,269.99,459.99,41.3,https://www.slumberland.com/products/valebeck-end-table
slumberland,Ashley,Ashley Furniture,Valebeck Chairside Table,QK1026439,Other,Stationary,,Unspecified,179.99,309.99,41.9,https://www.slumberland.com/products/valebeck-chairside-table
slumberland,Ashley,Ashley Furniture,Carynhurst End Table,QK1045530,Other,Stationary,,Unspecified,229.99,419.99,45.2,https://www.slumberland.com/products/carynhurst-end-table
slumberland,Ashley,Ashley Furniture,Tyler Creek End Table,QK1026450,Other,Stationary,,Unspecified,299.99,499.99,40.0,https://www.slumberland.com/products/tyler-creek-end-table
slumberland,Ashley,Ashley Furniture,Tyler Creek Console Table,QK1026454,Other,Stationary,,Unspecified,439.99,759.99,42.1,https://www.slumberland.com/products/tyler-creek-console-table
slumberland,Ashley,Ashley Furniture,Bolanburg Chairside Table,QK1026456,Other,Stationary,,Unspecified,249.99,459.99,45.7,https://www.slumberland.com/products/bolanburg-chairside-table
slumberland,Ashley,Ashley Furniture,Tyler Creek Lift Top Coffee Table,QK1026459,Other,Stationary,,Unspecified,629.99,1129.99,44.2,https://www.slumberland.com/products/tyler-creek-lift-top-coffee-table
slumberland,Ashley,Ashley Furniture,Bolanburg Lift Top Coffee Table,QK1026458,Other,Stationary,,Unspecified,629.99,1129.99,44.2,https://www.slumberland.com/products/bolanburg-lift-top-coffee-table
slumberland,Ashley,Ashley Furniture,Bolanburg Console Table,QK1026453,Other,Stationary,,Unspecified,419.99,759.99,44.7,https://www.slumberland.com/products/bolanburg-console-table
slumberland,Ashley,Ashley Furniture,Tyler Creek Chairside Table,QK1026455,Other,Stationary,,Unspecified,249.99,459.99,45.7,https://www.slumberland.com/products/tyler-creek-chairside-table
slumberland,Ashley,Ashley Furniture,Todoe 65 Inch TV Stand,QK1026935,Other,Stationary,,Unspecified,549.99,1059.99,48.1,https://www.slumberland.com/products/todoe-65-inch-tv-stand
slumberland,Southern Motion,Southern Motion,Contour Leather Reclining Console Loveseat,QK1027394,Loveseat,Motion,,Leather,2199.99,4279.99,48.6,https://www.slumberland.com/products/contour-leather-reclining-console-loveseat
slumberland,Southern Motion,Southern Motion,Contour Leather Reclining Sofa,QK1027400,Sofa,Motion,,Leather,2199.99,4279.99,48.6,https://www.slumberland.com/products/contour-leather-reclining-sofa
slumberland,Southern Motion,Southern Motion,Contour Leather Reclining Loveseat,QK1027419,Loveseat,Motion,,Leather,2179.99,4249.99,48.7,https://www.slumberland.com/products/contour-leather-reclining-loveseat
slumberland,Southern Motion,Southern Motion,Contour Leather Rocker Recliner,QK1027412,Recliner,Motion,,Leather,1399.99,2399.99,41.7,https://www.slumberland.com/products/contour-leather-rocker-recliner
slumberland,Southern Motion,Southern Motion,Contour Reclining Loveseat,QK1027391,Loveseat,Motion,,Unspecified,1679.99,2519.99,33.3,https://www.slumberland.com/products/contour-reclining-loveseat
slumberland,Southern Motion,Southern Motion,Contour Reclining Console Loveseat,QK1027395,Loveseat,Motion,,Unspecified,1699.99,2549.99,33.3,https://www.slumberland.com/products/contour-reclining-console-loveseat
slumberland,Southern Motion,Southern Motion,Contour Reclining Sofa,QK1027401,Sofa,Motion,,Unspecified,1699.99,2549.99,33.3,https://www.slumberland.com/products/contour-reclining-sofa
slumberland,Southern Motion,Southern Motion,Contour Rocker Recliner,QK1027413,Recliner,Motion,,Unspecified,999.99,1599.99,37.5,https://www.slumberland.com/products/contour-rocker-recliner
slumberland,Southern Motion,Southern Motion,Contour Leather Power+ Next Level Recliner,QK1027416,Recliner,Motion,Power,Leather,1799.99,2699.99,33.3,https://www.slumberland.com/products/contour-leather-power-next-level-recliner
slumberland,Southern Motion,Southern Motion,Contour Leather Power+ Reclining Console Loveseat,QK1027406,Loveseat,Motion,Power,Leather,2699.99,5079.99,46.9,https://www.slumberland.com/products/contour-leather-power-reclining-console-loveseat
slumberland,Southern Motion,Southern Motion,Contour Leather Power+ Reclining Loveseat,QK1027396,Loveseat,Motion,Power,Leather,2679.99,5049.99,46.9,https://www.slumberland.com/products/contour-leather-power-reclining-loveseat
slumberland,Southern Motion,Southern Motion,Contour Leather Power+ Reclining Next Level Loveseat,QK1027397,Loveseat,Motion,Power,Leather,2779.99,5249.99,47.0,https://www.slumberland.com/products/contour-leather-power-reclining-next-level-loveseat
slumberland,Southern Motion,Southern Motion,Contour Leather Power+ Reclining Next Level Console Loveseat,QK1027407,Loveseat,Motion,Power,Leather,2799.99,5279.99,47.0,https://www.slumberland.com/products/contour-leather-power-reclining-next-level-console-loveseat
slumberland,Southern Motion,Southern Motion,Contour Leather Power+ Reclining Sofa,QK1027410,Sofa,Motion,Power,Leather,2699.99,5079.99,46.9,https://www.slumberland.com/products/contour-leather-power-reclining-sofa
slumberland,Southern Motion,Southern Motion,Contour Leather Power+ Reclining Next Level Sofa,QK1027409,Sofa,Motion,Power,Leather,2799.99,5279.99,47.0,https://www.slumberland.com/products/contour-leather-power-reclining-next-level-sofa
slumberland,Southern Motion,Southern Motion,Contour Power+ Next Level Recliner,QK1027418,Recliner,Motion,Power,Unspecified,1399.99,2099.99,33.3,https://www.slumberland.com/products/contour-power-next-level-recliner
slumberland,Southern Motion,Southern Motion,Contour Leather Power+ Rocker Recliner,QK1027417,Recliner,Motion,Power,Leather,1799.99,2949.99,39.0,https://www.slumberland.com/products/contour-leather-power-rocker-recliner-1
slumberland,Southern Motion,Southern Motion,Contour Power+ Reclining Console Loveseat,QK1027408,Loveseat,Motion,Power,Unspecified,1999.99,2999.99,33.3,https://www.slumberland.com/products/contour-power-reclining-console-loveseat-1
slumberland,Southern Motion,Southern Motion,Contour Power+ Reclining Next Level Console Loveseat,QK1026216,Loveseat,Motion,Power,Unspecified,2099.99,3149.99,33.3,https://www.slumberland.com/products/contour-power-reclining-next-level-console-loveseat
slumberland,Southern Motion,Southern Motion,Contour Power+ Reclining Loveseat,QK1027398,Loveseat,Motion,Power,Unspecified,1979.99,2969.99,33.3,https://www.slumberland.com/products/contour-power-reclining-loveseat-1
slumberland,Southern Motion,Southern Motion,Contour Power+ Reclining Next Level Loveseat,QK1027399,Loveseat,Motion,Power,Unspecified,2079.99,3119.99,33.3,https://www.slumberland.com/products/contour-power-reclining-next-level-loveseat
slumberland,Southern Motion,Southern Motion,Contour Power+ Reclining Sofa,QK1026217,Sofa,Motion,Power,Leather,1999.99,2999.99,33.3,https://www.slumberland.com/products/contour-power-reclining-sofa-1
slumberland,Southern Motion,Southern Motion,Contour Power+ Reclining Next Level Sofa,QK1027411,Sofa,Motion,Power,Unspecified,2199.99,3299.99,33.3,https://www.slumberland.com/products/contour-power-reclining-next-level-sofa
slumberland,Southern Motion,Southern Motion,Contour Power+ Rocker Recliner,QK1026215,Recliner,Motion,Power,Unspecified,1399.99,2099.99,33.3,https://www.slumberland.com/products/contour-power-rocker-recliner-1
slumberland,Ashley,Ashley Furniture,Wynnlow 63 Inch TV Stand,QK1027830,Other,Stationary,,Unspecified,289.99,599.99,51.7,https://www.slumberland.com/products/wynnlow-63-inch-tv-stand
slumberland,Ashley,Ashley Furniture,Bolanburg 74 Inch TV Stand,QK1027833,Other,Stationary,,Unspecified,679.99,1349.99,49.6,https://www.slumberland.com/products/bolanburg-74-inch-tv-stand
slumberland,Ashley,Ashley Furniture,Allmaxx Sofa,QK1027847,Sofa,Stationary,,Unspecified,599.99,999.99,40.0,https://www.slumberland.com/products/allmaxx-sofa
slumberland,Ashley,Ashley Furniture,Allmaxx Loveseat,QK1027846,Loveseat,Stationary,,Unspecified,579.99,929.99,37.6,https://www.slumberland.com/products/allmaxx-loveseat
slumberland,Ashley,Ashley Furniture,Bovarian Storage Ottoman,QK1027911,Ottoman,Stationary,,Unspecified,479.99,759.99,36.8,https://www.slumberland.com/products/bovarian-storage-ottoman
slumberland,Ashley,Ashley Furniture,Bovarian 3 Piece Left Sectional,QK1027918,Sectional,Stationary,,Unspecified,1799.99,3499.99,48.6,https://www.slumberland.com/products/bovarian-3-piece-left-sectional
slumberland,Ashley,Ashley Furniture,Bovarian 2 Piece Left Sectional,QK1027917,Sectional,Stationary,,Unspecified,1399.99,2054.99,31.9,https://www.slumberland.com/products/bovarian-2-piece-left-sectional
slumberland,Ashley,Ashley Furniture,Bovarian 3 Piece Right Sectional,QK1027920,Sectional,Stationary,,Unspecified,1799.99,3499.99,48.6,https://www.slumberland.com/products/bovarian-3-piece-right-sectional
slumberland,Ashley,Ashley Furniture,Bovarian 2 Piece Right Sectional,QK1027919,Sectional,Stationary,,Unspecified,1399.99,2054.99,31.9,https://www.slumberland.com/products/bovarian-2-piece-right-sectional
slumberland,Ashley,Ashley Furniture,Willowton 64 Inch Fireplace TV Stand,QK1028100,Other,Stationary,,Unspecified,529.99,1319.98,59.8,https://www.slumberland.com/products/willowton-64-inch-fireplace-tv-stand
slumberland,Ashley,Ashley Furniture,Willowton 64 Inch Infrared Fireplace TV Stand,QK1028093,Other,Stationary,,Unspecified,549.99,1319.98,58.3,https://www.slumberland.com/products/willowton-64-inch-infrared-fireplace-tv-stand
slumberland,Ashley,Ashley Furniture,Trinell 63 Inch Infrared Fireplace TV Stand,QK1028109,Other,Stationary,,Unspecified,549.99,989.99,44.4,https://www.slumberland.com/products/trinell-63-inch-infrared-fireplace-tv-stand
slumberland,Ashley,Ashley Furniture,Trinell 63 Inch TV Stand,4466235,Other,Stationary,,Unspecified,299.99,599.99,50.0,https://www.slumberland.com/products/trinell-63-inch-tv-stand
slumberland,Ashley,Ashley Furniture,Willowton 64 Inch TV Stand,QK1028099,Other,Stationary,,Unspecified,299.99,599.99,50.0,https://www.slumberland.com/products/willowton-64-inch-tv-stand
slumberland,Ashley,Ashley Furniture,Trinell 4 Piece Entertainment Center,QK1028106,Other,Stationary,,Unspecified,789.99,1514.98,47.9,https://www.slumberland.com/products/trinell-4-piece-entertainment-center
slumberland,Ashley,Ashley Furniture,Trinell 4 Piece Infrared Fireplace Entertainment Center,QK1028108,Other,Stationary,,Unspecified,1039.99,1964.98,47.1,https://www.slumberland.com/products/trinell-4-piece-infrared-fireplace-entertainment-center
slumberland,Ashley,Ashley Furniture,Stoneland Power Reclining Sofa,QK1048466,Sofa,Motion,Power,Leather,1299.99,1999.99,35.0,https://www.slumberland.com/products/stoneland-power-reclining-sofa
slumberland,Ashley,Ashley Furniture,Stoneland Rocker Recliner,QK1048465,Recliner,Motion,,Leather,789.99,1189.99,33.6,https://www.slumberland.com/products/stoneland-rocker-recliner
slumberland,Ashley,Ashley Furniture,Stoneland Reclining Console Loveseat,QK1028246,Loveseat,Motion,,Leather,1199.99,1799.99,33.3,https://www.slumberland.com/products/stoneland-reclining-console-loveseat
slumberland,Ashley,Ashley Furniture,Stoneland Reclining Sofa,QK1028245,Sofa,Motion,,Leather,1199.99,1799.99,33.3,https://www.slumberland.com/products/stoneland-reclining-sofa
slumberland,Ashley,Ashley Furniture,Stoneland Power Rocker Recliner,QK1048470,Recliner,Motion,Power,Leather,889.99,1369.99,35.0,https://www.slumberland.com/products/stoneland-power-rocker-recliner
slumberland,Ashley,Ashley Furniture,Stoneland Power Reclining Console Loveseat,QK1028247,Loveseat,Motion,Power,Leather,1299.99,1999.99,35.0,https://www.slumberland.com/products/stoneland-power-reclining-console-loveseat
slumberland,Ashley,Ashley Furniture,Bennox 5 Piece Counter Dining Set,QK1028584,Other,Stationary,,Leather,449.99,899.99,50.0,https://www.slumberland.com/products/bennox-5-piece-counter-dining-set
slumberland,Ashley,Ashley Furniture,Bennox 6 Piece Dining Set,QK1028585,Other,Stationary,,Unspecified,649.99,1199.99,45.8,https://www.slumberland.com/products/bennox-6-piece-dining-set
slumberland,Ashley,Ashley Furniture,Bolanburg Dining Chair,QK1028593,Chair,Stationary,,Fabric,139.99,149.99,6.7,https://www.slumberland.com/products/bolanburg-dining-chair
slumberland,Ashley,Ashley Furniture,Bolanburg Dining Bench,QK1028591,Other,Stationary,,Fabric,239.99,349.99,31.4,https://www.slumberland.com/products/bolanburg-dining-bench
slumberland,Ashley,Ashley Furniture,Bolanburg Counter Dining Bench,QK1028596,Other,Stationary,,Fabric,229.99,399.99,42.5,https://www.slumberland.com/products/bolanburg-counter-dining-bench
slumberland,Ashley,Ashley Furniture,Bolanburg Dining Table,QK1028598,Other,Stationary,,Unspecified,639.99,1299.99,50.8,https://www.slumberland.com/products/bolanburg-dining-table
slumberland,Ashley,Ashley Furniture,Bolanburg Server,QK1028601,Other,Stationary,,Unspecified,999.99,1429.99,30.1,https://www.slumberland.com/products/bolanburg-server
slumberland,Ashley,Ashley Furniture,Bolanburg Counter Dining Table,QK1028599,Other,Stationary,,Unspecified,769.99,1599.99,51.9,https://www.slumberland.com/products/bolanburg-counter-dining-table
slumberland,Ashley,Ashley Furniture,Bridson 5 Piece Counter Dining Set,QK1028603,Other,Stationary,,Unspecified,489.99,899.99,45.6,https://www.slumberland.com/products/bridson-5-piece-counter-dining-set
slumberland,Ashley,Ashley Furniture,Bolanburg Display Cabinet,QK1028602,Other,Stationary,,Unspecified,599.99,1399.99,57.1,https://www.slumberland.com/products/bolanburg-display-cabinet
slumberland,Ashley,Ashley Furniture,Bridson 6 Piece Dining Set,QK1028604,Other,Stationary,,Unspecified,649.99,1199.99,45.8,https://www.slumberland.com/products/bridson-6-piece-dining-set
slumberland,Ashley,Ashley Furniture,Caitbrook 7 Piece Dining Set,QK1040472,Other,Stationary,,Fabric,849.99,1299.99,34.6,https://www.slumberland.com/products/caitbrook-7-piece-dining-set
slumberland,Ashley,Ashley Furniture,Moriville Dining Bench,QK1028653,Other,Stationary,,Fabric,149.99,229.99,34.8,https://www.slumberland.com/products/moriville-dining-bench
slumberland,Ashley,Ashley Furniture,Moriville Counter Dining Table,QK1028658,Other,Stationary,,Unspecified,879.99,1319.99,33.3,https://www.slumberland.com/products/moriville-counter-dining-table
slumberland,Ashley,Ashley Furniture,Moriville Counter Dining Bench,QK1028655,Other,Stationary,,Fabric,199.99,399.99,50.0,https://www.slumberland.com/products/moriville-counter-dining-bench
slumberland,Ashley,Ashley Furniture,Moriville Server,QK1028660,Other,Stationary,,Unspecified,1139.99,2499.99,54.4,https://www.slumberland.com/products/moriville-server
slumberland,Ashley,Ashley Furniture,Moriville Dining Table,QK1028659,Other,Stationary,,Unspecified,739.99,1129.99,34.5,https://www.slumberland.com/products/moriville-dining-table
slumberland,Ashley,Ashley Furniture,Realyn Round Dining Table,QK1028677,Other,Stationary,,Unspecified,629.99,1299.99,51.5,https://www.slumberland.com/products/realyn-round-dining-table
slumberland,Ashley,Ashley Furniture,Realyn Server,QK1028680,Other,Stationary,,Unspecified,999.99,2099.99,52.4,https://www.slumberland.com/products/realyn-server
slumberland,Ashley,Ashley Furniture,Skempton Storage Bench,QK1028690,Other,Stationary,,Unspecified,199.99,399.99,50.0,https://www.slumberland.com/products/skempton-storage-bench
slumberland,Ashley,Ashley Furniture,Skempton 3 Piece Counter Dining Set,QK1028693,Other,Stationary,,Unspecified,469.99,999.99,53.0,https://www.slumberland.com/products/skempton-3-piece-counter-dining-set
slumberland,Ashley,Ashley Furniture,Skempton Dining Table,QK1028696,Other,Stationary,,Unspecified,499.99,999.99,50.0,https://www.slumberland.com/products/skempton-dining-table
slumberland,Ashley,Ashley Furniture,Skempton 7 Piece Dining Set,QK1028698,Other,Stationary,,Unspecified,739.99,1499.99,50.7,https://www.slumberland.com/products/skempton-7-piece-dining-set
slumberland,Ashley,Ashley Furniture,Skempton Counter Dining Table,QK1028697,Other,Stationary,,Unspecified,429.99,899.99,52.2,https://www.slumberland.com/products/skempton-counter-dining-table
slumberland,Ashley,Ashley Furniture,Alisdair Mirror,QK1029035,Other,Stationary,,Unspecified,99.99,159.99,37.5,https://www.slumberland.com/products/alisdair-mirror
slumberland,Ashley,Ashley Furniture,Alisdair Dresser,QK1029034,Other,Stationary,,Unspecified,299.99,699.99,57.1,https://www.slumberland.com/products/alisdair-dresser
slumberland,Ashley,Ashley Furniture,Alisdair Nightstand,QK1029043,Other,Stationary,,Unspecified,139.99,349.99,60.0,https://www.slumberland.com/products/alisdair-nightstand
slumberland,Ashley,Ashley Furniture,Alisdair Chest,QK1029036,Other,Stationary,,Unspecified,249.99,679.99,63.2,https://www.slumberland.com/products/alisdair-chest
slumberland,Ashley,Ashley Furniture,Derekson Chest,QK1029073,Other,Stationary,,Unspecified,299.99,629.99,52.4,https://www.slumberland.com/products/derekson-chest
slumberland,Ashley,Ashley Furniture,Derekson Dresser,QK1029071,Other,Stationary,,Unspecified,299.99,629.99,52.4,https://www.slumberland.com/products/derekson-dresser
slumberland,Ashley,Ashley Furniture,Derekson Panel Headboard,QK1029076,Other,Stationary,,Unspecified,109.99,229.99,52.2,https://www.slumberland.com/products/derekson-panel-headboard
slumberland,Ashley,Ashley Furniture,Derekson 6 Drawer Storage Bed,QK1029098,Other,Stationary,,Unspecified,729.99,1319.98,44.7,https://www.slumberland.com/products/derekson-6-drawer-storage-bed
slumberland,Ashley,Ashley Furniture,Derekson Nightstand,QK1029094,Other,Stationary,,Unspecified,189.99,379.99,50.0,https://www.slumberland.com/products/derekson-nightstand
slumberland,Ashley,Ashley Furniture,Derekson 2 Drawer Storage Bed,QK1029103,Other,Stationary,,Unspecified,449.99,809.99,44.4,https://www.slumberland.com/products/derekson-2-drawer-storage-bed
slumberland,Ashley,Ashley Furniture,Derekson Bed,QK1029106,Other,Stationary,,Unspecified,239.99,404.99,40.7,https://www.slumberland.com/products/derekson-bed
slumberland,Ashley,Ashley Furniture,Juararo Cabinet Dresser,QK1029147,Other,Stationary,,Unspecified,599.99,979.99,38.8,https://www.slumberland.com/products/juararo-cabinet-dresser
slumberland,Ashley,Ashley Furniture,Juararo Mirror,QK1029148,Other,Stationary,,Unspecified,99.99,199.99,50.0,https://www.slumberland.com/products/juararo-mirror
slumberland,Ashley,Ashley Furniture,Juararo Two Drawer Nightstand,QK1029171,Other,Stationary,,Unspecified,199.99,399.99,50.0,https://www.slumberland.com/products/juararo-two-drawer-nightstand
slumberland,Ashley,Ashley Furniture,Juararo Chest,QK1029150,Other,Stationary,,Unspecified,429.99,799.99,46.3,https://www.slumberland.com/products/juararo-chest
slumberland,Ashley,Ashley Furniture,Juararo Poster Bed,QK1029182,Other,Stationary,,Unspecified,599.99,899.99,33.3,https://www.slumberland.com/products/juararo-poster-bed
slumberland,Ashley,Ashley Furniture,Juararo Panel Bed,QK1029184,Other,Stationary,,Unspecified,389.99,799.99,51.3,https://www.slumberland.com/products/juararo-panel-bed
slumberland,Ashley,Ashley Furniture,Drystan 4 Drawer Storage Bed,QK1029235,Other,Stationary,,Unspecified,699.99,1469.98,52.4,https://www.slumberland.com/products/drystan-4-drawer-storage-bed
slumberland,Ashley,Ashley Furniture,Drystan 2 Drawer Storage Bed,QK1029256,Other,Stationary,,Unspecified,549.99,1079.98,49.1,https://www.slumberland.com/products/drystan-2-drawer-storage-bed
slumberland,Ashley,Ashley Furniture,Drystan 4 Drawer Bookcase Storage Bed,QK1029250,Other,Stationary,,Unspecified,759.99,1709.98,55.6,https://www.slumberland.com/products/drystan-4-drawer-bookcase-storage-bed
slumberland,Ashley,Ashley Furniture,Trinell 2 Drawer Nightstand,QK1029288,Other,Stationary,,Unspecified,199.99,439.99,54.5,https://www.slumberland.com/products/trinell-2-drawer-nightstand
slumberland,Ashley,Ashley Furniture,Trinell Storage Panel Bed,QK1029293,Other,Stationary,,Unspecified,519.99,974.99,46.7,https://www.slumberland.com/products/trinell-storage-panel-bed
slumberland,Ashley,Ashley Furniture,Trinell Trundle Bookcase Bed,QK1029294,Other,Stationary,,Unspecified,659.99,1244.98,47.0,https://www.slumberland.com/products/trinell-trundle-bookcase-bed
slumberland,Ashley,Ashley Furniture,Trinell Poster Bed,QK1029299,Other,Stationary,,Unspecified,549.99,1049.98,47.6,https://www.slumberland.com/products/trinell-poster-bed
slumberland,Southern Motion,Southern Motion,Contour SoCozi Power+ Next Level Recliner,QK1029376,Recliner,Motion,Power,Unspecified,1699.99,2549.99,33.3,https://www.slumberland.com/products/contour-socozi-power-next-level-recliner
slumberland,Southern Motion,Southern Motion,Contour SoCozi Power+ Rocker Recliner,QK1029375,Recliner,Motion,Power,Unspecified,1699.99,2549.99,33.3,https://www.slumberland.com/products/contour-socozi-power-rocker-recliner
slumberland,Southern Motion,Southern Motion,Contour Leather SoCozi Power+ Rocker Recliner,QK1029367,Recliner,Motion,Power,Leather,1999.99,2999.99,33.3,https://www.slumberland.com/products/contour-leather-socozi-power-rocker-recliner
slumberland,Southern Motion,Southern Motion,Contour Leather SoCozi Power+ Next Level Recliner,QK1029368,Recliner,Motion,Power,Leather,1999.99,3469.99,42.4,https://www.slumberland.com/products/contour-leather-socozi-power-next-level-recliner
slumberland,Ashley,Ashley Furniture,Realyn 7 Drawer Dresser,QK1029888,Other,Stationary,,Unspecified,999.99,1499.99,33.3,https://www.slumberland.com/products/realyn-7-drawer-dresser
slumberland,Ashley,Ashley Furniture,Realyn Large Mirror,QK1029889,Other,Stationary,,Unspecified,299.99,419.99,28.6,https://www.slumberland.com/products/realyn-large-mirror
slumberland,Ashley,Ashley Furniture,Realyn Tall Chest,QK1029890,Other,Stationary,,Unspecified,1049.99,1619.99,35.2,https://www.slumberland.com/products/realyn-tall-chest
slumberland,Ashley,Ashley Furniture,Realyn 3 Drawer Nightstand,QK1029891,Other,Stationary,,Unspecified,399.99,679.99,41.2,https://www.slumberland.com/products/realyn-3-drawer-nightstand
slumberland,Ashley,Ashley Furniture,Realyn Upholstered Panel Bed,QK1029885,Other,Stationary,,Unspecified,839.99,1154.98,27.3,https://www.slumberland.com/products/realyn-upholstered-panel-bed
slumberland,Ashley,Ashley Furniture,Makara Set of 2 Table Lamps,QK1030127,Other,Stationary,,Unspecified,109.99,311.99,64.7,https://www.slumberland.com/products/makara-set-of-2-table-lamps
slumberland,La-Z-Boy,La-Z-Boy,Pinnacle Wall Recliner,QK1031491,Recliner,Motion,,Unspecified,849.99,1349.99,37.0,https://www.slumberland.com/products/pinnacle-wall-recliner
slumberland,La-Z-Boy,La-Z-Boy,Trouper Leather Rocker Recliner,QK1031467,Recliner,Motion,,Leather,999.99,1879.99,46.8,https://www.slumberland.com/products/trouper-leather-rocker-recliner
slumberland,Ashley,Ashley Furniture,Bernadate Floor Lamp,QK1031930,Other,Stationary,,Unspecified,179.99,399.99,55.0,https://www.slumberland.com/products/bernadate-floor-lamp
slumberland,Ashley,Ashley Furniture,Malise Table Lamp,QK1031914,Other,Stationary,,Unspecified,99.99,229.99,56.5,https://www.slumberland.com/products/malise-table-lamp
slumberland,La-Z-Boy,La-Z-Boy,Pinnacle Power Plus Rocker Recliner,QK1032028,Recliner,Motion,Power,Unspecified,1279.99,1949.99,34.4,https://www.slumberland.com/products/pinnacle-power-plus-rocker-recliner
slumberland,La-Z-Boy,La-Z-Boy,Astor Tri-Power Rocker Recliner,QK1032034,Recliner,Motion,Power,Unspecified,1579.99,2279.99,30.7,https://www.slumberland.com/products/astor-tripower-recliner
slumberland,La-Z-Boy,La-Z-Boy,James Leather TriPower Recliner,QK1032014,Recliner,Motion,,Leather,1699.99,2949.99,42.4,https://www.slumberland.com/products/james-leather-tripower-recliner
slumberland,Ashley,Ashley Furniture,Noorbrook Set of 3 Tables,QK1032526,Other,Stationary,,Unspecified,349.99,599.99,41.7,https://www.slumberland.com/products/noorbrook-set-of-3-tables
slumberland,La-Z-Boy,La-Z-Boy,James Leather Rocker Recliner,QK1034223,Recliner,Motion,,Leather,1099.99,1879.99,41.5,https://www.slumberland.com/products/james-leather-rocker-recliner
slumberland,Ashley,Ashley Furniture,Tarica Set of 3 Tables,QK1037775,Other,Stationary,,Unspecified,339.99,609.99,44.3,https://www.slumberland.com/products/tarica-set-of-3-tables
slumberland,Ashley,Ashley Furniture,Wadeworth Set of 3 Tables,QK1037780,Other,Stationary,,Unspecified,149.99,299.99,50.0,https://www.slumberland.com/products/wadeworth-set-of-3-tables
slumberland,Ashley,Ashley Furniture,Bolanburg Backless Counter Stool,QK1038017,Other,Stationary,,Fabric,79.99,169.99,52.9,https://www.slumberland.com/products/bolanburg-backless-counter-stool
slumberland,Ashley,Ashley Furniture,Moriville Dining Chair,QK1038049,Chair,Stationary,,Fabric,124.99,199.99,37.5,https://www.slumberland.com/products/moriville-dining-chair
slumberland,Ashley,Ashley Furniture,Realyn Ladder Back Side Chair,QK1038065,Chair,Stationary,,Unspecified,169.99,299.99,43.3,https://www.slumberland.com/products/realyn-ladder-back-side-chair
slumberland,Ashley,Ashley Furniture,Skempton Backless Counter Stool,QK1038076,Other,Stationary,,Unspecified,79.99,139.99,42.9,https://www.slumberland.com/products/skempton-backless-counter-stool
slumberland,Ashley,Ashley Furniture,Skempton Dining Chair,QK1038078,Chair,Stationary,,Unspecified,119.99,249.99,52.0,https://www.slumberland.com/products/skempton-dining-chair
slumberland,Ashley,Ashley Furniture,Skempton Counter Stool,QK1038077,Other,Stationary,,Unspecified,99.99,199.99,50.0,https://www.slumberland.com/products/skempton-counter-stool
slumberland,La-Z-Boy,La-Z-Boy,Jay Rocker Recliner,QK1040720,Recliner,Motion,,Fabric,699.99,1449.99,51.7,https://www.slumberland.com/products/jay-rocker-recliner
slumberland,La-Z-Boy,La-Z-Boy,Jay Power Plus Rocker Recliner,QK1040716,Recliner,Motion,Power,Unspecified,1229.99,2149.99,42.8,https://www.slumberland.com/products/jay-power-plus-rocker-recliner
slumberland,La-Z-Boy,La-Z-Boy,Randell Leather Rocker Recliner,QK1040728,Recliner,Motion,,Leather,1599.99,2349.99,31.9,https://www.slumberland.com/products/randell-leather-rocker-recliner
slumberland,La-Z-Boy,La-Z-Boy,Pinnacle Reclining Loveseat,QK1041689,Loveseat,Motion,,Fabric,1779.99,3319.99,46.4,https://www.slumberland.com/products/pinnacle-reclining-loveseat
slumberland,La-Z-Boy,La-Z-Boy,Pinnacle Reclining Sofa,QK1041685,Sofa,Motion,,Fabric,1799.99,3439.99,47.7,https://www.slumberland.com/products/pinnacle-reclining-sofa
slumberland,La-Z-Boy,La-Z-Boy,Pinnacle Power Reclining Loveseat,QK1041690,Loveseat,Motion,Power,Fabric,2679.99,4019.99,33.3,https://www.slumberland.com/products/pinnacle-power-reclining-loveseat
slumberland,La-Z-Boy,La-Z-Boy,Pinnacle Power Reclining Sofa,QK1041686,Sofa,Motion,Power,Fabric,2699.99,4049.99,33.3,https://www.slumberland.com/products/pinnacle-power-reclining-sofa
slumberland,Southern Motion,Southern Motion,Kish Rocker Recliner,QK1043925,Recliner,Motion,,Unspecified,999.99,1599.99,37.5,https://www.slumberland.com/products/kish-rocker-recliner
slumberland,Ashley,Ashley Furniture,Freedan Lift Top Coffee Table,QK1045455,Other,Stationary,,Unspecified,249.99,379.99,34.2,https://www.slumberland.com/products/freedan-coffee-table
slumberland,Ashley,Ashley Furniture,Carynhurst Coffee Table,QK1045529,Other,Stationary,,Unspecified,439.99,759.99,42.1,https://www.slumberland.com/products/carynhurst-coffee-table
slumberland,Ashley,Ashley Furniture,Carynhurst Power End Table,QK1026446,Other,Motion,Power,Unspecified,249.99,459.99,45.7,https://www.slumberland.com/products/carynhurst-power-end-table
slumberland,Ashley,Ashley Furniture,Realyn 74 Inch Console,QK1045794,Other,Stationary,,Unspecified,599.99,1209.99,50.4,https://www.slumberland.com/products/realyn-74-inch-console
slumberland,Ashley,Ashley Furniture,Dorrinson 54 Inch Console,QK1045770,Other,Stationary,,Unspecified,289.99,569.99,49.1,https://www.slumberland.com/products/dorrinson-54-inch-console
slumberland,Ashley,Ashley Furniture,Dorrinson 60 Inch Console,QK1045771,Other,Stationary,,Unspecified,289.99,569.99,49.1,https://www.slumberland.com/products/dorrinson-60-inch-console
slumberland,Ashley,Ashley Furniture,Havalance 67 Inch Console,QK1045779,Other,Stationary,,Unspecified,569.99,1129.99,49.6,https://www.slumberland.com/products/havalance-67-inch-console
slumberland,Ashley,Ashley Furniture,Havalance 74 Inch Console,QK1045784,Other,Stationary,,Unspecified,689.99,1429.99,51.7,https://www.slumberland.com/products/havalance-74-inch-console
slumberland,Ashley,Ashley Furniture,Trinell 60 Inch Fireplace Console,QK1046608,Other,Stationary,,Unspecified,549.99,1120.48,50.9,https://www.slumberland.com/products/trinell-60-inch-fireplace-console
slumberland,Ashley,Ashley Furniture,Trinell 60 Inch Console,QK1046607,Other,Stationary,,Unspecified,159.99,529.99,69.8,https://www.slumberland.com/products/trinell-60-inch-console
slumberland,Ashley,Ashley Furniture,Centiar Side Chair,QK1047440,Chair,Stationary,,Leather,129.99,199.99,35.0,https://www.slumberland.com/products/centiar-side-chair
slumberland,Ashley,Ashley Furniture,Ashley Sleep Foundation,QK1048701,Other,Stationary,,Unspecified,189.95,309.99,38.7,https://www.slumberland.com/products/ashley-sleep-foundation
slumberland,Ashley,Ashley Furniture,Porter Headboard,QK1052637,Other,Stationary,,Unspecified,419.99,799.99,47.5,https://www.slumberland.com/products/porter-headboard
slumberland,Ashley,Ashley Furniture,Porter Dresser,QK1052629,Other,Stationary,,Unspecified,999.99,1989.99,49.7,https://www.slumberland.com/products/porter-dresser
slumberland,Ashley,Ashley Furniture,Porter Chest,QK1052631,Other,Stationary,,Unspecified,999.99,1999.99,50.0,https://www.slumberland.com/products/porter-chest
slumberland,Ashley,Ashley Furniture,Porter Mirror,QK1052630,Other,Stationary,,Unspecified,199.99,399.99,50.0,https://www.slumberland.com/products/porter-mirror
slumberland,Ashley,Ashley Furniture,Porter Nightstand,QK1052632,Other,Stationary,,Unspecified,399.99,799.99,50.0,https://www.slumberland.com/products/porter-nightstand
slumberland,Ashley,Ashley Furniture,Anarasia Chest,QK1053407,Other,Stationary,,Unspecified,269.99,529.99,49.1,https://www.slumberland.com/products/anarasia-chest
slumberland,Ashley,Ashley Furniture,Anarasia Nightstand,QK1053406,Other,Stationary,,Unspecified,139.99,329.99,57.6,https://www.slumberland.com/products/anarasia-nightstand
slumberland,Ashley,Ashley Furniture,Anarasia Sleigh Bed,QK1053395,Other,Stationary,,Unspecified,329.99,599.99,45.0,https://www.slumberland.com/products/anarasia-sleigh-bed
slumberland,Ashley,Ashley Furniture,Anarasia Sleigh Headboard,QK1053392,Other,Stationary,,Unspecified,99.99,229.99,56.5,https://www.slumberland.com/products/anarasia-sleigh-headboard
slumberland,Ashley,Ashley Furniture,Anarasia Mirror,QK1053405,Other,Stationary,,Unspecified,99.99,159.99,37.5,https://www.slumberland.com/products/anarasia-mirror
slumberland,Ashley,Ashley Furniture,Anarasia Dresser,QK1053404,Other,Stationary,,Unspecified,299.99,649.99,53.8,https://www.slumberland.com/products/anarasia-dresser
slumberland,Ashley,Ashley Furniture,Bellaby Panel Bed,QK1054251,Other,Stationary,,Unspecified,299.99,599.99,50.0,https://www.slumberland.com/products/bellaby-panel-bed
slumberland,Ashley,Ashley Furniture,Bellaby Panel Headboard,QK1054249,Other,Stationary,,Unspecified,99.99,299.99,66.7,https://www.slumberland.com/products/bellaby-panel-headboard
slumberland,Ashley,Ashley Furniture,Bellaby Platform Storage Bed,QK1054255,Other,Stationary,,Unspecified,539.99,1099.99,50.9,https://www.slumberland.com/products/bellaby-platform-storage-bed
slumberland,Ashley,Ashley Furniture,Bellaby Cross Buck Panel Bed,QK1054253,Other,Stationary,,Unspecified,399.99,799.99,50.0,https://www.slumberland.com/products/bellaby-cross-buck-panel-bed
slumberland,Ashley,Ashley Furniture,Bellaby Mirror,QK1054258,Other,Stationary,,Unspecified,99.99,159.99,37.5,https://www.slumberland.com/products/bellaby-mirror
slumberland,Ashley,Ashley Furniture,Bellaby Dresser,QK1054257,Other,Stationary,,Fabric,549.99,979.99,43.9,https://www.slumberland.com/products/bellaby-dresser
slumberland,Ashley,Ashley Furniture,Bellaby Chest,QK1054260,Other,Stationary,,Fabric,439.99,699.99,37.1,https://www.slumberland.com/products/bellaby-chest
slumberland,Ashley,Ashley Furniture,Bellaby Nightstand,QK1054259,Other,Stationary,,Fabric,229.99,419.99,45.2,https://www.slumberland.com/products/bellaby-nightstand
slumberland,Ashley,Ashley Furniture,Pinnadel Upholstered Swivel Bar Stool,QK1054654,Chair,Stationary,,Leather,179.99,329.99,45.5,https://www.slumberland.com/products/pinnadel-upholstered-bar-stool
slumberland,Southern Motion,Southern Motion,Kish Reclining Console Loveseat,QK1043924,Loveseat,Motion,,Unspecified,1499.99,2249.99,33.3,https://www.slumberland.com/products/kish-reclining-console-loveseat
slumberland,Southern Motion,Southern Motion,Kish Reclining Sofa,QK1043923,Sofa,Motion,,Unspecified,1499.99,2249.99,33.3,https://www.slumberland.com/products/kish-reclining-sofa
slumberland,Southern Motion,Southern Motion,Kish Power Plus Reclining Sofa,QK1054854,Sofa,Motion,Power,Unspecified,1999.99,3349.99,40.3,https://www.slumberland.com/products/kish-power-plus-reclining-sofa
slumberland,Southern Motion,Southern Motion,Kish Power Plus Rocker Recliner,QK1054857,Recliner,Motion,Power,Unspecified,1299.99,2149.99,39.5,https://www.slumberland.com/products/kish-power-plus-rocker-recliner
slumberland,Southern Motion,Southern Motion,Kish Power Plus Reclining Console Loveseat,QK1054855,Loveseat,Motion,Power,Unspecified,1999.99,3349.99,40.3,https://www.slumberland.com/products/kish-power-plus-reclining-console-loveseat
slumberland,Ashley,Ashley Furniture,Valebeck Dining Table,QK1055146,Other,Stationary,,Unspecified,869.99,1279.99,32.0,https://www.slumberland.com/products/valebeck-dining-table
slumberland,Ashley,Ashley Furniture,Valebeck Server,QK1055145,Other,Stationary,,Unspecified,999.99,2099.99,52.4,https://www.slumberland.com/products/valebeck-server
slumberland,Ashley,Ashley Furniture,Valebeck Backless Swivel Counter Stool,QK1055149,Chair,Stationary,,Unspecified,129.99,219.99,40.9,https://www.slumberland.com/products/valebeck-backless-counter-stool
slumberland,Ashley,Ashley Furniture,Valebeck Counter Table,QK1055148,Other,Stationary,,Unspecified,529.99,829.99,36.1,https://www.slumberland.com/products/valebeck-counter-table
slumberland,Ashley,Ashley Furniture,Valebeck Side Chair,QK1055147,Chair,Stationary,,Fabric,124.99,219.99,43.2,https://www.slumberland.com/products/valebeck-side-chair
slumberland,Ashley,Ashley Furniture,Kanwyn Panel Bed,QK1057266,Other,Stationary,,Unspecified,699.99,1199.99,41.7,https://www.slumberland.com/products/kanwyn-panel-bed
slumberland,Ashley,Ashley Furniture,Kanwyn Upholstered Panel Bed,QK1057264,Other,Stationary,,Unspecified,799.99,1299.99,38.5,https://www.slumberland.com/products/kanwyn-upholstered-panel-bed
slumberland,Ashley,Ashley Furniture,Kanwyn Dresser,QK1057270,Other,Stationary,,Unspecified,899.99,1399.99,35.7,https://www.slumberland.com/products/kanwyn-dresser
slumberland,Ashley,Ashley Furniture,Kanwyn Storage Panel Bed,QK1057268,Other,Stationary,,Unspecified,999.99,1599.99,37.5,https://www.slumberland.com/products/kanwyn-storage-panel-bed
slumberland,Ashley,Ashley Furniture,Kanwyn Nightstand,QK1057272,Other,Stationary,,Unspecified,399.99,699.99,42.9,https://www.slumberland.com/products/kanwyn-nightstand
slumberland,Ashley,Ashley Furniture,Kanwyn Mirror,QK1057271,Other,Stationary,,Unspecified,199.99,399.99,50.0,https://www.slumberland.com/products/kanwyn-mirror
slumberland,Ashley,Ashley Furniture,Kanwyn Chest,QK1057273,Other,Stationary,,Unspecified,999.99,1599.99,37.5,https://www.slumberland.com/products/kanwyn-chest
slumberland,Ashley,Ashley Furniture,Bellaby 63 Inch Console,QK1083344,Other,Stationary,,Unspecified,289.99,1149.99,74.8,https://www.slumberland.com/products/bellaby-63-inch-console
slumberland,Ashley,Ashley Furniture,Todoe 65 Inch Fireplace Console,QK1057869,Other,Stationary,,Unspecified,999.99,2084.99,52.0,https://www.slumberland.com/products/todoe-65-inch-fireplace-console
slumberland,Ashley,Ashley Furniture,Tyler Creek 74 Inch Console,QK1057870,Other,Stationary,,Unspecified,699.99,1349.99,48.1,https://www.slumberland.com/products/tyler-creek-74-inch-console
slumberland,Ashley,Ashley Furniture,Hyanna Dresser,QK1058375,Other,Stationary,,Unspecified,399.99,699.99,42.9,https://www.slumberland.com/products/hyanna-dresser
slumberland,Ashley,Ashley Furniture,Hyanna Panel Storage Bed,QK1058382,Other,Stationary,,Unspecified,649.99,1795.45,63.8,https://www.slumberland.com/products/hyanna-panel-storage-bed
slumberland,Ashley,Ashley Furniture,Hyanna Chest,QK1058377,Other,Stationary,,Fabric,399.99,699.99,42.9,https://www.slumberland.com/products/hyanna-chest
slumberland,Ashley,Ashley Furniture,Hyanna Mirror,QK1058376,Other,Stationary,,Unspecified,99.99,119.99,16.7,https://www.slumberland.com/products/hyanna-mirror
slumberland,Ashley,Ashley Furniture,Hyanna Nightstand,QK1058378,Other,Stationary,,Unspecified,199.99,379.99,47.4,https://www.slumberland.com/products/hyanna-nightstand
slumberland,Ashley,Ashley Furniture,Jamon Table Lamp,QK1058850,Other,Stationary,,Unspecified,139.99,309.99,54.8,https://www.slumberland.com/products/jamon-table-lamp
slumberland,Ashley,Ashley Furniture,Shavon Table Lamp,QK1058856,Other,Stationary,,Unspecified,114.99,229.99,50.0,https://www.slumberland.com/products/shavon-table-lamp
slumberland,Ashley,Ashley Furniture,Joyelle Table Lamp,QK1058857,Other,Stationary,,Unspecified,149.99,359.99,58.3,https://www.slumberland.com/products/joyelle-table-lamp
slumberland,Ashley,Ashley Furniture,Realyn Chairside End Table,QK1059307,Other,Stationary,,Unspecified,249.99,479.99,47.9,https://www.slumberland.com/products/realyn-chairside-end-table
slumberland,Ashley,Ashley Furniture,Realyn Lift Top Coffee Table,QK1059308,Other,Stationary,,Unspecified,399.99,679.99,41.2,https://www.slumberland.com/products/realyn-lift-top-coffee-table
slumberland,Ashley,Ashley Furniture,Realyn 74 Inch Fireplace Console,QK1059312,Other,Stationary,,Unspecified,979.99,1724.98,43.2,https://www.slumberland.com/products/realyn-74-inch-fireplace-console
slumberland,Ashley,Ashley Furniture,Harif Table Lamp,QK1059650,Other,Stationary,,Unspecified,134.99,239.99,43.8,https://www.slumberland.com/products/harif-table-lamp
slumberland,Ashley,Ashley Furniture,Taliya Floor Lamp,QK1059604,Other,Stationary,,Unspecified,289.99,647.99,55.2,https://www.slumberland.com/products/taliya-floor-lamp
slumberland,Ashley,Ashley Furniture,Hannela Vase,QK1059606,Other,Stationary,,Unspecified,69.99,149.99,53.3,https://www.slumberland.com/products/hannela-vase
slumberland,Ashley,Ashley Furniture,Drice Panther Sculpture,QK1059611,Other,Stationary,,Unspecified,199.99,399.99,50.0,https://www.slumberland.com/products/drice-panther-sculpture
slumberland,Ashley,Ashley Furniture,Galice Ottoman,QK1059623,Ottoman,Stationary,,Unspecified,279.99,699.99,60.0,https://www.slumberland.com/products/galice-ottoman
slumberland,La-Z-Boy,La-Z-Boy,Clayton Gold Lux-Lift Heat and Massage Recliner,QK1059651,Recliner,Motion,,Unspecified,2199.99,5162.06,57.4,https://www.slumberland.com/products/clayton-gold-lux-lift-heat-and-massage-recliner
slumberland,La-Z-Boy,La-Z-Boy,Swivel Power Base Assembly Kit,QK1060416,Chair,Motion,Power,Unspecified,159.99,199.99,20.0,https://www.slumberland.com/products/swivel-power-base-assembly-kit
slumberland,La-Z-Boy,La-Z-Boy,Dorian Reclining Loveseat,QK1060420,Loveseat,Motion,,Unspecified,1979.99,3049.99,35.1,https://www.slumberland.com/products/dorian-reclining-loveseat
slumberland,La-Z-Boy,La-Z-Boy,Dorian Reclining Sofa,QK1060419,Sofa,Motion,,Unspecified,1999.99,3079.99,35.1,https://www.slumberland.com/products/dorian-reclining-sofa
slumberland,La-Z-Boy,La-Z-Boy,Liam Rocker Recliner,QK1060418,Recliner,Motion,,Unspecified,629.99,1079.99,41.7,https://www.slumberland.com/products/liam-rocker-recliner
slumberland,La-Z-Boy,La-Z-Boy,Dorian Rocker Recliner,QK1060421,Recliner,Motion,,Fabric,999.99,1579.99,36.7,https://www.slumberland.com/products/dorian-rocker-recliner
slumberland,Ashley,Ashley Furniture,Edenfield Ottoman,QK1061777,Ottoman,Stationary,,Unspecified,299.99,449.99,33.3,https://www.slumberland.com/products/edenfield-ottoman
slumberland,Ashley,Ashley Furniture,Edenfield 3 Piece Right Chaise Sectional,QK1061781,Sectional,Stationary,,Unspecified,1299.99,1949.98,33.3,https://www.slumberland.com/products/edenfield-3-piece-right-chaise-sectional
slumberland,La-Z-Boy,La-Z-Boy,Brooks Reclining Sofa,QK1062102,Sofa,Motion,,Unspecified,999.99,2399.99,58.3,https://www.slumberland.com/products/brooks-reclining-sofa-1
slumberland,Ashley,Ashley Furniture,Hannela Large Vase,QK1059607,Other,Stationary,,Unspecified,99.99,199.99,50.0,https://www.slumberland.com/products/hannela-vase-1
slumberland,La-Z-Boy,La-Z-Boy,Trouper Tri-Power Reclining Sofa,QK1064407,Sofa,Motion,Power,Unspecified,2699.99,4799.99,43.8,https://www.slumberland.com/products/trouper-tri-power-reclining-sofa
slumberland,La-Z-Boy,La-Z-Boy,Trouper Power Plus Reclining Sofa,QK1064413,Sofa,Motion,Power,Unspecified,2499.99,4299.99,41.9,https://www.slumberland.com/products/trouper-power-plus-reclining-sofa-1
slumberland,La-Z-Boy,La-Z-Boy,Trouper Leather Reclining Sofa,QK1064419,Sofa,Motion,,Leather,2299.99,4499.99,48.9,https://www.slumberland.com/products/trouper-leather-reclining-sofa-1
slumberland,La-Z-Boy,La-Z-Boy,Trouper Reclining Sofa,QK1064401,Sofa,Motion,,Unspecified,1899.99,2999.99,36.7,https://www.slumberland.com/products/trouper-reclining-sofa-1
slumberland,La-Z-Boy,La-Z-Boy,Trouper Leather Reclining Loveseat,QK1064430,Loveseat,Motion,,Leather,2279.99,4479.99,49.1,https://www.slumberland.com/products/trouper-leather-reclining-loveseat-1
slumberland,La-Z-Boy,La-Z-Boy,Trouper Reclining Loveseat,QK1064411,Loveseat,Motion,,Unspecified,1879.99,2979.99,36.9,https://www.slumberland.com/products/trouper-reclining-loveseat-1
slumberland,La-Z-Boy,La-Z-Boy,Trouper Leather Tri-Power Reclining Sofa,QK1064435,Sofa,Motion,Power,Leather,3299.99,6399.99,48.4,https://www.slumberland.com/products/trouper-leather-tri-power-reclining-sofa
slumberland,La-Z-Boy,La-Z-Boy,Morrison Reclining Sofa,QK1064439,Sofa,Motion,,Unspecified,1299.99,2199.99,40.9,https://www.slumberland.com/products/morrison-reclining-sofa
slumberland,La-Z-Boy,La-Z-Boy,Trouper Leather Tri-Power Rocker Recliner,QK1064438,Recliner,Motion,Power,Leather,1699.99,2899.99,41.4,https://www.slumberland.com/products/trouper-leather-tri-power-rocker-recliner
slumberland,La-Z-Boy,La-Z-Boy,Morrison Reclining Loveseat,QK1064446,Loveseat,Motion,,Unspecified,1279.99,2179.99,41.3,https://www.slumberland.com/products/morrison-reclining-loveseat
slumberland,La-Z-Boy,La-Z-Boy,Morrison Power Plus Reclining Loveseat,QK1064443,Loveseat,Motion,Power,Unspecified,1879.99,3479.99,46.0,https://www.slumberland.com/products/morrison-power-plus-reclining-loveseat
slumberland,La-Z-Boy,La-Z-Boy,Morrison Power Plus Reclining Sofa,QK1064448,Sofa,Motion,Power,Unspecified,1899.99,3499.99,45.7,https://www.slumberland.com/products/morrison-power-plus-reclining-sofa
slumberland,La-Z-Boy,La-Z-Boy,Jay Reclining Loveseat,QK1064461,Loveseat,Motion,,Unspecified,1379.99,2379.99,42.0,https://www.slumberland.com/products/jay-reclining-loveseat
slumberland,La-Z-Boy,La-Z-Boy,Jay Reclining Sofa,QK1064451,Sofa,Motion,,Unspecified,1399.99,2399.99,41.7,https://www.slumberland.com/products/jay-reclining-sofa
slumberland,La-Z-Boy,La-Z-Boy,Jay Reclining Console Loveseat,QK1064453,Loveseat,Motion,,Unspecified,1499.99,2499.99,40.0,https://www.slumberland.com/products/jay-reclining-console-loveseat-1
slumberland,La-Z-Boy,La-Z-Boy,Jay Power Plus Reclining Loveseat,QK1064455,Loveseat,Motion,Power,Unspecified,1979.99,3479.99,43.1,https://www.slumberland.com/products/jay-power-plus-reclining-loveseat-1
slumberland,La-Z-Boy,La-Z-Boy,Jay Power Plus Reclining Sofa,QK1064463,Sofa,Motion,Power,Unspecified,1999.99,3499.99,42.9,https://www.slumberland.com/products/jay-power-plus-reclining-sofa-1
slumberland,La-Z-Boy,La-Z-Boy,Jay Power Plus Reclining Console Loveseat,QK1064456,Loveseat,Motion,Power,Unspecified,2099.99,3599.99,41.7,https://www.slumberland.com/products/jay-power-plus-reclining-console-loveseat-1
slumberland,La-Z-Boy,La-Z-Boy,Jay Tri-Power Reclining Loveseat,QK1064458,Loveseat,Motion,Power,Unspecified,2179.99,3979.99,45.2,https://www.slumberland.com/products/jay-tri-power-reclining-loveseat
slumberland,La-Z-Boy,La-Z-Boy,Jay Tri-Power Reclining Sofa,QK1064466,Sofa,Motion,Power,Unspecified,2199.99,3999.99,45.0,https://www.slumberland.com/products/jay-tri-power-reclining-sofa
slumberland,La-Z-Boy,La-Z-Boy,Jay Tri-Power Reclining Console Loveseat,QK1064459,Loveseat,Motion,Power,Unspecified,2299.99,4099.99,43.9,https://www.slumberland.com/products/jay-tri-power-reclining-console-loveseat
slumberland,Ashley,Ashley Furniture,Mahoney Oversized Ottoman,QK1066120,Ottoman,Stationary,,Unspecified,279.99,419.99,33.3,https://www.slumberland.com/products/mahoney-oversized-ottoman
slumberland,Ashley,Ashley Furniture,Mahoney Sofa Sleeper,QK1066119,Sleeper,Stationary,,Unspecified,799.99,1389.99,42.4,https://www.slumberland.com/products/mahoney-sofa-sleeper
slumberland,Ashley,Ashley Furniture,Mahoney Right Chaise Sectional,QK1066113,Sectional,Stationary,,Unspecified,1199.99,1799.98,33.3,https://www.slumberland.com/products/mahoney-right-chaise-sectional
slumberland,Ashley,Ashley Furniture,Mahoney Left Chaise Sectional,QK1066112,Sectional,Stationary,,Unspecified,1199.99,1799.98,33.3,https://www.slumberland.com/products/mahoney-left-chaise-sectional
slumberland,Ashley,Ashley Furniture,Mahoney Right Chaise Sleeper Sectional,QK1066130,Sectional,Stationary,,Unspecified,1399.99,2099.99,33.3,https://www.slumberland.com/products/mahoney-right-chaise-sleeper-sectional
slumberland,Ashley,Ashley Furniture,Mahoney Left Chaise Sleeper Sectional,QK1066114,Sectional,Stationary,,Unspecified,1399.99,2099.99,33.3,https://www.slumberland.com/products/mahoney-left-chaise-sleeper-sectional
slumberland,Ashley,Ashley Furniture,Mahoney Sofa,QK1066131,Sofa,Stationary,,Unspecified,499.99,749.99,33.3,https://www.slumberland.com/products/mahoney-sofa
slumberland,Ashley,Ashley Furniture,Mahoney Chaise,QK1066118,Other,Stationary,,Unspecified,449.99,674.99,33.3,https://www.slumberland.com/products/mahoney-chaise
slumberland,Ashley,Ashley Furniture,Mahoney Loveseat,QK1066117,Loveseat,Stationary,,Unspecified,489.99,734.99,33.3,https://www.slumberland.com/products/mahoney-loveseat
slumberland,Ashley,Ashley Furniture,Ellford Table Lamp,QK1081381,Other,Stationary,,Unspecified,134.99,299.99,55.0,https://www.slumberland.com/products/ellford-table-lamp
slumberland,Ashley,Ashley Furniture,Arloman Washable Black Rug,QK1081410,Other,Stationary,,Fabric,139.99,335.99,58.3,https://www.slumberland.com/products/arloman-black-rug
slumberland,Ashley,Ashley Furniture,Gregmoore Black Rug,QK1081414,Other,Stationary,,Unspecified,89.99,215.99,58.3,https://www.slumberland.com/products/gregmoore-black-rug
slumberland,Ashley,Ashley Furniture,Braxmore Accent Table,QK1081971,Chair,Stationary,,Unspecified,169.99,311.99,45.5,https://www.slumberland.com/products/braxmore-accent-table
slumberland,La-Z-Boy,La-Z-Boy,Roman Leather Tri-Power Reclining Sofa,QK1082411,Sofa,Motion,Power,Leather,2999.99,4599.99,34.8,https://www.slumberland.com/products/roman-leather-tri-power-reclining-sofa
slumberland,La-Z-Boy,La-Z-Boy,Reed Rocker Recliner,QK1082415,Recliner,Motion,,Unspecified,699.99,1399.99,50.0,https://www.slumberland.com/products/reed-rocker-recliner
slumberland,La-Z-Boy,La-Z-Boy,Roman Leather Reclining Sofa,QK1082407,Sofa,Motion,,Leather,2199.99,3199.99,31.3,https://www.slumberland.com/products/roman-leather-reclining-sofa
slumberland,La-Z-Boy,La-Z-Boy,Roman Leather Power Plus Reclining Sofa,QK1082409,Sofa,Motion,Power,Leather,2799.99,3899.99,28.2,https://www.slumberland.com/products/roman-leather-power-plus-reclining-sofa
slumberland,Ashley,Ashley Furniture,Brinstead Chairside End Table,QK1082719,Other,Stationary,,Unspecified,159.0,269.99,41.1,https://www.slumberland.com/products/brinstead-chairside-end-table
slumberland,Ashley,Ashley Furniture,Deanlee Set of 3 Tables,QK1082720,Other,Stationary,,Unspecified,249.99,399.99,37.5,https://www.slumberland.com/products/deanlee-set-of-3-tables
slumberland,Ashley,Ashley Furniture,Mirimyn Bar Stool,QK1082938,Other,Stationary,,Unspecified,89.99,259.99,65.4,https://www.slumberland.com/products/mirimyn-bar-stool
slumberland,Ashley,Ashley Furniture,Galtbury Bookcase,QK1082991,Other,Stationary,,Unspecified,229.99,599.99,61.7,https://www.slumberland.com/products/galtbury-bookcase
slumberland,Ashley,Ashley Furniture,Bolsena Loveseat,QK1083024,Loveseat,Stationary,,Leather,979.99,1469.98,33.3,https://www.slumberland.com/products/bolsena-loveseat
slumberland,Ashley,Ashley Furniture,Bolsena Rocker Recliner,QK1083026,Recliner,Motion,,Leather,749.99,1124.98,33.3,https://www.slumberland.com/products/bolsena-rocker-recliner
slumberland,Ashley,Ashley Furniture,Bolsena Sofa Sleeper,QK1083025,Sleeper,Stationary,,Leather,1399.99,2099.99,33.3,https://www.slumberland.com/products/bolsena-sofa-sleeper
slumberland,Ashley,Ashley Furniture,Bolsena Sofa,QK1083027,Sofa,Stationary,,Leather,999.99,1499.98,33.3,https://www.slumberland.com/products/bolsena-sofa
slumberland,Ashley,Ashley Furniture,Bellaby 60 Inch Console,QK1057575,Other,Stationary,,Unspecified,169.99,529.99,67.9,https://www.slumberland.com/products/bellaby-60-inch-console
slumberland,Ashley,Ashley Furniture,Sharstorm Set of 3 Tables,QK1083294,Other,Stationary,,Unspecified,349.99,599.99,41.7,https://www.slumberland.com/products/sharstorm-set-of-3-tables
slumberland,Ashley,Ashley Furniture,Dorrinson Set of 3 Tables,QK1083527,Other,Stationary,,Unspecified,269.99,549.99,50.9,https://www.slumberland.com/products/dorrinson-set-of-3-tables
slumberland,Ashley,Ashley Furniture,Realyn Mirror Chairside End Table,QK1084367,Other,Stationary,,Unspecified,269.99,599.99,55.0,https://www.slumberland.com/products/realyn-mirror-chairside-end-table
slumberland,Best Home Furnishings,Best Home Furnishings,Brianna Swivel Glide Chair,QK1084621,Chair,Motion,,Unspecified,739.99,999.99,26.0,https://www.slumberland.com/products/brianna-swivel-glide-chair
slumberland,Ashley,Ashley Furniture,Dorrinson 60 Inch Infrared Electric Fireplace Console,QK1084661,Other,Stationary,,Unspecified,549.99,1349.99,59.3,https://www.slumberland.com/products/dorrinson-60-inch-infrared-electric-fireplace-console
slumberland,Ashley,Ashley Furniture,Dorrinson 60 Inch Electric Fireplace Console,QK1084660,Other,Stationary,,Unspecified,549.99,1349.99,59.3,https://www.slumberland.com/products/dorrinson-60-inch-electric-fireplace-console
slumberland,Ashley,Ashley Furniture,Bovarian 4 Piece Right Sofa Sectional,QK1084676,Sectional,Stationary,,Unspecified,1999.99,4339.99,53.9,https://www.slumberland.com/products/bovarian-4-piece-right-sofa-sectional
slumberland,Ashley,Ashley Furniture,Bovarian 4 Piece Left Sofa Sectional,QK1084677,Sectional,Stationary,,Unspecified,1999.99,4339.99,53.9,https://www.slumberland.com/products/bovarian-4-piece-left-sofa-sectional
slumberland,Ashley,Ashley Furniture,Boardernest End Table,QK1084719,Other,Stationary,,Unspecified,259.99,369.99,29.7,https://www.slumberland.com/products/boardernest-end-table
slumberland,Ashley,Ashley Furniture,Boardernest Nesting Stool Coffee Table,QK1084718,Other,Stationary,,Unspecified,529.99,699.99,24.3,https://www.slumberland.com/products/boardernest-nesting-stool-coffee-table
slumberland,La-Z-Boy,La-Z-Boy,James 5 Piece Tri-Power Right Chaise Reclining Sectional,QK1084748,Sectional,Motion,Power,Fabric,6299.99,8999.99,30.0,https://www.slumberland.com/products/james-5-piece-tri-power-right-chaise-reclining-sectional
slumberland,Ashley,Ashley Furniture,Oliah Shelf Wall Mounted Coat Rack,QK1084769,Other,Stationary,,Unspecified,59.99,189.99,68.4,https://www.slumberland.com/products/oliah-shelf-wall-mounted-coat-rack
slumberland,Ashley,Ashley Furniture,Robin Ridge Accent Cabinet,QK1084957,Chair,Stationary,,Unspecified,739.99,1699.99,56.5,https://www.slumberland.com/products/robin-ridge-accent-cabinet
slumberland,Ashley,Ashley Furniture,Bolanburg 5 Piece Dining Set,QK1085547,Other,Stationary,,Fabric,1079.99,2199.99,50.9,https://www.slumberland.com/products/bolanburg-5-piece-dining-set
slumberland,Ashley,Ashley Furniture,Marcy Sofa,QK1016383,Sofa,Stationary,,Fabric,499.99,919.99,45.7,https://www.slumberland.com/products/marcy-sofa
slumberland,Ashley,Ashley Furniture,Ashley Chime 12 Inch Hybrid Mattress,QK1040895,Other,Stationary,,Unspecified,229.99,619.99,62.9,https://www.slumberland.com/products/ashley-chime-12-inch-hybrid-mattress
slumberland,Ashley,Ashley Furniture,Ashley Chime 8 Inch Innerspring Mattress,QK1040899,Other,Stationary,,Unspecified,149.99,419.99,64.3,https://www.slumberland.com/products/ashley-chime-8-inch-innerspring-mattress
slumberland,Ashley,Ashley Furniture,Ashley Chime 8 Inch Memory Foam Mattress,QK1040903,Other,Stationary,,Unspecified,219.99,499.99,56.0,https://www.slumberland.com/products/ashley-chime-8-inch-memory-foam-mattress
slumberland,La-Z-Boy,La-Z-Boy,Pinnacle Rocker Recliner,QK1031489,Recliner,Motion,,Fabric,749.99,1199.99,37.5,https://www.slumberland.com/products/pinnacle-rocker-recliner
steinhafels,Ashley,ASHY,"Monarch 72-108"" Dining Table",605P32314,Other,Stationary,,Unspecified,1199.69,1332.99,10.0,https://www.steinhafels.com/products/dining-tables-dining-tables-605p32314
steinhafels,Ashley,ASHY,Monarch Upholstered Storage Bench,640304481,Other,Stationary,,Unspecified,449.99,499.99,10.0,https://www.steinhafels.com/products/dining-seating-benches-640304481
steinhafels,Ashley,ASHY,Erin Loveseat,271810143,Loveseat,Stationary,,Unspecified,449.99,499.99,10.0,https://www.steinhafels.com/products/living-room-sofas-sectionals-loveseats-ashy-erin2lr
steinhafels,Flexsteel,FLEX,Flexsteel Wrenn Leather Fully Loaded Zero Gravity Reclining Loveseat,496680888,Loveseat,Motion,,Leather,1299.99,3399.99,61.8,https://www.steinhafels.com/products/living-room-sofas-sectionals-reclining-sofas-loveseats-flex-wrenn3lr
steinhafels,Ashley,ASHY,Erin Sofa,105Z18337,Sofa,Stationary,,Unspecified,499.99,555.54,10.0,https://www.steinhafels.com/products/living-room-sofas-sectionals-sofas-ashy-erin4lr
steinhafels,Ashley,ASHY,Dante Panel Bed,425PKG892,Other,Stationary,,Unspecified,559.79,621.99,10.0,https://www.steinhafels.com/products/kids-beds-cribs-beds-ashy-dante1br
steinhafels,Ashley,ASHY,Colette Upholstered Bed,406UTP353,Other,Stationary,,Unspecified,279.89,310.99,10.0,https://www.steinhafels.com/products/kids-beds-cribs-beds-ashy-coletbr
steinhafels,Flexsteel,FLXD,Midtown Upholstered Bed,414UQ5771,Other,Stationary,,Unspecified,1999.79,2221.99,10.0,https://www.steinhafels.com/products/bedroom-beds-headboards-beds-flex-midto1br
steinhafels,Ashley,ASHY,Colton 5-Pc. Counter Height Dining Set,603688189,Other,Stationary,,Leather,399.59,665.99,40.0,https://www.steinhafels.com/products/dining-tables-counter-and-pub-tables-ashy-coltndr
steinhafels,Ashley,ASHY,Logan Headboard,400299425,Other,Stationary,,Unspecified,129.59,143.99,10.0,https://www.steinhafels.com/products/bedroom-beds-headboards-headboards-ashy-logan1br
steinhafels,Bassett,HGTV,Eden Upholstered Bed,414UQ0504,Other,Stationary,,Unspecified,2199.59,2443.99,10.0,https://www.steinhafels.com/products/bedroom-beds-headboards-beds-hgtv-eden3br
steinhafels,La-Z-Boy,LAZB,Pinnacle Rocker Recliner,177426562,Recliner,Motion,,Fabric,899.99,999.99,10.0,https://www.steinhafels.com/products/living-room-chairs-ottomans-recliners-lazb-pinnalr
steinhafels,Ashley,ASHY,Essentials Chest,500094409,Other,Stationary,,Unspecified,299.69,332.99,10.0,https://www.steinhafels.com/products/bedroom-storage-chests-ashy-esscr2br
steinhafels,Ashley,ASHY,Dante Slat Bed,425PKG572,Other,Stationary,,Unspecified,629.09,698.99,10.0,https://www.steinhafels.com/products/kids-beds-cribs-beds-ashy-dante4br
steinhafels,Ashley,ASHY,Logan Bed,406PTP141,Other,Stationary,,Unspecified,299.69,332.99,10.0,https://www.steinhafels.com/products/kids-beds-cribs-beds-ashy-loganbr
steinhafels,Ashley,ASHY,Pine Ridge Backless Swivel Stool,623220134,Chair,Stationary,,Fabric,159.29,176.99,10.0,https://www.steinhafels.com/products/entertainment-bar-bar-barstools-ashy-pine12dr
steinhafels,Ashley,ASHY,Logan Platform Bed,403415931,Other,Stationary,,Unspecified,189.89,210.99,10.0,https://www.steinhafels.com/products/bedroom-beds-headboards-beds-ashy-logan2br
steinhafels,Ashley,ASHY,Essentials 6 Drawer Dresser,450805889,Other,Stationary,,Unspecified,329.39,365.99,10.0,https://www.steinhafels.com/products/bedroom-storage-dressers-ashy-esscr1br
steinhafels,Ashley,ASHY,Essentials Panel Bed,406TPK647,Other,Stationary,,Unspecified,189.89,210.99,10.0,https://www.steinhafels.com/products/kids-beds-cribs-beds-ashy-esscrbr
steinhafels,Ashley,ASHY,Rian Panel Bed,406TPK023,Other,Stationary,,Unspecified,239.39,265.99,10.0,https://www.steinhafels.com/products/kids-beds-cribs-beds-ashy-rianbr
steinhafels,Ashley,ASHY,Dante Slat Panel Headboard,421076841,Other,Stationary,,Unspecified,341.09,378.99,10.0,https://www.steinhafels.com/products/bedroom-beds-headboards-headboards-ashy-dante3br
steinhafels,Ashley,ASHY,Dante Panel Headboard,421427296,Other,Stationary,,Unspecified,156.59,287.99,45.6,https://www.steinhafels.com/products/bedroom-beds-headboards-headboards-ashy-dante2br
steinhafels,Ashley,ASHY,Logan Nightstand,470554265,Other,Stationary,,Unspecified,129.59,143.99,10.0,https://www.steinhafels.com/products/kids-storage-nightstands-ashy-logan3br
steinhafels,Bassett,HGTV,Andora End Table,849AND340,Other,Stationary,,Unspecified,944.43,944.43,,https://www.steinhafels.com/products/living-room-accents-end-tables-hgtv-andor2oc
steinhafels,Bassett,HGTV,Andora Cocktail,848AND051,Other,Stationary,,Unspecified,1999.99,1999.99,,https://www.steinhafels.com/products/living-room-accents-cocktail-tables-hgtv-andor1oc
steinhafels,Bassett,HGTV,Andora Chairside Table,859AND212,Other,Stationary,,Unspecified,833.32,833.32,,https://www.steinhafels.com/products/living-room-accents-end-tables-hgtv-andor3oc
steinhafels,Ashley,ASHY,Ashe Console Bar Set,885ASHE43,Other,Stationary,,Unspecified,699.99,777.77,10.0,https://www.steinhafels.com/products/living-room-accents-console-tables-885ashe43
steinhafels,Ashley,ASHY,Melissa Loveseat,606151394,Loveseat,Stationary,,Unspecified,476.99,529.99,10.0,https://www.steinhafels.com/products/ashy-melis1lr
steinhafels,Jackson/Catnapper,JACK,Snuggler 3-Pc. Sectional,498PKG715,Sectional,Stationary,,Fabric,2554.19,2837.99,10.0,https://www.steinhafels.com/products/living-room-sofas-sectionals-sectionals-jack-snugg10lr
steinhafels,Ashley,ASHY,Melissa Rocker Recliner,319543536,Recliner,Motion,,Unspecified,431.99,479.99,10.0,https://www.steinhafels.com/products/living-room-chairs-ottomans-recliners-ashy-melis2lr
steinhafels,Ashley,ASHY,Melissa Queen Sleeper,495MTO026,Sofa,Stationary,,Unspecified,999.99,1111.1,10.0,https://www.steinhafels.com/products/living-room-sofas-sectionals-sleeper-sofas-ashy-melis3lr
steinhafels,Ashley,ASHY,Melissa Sofa,369Z81254,Sofa,Stationary,,Unspecified,499.99,555.54,10.0,https://www.steinhafels.com/products/living-room-sofas-sectionals-sofas-ashy-melislr
steinhafels,Ashley,ASHY,Melissa 2-Pc. Sectional,280MPK097,Sectional,Stationary,,Unspecified,1099.99,1222.21,10.0,https://www.steinhafels.com/products/living-room-sofas-sectionals-sectionals-ashy-melis5lr
steinhafels,Ashley,ASHY,Melissa Oversized Ottoman,101MTO467,Ottoman,Stationary,,Unspecified,314.99,349.99,10.0,https://www.steinhafels.com/products/living-room-chairs-ottomans-ottomans-ashy-melis4lr
steinhafels,Flexsteel,FLXD,Eclipse End Table,849ECL191,Other,Stationary,,Unspecified,722.21,722.21,,https://www.steinhafels.com/products/living-room-accents-end-tables-flxd-eclip2oc
steinhafels,Flexsteel,FLEX,Shawna Power Headrest Swivel Glider Recliner,560Z83830,Recliner,Motion,Power,Unspecified,1628.99,1809.99,10.0,https://www.steinhafels.com/products/living-room-chairs-ottomans-recliners-flex-shawn4lr
steinhafels,Flexsteel,FLXD,Eclipse Cocktail Table,848ECL414,Other,Stationary,,Unspecified,1555.54,1555.54,,https://www.steinhafels.com/products/living-room-accents-cocktail-tables-flxd-eclip3oc
steinhafels,Flexsteel,FLEX,Shawna Power Headrest Reclining Sofa With Drop Down Table,347Z63949,Sofa,Motion,Power,Unspecified,2399.99,2666.65,10.0,https://www.steinhafels.com/products/living-room-sofas-sectionals-reclining-sofas-loveseats-flex-shawn1lr
steinhafels,La-Z-Boy,LAZB,Jasper Rocker Recliner,567751209,Recliner,Motion,,Fabric,729.99,811.1,10.0,https://www.steinhafels.com/products/living-room-chairs-ottomans-recliners-lazb-jaspelr
steinhafels,Flexsteel,FLEX,Shawna Power Headrest Reclining Console Loveseat,906Z73837,Loveseat,Motion,Power,Unspecified,2699.99,2699.99,,https://www.steinhafels.com/products/living-room-sofas-sectionals-reclining-sofas-loveseats-flex-shawn2lr
steinhafels,Flexsteel,FLXD,"Eclipse 76"" Console",800ECL179,Other,Stationary,,Unspecified,2777.77,2777.77,,https://www.steinhafels.com/products/living-room-accents-console-tables-flxd-eclip1oc
steinhafels,Flexsteel,FLEX,Shawna Power Headrest Reclining Loveseat,435068800,Loveseat,Motion,Power,Unspecified,2285.99,2539.99,10.0,https://www.steinhafels.com/products/living-room-sofas-sectionals-reclining-sofas-loveseats-flex-shawn3lr
steinhafels,La-Z-Boy,LAZB,Olympic Power Headrest Zero Gravity Reclining Loveseat,156556607,Loveseat,Motion,Power,Unspecified,2060.99,2289.99,10.0,https://www.steinhafels.com/products/living-room-sofas-sectionals-reclining-sofas-loveseats-lazb-olymp2lr
steinhafels,La-Z-Boy,LAZB,Olympic Power Headrest Zero Gravity Reclining Sofa,918426741,Sofa,Motion,Power,Unspecified,2332.99,2332.99,,https://www.steinhafels.com/products/living-room-sofas-sectionals-reclining-sofas-loveseats-lazb-olymp1lr
steinhafels,La-Z-Boy,LAZB,Olympic Power Headrest Zero Gravity Recliner,124Z19080,Recliner,Motion,Power,Unspecified,1299.99,1444.43,10.0,https://www.steinhafels.com/products/living-room-chairs-ottomans-recliners-lazb-olymp3lr
steinhafels,La-Z-Boy,LAZB,Wynne Rocker Recliner With Contour Seat Cushion,173309451,Recliner,Motion,,Fabric,999.99,1111.1,10.0,https://www.steinhafels.com/products/living-room-chairs-ottomans-recliners-lazb-wynnelr
steinhafels,Southern Motion,SOMO,Aubrey Fully Loaded Zero Gravity Reclining Loveseat With SoCozi,844414726,Loveseat,Motion,,Unspecified,2429.99,2699.99,10.0,https://www.steinhafels.com/products/living-room-sofas-sectionals-loveseats-844414726
steinhafels,Southern Motion,SOMO,Aubrey Fully Loaded Wall Saver Recliner With SoCozi,496Z52188,Recliner,Motion,,Unspecified,1412.99,1569.99,10.0,https://www.steinhafels.com/products/living-room-chairs-ottomans-recliners-496z52188
steinhafels,Bassett,HGTV,True Custom Leather Swivel Chair,271Z12224,Chair,Stationary,,Leather,2564.99,2849.99,10.0,https://www.steinhafels.com/products/living-room-chairs-ottomans-accent-chairs-271z12224
steinhafels,Bassett,HGTV,True Custom Classic Sofa,860Z11276,Sofa,Stationary,,Leather,3599.99,3999.99,10.0,https://www.steinhafels.com/products/living-room-sofas-sectionals-sofas-860z11276
steinhafels,Bassett,HGTV,True Custom Great Room Sofa,893Z38913,Sofa,Stationary,,Leather,3199.99,3555.54,10.0,https://www.steinhafels.com/products/living-room-sofas-sectionals-sofas-893z38913
steinhafels,Ashley,ASHY,Waylon Mirror,464925654,Other,Stationary,,Unspecified,199.79,221.99,10.0,https://www.steinhafels.com/products/bedroom-storage-mirrors-464925654
steinhafels,Southern Motion,SOMO,Aubrey Fully Loaded Zero Gravity Console Reclining Loveseat With SoCozi,351Z46284,Loveseat,Motion,,Unspecified,2599.98,2888.87,10.0,https://www.steinhafels.com/products/living-room-sofas-sectionals-reclining-sofas-loveseats-351z46284
steinhafels,Ashley,ASHY,Waylon Chest,500413311,Other,Stationary,,Unspecified,949.49,1054.99,10.0,https://www.steinhafels.com/products/bedroom-storage-chests-500413311
steinhafels,Bassett,HGTV,True Custom Chair Standard Depth,409093517,Chair,Stationary,,Leather,1889.99,2099.99,10.0,https://www.steinhafels.com/products/living-room-chairs-ottomans-accent-chairs-409093517
steinhafels,Flexsteel,FLXD,Flexsteel Digby Chair,947Z09665,Chair,Stationary,,Unspecified,1249.99,1388.88,10.0,https://www.steinhafels.com/products/living-room-chairs-ottomans-accent-chairs-947z09665
steinhafels,Flexsteel,FLXD,Bellevue Round Cocktail Table,848BLL799,Other,Stationary,,Unspecified,749.99,833.32,10.0,https://www.steinhafels.com/products/living-room-accents-cocktail-tables-848bll799
steinhafels,Ashley,ASHY,Waylon Nightstand,470753140,Other,Stationary,,Unspecified,549.89,610.99,10.0,https://www.steinhafels.com/products/bedroom-storage-nightstands-470753140
steinhafels,Flexsteel,FLXD,Flexsteel Digby Loveseat,815440822,Loveseat,Stationary,,Unspecified,2099.99,2333.32,10.0,https://www.steinhafels.com/products/living-room-sofas-sectionals-loveseats-815440822
steinhafels,Flexsteel,FLXD,Flexsteel Digby Sofa,669Z19339,Sofa,Stationary,,Unspecified,2199.99,2444.43,10.0,https://www.steinhafels.com/products/living-room-sofas-sectionals-sofas-669z19339
steinhafels,Bassett,HGTV,Grain Console Table,885GRN352,Other,Stationary,,Unspecified,1722.21,1722.21,,https://www.steinhafels.com/products/living-room-accents-console-tables-885grn352
steinhafels,Flexsteel,FLXD,Bellevue End Table,849BLL356,Other,Stationary,,Unspecified,449.99,499.99,10.0,https://www.steinhafels.com/products/living-room-accents-end-tables-849bll356
steinhafels,Flexsteel,FLXD,"Bellevue 68"" Console",801BLL261,Other,Stationary,,Unspecified,1799.99,1999.99,10.0,https://www.steinhafels.com/products/living-room-accents-media-consoles-fireplaces-801bll261
steinhafels,Bassett,HGTV,True Custom Chair Deep Depth,105387335,Chair,Stationary,,Leather,2204.99,2449.99,10.0,https://www.steinhafels.com/products/living-room-chairs-ottomans-accent-chairs-105387335
steinhafels,La-Z-Boy,LAZB,Scout Storage Cocktail Ottoman,501Z94530,Ottoman,Stationary,,Unspecified,377.99,419.99,10.0,https://www.steinhafels.com/products/living-room-chairs-ottomans-ottomans-501z94530
steinhafels,Southern Motion,SOMO,Aubrey Fully Loaded Zero Gravity Reclining Sofa With SoCozi,858Z96297,Sofa,Motion,,Unspecified,2499.99,2777.77,10.0,https://www.steinhafels.com/products/living-room-sofas-sectionals-reclining-sofas-loveseats-858z96297
steinhafels,Ashley,ASHY,Hanna Nightstand,470763982,Other,Stationary,,Unspecified,269.99,299.99,10.0,https://www.steinhafels.com/products/kids-storage-nightstands-470763982
steinhafels,Flexsteel,FLXD,Bellevue Chairside Table,859BLL983,Other,Stationary,,Unspecified,444.43,444.43,,https://www.steinhafels.com/products/living-room-accents-end-tables-859bll983
steinhafels,Flexsteel,FLXD,Verona Cocktail Table,848VRN847,Other,Stationary,,Fabric,722.21,722.21,,https://www.steinhafels.com/products/living-room-accents-cocktail-tables-848vrn847
steinhafels,Flexsteel,FLXD,Verona End Table,849VRN889,Other,Stationary,,Unspecified,277.77,277.77,,https://www.steinhafels.com/products/living-room-accents-end-tables-849vrn889
steinhafels,Ashley,ASHY,Two Tone Door Chairside Table,859409065,Other,Stationary,,Unspecified,388.88,388.88,,https://www.steinhafels.com/products/living-room-accents-end-tables-859409065
steinhafels,Flexsteel,FLXD,Verona Accent Table,859VRN750,Chair,Stationary,,Unspecified,555.54,555.54,,https://www.steinhafels.com/products/living-room-accents-end-tables-859vrn750
steinhafels,Ashley,ASHY,Hanna Bed,406TP4301,Other,Stationary,,Unspecified,349.19,387.99,10.0,https://www.steinhafels.com/products/bedroom-bed-sizes-twin-ashy-hannabr
steinhafels,Flexsteel,FLEX,Hank Leather 7-Pc. Fully Loaded Zero Gravity Reclining Modula,329PKG121,Sectional,Motion,,Leather,8398.79,9331.99,10.0,https://www.steinhafels.com/products/living-room-sofas-sectionals-reclining-sectionals-flex-hankm5lr
steinhafels,Flexsteel,FLEX,Hank Leather 3-Pc. Fully Loaded Zero Gravity Reclining Console Loveseat,117PKG418,Sectional,Motion,,Leather,3723.29,4136.99,10.0,https://www.steinhafels.com/products/living-room-sofas-sectionals-reclining-sofas-loveseats-flex-hankm2lr
steinhafels,Flexsteel,FLEX,Hank Leather 6-Pc. Fully Loaded Zero Gravity Reclining Modular,237PKG574,Sectional,Motion,,Leather,7914.59,8793.99,10.0,https://www.steinhafels.com/products/living-room-sofas-sectionals-reclining-sectionals-flex-hankm4lr
steinhafels,Flexsteel,FLXD,"Zen Cove Leather Fully Loaded Swivel Recliner with Heat, Massage, Storage Console and Wireless Remote",498Z13474,Recliner,Motion,,Leather,3199.99,3555.54,10.0,https://www.steinhafels.com/products/living-room-chairs-ottomans-recliners-flxd-zenco1lr
steinhafels,Ashley,ASHY,Waylon Upholstered Storage Bed,414UQP504,Other,Stationary,,Fabric,1099.79,1221.99,10.0,https://www.steinhafels.com/products/bedroom-beds-headboards-beds-ashy-waylobr
steinhafels,Flexsteel,FLXD,Pouf Ottoman,529Z79291,Ottoman,Stationary,,Unspecified,349.99,388.88,10.0,https://www.steinhafels.com/products/living-room-chairs-ottomans-ottomans-flxd-wests1lr
steinhafels,Flexsteel,FLXD,"Zen Haven Leather Power Swivel Recliner with Power Headrest, Heat, Massage, Ventilation and Wireless Remote",729839672,Recliner,Motion,Power,Leather,4111.1,4111.1,,https://www.steinhafels.com/products/living-room-chairs-ottomans-recliners-flxd-zenha1lr
steinhafels,Ashley,ASHY,Tahoe Panel Bed,406TP9970,Other,Stationary,,Unspecified,339.5,377.22,10.0,https://www.steinhafels.com/products/kids-beds-cribs-beds-ashy-tahoebr
steinhafels,Flexsteel,FLEX,Hank Leather 5-Pc. Fully Loaded Zero Gravity Reclining Modular,542PKG487,Sectional,Motion,,Leather,7186.49,7984.99,10.0,https://www.steinhafels.com/products/living-room-sofas-sectionals-reclining-sectionals-flex-hankm3lr
steinhafels,Flexsteel,FLEX,Hank Leather 2-Pc. Fully Loaded Zero Gravity Reclining Loveseat,134PKG172,Sectional,Motion,,Leather,3239.09,3598.99,10.0,https://www.steinhafels.com/products/living-room-sofas-sectionals-reclining-sofas-loveseats-flex-hankm1lr
steinhafels,Flexsteel,FLXD,Flexsteel Morgan Power Recliner,361Z76226,Recliner,Motion,Power,Unspecified,1549.99,1722.21,10.0,https://www.steinhafels.com/products/living-room-chairs-ottomans-recliners-361z76226
steinhafels,Bassett,HGTV,Grain Rectangle Cocktail Table,848GRN854,Other,Stationary,,Unspecified,1599.99,1777.77,10.0,https://www.steinhafels.com/products/living-room-accents-cocktail-tables-848grn854
steinhafels,Flexsteel,FLXD,Atticus Power Headrest Rocker Recliner,823Z55227,Recliner,Motion,Power,Fabric,1849.99,2055.54,10.0,https://www.steinhafels.com/products/living-room-chairs-ottomans-recliners-823z55227
steinhafels,Flexsteel,FLXD,Bellevue Rectangle Cocktail Table,848BLL688,Other,Stationary,,Unspecified,749.99,833.32,10.0,https://www.steinhafels.com/products/living-room-accents-cocktail-tables-848bll688
steinhafels,Flexsteel,FLXD,Briar Swivel Glider Recliner,404Z94086,Recliner,Motion,,Unspecified,1399.99,1555.54,10.0,https://www.steinhafels.com/products/living-room-chairs-ottomans-recliners-404z94086
steinhafels,Southern Motion,SOMO,Marilyn Wall Saver Recliner,155Z42871,Recliner,Motion,,Fabric,899.99,999.99,10.0,https://www.steinhafels.com/products/living-room-chairs-ottomans-recliners-155z42871
steinhafels,Southern Motion,SOMO,Saturn Leather Power Headrest Zero Gravity Recliner With SoCozi,761Z80809,Recliner,Motion,Power,Leather,1399.99,1944.43,28.0,https://www.steinhafels.com/products/living-room-chairs-ottomans-recliners-761z80809
steinhafels,Flexsteel,FLEX,Midtown Panel Bed,414PQ5383,Other,Stationary,,Unspecified,1299.59,1443.99,10.0,https://www.steinhafels.com/products/bedroom-beds-headboards-beds-flex-midtobr
steinhafels,La-Z-Boy,LAZB,Ace Fully Loaded Wall Saver Rclnr w Wireless Remote,907Z28983,Recliner,Motion,,Leather,1849.99,2055.54,10.0,https://www.steinhafels.com/products/living-room-chairs-ottomans-recliners-907z28983
steinhafels,Bassett,HGTV,Pippa Accent Chair,638Z75833,Chair,Stationary,,Unspecified,1849.99,2055.54,10.0,https://www.steinhafels.com/products/living-room-chairs-ottomans-accent-chairs-638z75833
steinhafels,Bassett,HGTV,Maris Push Back Recliner,385Z48137,Recliner,Motion,,Unspecified,1889.99,2099.99,10.0,https://www.steinhafels.com/products/living-room-chairs-ottomans-accent-chairs-385z48137
steinhafels,Bassett,HGTV,Recline Your Way Leather Power Headrest Tall Back Recliner,355Z75192,Recliner,Motion,Power,Leather,3878.99,4309.99,10.0,https://www.steinhafels.com/products/living-room-chairs-ottomans-recliners-355z75192
steinhafels,La-Z-Boy,LAZB,Jean Lift Chair,408Z89797,Recliner,Motion,,Fabric,929.99,1033.32,10.0,https://www.steinhafels.com/products/living-room-chairs-ottomans-lift-chairs-408z89797
steinhafels,La-Z-Boy,LAZB,James Leather Swivel Rocker Recliner,851Z73615,Recliner,Motion,,Leather,1249.99,1388.88,10.0,https://www.steinhafels.com/products/living-room-chairs-ottomans-recliners-851z73615
steinhafels,La-Z-Boy,LAZB,Trouper Leather Fully Loaded Rocker Recliner with Wireless Remote,193Z77078,Recliner,Motion,,Leather,1699.99,1888.88,10.0,https://www.steinhafels.com/products/living-room-chairs-ottomans-recliners-193z77078
steinhafels,Ashley,ASHY,Warrior Reclining Console Loveseat,176Z86802,Loveseat,Motion,,Unspecified,799.99,888.88,10.0,https://www.steinhafels.com/products/living-room-sofas-sectionals-reclining-sofas-loveseats-176z86802
steinhafels,Ashley,ASHY,Adeline Upholstered Side Chair,650673796,Chair,Stationary,,Unspecified,189.89,210.99,10.0,https://www.steinhafels.com/products/dining-seating-dining-chairs-650673796
steinhafels,Ashley,ASHY,"Adeline 84-108"" Dining Table",605820691,Other,Stationary,,Unspecified,849.59,943.99,10.0,https://www.steinhafels.com/products/dining-tables-dining-tables-605820691
steinhafels,Ashley,ASHY,Tahoe Dresser,450796292,Other,Stationary,,Unspecified,499.49,554.99,10.0,https://www.steinhafels.com/products/kids-storage-dressers-450796292
steinhafels,Ashley,ASHY,Marion Side Chair,650973872,Chair,Stationary,,Unspecified,149.39,165.99,10.0,https://www.steinhafels.com/products/dining-seating-dining-chairs-650973872
steinhafels,Flexsteel,FLEX,Midtown Chest,500952722,Other,Stationary,,Unspecified,1249.19,1387.99,10.0,https://www.steinhafels.com/products/bedroom-storage-chests-500952722
steinhafels,Ashley,ASHY,Waylon Dresser,450927326,Other,Stationary,,Unspecified,1149.29,1276.99,10.0,https://www.steinhafels.com/products/bedroom-storage-dressers-450927326
steinhafels,Ashley,ASHY,Tahoe Chest,500703500,Other,Stationary,,Unspecified,479.69,532.99,10.0,https://www.steinhafels.com/products/kids-storage-chests-500703500
steinhafels,Ashley,ASHY,Tahoe Nightstand,470109321,Other,Stationary,,Unspecified,239.39,265.99,10.0,https://www.steinhafels.com/products/kids-storage-nightstands-470109321
steinhafels,Ashley,ASHY,Monarch Buffet and Hutch,660P56849,Other,Stationary,,Unspecified,2729.69,3032.99,10.0,https://www.steinhafels.com/products/dining-storage-buffets-660p56849
steinhafels,Ashley,ASHY,Monarch Upholstered Arm Chair,655846871,Chair,Stationary,,Unspecified,259.19,287.99,10.0,https://www.steinhafels.com/products/dining-seating-dining-chairs-655846871
steinhafels,Ashley,ASHY,Carrara Brown End Table,849CRR504,Other,Stationary,,Unspecified,299.99,333.32,10.0,https://www.steinhafels.com/products/living-room-accents-end-tables-849crr504
steinhafels,Flexsteel,FLEX,Midtown Dresser,450141726,Other,Stationary,,Unspecified,1399.49,1554.99,10.0,https://www.steinhafels.com/products/bedroom-storage-dressers-450141726
steinhafels,Flexsteel,FLEX,Midtown Mirror,464125967,Other,Stationary,,Unspecified,299.69,332.99,10.0,https://www.steinhafels.com/products/bedroom-storage-mirrors-464125967
steinhafels,Ashley,ASHY,Monarch Upholstered Side Chair,650879130,Chair,Stationary,,Unspecified,199.79,221.99,10.0,https://www.steinhafels.com/products/dining-seating-dining-chairs-650879130
steinhafels,Ashley,ASHY,Marion Bench,640688251,Other,Stationary,,Unspecified,189.89,210.99,10.0,https://www.steinhafels.com/products/dining-seating-benches-640688251
steinhafels,Ashley,ASHY,Adeline Server,660215097,Other,Stationary,,Unspecified,929.69,1032.99,10.0,https://www.steinhafels.com/products/dining-storage-sideboards-660215097
steinhafels,Ashley,ASHY,Tahoe Mirror,464537143,Other,Stationary,,Unspecified,99.89,110.99,10.0,https://www.steinhafels.com/products/kids-study-play-mirrors-464537143
steinhafels,Ashley,ASHY,"Marion 60-78"" Dining Table",605948774,Other,Stationary,,Unspecified,589.49,654.99,10.0,https://www.steinhafels.com/products/dining-tables-dining-tables-605948774
steinhafels,Flexsteel,FLEX,Midtown Nightstand,470410698,Other,Stationary,,Unspecified,499.49,554.99,10.0,https://www.steinhafels.com/products/bedroom-storage-nightstands-470410698
steinhafels,Ashley,ASHY,Two Tone Console Bar Set,885TWT628,Other,Stationary,,Unspecified,611.1,611.1,,https://www.steinhafels.com/products/living-room-accents-console-tables-885twt628
steinhafels,Ashley,ASHY,Carrara Brown Cocktail Table,848CRR277,Other,Stationary,,Unspecified,833.32,833.32,,https://www.steinhafels.com/products/living-room-accents-cocktail-tables-848crr277
steinhafels,Ashley,ASHY,Brandt Leather Swivel Accent Chair,300Z93396,Chair,Stationary,,Leather,549.99,611.1,10.0,https://www.steinhafels.com/products/living-room-chairs-ottomans-accent-chairs-ashy-brandlr
steinhafels,Ashley,ASHY,Honey Full Sleeper Sofa,350990676,Sofa,Stationary,,Unspecified,863.99,959.99,10.0,https://www.steinhafels.com/products/living-room-sofas-sectionals-sofas-ashy-honey6lr
steinhafels,Jackson/Catnapper,JACK,Snuggler Cocktail Ottoman,374417167,Ottoman,Stationary,,Fabric,474.29,526.99,10.0,https://www.steinhafels.com/products/living-room-chairs-ottomans-ottomans-jack-snugg9lr
steinhafels,Ashley,ASHY,Counsell Cocktail Ottoman,579316208,Ottoman,Stationary,,Fabric,302.39,335.99,10.0,https://www.steinhafels.com/products/living-room-chairs-ottomans-ottomans-ashy-couns3lr
steinhafels,Flexsteel,FLXD,Carpenter Square Cocktail,848CRP539,Other,Stationary,,Unspecified,833.32,833.32,,https://www.steinhafels.com/products/living-room-accents-cocktail-tables-flxd-carpe9oc
steinhafels,Ashley,ASHY,"Pine Ridge 60"" Counter Island Table",635387036,Other,Stationary,,Unspecified,869.39,965.99,10.0,https://www.steinhafels.com/products/dining-tables-counter-and-pub-tables-635387036
steinhafels,Ashley,ASHY,Honey Sofa,442Z14603,Sofa,Stationary,,Unspecified,499.99,555.54,10.0,https://www.steinhafels.com/products/living-room-sofas-sectionals-sofas-ashy-honey7lr
steinhafels,Jackson/Catnapper,JACK,Playproof Ottoman,302457408,Ottoman,Stationary,,Fabric,386.99,429.99,10.0,https://www.steinhafels.com/products/living-room-chairs-ottomans-ottomans-jack-playp5lr
steinhafels,Ashley,ASHY,Skylar Rocker Recliner,387Z46083,Recliner,Motion,,Unspecified,449.99,499.99,10.0,https://www.steinhafels.com/products/living-room-chairs-ottomans-recliners-ashy-skyla3lr
steinhafels,Ashley,ASHY,Marina Power Headrest Recliner,577Z91244,Recliner,Motion,Power,Unspecified,849.99,944.43,10.0,https://www.steinhafels.com/products/living-room-chairs-ottomans-recliners-ashy-marinlr
steinhafels,Jackson/Catnapper,JACK,Camden 4-Pc. Leather Sectional,624PKG159,Sectional,Stationary,,Leather,4799.69,5332.99,10.0,https://www.steinhafels.com/products/living-room-sofas-sectionals-sectionals-jack-camde4lr
steinhafels,Ashley,ASHY,Hudson Metal Bed,990256381,Other,Stationary,,Unspecified,365.99,365.99,,https://www.steinhafels.com/products/bedroom-bed-sizes-twin-ashy-hudso5br
steinhafels,Jackson/Catnapper,JACK,Camden 3-Pc. Leather Sectional,355PKG142,Sectional,Stationary,,Leather,3969.89,4410.99,10.0,https://www.steinhafels.com/products/living-room-sofas-sectionals-sectionals-jack-camde5lr
steinhafels,Jackson/Catnapper,JACK,Playproof Chair,164MTO727,Chair,Stationary,,Fabric,719.99,799.99,10.0,https://www.steinhafels.com/products/living-room-chairs-ottomans-accent-chairs-jack-playp4lr
steinhafels,Flexsteel,FLEX,Zecliner Model 3 Petite Fully Loaded Lift With Heat And Massage,471210531,Recliner,Motion,,Fabric,2799.99,3111.1,10.0,https://www.steinhafels.com/products/living-room-chairs-ottomans-recliners-flex-z3pellr
steinhafels,Ashley,ASHY,Ronan Leather Swivel Accent Chair,195MTO885,Chair,Stationary,,Leather,599.99,666.65,10.0,https://www.steinhafels.com/products/living-room-chairs-ottomans-accent-chairs-ashy-ronanlr
steinhafels,Jackson/Catnapper,JACK,Playproof Gliding Loveseat,253MTO841,Loveseat,Stationary,,Fabric,999.99,1111.1,10.0,https://www.steinhafels.com/products/living-room-sofas-sectionals-loveseats-jack-playp2lr
steinhafels,Jackson/Catnapper,JACK,Playproof Sofa With Drop Down Table,220Z55487,Sofa,Stationary,,Fabric,999.99,1111.1,10.0,https://www.steinhafels.com/products/living-room-sofas-sectionals-sofas-jack-playp1lr
steinhafels,Ashley,ASHY,Skylar Ottoman,182556783,Ottoman,Stationary,,Unspecified,296.99,329.99,10.0,https://www.steinhafels.com/products/living-room-chairs-ottomans-ottomans-ashy-skyla4lr
steinhafels,La-Z-Boy,LAZB,Clybourn Leather Power Headrest Zero Gravity High Leg Recliner,422Z04048,Recliner,Motion,Power,Leather,1899.99,2111.1,10.0,https://www.steinhafels.com/products/living-room-chairs-ottomans-recliners-lazb-clybo1lr
steinhafels,Jackson/Catnapper,JACK,Camden 2-Pc. Leather Sectional,242PK5243,Sectional,Stationary,,Leather,3459.59,3843.99,10.0,https://www.steinhafels.com/products/living-room-sofas-sectionals-sectionals-jack-camde6lr
steinhafels,Jackson/Catnapper,JACK,Playproof Loveseat,351MTO910,Loveseat,Stationary,,Fabric,944.99,1049.99,10.0,https://www.steinhafels.com/products/living-room-sofas-sectionals-loveseats-jack-playp3lr
steinhafels,Best Home Furnishings,BSCH,Riviera Power Wall Saver Recliner,114Z78882,Recliner,Motion,Power,Unspecified,779.99,866.66,10.0,https://www.steinhafels.com/products/living-room-chairs-ottomans-recliners-114z78882
steinhafels,Best Home Furnishings,BSCH,Baxter Leather Rocker Recliner,815Z78878,Recliner,Motion,,Leather,949.99,1055.54,10.0,https://www.steinhafels.com/products/living-room-chairs-ottomans-recliners-815z78878
steinhafels,Ashley,ASHY,Warrior Reclining Sofa,539Z05069,Sofa,Motion,,Unspecified,799.99,888.88,10.0,https://www.steinhafels.com/products/living-room-sofas-sectionals-reclining-sofas-loveseats-539z05069
steinhafels,Ashley,ASHY,Warrior Recliner,696Z39078,Recliner,Motion,,Unspecified,539.99,599.99,10.0,https://www.steinhafels.com/products/living-room-chairs-ottomans-recliners-696z39078
steinhafels,Best Home Furnishings,BSCH,Emelia Accent Chair,220Z28191,Chair,Stationary,,Unspecified,849.99,944.43,10.0,https://www.steinhafels.com/products/living-room-chairs-ottomans-accent-chairs-220z28191
steinhafels,Ashley,ASHY,"Monarch 72-108"" Dining Table",605P32314,Other,Stationary,,Unspecified,1332.99,1332.99,,https://www.steinhafels.com/products/605p32314
steinhafels,Ashley,ASHY,Monarch Upholstered Storage Bench,640304481,Other,Stationary,,Unspecified,499.99,499.99,,https://www.steinhafels.com/products/640304481
steinhafels,Ashley,ASHY,Logan Chest In Honey,500812699,Other,Stationary,,Unspecified,349.19,387.99,10.0,https://www.steinhafels.com/products/kids-storage-chests-500812699
steinhafels,Ashley,ASHY,Logan Dresser In Honey,450374750,Other,Stationary,,Unspecified,449.09,498.99,10.0,https://www.steinhafels.com/products/kids-storage-dressers-450374750
steinhafels,Ashley,ASHY,Berlin Cocktail Ottoman in Carbon,692Z61795,Ottoman,Stationary,,Leather,323.99,359.99,10.0,https://www.steinhafels.com/products/living-room-chairs-ottomans-ottomans-692z61795
steinhafels,Jackson/Catnapper,JACK,Snuggler 5-Pc. Console Sectional,516PKG785,Sectional,Stationary,,Fabric,3950.09,4388.99,10.0,https://www.steinhafels.com/products/living-room-sofas-sectionals-sectionals-jack-snugg8lr
steinhafels,Ashley,ASHY,Lakeside 2-Pc. Sectional,552QPKG04,Sectional,Stationary,,Unspecified,1499.99,1666.65,10.0,https://www.steinhafels.com/products/living-room-sofas-sectionals-sectionals-ashy-lakes1lr
steinhafels,Ashley,ASHY,Gerald Fully Loaded Lift Chair w Heat and Massage,249452611,Recliner,Motion,,Leather,1669.99,1855.54,10.0,https://www.steinhafels.com/products/living-room-chairs-ottomans-recliners-ashy-gerallr
steinhafels,Ashley,ASHY,"Floral Lady Embellished Framed Painting 50""W x 40""H",030037143,Other,Stationary,,Unspecified,224.99,249.99,10.0,https://www.steinhafels.com/products/home-decor-wall-decor-wall-art-030037143
steinhafels,Ashley,ASHY,"Beige and Grey Textured Pouf 23""W x 14""H",064096323,Other,Stationary,,Unspecified,197.99,219.99,10.0,https://www.steinhafels.com/products/home-decor-pillows-poufs-throws-poufs-064096323
steinhafels,Ashley,ASHY,"Brown, Black, and Grey Abstract Hand Painted Framed Canvas 48""W x 72""H",030050871,Other,Stationary,,Unspecified,386.99,429.99,10.0,https://www.steinhafels.com/products/home-decor-wall-decor-wall-art-030050871
steinhafels,Ashley,ASHY,"Black and White Dude Wall Art 24""W x 30""H",032080511,Other,Stationary,,Unspecified,71.99,79.99,10.0,https://www.steinhafels.com/products/home-decor-wall-decor-wall-art-032080511
steinhafels,Ashley,ASHY,"Bronze Metal Urban Pulley Desk Lamp 29.5""H",004052229,Other,Stationary,,Unspecified,224.99,249.99,10.0,https://www.steinhafels.com/products/home-decor-lighting-table-lamps-004052229
steinhafels,Ashley,ASHY,"Black and White Periodic Table Framed Canvas Wall Art 48""W x 36""H",032092171,Other,Stationary,,Unspecified,134.99,149.99,10.0,https://www.steinhafels.com/products/home-decor-wall-decor-wall-art-032092171
steinhafels,Ashley,ASHY,"Black and White Highland Cow Framed Canvas Art 48""W x 36""H",032043875,Other,Stationary,,Unspecified,179.99,199.99,10.0,https://www.steinhafels.com/products/home-decor-wall-decor-wall-art-032043875
steinhafels,Ashley,ASHY,"Cream Textured Paper Composite Table Lamp 27""H",006020031,Other,Stationary,,Unspecified,161.99,179.99,10.0,https://www.steinhafels.com/products/home-decor-lighting-table-lamps-006020031
steinhafels,Ashley,ASHY,"Blue and Tan Pouf 16""W x 16""H",064029335,Other,Stationary,,Unspecified,143.99,159.99,10.0,https://www.steinhafels.com/products/home-decor-pillows-poufs-throws-poufs-064029335
steinhafels,Ashley,ASHY,"Tranquil Green Trees Hand Embellished Framed Canvas 48""W x 36""H",030066208,Other,Stationary,,Unspecified,134.99,149.99,10.0,https://www.steinhafels.com/products/home-decor-wall-decor-wall-art-030066208
steinhafels,Ashley,ASHY,"Grey Textured Pouf 16""W x 16""H",064053362,Other,Stationary,,Unspecified,143.99,159.99,10.0,https://www.steinhafels.com/products/home-decor-pillows-poufs-throws-poufs-064053362
steinhafels,Ashley,ASHY,"Blue and White Geo Pouf 22.25""W x 14.5""H",064007076,Other,Stationary,,Unspecified,89.99,99.99,10.0,https://www.steinhafels.com/products/home-decor-pillows-poufs-throws-poufs-064007076
steinhafels,Ashley,ASHY,"Beige and White Ceramic Table Lamp 26.5""H",006085005,Other,Stationary,,Unspecified,179.99,199.99,10.0,https://www.steinhafels.com/products/home-decor-lighting-table-lamps-006085005
steinhafels,Ashley,ASHY,"Amber Glass Table Lamp 27""H",007071046,Other,Stationary,,Unspecified,152.99,169.99,10.0,https://www.steinhafels.com/products/home-decor-lighting-table-lamps-007071046
steinhafels,Ashley,ASHY,"Gold Mercury Glass Table Lamp 27.75""H",007062015,Other,Stationary,,Unspecified,179.99,199.99,10.0,https://www.steinhafels.com/products/home-decor-lighting-table-lamps-007062015
steinhafels,Ashley,ASHY,"Black and White Warehouse Wall Art 48""W x 36""H",032017815,Other,Stationary,,Unspecified,224.99,249.99,10.0,https://www.steinhafels.com/products/home-decor-wall-decor-wall-art-032017815
steinhafels,Ashley,ASHY,"Bronze Metal Dome Floor Lamp 61.5""H",001050784,Other,Stationary,,Unspecified,269.99,299.99,10.0,https://www.steinhafels.com/products/home-decor-lighting-floor-lamps-001050784
steinhafels,Ashley,ASHY,"Wood Arch Floor Mirror 38""W x 77""H",043051114,Other,Stationary,,Unspecified,449.99,499.99,10.0,https://www.steinhafels.com/products/home-decor-wall-decor-mirrors-043051114
steinhafels,Ashley,ASHY,"Alabaster and Brass Nitelite Table Lamp 29""H",006073275,Other,Stationary,,Unspecified,161.99,179.99,10.0,https://www.steinhafels.com/products/home-decor-lighting-table-lamps-006073275
steinhafels,Ashley,ASHY,"Set of 3 Geometric Framed Art 20""W x 20""H",032012495,Other,Stationary,,Unspecified,143.99,159.99,10.0,https://www.steinhafels.com/products/home-decor-wall-decor-wall-art-032012495
steinhafels,Ashley,ASHY,"Multi-Colored Curved Plank Design Art 20""W x 50""H",041065473,Other,Stationary,,Unspecified,224.99,249.99,10.0,https://www.steinhafels.com/products/home-decor-wall-decor-wall-art-041065473
steinhafels,Ashley,ASHY,"Black Metal Table Lamp 34""H",004014227,Other,Stationary,,Unspecified,152.99,169.99,10.0,https://www.steinhafels.com/products/home-decor-lighting-table-lamps-004014227
steinhafels,Ashley,ASHY,"Cream, Charcoal, Blue, and Tan Butterfly Hand Painted Framed Canvas 60""W x 36""H",030085378,Other,Stationary,,Unspecified,224.99,249.99,10.0,https://www.steinhafels.com/products/home-decor-wall-decor-wall-art-030085378
steinhafels,Ashley,ASHY,"Antique Black Metal Table Lamp 35""H",004030835,Other,Stationary,,Unspecified,269.99,299.99,10.0,https://www.steinhafels.com/products/home-decor-lighting-table-lamps-004030835
steinhafels,Ashley,ASHY,"Bronze Metal and Marble Adjustable Desk Lamp 30""H",004083314,Other,Stationary,,Unspecified,116.99,129.99,10.0,https://www.steinhafels.com/products/home-decor-lighting-desk-lampstask-lighting-004083314
steinhafels,Ashley,ASHY,"Orange and White Geo Pouf 22.25""W x 14.5""H",064029385,Other,Stationary,,Unspecified,89.99,99.99,10.0,https://www.steinhafels.com/products/home-decor-pillows-poufs-throws-poufs-064029385
steinhafels,Ashley,ASHY,"Honey Wood Table Lamp 30""H",005034630,Other,Stationary,,Unspecified,152.99,169.99,10.0,https://www.steinhafels.com/products/home-decor-lighting-table-lamps-005034630
steinhafels,Ashley,ASHY,"Tan and Ivory Geo Pouf 22.25""W x 14.5""H",064033556,Other,Stationary,,Unspecified,89.99,99.99,10.0,https://www.steinhafels.com/products/home-decor-pillows-poufs-throws-poufs-064033556
steinhafels,Ashley,ASHY,"Earthy Multi Stripe Pouf 16""W x 16""H",064007278,Other,Stationary,,Unspecified,143.99,159.99,10.0,https://www.steinhafels.com/products/home-decor-pillows-poufs-throws-poufs-064007278
steinhafels,Ashley,ASHY,"Black Metal Arch Leaner Mirror 30""W x 68""H",043004935,Other,Stationary,,Unspecified,269.99,299.99,10.0,https://www.steinhafels.com/products/home-decor-wall-decor-mirrors-043004935
steinhafels,Ashley,ASHY,"Brass and Glass Shade Table Lamp 22.25""H",004041839,Other,Stationary,,Unspecified,89.99,99.99,10.0,https://www.steinhafels.com/products/home-decor-lighting-table-lamps-004041839
steinhafels,Ashley,ASHY,"Black and White Let's Be Awesome Wall Art 24""W x 16""H",032015889,Other,Stationary,,Unspecified,31.49,34.99,10.0,https://www.steinhafels.com/products/home-decor-wall-decor-wall-art-032015889
steinhafels,Ashley,ASHY,"Black Metal Urban 3-Light Arc Lamp 83""H",001080011,Other,Stationary,,Unspecified,359.99,399.99,10.0,https://www.steinhafels.com/products/home-decor-lighting-floor-lamps-001080011
steinhafels,Ashley,ASHY,"Odyssey Tan Framed Canvas 40""W x 30""H",030047118,Other,Stationary,,Unspecified,116.99,129.99,10.0,https://www.steinhafels.com/products/home-decor-wall-decor-wall-art-030047118
steinhafels,Ashley,ASHY,"Black and White Field Sunrise Framed Print 86""W x 47""H",032036001,Other,Stationary,,Unspecified,422.99,469.99,10.0,https://www.steinhafels.com/products/home-decor-wall-decor-wall-art-032036001
steinhafels,Ashley,ASHY,"Clear Glass and Black Table Lamp 30.75""H",007090052,Other,Stationary,,Unspecified,107.99,119.99,10.0,https://www.steinhafels.com/products/home-decor-lighting-table-lamps-007090052
steinhafels,Ashley,ASHY,"Antique Silver Roman Numeral Metal Wall Clock 36""",045081055,Other,Stationary,,Unspecified,152.99,169.99,10.0,https://www.steinhafels.com/products/home-decor-wall-decor-clocks-045081055
steinhafels,Ashley,ASHY,"Black, Silver, and Orange Tree Framed Painting 72""W x 48""H",030004960,Other,Stationary,,Unspecified,314.99,349.99,10.0,https://www.steinhafels.com/products/home-decor-wall-decor-wall-art-030004960
steinhafels,Ashley,ASHY,"Honey Wood Floor Lamp 58""H",001034630,Other,Stationary,,Unspecified,269.99,299.99,10.0,https://www.steinhafels.com/products/home-decor-lighting-floor-lamps-001034630
steinhafels,Ashley,ASHY,"Cream and Gold Metal Tray With Handles 28""W x 31""H",054014082,Other,Stationary,,Unspecified,143.99,159.99,10.0,https://www.steinhafels.com/products/home-decor-home-accessories-trays-054014082
steinhafels,Ashley,ASHY,"Natural and White Jute-Cotton Pouf 19""W x 18""H",064096973,Other,Stationary,,Unspecified,143.99,159.99,10.0,https://www.steinhafels.com/products/home-decor-pillows-poufs-throws-poufs-064096973
steinhafels,Ashley,ASHY,"Moody Abstract Framed Painting 48""W x 72""H",030031941,Other,Stationary,,Unspecified,314.99,349.99,10.0,https://www.steinhafels.com/products/home-decor-wall-decor-wall-art-030031941
steinhafels,Ashley,ASHY,"Pair of Open Bronze Metal Table Lamps 30""H",0040SET21,Other,Stationary,,Fabric,197.99,219.99,10.0,https://www.steinhafels.com/products/home-decor-lighting-table-lamps-0040set21
steinhafels,Ashley,ASHY,"Crashing Waves Hand Embellished Canvas 50""W x 40""H",030080094,Other,Stationary,,Unspecified,197.99,219.99,10.0,https://www.steinhafels.com/products/home-decor-wall-decor-wall-art-030080094
steinhafels,Ashley,ASHY,"Black and Gold Metal Gears Wall Clock 32"" Round",045055558,Other,Stationary,,Unspecified,206.99,229.99,10.0,https://www.steinhafels.com/products/home-decor-wall-decor-clocks-045055558
steinhafels,Ashley,ASHY,"Navy Cotton-Velvet Pouf 16.5""W x 17.5""H",064017466,Other,Stationary,,Fabric,143.99,159.99,10.0,https://www.steinhafels.com/products/home-decor-pillows-poufs-throws-poufs-064017466
steinhafels,Ashley,ASHY,"Black Metal Floor Lamp 66""H",001077506,Other,Stationary,,Unspecified,179.99,199.99,10.0,https://www.steinhafels.com/products/home-decor-lighting-floor-lamps-001077506
steinhafels,Ashley,ASHY,"Set of 3 Mercury Glass Candleholders 9.5/12.5/15.5""H",0520SET02,Other,Stationary,,Unspecified,71.99,79.99,10.0,https://www.steinhafels.com/products/home-decor-home-accessories-candles-candle-holders-0520set02
steinhafels,Ashley,ASHY,"Bling Double Globe Silver Floor Lamp 59""H",001069690,Other,Stationary,,Unspecified,179.99,199.99,10.0,https://www.steinhafels.com/products/home-decor-lighting-floor-lamps-001069690
steinhafels,Ashley,ASHY,"Blue, Grey, and White Misty Forest Trees Framed Wall Art 47""W x 37""H",030712334,Other,Stationary,,Unspecified,242.99,269.99,10.0,https://www.steinhafels.com/products/home-decor-wall-decor-wall-art-030712334
steinhafels,Ashley,ASHY,"Natural Wood Floor Lamp 60""H",001059100,Other,Stationary,,Unspecified,242.99,269.99,10.0,https://www.steinhafels.com/products/home-decor-lighting-floor-lamps-001059100
steinhafels,Ashley,ASHY,"Brass with Black Shade Table Lamp 33""H",004097753,Other,Stationary,,Unspecified,161.99,179.99,10.0,https://www.steinhafels.com/products/home-decor-lighting-table-lamps-004097753
steinhafels,Ashley,ASHY,"Bronze Metal and Marble Adjustable Floor Lamp 59""H",001075329,Other,Stationary,,Unspecified,152.99,169.99,10.0,https://www.steinhafels.com/products/home-decor-lighting-floor-lamps-001075329
steinhafels,Ashley,ASHY,"Bronze Glass Table Lamp 28.25""H",007045297,Other,Stationary,,Unspecified,107.99,119.99,10.0,https://www.steinhafels.com/products/home-decor-lighting-table-lamps-007045297
steinhafels,Ashley,ASHY,"Natural and Black Jute Pouf 16""W x 16""H",064010538,Other,Stationary,,Unspecified,143.99,159.99,10.0,https://www.steinhafels.com/products/home-decor-pillows-poufs-throws-poufs-064010538
steinhafels,Ashley,ASHY,"Bison Glass Wall Art 48""W x 36""H",042034658,Other,Stationary,,Unspecified,197.99,219.99,10.0,https://www.steinhafels.com/products/home-decor-wall-decor-wall-art-042034658
steinhafels,Ashley,ASHY,"Pair of Black and Gold Rectangle Table Lamps 27""H",004PAIR47,Other,Stationary,,Fabric,179.99,199.99,10.0,https://www.steinhafels.com/products/home-decor-lighting-table-lamps-004pair47
steinhafels,Ashley,ASHY,"Brass and Glass Shade Floor Lamp 61.5""H",001041839,Other,Stationary,,Unspecified,116.99,129.99,10.0,https://www.steinhafels.com/products/home-decor-lighting-floor-lamps-001041839
steinhafels,Ashley,ASHY,"Ivory Storage Pouf 18""W x 17""H",064066045,Other,Stationary,,Fabric,143.99,159.99,10.0,https://www.steinhafels.com/products/home-decor-pillows-poufs-throws-poufs-064066045
steinhafels,Ashley,ASHY,"Vibrant Woman Hand Embellished Framed Canvas 48""W x 48""H",030088931,Other,Stationary,,Unspecified,197.99,219.99,10.0,https://www.steinhafels.com/products/home-decor-wall-decor-wall-art-030088931
steinhafels,Ashley,ASHY,"Black and Tan Framed Canvas 40""W x 40""H",030013194,Other,Stationary,,Unspecified,161.99,179.99,10.0,https://www.steinhafels.com/products/home-decor-wall-decor-wall-art-030013194
steinhafels,Ashley,ASHY,"Motorcycle Hand Painted Canvas Art 39""W x 49""H",030022326,Other,Stationary,,Unspecified,179.99,199.99,10.0,https://www.steinhafels.com/products/home-decor-wall-decor-wall-art-030022326
steinhafels,Ashley,ASHY,"Black Textured Floor Lamp 69.5""H",001051523,Other,Stationary,,Unspecified,242.99,269.99,10.0,https://www.steinhafels.com/products/home-decor-lighting-floor-lamps-001051523
steinhafels,Ashley,ASHY,"Bronze Metal Floor Lamp 65.5""H",001021442,Other,Stationary,,Unspecified,242.99,269.99,10.0,https://www.steinhafels.com/products/home-decor-lighting-floor-lamps-001021442
steinhafels,Ashley,ASHY,"Glass and Bronze Table Lamp 30""H",007079759,Other,Stationary,,Unspecified,134.99,149.99,10.0,https://www.steinhafels.com/products/home-decor-lighting-table-lamps-007079759
steinhafels,Ashley,ASHY,"Black Cotton-Velvet Pouf 16.5""W x 17.5""H",064022436,Other,Stationary,,Fabric,143.99,159.99,10.0,https://www.steinhafels.com/products/home-decor-pillows-poufs-throws-poufs-064022436
steinhafels,Ashley,ASHY,"Charcoal, Brown, and Cream Mosaic Stone Print Framed Wall Decor 87""W x 47""H",042074853,Other,Stationary,,Unspecified,359.99,399.99,10.0,https://www.steinhafels.com/products/home-decor-wall-decor-wall-art-042074853
steinhafels,Ashley,ASHY,"Motion Teal, Orange, and Black Framed Canvas 47""W x 71""H",030002680,Other,Motion,,Unspecified,296.99,329.99,10.0,https://www.steinhafels.com/products/home-decor-wall-decor-wall-art-030002680
steinhafels,Ashley,ASHY,"Black Wood Bowl 12""W x 6""H",051022873,Other,Stationary,,Unspecified,71.99,79.99,10.0,https://www.steinhafels.com/products/home-decor-home-accessories-vases-bowls-051022873
steinhafels,Ashley,ASHY,"Champagne Twist Metal Sculpture 7""W x 4""D x 21""H",054016491,Other,Stationary,,Unspecified,71.99,79.99,10.0,https://www.steinhafels.com/products/home-decor-home-accessories-sculptures-figurines-054016491
steinhafels,Ashley,ASHY,"Pair of Two Tone Table Lamps 29""H",009PR9524,Other,Stationary,,Unspecified,152.99,169.99,10.0,https://www.steinhafels.com/products/home-decor-lighting-table-lamps-009pr9524
steinhafels,Ashley,ASHY,"Brown Marble and Black Shade Table Lamp 27""H",004015045,Other,Stationary,,Unspecified,107.99,119.99,10.0,https://www.steinhafels.com/products/home-decor-lighting-table-lamps-004015045
steinhafels,Ashley,ASHY,"Wood Bowl 14""W x 3.5""H",051077653,Other,Stationary,,Unspecified,71.99,79.99,10.0,https://www.steinhafels.com/products/home-decor-home-accessories-vases-bowls-051077653
steinhafels,Ashley,ASHY,"Bronze Metal Dome Table Lamp 24""H",004035647,Other,Stationary,,Unspecified,134.99,149.99,10.0,https://www.steinhafels.com/products/home-decor-lighting-table-lamps-004035647
steinhafels,Ashley,ASHY,"Airplane Canvas Wall Art 48""W x 18""H",032048251,Other,Stationary,,Unspecified,134.99,149.99,10.0,https://www.steinhafels.com/products/home-decor-wall-decor-wall-art-032048251
steinhafels,Ashley,ASHY,"Green and White Geo Pouf 22.25""W x 14.5""H",064001982,Other,Stationary,,Unspecified,89.99,99.99,10.0,https://www.steinhafels.com/products/home-decor-pillows-poufs-throws-poufs-064001982
steinhafels,Ashley,ASHY,"Set of 2 Antique White Crackle Apple and Pear Sculpture 10/14""H",0530SET05,Other,Stationary,,Unspecified,71.99,79.99,10.0,https://www.steinhafels.com/products/home-decor-home-accessories-tabletop-decor-0530set05
steinhafels,Ashley,ASHY,"Antique Brown Metal Table Lamp 29""H",004002402,Other,Stationary,,Unspecified,224.99,249.99,10.0,https://www.steinhafels.com/products/home-decor-lighting-table-lamps-004002402
steinhafels,Ashley,ASHY,"Horizon Black, Brown, and Orange Framed Canvas 35""W x 60""H",030050238,Other,Stationary,,Unspecified,197.99,219.99,10.0,https://www.steinhafels.com/products/home-decor-wall-decor-wall-art-030050238
steinhafels,Ashley,ASHY,"Champaign Metal Gears Wall Clock 27.5"" Round",045064516,Other,Stationary,,Unspecified,197.99,219.99,10.0,https://www.steinhafels.com/products/home-decor-wall-decor-clocks-045064516
steinhafels,Ashley,ASHY,"Black Metal Arc Floor Lamp 58""H",001041495,Other,Stationary,,Unspecified,152.99,169.99,10.0,https://www.steinhafels.com/products/home-decor-lighting-floor-lamps-001041495
steinhafels,Ashley,ASHY,Lakeside Cocktail Ottoman,434Z61508,Ottoman,Stationary,,Unspecified,269.99,299.99,10.0,https://www.steinhafels.com/products/living-room-chairs-ottomans-ottomans-434z61508
steinhafels,Ashley,ASHY,Pine Ridge Swivel Stool,623332701,Chair,Stationary,,Fabric,229.49,254.99,10.0,https://www.steinhafels.com/products/dining-seating-counter-barstools-ashy-pine11dr
steinhafels,Flexsteel,FLEX,Hank Leather 3-Pc. Fully Loaded Zero Gravity Reclining Sofa,238PKG844,Sectional,Motion,,Leather,4329.89,4810.99,10.0,https://www.steinhafels.com/products/living-room-sofas-sectionals-reclining-sofas-loveseats-flex-hankm11lr
steinhafels,Ashley,ASHY,Leigh Upholstered Stool,623406965,Other,Stationary,,Leather,149.39,165.99,10.0,https://www.steinhafels.com/products/entertainment-bar-bar-barstools-ashy-leigh1dr
steinhafels,Best Home Furnishings,BSCH,Darby Swivel Gliding Chair,529Z66756,Chair,Stationary,,Fabric,799.99,888.88,10.0,https://www.steinhafels.com/products/living-room-chairs-ottomans-accent-chairs-bsch-darby1lr
steinhafels,Ashley,ASHY,"Caden 24"" Counter Ladder Back Stools",623627162,Other,Stationary,,Unspecified,119.69,132.99,10.0,https://www.steinhafels.com/products/entertainment-bar-bar-barstools-ashy-caden3dr
steinhafels,Bassett,HGTV,Farwell Wide Chair,383337183,Chair,Stationary,,Unspecified,1529.99,1699.99,10.0,https://www.steinhafels.com/products/living-room-chairs-ottomans-accent-chairs-hgtv-farwe2lr
steinhafels,Ashley,ASHY,Alexa 3-Pc. Leather Chaise Sofa,468PKG354,Sofa,Stationary,,Leather,2726.99,3029.99,10.0,https://www.steinhafels.com/products/living-room-sofas-sectionals-sofas-ashy-alex22lr
steinhafels,Jackson/Catnapper,JACK,Avoni Loveseat,399MTO057,Loveseat,Stationary,,Fabric,1061.99,1179.99,10.0,https://www.steinhafels.com/products/living-room-sofas-sectionals-loveseats-jack-avoni2lr
steinhafels,Natuzzi,NATU,Gabriel Leather Power Headrest Recliner,266241306,Recliner,Motion,Power,Leather,1699.99,3299.99,48.5,https://www.steinhafels.com/products/living-room-chairs-ottomans-recliners-natu-gabri2lr
steinhafels,Ashley,ASHY,Honey Ottoman,767488414,Ottoman,Stationary,,Unspecified,329.99,329.99,,https://www.steinhafels.com/products/living-room-chairs-ottomans-ottomans-ashy-honey3lr
steinhafels,Ashley,ASHY,Honey 2-Pc. Full Sleep Sectional,113PKG512,Sectional,Stationary,,Unspecified,1529.09,1698.99,10.0,https://www.steinhafels.com/products/living-room-sofas-sectionals-sleeper-sofas-ashy-honey2lr
steinhafels,Ashley,ASHY,Millennial 5-Pc. Power Headrest Zero Gravity Wall Console Reclining Modular With Next-Gen Durapella,258PKG622,Sectional,Motion,Power,Leather,2761.19,3067.99,10.0,https://www.steinhafels.com/products/living-room-sofas-sectionals-sectionals-ashy-mille1lr
steinhafels,Ashley,ASHY,Millennial 3-Pc. Power Headrest Zero Gravity Wall Saver Reclining Sofa With Next-Gen Durapella,351PKG061,Sectional,Motion,Power,Leather,1779.29,1976.99,10.0,https://www.steinhafels.com/products/living-room-sofas-sectionals-reclining-sofas-loveseats-ashy-mille5lr
steinhafels,La-Z-Boy,LAZB,Acadia Leather Power Headrest Zero Gravity Reclining Sofa,377Z32456,Sofa,Motion,Power,Leather,3299.99,3666.66,10.0,https://www.steinhafels.com/products/living-room-sofas-sectionals-reclining-sofas-loveseats-lazb-acadi3lr
steinhafels,Ashley,ASHY,Trinell Panel Bed,4064TPB68,Other,Stationary,,Unspecified,389.69,432.99,10.0,https://www.steinhafels.com/products/kids-beds-cribs-beds-ashy-trinl2br
steinhafels,Ashley,ASHY,Dream 2 3-Pc. Chaise Sofa,293PKG349,Sofa,Stationary,,Unspecified,1998.89,2220.99,10.0,https://www.steinhafels.com/products/living-room-sofas-sectionals-sectionals-ashy-drea22lr
steinhafels,Flexsteel,FLXD,Flexsteel Zecliner Model 3 Fully Loaded Rocker Recliner With Heat And Massage,784378885,Recliner,Motion,,Fabric,2999.99,2999.99,,https://www.steinhafels.com/products/living-room-chairs-ottomans-recliners-flxd-z3hmrlr
steinhafels,Flexsteel,FLXD,Flexsteel London 3-Pc. Sectional,209ZPKG20,Sectional,Stationary,,Fabric,5599.99,6222.21,10.0,https://www.steinhafels.com/products/living-room-sofas-sectionals-sectionals-flxd-londo1lr
steinhafels,Jackson/Catnapper,JACK,Domino 2-Pc. Loveseat,455PKG172,Loveseat,Stationary,,Fabric,1485.89,1650.99,10.0,https://www.steinhafels.com/products/living-room-sofas-sectionals-loveseats-jack-domin1lr
steinhafels,Ashley,ASHY,Honey 2-Pc. Sectional,825PKG773,Sectional,Stationary,,Unspecified,1298.99,1298.99,,https://www.steinhafels.com/products/living-room-sofas-sectionals-sectionals-ashy-honey1lr
steinhafels,Ashley,ASHY,Millennial 7-Pc. Power Headrest Zero Gravity Wall Saver Reclining Modular With Next-Gen Durapella,364PKG793,Sectional,Motion,Power,Leather,3526.19,3917.99,10.0,https://www.steinhafels.com/products/living-room-sofas-sectionals-sectionals-ashy-mille9lr
steinhafels,Ashley,ASHY,Harvey Rocker Recliner,150Z64192,Recliner,Motion,,Unspecified,485.99,539.99,10.0,https://www.steinhafels.com/products/living-room-chairs-ottomans-recliners-ashy-harve5lr
steinhafels,Ashley,ASHY,Harvey Loveseat,277497087,Loveseat,Stationary,,Unspecified,563.39,625.99,10.0,https://www.steinhafels.com/products/living-room-sofas-sectionals-loveseats-ashy-harve1lr
steinhafels,Ashley,ASHY,Naples Upholstered Bed,414171643,Other,Stationary,,Fabric,479.69,532.99,10.0,https://www.steinhafels.com/products/bedroom-beds-headboards-beds-ashy-naplebr
steinhafels,La-Z-Boy,LAZB,Ava 6-Pc. Power Headrest Reclining Chaise Modular With Wireless Remote,375PKG657,Sectional,Motion,Power,Unspecified,3697.19,6193.32,40.3,https://www.steinhafels.com/products/living-room-sofas-sectionals-reclining-sectionals-lazb-avalr
steinhafels,Ashley,ASHY,Alexa Upholstered Panel Bed,406P25578,Other,Stationary,,Unspecified,299.69,499.99,40.1,https://www.steinhafels.com/products/kids-beds-cribs-beds-ashy-alexabr
steinhafels,Best Home Furnishings,BSCH,Attica Swivel Chair,243Z79678,Chair,Stationary,,Unspecified,679.99,755.54,10.0,https://www.steinhafels.com/products/living-room-chairs-ottomans-accent-chairs-bsch-atticlr
steinhafels,Ashley,ASHY,Caden Side Chairs,650622920,Other,Stationary,,Unspecified,121.99,121.99,,https://www.steinhafels.com/products/dining-seating-dining-chairs-ashy-caden5dr
steinhafels,La-Z-Boy,LAZB,Pinnacle Leather Rocker Recliner,605616782,Recliner,Motion,,Leather,1249.99,1388.88,10.0,https://www.steinhafels.com/products/living-room-chairs-ottomans-recliners-lazb-pinl2lr
steinhafels,La-Z-Boy,LAZB,Ava 3-Pc. Power Headrest Reclining Chaise Sofa,869PKG031,Sectional,Motion,Power,Unspecified,2229.29,3733.35,40.3,https://www.steinhafels.com/products/living-room-sofas-sectionals-reclining-sectionals-lazb-ava3lr
steinhafels,Ashley,ASHY,Colorado Queen Sleeper,442MTO619,Sofa,Stationary,,Unspecified,899.99,999.99,10.0,https://www.steinhafels.com/products/living-room-sofas-sectionals-sofas-ashy-color2lr
steinhafels,Flexsteel,FLXD,Flexsteel Waterfall Round Cocktail Table,848WRF855,Other,Stationary,,Unspecified,555.54,555.54,,https://www.steinhafels.com/products/living-room-accents-cocktail-tables-flxd-water4oc
steinhafels,Ashley,ASHY,Rian Chest,500008341,Other,Stationary,,Fabric,379.79,421.99,10.0,https://www.steinhafels.com/products/kids-storage-chests-ashy-rian1br
steinhafels,Ashley,ASHY,Mae 2-Pc. Chaise Sofa With Next-Gen Nuvella Performance Fabric,197PKG605,Sofa,Stationary,,Fabric,1494.89,1660.99,10.0,https://www.steinhafels.com/products/living-room-sofas-sectionals-sofas-ashy-mae2lr
steinhafels,Bassett,HGTV,Farwell Sofa,676598478,Sofa,Stationary,,Unspecified,2444.43,2444.43,,https://www.steinhafels.com/products/living-room-sofas-sectionals-sofas-hgtv-farwe1lr
steinhafels,Ashley,ASHY,Berlin 2-Pc. Sectional,443QPKG99,Sectional,Stationary,,Leather,1199.99,1333.32,10.0,https://www.steinhafels.com/products/living-room-sofas-sectionals-sectionals-ashy-berli1lr
steinhafels,Natuzzi,NATU,Turin Leather Loveseat,299513034,Loveseat,Stationary,,Leather,1543.49,2885.99,46.5,https://www.steinhafels.com/products/living-room-sofas-sectionals-loveseats-natu-turin2lr
steinhafels,Ashley,ASHY,Morgan Panel Bed,406PTP348,Other,Stationary,,Unspecified,449.99,499.99,10.0,https://www.steinhafels.com/products/kids-beds-cribs-beds-ashy-morgabr
steinhafels,Flexsteel,FLXD,Carpenter Rectangle Cocktail,848CRP240,Other,Stationary,,Unspecified,777.77,777.77,,https://www.steinhafels.com/products/living-room-accents-cocktail-tables-flxd-carpe6oc
steinhafels,Ashley,ASHY,Honey Loveseat,438Z65343,Loveseat,Stationary,,Unspecified,476.99,529.99,10.0,https://www.steinhafels.com/products/living-room-sofas-sectionals-loveseats-ashy-honey5lr
steinhafels,Flexsteel,FLEX,Flexsteel Zecliner Model 3 Fully Loaded Lift Chair With Heat And Massage,540795983,Recliner,Motion,,Fabric,2899.99,3222.21,10.0,https://www.steinhafels.com/products/living-room-chairs-ottomans-lift-chairs-flex-z3hmllr
steinhafels,Flexsteel,FLXD,Flexsteel Waterfall Leg Cocktail Table,848WRF280,Other,Stationary,,Unspecified,722.21,722.21,,https://www.steinhafels.com/products/living-room-accents-cocktail-tables-flxd-water3oc
steinhafels,Best Home Furnishings,BSCH,Kacey Glider Ottoman,487725054,Chair,Motion,,Unspecified,359.99,399.99,10.0,https://www.steinhafels.com/products/living-room-chairs-ottomans-ottomans-bsch-kacey1lr
steinhafels,Jackson/Catnapper,JACK,Snuggler 3-Pc. Sectional,363ZPK212,Sectional,Stationary,,Fabric,2999.99,3333.32,10.0,https://www.steinhafels.com/products/living-room-sofas-sectionals-sectionals-jack-snugg5lr
steinhafels,Ashley,ASHY,Skylar 7-Pc. Dining Set,605941854,Other,Stationary,,Unspecified,965.99,965.99,,https://www.steinhafels.com/products/dining-featured-shops-dining-sets-ashy-skylrdr
steinhafels,Ashley,ASHY,Bronx Chaise,177Z64185,Other,Stationary,,Unspecified,584.99,649.99,10.0,https://www.steinhafels.com/products/living-room-sofas-sectionals-chaises-daybeds-ashy-bronx2lr
steinhafels,Flexsteel,FLEX,Flexsteel Landon Leather Zero Gravity Fully Loaded Recliner,670Z37426,Recliner,Motion,,Leather,2024.99,2249.99,10.0,https://www.steinhafels.com/products/living-room-chairs-ottomans-recliners-flex-lando8lr
steinhafels,Ashley,ASHY,Harvey Ottoman,445507575,Ottoman,Stationary,,Unspecified,278.99,309.99,10.0,https://www.steinhafels.com/products/living-room-chairs-ottomans-ottomans-ashy-harve2lr
steinhafels,Jackson/Catnapper,JACK,Ike 2-Pc. Sectional,476ZPKG13,Sectional,Stationary,,Fabric,1899.99,2111.1,10.0,https://www.steinhafels.com/products/living-room-sofas-sectionals-sectionals-jack-ike1lr
steinhafels,Jackson/Catnapper,JACK,Avoni Sofa,921MTO401,Sofa,Stationary,,Fabric,1222.21,1222.21,,https://www.steinhafels.com/products/living-room-sofas-sectionals-sofas-jack-avoni3lr
steinhafels,Ashley,ASHY,"Caden 42"" Drop Leaf Table",615736701,Other,Stationary,,Unspecified,239.39,265.99,10.0,https://www.steinhafels.com/products/dining-tables-dining-tables-ashy-caden4dr
steinhafels,Ashley,ASHY,Emma Upholstered Counter Stool,623856298,Other,Stationary,,Unspecified,119.69,132.99,10.0,https://www.steinhafels.com/products/entertainment-bar-bar-barstools-ashy-emma1dr
steinhafels,Jackson/Catnapper,JACK,Dixie 3-Pc. Chaise Sectional,602PKG064,Sectional,Stationary,,Fabric,2999.99,3333.32,10.0,https://www.steinhafels.com/products/living-room-sofas-sectionals-sectionals-jack-dixie2lr
steinhafels,Ashley,ASHY,Hudson Upholstered Panel Bed,414UPF958,Other,Stationary,,Fabric,439.19,487.99,10.0,https://www.steinhafels.com/products/bedroom-beds-headboards-beds-ashy-hudsobr
steinhafels,Ashley,ASHY,Tessa Panel Platform Bed,406PTP703,Other,Stationary,,Unspecified,379.79,421.99,10.0,https://www.steinhafels.com/products/kids-beds-cribs-beds-ashy-tessabr
steinhafels,La-Z-Boy,LAZB,Astor Rocker Recliner,591787465,Recliner,Motion,,Unspecified,1099.99,1222.21,10.0,https://www.steinhafels.com/products/living-room-chairs-ottomans-recliners-lazb-astrlr
steinhafels,Ashley,ASHY,Millennial 5-Pc. Power Headrest Zero Gravity Wall Saver Reclining Modular With Next-Gen Durapella,110PKG364,Sectional,Motion,Power,Leather,3088.79,3431.99,10.0,https://www.steinhafels.com/products/living-room-sofas-sectionals-sectionals-ashy-mille7lr
steinhafels,Jackson/Catnapper,JACK,Domino Cocktail Ottoman,271Z57499,Ottoman,Stationary,,Fabric,487.79,541.99,10.0,https://www.steinhafels.com/products/living-room-chairs-ottomans-ottomans-jack-domin5lr
steinhafels,Jackson/Catnapper,JACK,Bennett Wide Chair,285Z46562,Chair,Stationary,,Fabric,800.99,889.99,10.0,https://www.steinhafels.com/products/living-room-chairs-ottomans-accent-chairs-jack-benne6lr
steinhafels,Ashley,ASHY,Harvey Sofa,486601978,Sofa,Stationary,,Unspecified,599.99,666.66,10.0,https://www.steinhafels.com/products/living-room-sofas-sectionals-sofas-ashy-harve6lr
steinhafels,Ashley,ASHY,Hudson Chest,500635524,Other,Stationary,,Unspecified,699.29,776.99,10.0,https://www.steinhafels.com/products/bedroom-storage-chests-ashy-hudso1br
steinhafels,Flexsteel,FLEX,Flexsteel Dutchess Leather Fully Loaded Reclining Sofa With Drop Down Table,423393395,Sofa,Motion,,Leather,3699.99,4111.1,10.0,https://www.steinhafels.com/products/living-room-sofas-sectionals-reclining-sofas-loveseats-flex-dutch3lr
steinhafels,Ashley,ASHY,Olsen Sofa,284Z71727,Sofa,Stationary,,Unspecified,599.99,666.65,10.0,https://www.steinhafels.com/products/living-room-sofas-sectionals-sofas-ashy-olsen5lr
steinhafels,Flexsteel,FLXD,Flexsteel Waterfall Round End Table,849WTR954,Other,Stationary,,Unspecified,388.88,388.88,,https://www.steinhafels.com/products/living-room-accents-end-tables-flxd-water5oc
steinhafels,Jackson/Catnapper,JACK,Camden 2-Pc. Leather Sectional with Chaise,458PKG460,Sectional,Stationary,,Leather,2899.79,3221.99,10.0,https://www.steinhafels.com/products/living-room-sofas-sectionals-sectionals-jack-camde3lr
steinhafels,La-Z-Boy,LAZB,Ava 7-Pc. Power Headrest Reclining Modular With Wireless Remote,330PKG438,Sectional,Motion,Power,Unspecified,4259.69,7133.31,40.3,https://www.steinhafels.com/products/living-room-sofas-sectionals-reclining-sectionals-lazb-ava1lr
steinhafels,Jackson/Catnapper,JACK,Snuggler 3-Pc. Chaise Sectional,364PK4793,Sectional,Stationary,,Fabric,2807.09,3118.99,10.0,https://www.steinhafels.com/products/living-room-sofas-sectionals-sectionals-jack-snugg7lr
steinhafels,Ashley,ASHY,Essentials Nightstand,470334184,Other,Stationary,,Unspecified,149.39,221.99,32.7,https://www.steinhafels.com/products/bedroom-storage-nightstands-ashy-esscr4br
steinhafels,Ashley,ASHY,Austin Panel Bed,406TPK473,Other,Stationary,,Unspecified,499.49,554.99,10.0,https://www.steinhafels.com/products/kids-beds-cribs-beds-ashy-austnbr
steinhafels,Jackson/Catnapper,JACK,Snuggler 3-Pc. Sectional with Armless Loveseat,000PKG794,Sectional,Stationary,,Fabric,2872.79,3191.99,10.0,https://www.steinhafels.com/products/living-room-sofas-sectionals-sectionals-jack-snugg4lr
steinhafels,Flexsteel,FLEX,Flexsteel Hank Leather Fully Loaded Zero Gravity Reclining Sofa With Drop Down Table,996349546,Sofa,Motion,,Leather,3333.32,3333.32,,https://www.steinhafels.com/products/living-room-sofas-sectionals-reclining-sofas-loveseats-flex-hanks3lr
steinhafels,Ashley,ASHY,Harvey Queen Sleeper,723895283,Sofa,Stationary,,Unspecified,1099.99,1099.99,,https://www.steinhafels.com/products/living-room-sofas-sectionals-sofas-ashy-harve3lr
steinhafels,Ashley,ASHY,Rian Mirror,464752555,Other,Stationary,,Unspecified,79.19,87.99,10.0,https://www.steinhafels.com/products/kids-study-play-mirrors-ashy-rian3br
steinhafels,La-Z-Boy,LAZB,Jay Power Headrest Reclining Console Loveseat With Dual Wireless Remotes,354050527,Loveseat,Motion,Power,Unspecified,2699.99,2999.99,10.0,https://www.steinhafels.com/products/living-room-sofas-sectionals-reclining-sofas-loveseats-lazb-jay2lr
steinhafels,Jackson/Catnapper,JACK,Snuggler 2-Pc. Chaise Sofa,260PKG436,Sofa,Stationary,,Fabric,1819.79,2021.99,10.0,https://www.steinhafels.com/products/living-room-sofas-sectionals-sectionals-jack-snugglr
steinhafels,Ashley,ASHY,Berlin Queen Sleeper,310691948,Sofa,Stationary,,Leather,944.99,1049.99,10.0,https://www.steinhafels.com/products/living-room-sofas-sectionals-sofas-ashy-berli3lr
steinhafels,Ashley,ASHY,Bronx Loveseat,398823168,Loveseat,Stationary,,Unspecified,584.99,649.99,10.0,https://www.steinhafels.com/products/living-room-sofas-sectionals-loveseats-ashy-bronx3lr
steinhafels,Flexsteel,FLXD,Carpenter End Table,849CRP718,Other,Stationary,,Unspecified,555.54,555.54,,https://www.steinhafels.com/products/living-room-accents-end-tables-flxd-carpe3oc
steinhafels,Ashley,ASHY,Rian Nightstand,470643324,Other,Stationary,,Unspecified,179.99,199.99,10.0,https://www.steinhafels.com/products/kids-storage-nightstands-ashy-rian4br
steinhafels,Jackson/Catnapper,JACK,Bennett Wide Ottoman,311655732,Ottoman,Stationary,,Unspecified,422.99,469.99,10.0,https://www.steinhafels.com/products/living-room-chairs-ottomans-ottomans-jack-benne2lr
steinhafels,Ashley,ASHY,Emma Upholstered Side Chair,650895861,Chair,Stationary,,Unspecified,199.99,199.99,,https://www.steinhafels.com/products/dining-seating-dining-chairs-ashy-emma2dr
steinhafels,Ashley,ASHY,Bronx Sofa,896Z56610,Sofa,Stationary,,Unspecified,722.21,722.21,,https://www.steinhafels.com/products/living-room-sofas-sectionals-sofas-ashy-bronx4lr
steinhafels,Jackson/Catnapper,JACK,Hunter Sofa,490Z38641,Sofa,Stationary,,Fabric,999.99,1111.1,10.0,https://www.steinhafels.com/products/living-room-sofas-sectionals-sofas-jack-hunte2lr
steinhafels,Jackson/Catnapper,JACK,Domino 4-Pc. Modular,259ZPKG24,Sectional,Stationary,,Fabric,2899.99,3222.21,10.0,https://www.steinhafels.com/products/living-room-sofas-sectionals-sectionals-jack-domin3lr
steinhafels,Ashley,ASHY,Essentials Mirror,464997830,Other,Stationary,,Unspecified,79.19,87.99,10.0,https://www.steinhafels.com/products/bedroom-storage-mirrors-ashy-esscr3br
steinhafels,Ashley,ASHY,Millennial 3-Pc. Power Headrest Zero Gravity Wall Recline Console Loveseat With Next-Gen Durapella,284PKG155,Sectional,Motion,Power,Leather,1639.79,1821.99,10.0,https://www.steinhafels.com/products/living-room-sofas-sectionals-reclining-sofas-loveseats-ashy-mille3lr
steinhafels,Ashley,ASHY,Nirvana Zero Wall Recliner,365942425,Recliner,Motion,,Fabric,359.99,399.99,10.0,https://www.steinhafels.com/products/living-room-chairs-ottomans-recliners-ashy-nirvalr
steinhafels,Flexsteel,FLEX,Flexsteel Dutchess Leather Fully Loaded Recliner,147295773,Recliner,Motion,,Leather,2069.99,2299.99,10.0,https://www.steinhafels.com/products/living-room-chairs-ottomans-recliners-flex-dutch2lr
steinhafels,Flexsteel,FLEX,Flexsteel Landon Leather Zero Gravity Fully Loaded Reclining Loveseat,784100778,Loveseat,Motion,,Leather,3399.99,3399.99,,https://www.steinhafels.com/products/living-room-sofas-sectionals-reclining-sofas-loveseats-flex-lando10lr
steinhafels,Jackson/Catnapper,JACK,Snuggler 2-Pc. Sectional,300PKG571,Sectional,Stationary,,Fabric,2014.19,2237.99,10.0,https://www.steinhafels.com/products/living-room-sofas-sectionals-sectionals-jack-snugg2lr
steinhafels,Ashley,ASHY,Colorado Loveseat,258668095,Loveseat,Stationary,,Unspecified,476.99,529.99,10.0,https://www.steinhafels.com/products/living-room-sofas-sectionals-loveseats-ashy-color1lr
steinhafels,Ashley,ASHY,Austin Chest,500394556,Other,Stationary,,Unspecified,699.29,776.99,10.0,https://www.steinhafels.com/products/kids-storage-chests-ashy-austn1br
steinhafels,La-Z-Boy,LAZB,Jay Power Headrest Reclining Sofa With Dual Wireless Remotes,602968224,Sofa,Motion,Power,Unspecified,2199.99,2444.43,10.0,https://www.steinhafels.com/products/living-room-sofas-sectionals-reclining-sofas-loveseats-lazb-jay4lr
steinhafels,Jackson/Catnapper,JACK,Camden 3-Pc. Leather Sectional with Chaise,344PKG847,Sectional,Stationary,,Leather,4749.29,5276.99,10.0,https://www.steinhafels.com/products/living-room-sofas-sectionals-sectionals-jack-camde2lr
steinhafels,Ashley,ASHY,Honey Chaise,478100514,Other,Stationary,,Unspecified,499.49,554.99,10.0,https://www.steinhafels.com/products/living-room-sofas-sectionals-chaises-daybeds-ashy-honey4lr
steinhafels,La-Z-Boy,LAZB,Acadia Leather Power Headrest Zero Gravity Recliner,148438918,Recliner,Motion,Power,Leather,2049.99,2277.77,10.0,https://www.steinhafels.com/products/living-room-chairs-ottomans-recliners-lazb-acadi1lr
steinhafels,Ashley,ASHY,Berlin Sofa,595Z60159,Sofa,Stationary,,Leather,599.99,666.65,10.0,https://www.steinhafels.com/products/living-room-sofas-sectionals-sofas-ashy-berli5lr
steinhafels,Ashley,ASHY,Dream 2 6-Pc. Modular,439ZPKG29,Sectional,Stationary,,Unspecified,3799.99,4222.21,10.0,https://www.steinhafels.com/products/living-room-sofas-sectionals-sectionals-ashy-drea21lr
steinhafels,Ashley,ASHY,Millennial 4-Pc. Power Headrest Zero Gravity Wall Saver Reclining Modular With Next-Gen Durapella,308PKG999,Sectional,Motion,Power,Leather,2542.49,2824.99,10.0,https://www.steinhafels.com/products/living-room-sofas-sectionals-sectionals-ashy-mille6lr
steinhafels,Flexsteel,FLXD,Carpenter Lift Top Cocktail,848CRP960,Other,Stationary,,Unspecified,1222.21,1222.21,,https://www.steinhafels.com/products/living-room-accents-cocktail-tables-flxd-carpe5oc
steinhafels,Best Home Furnishings,BSCH,Meyer Upholstered Side Chair,650848298,Chair,Stationary,,Fabric,149.39,421.99,64.6,https://www.steinhafels.com/products/dining-seating-dining-chairs-bsch-uphc21lr
steinhafels,Ashley,ASHY,Caden 5-Pc. Counter Height Dining Set,603102801,Other,Stationary,,Unspecified,589.49,654.99,10.0,https://www.steinhafels.com/products/dining-featured-shops-dining-sets-ashy-caden1dr
steinhafels,Flexsteel,FLXD,Carpenter Lamp Table,859CRP238,Other,Stationary,,Unspecified,555.54,555.54,,https://www.steinhafels.com/products/living-room-accents-end-tables-flxd-carpe4oc
steinhafels,Bassett,HGTV,Eden Leather Bed,414LQP265,Other,Stationary,,Leather,2299.49,3743.99,38.6,https://www.steinhafels.com/products/bedroom-beds-headboards-beds-hgtv-eden2br
steinhafels,Ashley,ASHY,Olsen Oversized Ottoman,440MTO443,Ottoman,Stationary,,Unspecified,323.99,359.99,10.0,https://www.steinhafels.com/products/living-room-chairs-ottomans-ottomans-ashy-olsen4lr
steinhafels,Ashley,ASHY,Bronx Accent Chair,274547810,Chair,Stationary,,Unspecified,314.99,349.99,10.0,https://www.steinhafels.com/products/living-room-chairs-ottomans-accent-chairs-ashy-bronx1lr
steinhafels,Flexsteel,FLXD,Flexsteel Oscar Fully Loaded Recliner,340526114,Recliner,Motion,,Unspecified,2149.99,2388.88,10.0,https://www.steinhafels.com/products/living-room-chairs-ottomans-recliners-flxd-oscrmlr
steinhafels,Ashley,ASHY,Olsen Chair,552Z49714,Chair,Stationary,,Unspecified,494.99,549.99,10.0,https://www.steinhafels.com/products/living-room-chairs-ottomans-accent-chairs-ashy-olsen1lr
steinhafels,Jackson/Catnapper,JACK,Domino 3-Pc. Sofa,322PKG874,Sofa,Stationary,,Fabric,2164.49,2404.99,10.0,https://www.steinhafels.com/products/living-room-sofas-sectionals-sofas-jack-domin2lr
steinhafels,Jackson/Catnapper,JACK,Avoni Wide Chair,505MTO533,Chair,Stationary,,Fabric,791.99,879.99,10.0,https://www.steinhafels.com/products/living-room-chairs-ottomans-accent-chairs-jack-avoni5lr
steinhafels,Ashley,ASHY,Keaton Power Rocking Recliner,644Z96634,Recliner,Motion,Power,Unspecified,549.99,749.99,26.7,https://www.steinhafels.com/products/living-room-chairs-ottomans-recliners-ashy-keato3lr
steinhafels,Jackson/Catnapper,JACK,Bennett Sofa,625MTO161,Sofa,Stationary,,Fabric,1099.99,1222.21,10.0,https://www.steinhafels.com/products/living-room-sofas-sectionals-sofas-jack-benne1lr
steinhafels,Best Home Furnishings,BSCH,Betty Lift Chair,732183106,Recliner,Motion,,Fabric,1388.88,1388.88,,https://www.steinhafels.com/products/living-room-chairs-ottomans-recliners-bsch-betty2lr
steinhafels,Ashley,ASHY,Counsell 2-Pc. Full Sleeper Sectional,522PKG355,Sectional,Stationary,,Fabric,1424.69,1582.99,10.0,https://www.steinhafels.com/products/living-room-sofas-sectionals-sectionals-ashy-couns2lr
steinhafels,Ashley,ASHY,Austin Mirror,464940739,Other,Stationary,,Unspecified,159.29,176.99,10.0,https://www.steinhafels.com/products/kids-study-play-mirrors-ashy-austn3br
steinhafels,Natuzzi,NATU,Turin Leather Sofa,456589393,Sofa,Stationary,,Leather,1839.99,3111.1,40.9,https://www.steinhafels.com/products/living-room-sofas-sectionals-sofas-natu-turin3lr
steinhafels,Jackson/Catnapper,JACK,Avoni Wide Ottoman,322MTO415,Ottoman,Stationary,,Unspecified,440.99,489.99,10.0,https://www.steinhafels.com/products/living-room-chairs-ottomans-ottomans-jack-avoni6lr
steinhafels,Jackson/Catnapper,JACK,Hunter Wide Ottoman,533457826,Ottoman,Stationary,,Fabric,431.99,479.99,10.0,https://www.steinhafels.com/products/living-room-chairs-ottomans-ottomans-jack-hunte4lr
steinhafels,Ashley,ASHY,Hudson Dresser,450009197,Other,Stationary,,Unspecified,629.99,699.99,10.0,https://www.steinhafels.com/products/bedroom-storage-dressers-ashy-hudso2br
steinhafels,Ashley,ASHY,Caden 6pc Dining Set,603416117,Other,Stationary,,Unspecified,719.99,799.99,10.0,https://www.steinhafels.com/products/dining-featured-shops-dining-sets-ashy-caden2dr
steinhafels,Flexsteel,FLXD,Flexsteel Waterfall End Table,849WRF150,Other,Stationary,,Unspecified,444.43,444.43,,https://www.steinhafels.com/products/living-room-accents-end-tables-flxd-water1oc
steinhafels,Flexsteel,FLXD,"Carpenter 72"" Console",801CRP511,Other,Stationary,,Unspecified,2333.32,2333.32,,https://www.steinhafels.com/products/living-room-accents-media-consoles-fireplaces-flxd-carpe1oc
steinhafels,Bassett,HGTV,Paris Headboard Only,410176460,Other,Stationary,,Unspecified,1459.79,1621.99,10.0,https://www.steinhafels.com/products/bedroom-beds-headboards-headboards-hgtv-parisbr
steinhafels,Flexsteel,FLEX,Flexsteel Landon 6-Pc. Leather Fully Loaded Zero Gravity Reclining Modular,279PKG508,Sectional,Motion,,Leather,7850.69,8722.99,10.0,https://www.steinhafels.com/products/living-room-sofas-sectionals-reclining-sectionals-flex-lando5lr
steinhafels,Flexsteel,FLEX,Flexsteel Landon 7-Pc. Leather Fully Loaded Zero Gravity Reclining Modular,203PKG328,Sectional,Motion,,Leather,8336.69,9262.99,10.0,https://www.steinhafels.com/products/living-room-sofas-sectionals-reclining-sectionals-flex-lando6lr
steinhafels,Ashley,ASHY,Harvey Reversible Chaise Sofa,265893255,Sofa,Stationary,,Unspecified,799.99,888.88,10.0,https://www.steinhafels.com/products/living-room-sofas-sectionals-sofas-ashy-harve4lr
steinhafels,Ashley,ASHY,Millennial 6-Pc. Power Headrest Zero Gravity Wall Saver Reclining Modular With Next-Gen Durapella,497ZPKG76,Sectional,Motion,Power,Leather,3299.99,3666.66,10.0,https://www.steinhafels.com/products/living-room-sofas-sectionals-sectionals-ashy-mille8lr
steinhafels,Flexsteel,FLEX,Flexsteel Wrenn Leather Fully Loaded Zero Gravity Reclining Console Loveseat,113245342,Loveseat,Motion,,Leather,1728.53,3444.43,49.8,https://www.steinhafels.com/products/living-room-sofas-sectionals-reclining-sofas-loveseats-flex-wrenn2lr
steinhafels,Ashley,ASHY,Meadowbrook Sleigh Storage Bed,406TPK037,Other,Stationary,,Unspecified,699.29,776.99,10.0,https://www.steinhafels.com/products/bedroom-beds-headboards-beds-ashy-meadbbr
steinhafels,Jackson/Catnapper,JACK,Camden Leather Cocktail Ottoman,238334091,Ottoman,Stationary,,Leather,705.59,783.99,10.0,https://www.steinhafels.com/products/living-room-chairs-ottomans-ottomans-jack-camdelr
steinhafels,Flexsteel,FLXD,Carpenter Sofa Table,885CRP594,Sofa,Stationary,,Unspecified,833.32,833.32,,https://www.steinhafels.com/products/living-room-accents-console-tables-flxd-carpe7oc
steinhafels,Ashley,ASHY,Skylar 3-Pc. Full Sleeper Sectional,426PKG932,Sectional,Stationary,,Unspecified,1876.49,2084.99,10.0,https://www.steinhafels.com/products/living-room-sofas-sectionals-sleeper-sofas-ashy-skyla2lr
steinhafels,Flexsteel,FLXD,Flexsteel Oscar Fully Loaded Lift Chair,738645276,Recliner,Motion,,Leather,2444.43,2444.43,,https://www.steinhafels.com/products/living-room-chairs-ottomans-recliners-flxd-osclmlr
steinhafels,Jackson/Catnapper,JACK,Camden 3-Pc. Leather Sectional with Chaise - Large,615PKG803,Sectional,Stationary,,Leather,4899.59,5443.99,10.0,https://www.steinhafels.com/products/living-room-sofas-sectionals-sectionals-jack-camde1lr
steinhafels,Ashley,ASHY,Leigh Side Chair,650094177,Chair,Stationary,,Leather,165.99,165.99,,https://www.steinhafels.com/products/dining-seating-dining-chairs-ashy-leighlr
steinhafels,Ashley,ASHY,Olsen Ottoman,460590617,Ottoman,Stationary,,Unspecified,293.39,325.99,10.0,https://www.steinhafels.com/products/living-room-chairs-ottomans-ottomans-ashy-olsen3lr
steinhafels,Ashley,ASHY,Trinell Bookcase Bed,4064T7945,Other,Stationary,,Unspecified,549.89,610.99,10.0,https://www.steinhafels.com/products/kids-beds-cribs-beds-ashy-trinl1br
steinhafels,Jackson/Catnapper,JACK,Avoni Swivel Glider Recliner,370MTO939,Recliner,Motion,,Unspecified,674.99,749.99,10.0,https://www.steinhafels.com/products/living-room-chairs-ottomans-recliners-jack-avoni4lr
steinhafels,Ashley,ASHY,Benson Panel Bed,414PQP962,Other,Stationary,,Unspecified,399.59,443.99,10.0,https://www.steinhafels.com/products/bedroom-bed-sizes-queen-ashy-bensobr
steinhafels,Ashley,ASHY,Lizzie Bed,406UTP986,Other,Stationary,,Unspecified,569.69,632.99,10.0,https://www.steinhafels.com/products/kids-beds-cribs-beds-ashy-lizzibr
steinhafels,Flexsteel,FLEX,Flexsteel Landon 2-Pc. Leather Fully Loaded Zero Gravity Reclining Loveseat,418PKG622,Sectional,Motion,,Leather,3239.09,3598.99,10.0,https://www.steinhafels.com/products/living-room-sofas-sectionals-reclining-sofas-loveseats-flex-lando1lr
steinhafels,Ashley,ASHY,Cassie 2-Pc. Sectional,377QPKG01,Sectional,Stationary,,Unspecified,1699.99,1888.88,10.0,https://www.steinhafels.com/products/living-room-sofas-sectionals-sectionals-ashy-cassi1lr
steinhafels,La-Z-Boy,LAZB,Cade Leather Rocker Recliner,911Z61799,Recliner,Motion,,Leather,799.99,1033.32,22.6,https://www.steinhafels.com/products/living-room-chairs-ottomans-recliners-lazb-cadelr
steinhafels,Ashley,ASHY,Millennial Power Headrest Zero Gravity Wall Saver Recliner,546342811,Recliner,Motion,Power,Leather,944.99,1049.99,10.0,https://www.steinhafels.com/products/living-room-chairs-ottomans-recliners-ashy-mille4lr
steinhafels,Ashley,ASHY,Olsen 2-Pc. Sectional,611MPK731,Sectional,Stationary,,Unspecified,1250.99,1389.99,10.0,https://www.steinhafels.com/products/living-room-sofas-sectionals-sectionals-ashy-olsenlr
steinhafels,Flexsteel,FLEX,Flexsteel Landon Leather Zero Gravity Fully Loaded Reclining Console Loveseat With Wireless Charging,208167242,Loveseat,Motion,,Leather,3149.99,3499.99,10.0,https://www.steinhafels.com/products/living-room-sofas-sectionals-reclining-sofas-loveseats-flex-lando9lr
steinhafels,Ashley,ASHY,Austin Dresser,450740667,Other,Stationary,,Unspecified,749.69,832.99,10.0,https://www.steinhafels.com/products/kids-storage-dressers-ashy-austn2br
steinhafels,Flexsteel,FLEX,Flexsteel Hank Leather Fully Loaded Zero Gravity Console Reclining Loveseat,560275779,Loveseat,Motion,,Leather,3059.99,3399.99,10.0,https://www.steinhafels.com/products/living-room-sofas-sectionals-reclining-sofas-loveseats-flex-hanks1lr
steinhafels,Ashley,ASHY,Monica Upholstered Panel Bed,414PQP258,Other,Stationary,,Unspecified,669.59,743.99,10.0,https://www.steinhafels.com/products/bedroom-beds-headboards-beds-ashy-monic2br
steinhafels,Ashley,ASHY,Skylar 3-Pc. Sectional,380PKG566,Sectional,Stationary,,Unspecified,1499.99,1666.65,10.0,https://www.steinhafels.com/products/living-room-sofas-sectionals-sectionals-ashy-skyla1lr
steinhafels,Ashley,ASHY,Erin Ottoman,329Z83918,Ottoman,Stationary,,Unspecified,249.29,276.99,10.0,https://www.steinhafels.com/products/living-room-chairs-ottomans-ottomans-ashy-erin3lr
steinhafels,Ashley,ASHY,Millennial 2-Pc. Power Headrest Zero Gravity Wall Saver Reclining Loveseat With Next-Gen Durapella,321PKG328,Sectional,Motion,Power,Leather,1421.09,1578.99,10.0,https://www.steinhafels.com/products/living-room-sofas-sectionals-reclining-sofas-loveseats-ashy-mille2lr
steinhafels,Ashley,ASHY,Rian Dresser,450787180,Other,Stationary,,Fabric,379.79,421.99,10.0,https://www.steinhafels.com/products/kids-storage-dressers-ashy-rian2br
steinhafels,Ashley,ASHY,Dylan Bed,406TP6811,Other,Stationary,,Unspecified,249.29,399.99,37.7,https://www.steinhafels.com/products/kids-beds-cribs-beds-ashy-dylawbr
steinhafels,Flexsteel,FLEX,Flexsteel Landon 5-Pc. Leather Fully Loaded Zero Gravity Reclining Modular,324PKG787,Sectional,Motion,,Leather,7364.69,8182.99,10.0,https://www.steinhafels.com/products/living-room-sofas-sectionals-reclining-sectionals-flex-lando3lr
steinhafels,Bassett,HGTV,Paris Upholstered Bed,410UQP560,Other,Stationary,,Unspecified,2459.69,2732.99,10.0,https://www.steinhafels.com/products/bedroom-beds-headboards-beds-hgtv-paris1br
steinhafels,Flexsteel,FLEX,Flexsteel Landon 3-Pc. Leather Fully Loaded Zero Gravity Reclining Sofa,266PKG279,Sectional,Motion,,Leather,3725.09,4138.99,10.0,https://www.steinhafels.com/products/living-room-sofas-sectionals-reclining-sofas-loveseats-flex-lando2lr
steinhafels,Ashley,ASHY,Harvey Wide Chair,628680044,Chair,Stationary,,Unspecified,530.99,589.99,10.0,https://www.steinhafels.com/products/living-room-chairs-ottomans-accent-chairs-ashy-harve7lr
steinhafels,Ashley,ASHY,Monica Upholstered Bed,414UQP098,Other,Stationary,,Fabric,1059.29,1176.99,10.0,https://www.steinhafels.com/products/bedroom-beds-headboards-beds-ashy-monic1br
steinhafels,Ashley,ASHY,"Caden 60"" Counter Island Table",605163918,Other,Stationary,,Unspecified,379.79,421.99,10.0,https://www.steinhafels.com/products/dining-tables-counter-and-pub-tables-ashy-caden6dr
steinhafels,Flexsteel,FLEX,Flexsteel Landon 3-Pc. Leather Fully Loaded Zero Gravity Reclining Sofa,618PKG066,Sectional,Motion,,Leather,4331.69,4812.99,10.0,https://www.steinhafels.com/products/living-room-sofas-sectionals-reclining-sofas-loveseats-flex-lando4lr
steinhafels,Ashley,ASHY,Mae 4-Pc. Sectional With Next-Gen Nuvella Performance Fabric,601QPKG76,Sectional,Stationary,,Fabric,2599.99,2888.88,10.0,https://www.steinhafels.com/products/living-room-sofas-sectionals-sectionals-ashy-mae1lr
steinhafels,Ashley,ASHY,Counsell 2-Pc. Sectional,423PKG527,Sectional,Stationary,,Fabric,1049.99,1166.65,10.0,https://www.steinhafels.com/products/living-room-sofas-sectionals-sectionals-ashy-couns1lr
steinhafels,Jackson/Catnapper,JACK,Dixie 3-Pc. Sectional With Chaise,282QPKG45,Sectional,Stationary,,Fabric,3005.09,3338.99,10.0,https://www.steinhafels.com/products/living-room-sofas-sectionals-sectionals-jack-dixie1lr
steinhafels,Jackson/Catnapper,JACK,Avoni Cocktail Ottoman,770Z03944,Ottoman,Stationary,,Fabric,599.99,599.99,,https://www.steinhafels.com/products/living-room-chairs-ottomans-ottomans-jack-avoni1lr
steinhafels,Ashley,ASHY,Willa Queen Sleeper,152MTO191,Sofa,Stationary,,Unspecified,899.99,999.99,10.0,https://www.steinhafels.com/products/living-room-sofas-sectionals-sleeper-sofas-152mto191
steinhafels,Ashley,ASHY,"Essentials Cream Bed, One Box",414096062,Other,Stationary,,Fabric,399.59,443.99,10.0,https://www.steinhafels.com/products/bedroom-bed-sizes-queen-ashy-essenbr
steinhafels,Ashley,ASHY,"Ryan 25"" Counter Swivel Stool",623803201,Chair,Stationary,,Unspecified,199.79,221.99,10.0,https://www.steinhafels.com/products/entertainment-bar-bar-barstools-ashy-ryandr
steinhafels,Flexsteel,FLEX,Flexsteel Dutchess Leather Fully Loaded Console Reclining Loveseat,528536013,Loveseat,Motion,,Leather,3716.99,4129.99,10.0,https://www.steinhafels.com/products/living-room-sofas-sectionals-reclining-sofas-loveseats-flex-dutch1lr
steinhafels,Ashley,ASHY,Hudson Nightstand,470134705,Other,Stationary,,Unspecified,449.99,499.99,10.0,https://www.steinhafels.com/products/bedroom-storage-nightstands-ashy-hudso4br
steinhafels,Ashley,ASHY,Carter Counter Swivel Stool,623838671,Chair,Stationary,,Fabric,219.59,243.99,10.0,https://www.steinhafels.com/products/entertainment-bar-bar-barstools-ashy-cartdr
steinhafels,Jackson/Catnapper,JACK,Bennett Cocktail Ottoman,357Z24154,Ottoman,Stationary,,Unspecified,530.99,589.99,10.0,https://www.steinhafels.com/products/living-room-chairs-ottomans-ottomans-jack-benne3lr
steinhafels,Ashley,ASHY,Geo Bowie Cabinet,097BOW233,Other,Stationary,,Unspecified,949.99,1055.54,10.0,https://www.steinhafels.com/products/living-room-accents-cabinets-chests-097bow233
steinhafels,Jackson/Catnapper,JACK,Snuggler 3-Pc. Piano Wedge Sectional,440PKG322,Sectional,Stationary,,Fabric,3067.19,3407.99,10.0,https://www.steinhafels.com/products/living-room-sofas-sectionals-sectionals-jack-snugg6lr
steinhafels,Jackson/Catnapper,JACK,Bennett Swivel Glider Recliner,563MTO336,Recliner,Motion,,Unspecified,710.99,789.99,10.0,https://www.steinhafels.com/products/living-room-chairs-ottomans-recliners-jack-benne5lr
steinhafels,Ashley,ASHY,Gail Sofa,630Z14621,Sofa,Stationary,,Unspecified,599.99,666.66,10.0,https://www.steinhafels.com/products/living-room-sofas-sectionals-sofas-630z14621
steinhafels,Ashley,ASHY,Nesting Medium Cocktail Table,848NEST66,Other,Stationary,,Unspecified,333.32,333.32,,https://www.steinhafels.com/products/living-room-accents-cocktail-tables-848nest66
steinhafels,Ashley,ASHY,Soho Upholstered Bed,414UQP828,Other,Stationary,,Unspecified,519.29,576.99,10.0,https://www.steinhafels.com/products/bedroom-beds-headboards-beds-ashy-sohobr
steinhafels,Ashley,ASHY,Remi Panel Bed,406PTP467,Other,Stationary,,Unspecified,429.29,476.99,10.0,https://www.steinhafels.com/products/kids-beds-cribs-beds-ashy-remibr
steinhafels,Ashley,ASHY,"Ila 24"" Counter Upholstered Stool",623749550,Other,Stationary,,Unspecified,179.99,199.99,10.0,https://www.steinhafels.com/products/entertainment-bar-bar-barstools-ashy-iladr
steinhafels,Ashley,ASHY,Benson Mirror,464362091,Other,Stationary,,Unspecified,99.89,110.99,10.0,https://www.steinhafels.com/products/bedroom-storage-mirrors-464362091
steinhafels,La-Z-Boy,LAZB,Acadia Leather Power Headrest Zero Gravity Reclining Loveseat,213141384,Loveseat,Motion,Power,Leather,3249.99,3611.1,10.0,https://www.steinhafels.com/products/living-room-sofas-sectionals-reclining-sofas-loveseats-lazb-acadi2lr
steinhafels,Best Home Furnishings,BSCH,"Odellum 24"" Upholstered Stool",650344506,Other,Stationary,,Fabric,249.29,554.99,55.1,https://www.steinhafels.com/products/dining-seating-counter-barstools-bsch-uphc22lr
steinhafels,Ashley,ASHY,Shaker Power Chairside,859864211,Other,Motion,Power,Unspecified,255.54,255.54,,https://www.steinhafels.com/products/living-room-accents-end-tables-ashy-chairlr
steinhafels,Ashley,ASHY,Colorado Rocker Recliner,246481238,Recliner,Motion,,Unspecified,485.99,539.99,10.0,https://www.steinhafels.com/products/living-room-chairs-ottomans-recliners-ashy-color3lr
steinhafels,Jackson/Catnapper,JACK,Bennett Loveseat,169MTO053,Loveseat,Stationary,,Fabric,1043.99,1159.99,10.0,https://www.steinhafels.com/products/living-room-sofas-sectionals-loveseats-jack-benne4lr
steinhafels,Jackson/Catnapper,JACK,Dixie 3-Pc. Sectional,602PKG971,Sectional,Stationary,,Fabric,2753.99,3059.99,10.0,https://www.steinhafels.com/products/living-room-sofas-sectionals-sectionals-jack-dixie4lr
steinhafels,Flexsteel,FLXD,Flexsteel Waterfall Cocktail Table,848WRF754,Other,Stationary,,Unspecified,833.32,833.32,,https://www.steinhafels.com/products/living-room-accents-cocktail-tables-flxd-water2oc
steinhafels,Bassett,HGTV,Reclining Your Way 3-Pc. Power Headrest Wall Saver Reclining Modular,869PKG984,Sectional,Motion,Power,Unspecified,9598.99,9598.99,,https://www.steinhafels.com/products/living-room-sofas-sectionals-reclining-sectionals-869pkg984
steinhafels,Flexsteel,FLXD,Plymouth Lamp Table,859PLM929,Other,Stationary,,Unspecified,444.43,444.43,,https://www.steinhafels.com/products/living-room-accents-end-tables-859plm929
steinhafels,Bassett,HGTV,Meredith Ottoman,553689382,Ottoman,Stationary,,Fabric,548.99,609.99,10.0,https://www.steinhafels.com/products/living-room-chairs-ottomans-ottomans-553689382
steinhafels,Flexsteel,FLXD,Carpenter Chairside Table,859CRP783,Other,Stationary,,Unspecified,444.43,444.43,,https://www.steinhafels.com/products/living-room-accents-end-tables-flxd-carpe2oc
steinhafels,La-Z-Boy,LAZB,Jay Fully Loaded Rocker Recliner With Wireless Remote,183Z59781,Recliner,Motion,,Unspecified,1399.99,1555.54,10.0,https://www.steinhafels.com/products/living-room-chairs-ottomans-recliners-lazb-jay1lr
steinhafels,Flexsteel,FLEX,Flexsteel Landon Leather Fully Loaded Swivel Recliner With Heat and Massage,102233789,Recliner,Motion,,Leather,2132.99,2369.99,10.0,https://www.steinhafels.com/products/living-room-chairs-ottomans-recliners-flex-lando7lr
steinhafels,Ashley,ASHY,Crescent Cocktail Table,848CRS080,Other,Stationary,,Unspecified,499.99,499.99,,https://www.steinhafels.com/products/living-room-accents-cocktail-tables-848crs080
steinhafels,Flexsteel,FLXD,"Flexsteel Waterfall 92"" Console",800WRF398,Other,Stationary,,Unspecified,2111.1,2111.1,,https://www.steinhafels.com/products/entertainment-bar-entertainment-media-consoles-800wrf398
steinhafels,Bassett,HGTV,Liam Console Table,885LIAM57,Other,Stationary,,Unspecified,1444.43,1444.43,,https://www.steinhafels.com/products/living-room-accents-console-tables-885liam57
steinhafels,Ashley,ASHY,Berlin Rocker Recliner,904387630,Recliner,Motion,,Leather,599.99,599.99,,https://www.steinhafels.com/products/living-room-chairs-ottomans-recliners-ashy-berli4lr
steinhafels,Ashley,ASHY,Hudson Mirror,464822761,Other,Stationary,,Unspecified,79.19,87.99,10.0,https://www.steinhafels.com/products/bedroom-storage-mirrors-ashy-hudso3br
steinhafels,Bassett,HGTV,Kent Accent Chair,372026104,Chair,Stationary,,Leather,1349.99,1499.99,10.0,https://www.steinhafels.com/products/living-room-chairs-ottomans-accent-chairs-372026104
steinhafels,Bassett,HGTV,Meredith Loveseat,944944165,Loveseat,Stationary,,Fabric,1949.99,1949.99,,https://www.steinhafels.com/products/living-room-sofas-sectionals-loveseats-944944165
steinhafels,Ashley,ASHY,Erin Chair,187319059,Chair,Stationary,,Unspecified,255.59,429.99,40.6,https://www.steinhafels.com/products/living-room-chairs-ottomans-accent-chairs-ashy-erin1lr
steinhafels,Jackson/Catnapper,JACK,Domino 5-Pc. Modular,300PKG105,Sectional,Stationary,,Fabric,3584.69,3982.99,10.0,https://www.steinhafels.com/products/living-room-sofas-sectionals-sectionals-jack-domin4lr
steinhafels,Flexsteel,FLEX,Flexsteel Hank Leather Fully Loaded Zero Gravity Recliner,126Z41385,Recliner,Motion,,Leather,1979.99,2199.99,10.0,https://www.steinhafels.com/products/living-room-chairs-ottomans-recliners-flex-hanks2lr
steinhafels,La-Z-Boy,LAZB,Jay Power Headrest Reclining Loveseat,338567277,Loveseat,Motion,Power,Unspecified,2099.99,2333.32,10.0,https://www.steinhafels.com/products/living-room-sofas-sectionals-reclining-sofas-loveseats-lazb-jay3lr
steinhafels,Flexsteel,FLXD,Flexsteel Loretta Chair,734Z04400,Chair,Stationary,,Unspecified,999.99,1979.99,49.5,https://www.steinhafels.com/products/living-room-chairs-ottomans-accent-chairs-734z04400
steinhafels,Ashley,ASHY,Colorado Sofa,664Z80701,Sofa,Stationary,,Unspecified,499.99,555.54,10.0,https://www.steinhafels.com/products/living-room-sofas-sectionals-sofas-ashy-color4lr
steinhafels,Jackson/Catnapper,JACK,Dixie 2-Pc. Chaise Sofa,874PKG697,Sofa,Stationary,,Fabric,2047.99,2047.99,,https://www.steinhafels.com/products/living-room-sofas-sectionals-sectionals-jack-dixie3lr
steinhafels,La-Z-Boy,LAZB,Olympic Power Headrest Zero Gravity Recliner,992Z90454,Recliner,Motion,Power,Unspecified,1444.43,1444.43,,https://www.steinhafels.com/products/living-room-chairs-ottomans-recliners-992z90454
steinhafels,Ashley,ASHY,Olsen Loveseat,520073795,Loveseat,Stationary,,Unspecified,539.99,599.99,10.0,https://www.steinhafels.com/products/living-room-sofas-sectionals-loveseats-ashy-olsen2lr
steinhafels,Flexsteel,FLXD,Flexsteel Main Street Chair,256Z55230,Chair,Stationary,,Unspecified,699.99,1529.99,54.2,https://www.steinhafels.com/products/living-room-chairs-ottomans-accent-chairs-flxd-mainslr
steinhafels,Ashley,ASHY,Alexa 5-Pc. Leather Chaise Sectional,403QPKG27,Sectional,Stationary,,Leather,4299.99,4777.77,10.0,https://www.steinhafels.com/products/living-room-sofas-sectionals-sectionals-ashy-alex21lr
steinhafels,Ashley,ASHY,Berlin Loveseat,978494759,Loveseat,Stationary,,Leather,609.99,609.99,,https://www.steinhafels.com/products/living-room-sofas-sectionals-loveseats-ashy-berli2lr
steinhafels,La-Z-Boy,LAZB,Ava 5-Pc. Power Headrest Reclining Modular With Wireless Remote,207PKG523,Sectional,Motion,Power,Unspecified,3302.99,5533.33,40.3,https://www.steinhafels.com/products/living-room-sofas-sectionals-reclining-sectionals-lazb-ava2lr
steinhafels,Ashley,ASHY,Adell Upholstered Bed,425602457,Other,Stationary,,Fabric,249.29,498.99,50.0,https://www.steinhafels.com/products/bedroom-beds-headboards-beds-ashy-adellbr
steinhafels,Jackson/Catnapper,JACK,Hunter Loveseat,218040610,Loveseat,Stationary,,Fabric,962.99,1069.99,10.0,https://www.steinhafels.com/products/living-room-sofas-sectionals-loveseats-jack-hunte1lr
steinhafels,Flexsteel,FLEX,Flexsteel Zecliner Model 2 Fully Loaded Sleep Lift Chair With Heat And Massage,542683218,Recliner,Motion,,Fabric,2899.99,3222.21,10.0,https://www.steinhafels.com/products/living-room-chairs-ottomans-recliners-flxd-z2hmllr
steinhafels,Ashley,ASHY,Austin Nightstand,470485619,Other,Stationary,,Unspecified,299.69,332.99,10.0,https://www.steinhafels.com/products/kids-storage-nightstands-ashy-austn4br
steinhafels,Flexsteel,FLEX,Hank Leather Fully Loaded Zero Gravity Reclining Loveseat,268745331,Loveseat,Motion,,Leather,2906.99,3229.99,10.0,https://www.steinhafels.com/products/living-room-sofas-sectionals-reclining-sofas-loveseats-flex-hanks4lr
steinhafels,Jackson/Catnapper,JACK,Hunter Wide Chair,346626130,Chair,Stationary,,Fabric,809.99,899.99,10.0,https://www.steinhafels.com/products/living-room-chairs-ottomans-accent-chairs-jack-hunte3lr
steinhafels,Flexsteel,FLEX,Flexsteel MOVE360 Leather Fully Loaded Swivel Recliner,602327787,Recliner,Motion,,Leather,1099.99,2499.99,56.0,https://www.steinhafels.com/products/living-room-chairs-ottomans-recliners-flex-move3lr
steinhafels,Flexsteel,FLEX,Flexsteel Landon Leather Zero Gravity Fully Loaded Reclining Sofa,688884111,Sofa,Motion,,Leather,3099.99,3444.43,10.0,https://www.steinhafels.com/products/living-room-sofas-sectionals-reclining-sofas-loveseats-flex-lando11lr
steinhafels,Ashley,ASHY,Diana Loveseat,575352579,Loveseat,Stationary,,Fabric,839.69,932.99,10.0,https://www.steinhafels.com/products/living-room-sofas-sectionals-loveseats-575352579
steinhafels,Best Home Furnishings,BSCH,"Sebra 24"" Upholstered Stool",650708375,Other,Stationary,,Fabric,249.29,543.99,54.2,https://www.steinhafels.com/products/entertainment-bar-bar-barstools-650708375
steinhafels,Ashley,ASHY,Dream 2 Cocktail Ottoman,167847988,Ottoman,Stationary,,Unspecified,536.39,595.99,10.0,https://www.steinhafels.com/products/living-room-chairs-ottomans-ottomans-167847988
steinhafels,Ashley,ASHY,Nesting Small Cocktail Table,848NEST33,Other,Stationary,,Unspecified,244.43,244.43,,https://www.steinhafels.com/products/living-room-accents-cocktail-tables-848nest33
steinhafels,Flexsteel,FLEX,Flexsteel Harbor 2-Pc. Fully Loaded Reclining Loveseat With Heat and Massage,459PKG708,Sectional,Motion,,Leather,3311.09,3678.99,10.0,https://www.steinhafels.com/products/living-room-sofas-sectionals-reclining-sofas-loveseats-459pkg708
steinhafels,La-Z-Boy,LAZB,Morrison Fully Loaded Rocker Recliner With Wireless Remote,988Z14417,Recliner,Motion,,Fabric,1499.99,1499.99,,https://www.steinhafels.com/products/living-room-chairs-ottomans-recliners-988z14417
steinhafels,Best Home Furnishings,BSCH,Louise Pushback Swivel Recliner,465Z03169,Recliner,Motion,,Fabric,1259.99,1399.99,10.0,https://www.steinhafels.com/products/living-room-chairs-ottomans-recliners-465z03169
steinhafels,Flexsteel,FLEX,Flexsteel Oscar Leather Fully Loaded Lift Chair,994530026,Recliner,Motion,,Leather,2666.66,2666.66,,https://www.steinhafels.com/products/living-room-chairs-ottomans-recliners-994530026
steinhafels,Flexsteel,FLEX,Flexsteel Harbor 3-Pc. Fully Loaded Reclining Console Loveseat With Heat and Massage,290PKG669,Sectional,Motion,,Leather,3833.09,4258.99,10.0,https://www.steinhafels.com/products/living-room-sofas-sectionals-reclining-sofas-loveseats-290pkg669
steinhafels,Bassett,HGTV,Reston Square End Table,849RST574,Other,Stationary,,Unspecified,999.99,999.99,,https://www.steinhafels.com/products/living-room-accents-end-tables-849rst574
steinhafels,Ashley,ASHY,"Macy 5-Pc. Counter Height Dining Set, Black",605192635,Other,Stationary,,Leather,679.49,754.99,10.0,https://www.steinhafels.com/products/dining-tables-counter-and-pub-tables-605192635
steinhafels,Bassett,HGTV,Tahiti End Table,849TAHI11,Other,Stationary,,Unspecified,777.77,777.77,,https://www.steinhafels.com/products/living-room-accents-end-tables-849tahi11
steinhafels,Flexsteel,FLXD,"Flexsteel Waterfall 76"" Console",800WRF849,Other,Stationary,,Unspecified,1777.77,1777.77,,https://www.steinhafels.com/products/entertainment-bar-entertainment-media-consoles-800wrf849
steinhafels,Ashley,ASHY,Quad End Table,849QD3005,Other,Stationary,,Unspecified,388.88,388.88,,https://www.steinhafels.com/products/living-room-accents-end-tables-849qd3005
steinhafels,Ashley,ASHY,Dream 2 5-Pc. Modular,977PKG874,Sectional,Stationary,,Unspecified,3387.99,3387.99,,https://www.steinhafels.com/products/living-room-sofas-sectionals-sectionals-977pkg874
steinhafels,Ashley,ASHY,"Casper 60"" Fireplace",809013831,Other,Stationary,,Unspecified,749.99,833.32,10.0,https://www.steinhafels.com/products/entertainment-bar-entertainment-fireplace-media-consoles-809013831
steinhafels,La-Z-Boy,LAZB,Ava 3-Pc. Power Headrest Reclining Console Loveseat,831PKG201,Sectional,Motion,Power,Unspecified,2104.19,3519.97,40.2,https://www.steinhafels.com/products/living-room-sofas-sectionals-reclining-sofas-loveseats-831pkg201
steinhafels,Ashley,ASHY,Morgan Dresser,450473873,Other,Stationary,,Unspecified,669.59,743.99,10.0,https://www.steinhafels.com/products/bedroom-storage-dressers-450473873
steinhafels,Ashley,ASHY,Lizzie Vanity Stool,480666623,Other,Stationary,,Unspecified,159.29,176.99,10.0,https://www.steinhafels.com/products/kids-study-play-vanities-480666623
steinhafels,Ashley,ASHY,Eames Cocktail Table,848EAM041,Other,Stationary,,Unspecified,499.99,499.99,,https://www.steinhafels.com/products/living-room-accents-cocktail-tables-848eam041
steinhafels,Ashley,ASHY,Benson Nightstand,470245994,Other,Stationary,,Unspecified,249.29,276.99,10.0,https://www.steinhafels.com/products/bedroom-storage-nightstands-470245994
steinhafels,Flexsteel,FLXD,"Millwork 92"" Console",885MLW210,Other,Stationary,,Unspecified,2555.54,2555.54,,https://www.steinhafels.com/products/entertainment-bar-entertainment-media-consoles-885mlw210
steinhafels,Natuzzi,NATU,Matteo 3-Pc. Leather Power Headrest Reclining Console Loveseat,276PKG828,Sectional,Motion,Power,Leather,2920.49,5714.99,48.9,https://www.steinhafels.com/products/living-room-sofas-sectionals-reclining-sofas-loveseats-276pkg828
steinhafels,Southern Motion,SOMO,Pacey Leather Fully Loaded Rocker Recliner With SoCozi,123Z33336,Recliner,Motion,,Leather,1529.49,2055.54,25.6,https://www.steinhafels.com/products/living-room-chairs-ottomans-recliners-123z33336
steinhafels,Ashley,ASHY,Stella Rocker Recliner In Next-Gen Nuvella Performance Fabric,544Z94559,Recliner,Motion,,Fabric,489.99,544.43,10.0,https://www.steinhafels.com/products/living-room-chairs-ottomans-recliners-544z94559
steinhafels,Ashley,ASHY,Willa Wide Chair,351Z54798,Chair,Stationary,,Unspecified,404.99,449.99,10.0,https://www.steinhafels.com/products/living-room-chairs-ottomans-accent-chairs-351z54798
steinhafels,Bassett,HGTV,Reston Console Table,885RST883,Other,Stationary,,Unspecified,1722.21,1722.21,,https://www.steinhafels.com/products/living-room-accents-console-tables-885rst883
steinhafels,Flexsteel,FLXD,Lincoln End Table,849LNC049,Other,Stationary,,Unspecified,611.1,611.1,,https://www.steinhafels.com/products/living-room-accents-end-tables-849lnc049
steinhafels,Ashley,ASHY,Berlin Rocker Recliner in Carbon,426Z10002,Recliner,Motion,,Leather,575.99,639.99,10.0,https://www.steinhafels.com/products/living-room-chairs-ottomans-recliners-426z10002
steinhafels,Flexsteel,FLXD,Lincoln Accent Table,859LNC891,Chair,Stationary,,Unspecified,333.32,333.32,,https://www.steinhafels.com/products/living-room-accents-end-tables-859lnc891
steinhafels,Ashley,ASHY,Benson Chest,500911776,Other,Stationary,,Unspecified,579.59,643.99,10.0,https://www.steinhafels.com/products/bedroom-storage-chests-500911776
steinhafels,La-Z-Boy,LAZB,Patrick Pwr Headrest Rkr Recl w Wireless Remote,806Z27167,Recliner,Motion,,Leather,1555.54,1555.54,,https://www.steinhafels.com/products/living-room-chairs-ottomans-recliners-806z27167
steinhafels,Flexsteel,FLXD,Flexsteel Sylvie Cocktail Table,848SLV229,Other,Stationary,,Unspecified,999.99,999.99,,https://www.steinhafels.com/products/living-room-accents-cocktail-tables-848slv229
steinhafels,Ashley,ASHY,Soho Chest,500709209,Other,Stationary,,Unspecified,729.89,810.99,10.0,https://www.steinhafels.com/products/bedroom-storage-chests-500709209
steinhafels,Ashley,ASHY,Eames End Table,849EAM072,Other,Stationary,,Unspecified,311.1,311.1,,https://www.steinhafels.com/products/living-room-accents-end-tables-849eam072
steinhafels,Ashley,ASHY,"Emma 48-64"" Rectangular Dining Table",605303972,Other,Stationary,,Unspecified,499.49,554.99,10.0,https://www.steinhafels.com/products/dining-tables-dining-tables-605303972
steinhafels,Ashley,ASHY,Casey Two-Toned 3-pc. Counter Island Set,670405261,Other,Stationary,,Unspecified,539.99,599.99,10.0,https://www.steinhafels.com/products/dining-tables-counter-and-pub-tables-670405261
steinhafels,Flexsteel,FLXD,Flexsteel Westside Wide Chair And A Half,469Z23084,Chair,Stationary,,Unspecified,1839.99,2044.43,10.0,https://www.steinhafels.com/products/living-room-chairs-ottomans-accent-chairs-469z23084
steinhafels,Ashley,ASHY,Urban Bookcase,830URB563,Other,Stationary,,Unspecified,599.99,666.66,10.0,https://www.steinhafels.com/products/home-office-storage-bookcases-shelving-830urb563
steinhafels,Flexsteel,FLXD,Flexsteel Lyra End Table,849LYRA59,Other,Stationary,,Unspecified,549.99,611.1,10.0,https://www.steinhafels.com/products/living-room-accents-end-tables-849lyra59
steinhafels,La-Z-Boy,LAZB,Cade Fully Loaded Recl Cons Love With Wireless Remote,976Z19202,Sofa,Motion,,Unspecified,2777.77,2777.77,,https://www.steinhafels.com/products/living-room-sofas-sectionals-reclining-sofas-loveseats-976z19202
steinhafels,Bassett,HGTV,Reston Round Chairside Table,859RST750,Other,Stationary,,Unspecified,888.88,888.88,,https://www.steinhafels.com/products/living-room-accents-end-tables-859rst750
steinhafels,Ashley,ASHY,Glen Leather Power Headrest Zero Gravity Reclining Sofa,164Z29853,Sofa,Motion,Power,Leather,2299.99,2555.54,10.0,https://www.steinhafels.com/products/living-room-sofas-sectionals-reclining-sofas-loveseats-164z29853
steinhafels,La-Z-Boy,LAZB,Norton Rocker Recliner,198Z58930,Recliner,Motion,,Fabric,659.99,733.32,10.0,https://www.steinhafels.com/products/living-room-chairs-ottomans-recliners-198z58930
steinhafels,Ashley,ASHY,Remi Dresser,450224522,Other,Stationary,,Unspecified,579.59,643.99,10.0,https://www.steinhafels.com/products/kids-storage-dressers-450224522
steinhafels,Ashley,ASHY,Cassie Storage Cocktail Ottoman,613Z41425,Ottoman,Stationary,,Unspecified,377.99,419.99,10.0,https://www.steinhafels.com/products/living-room-chairs-ottomans-ottomans-613z41425
steinhafels,Ashley,ASHY,Annalee Wide Chair,895Z78239,Chair,Stationary,,Unspecified,611.99,611.99,,https://www.steinhafels.com/products/living-room-chairs-ottomans-accent-chairs-895z78239
steinhafels,Ashley,ASHY,Diana Sofa,217Z53436,Sofa,Stationary,,Fabric,899.99,999.99,10.0,https://www.steinhafels.com/products/living-room-sofas-sectionals-sofas-217z53436
steinhafels,Ashley,ASHY,Contra Chairside Table,859CNT625,Other,Stationary,,Unspecified,149.98,422.21,64.5,https://www.steinhafels.com/products/living-room-accents-end-tables-859cnt625
steinhafels,Flexsteel,FLXD,Plymouth End Table,849PLM809,Other,Stationary,,Unspecified,499.99,555.54,10.0,https://www.steinhafels.com/products/living-room-accents-end-tables-849plm809
steinhafels,Flexsteel,FLEX,Flexsteel Zecliner Model 1 Medium Fully Loaded Sleep Lift Chair in Java,992004833,Recliner,Motion,,Fabric,2444.43,2444.43,,https://www.steinhafels.com/products/living-room-chairs-ottomans-recliners-992004833
steinhafels,Ashley,ASHY,Adley Sofa,792Z97358,Sofa,Stationary,,Fabric,499.99,555.54,10.0,https://www.steinhafels.com/products/living-room-sofas-sectionals-sofas-792z97358
steinhafels,Best Home Furnishings,BSCH,"Odell Upholstered Side Chair In Riverloom / 21576 Java, Grade B",650609159,Chair,Stationary,,Fabric,149.39,487.99,69.4,https://www.steinhafels.com/products/dining-seating-dining-chairs-650609159
steinhafels,Ashley,ASHY,Dante Mirror In Black,464253761,Other,Stationary,,Unspecified,89.99,99.99,10.0,https://www.steinhafels.com/products/bedroom-storage-mirrors-464253761
steinhafels,Ashley,ASHY,Jade Chair in Caramel,359Z59173,Chair,Stationary,,Leather,494.99,549.99,10.0,https://www.steinhafels.com/products/living-room-chairs-ottomans-accent-chairs-359z59173
steinhafels,Ashley,ASHY,Meadowbrook Five Drawer Chest,500253292,Other,Stationary,,Unspecified,889.19,987.99,10.0,https://www.steinhafels.com/products/kids-storage-chests-500253292
steinhafels,Bassett,HGTV,Garner Swivel Chair,881Z49454,Chair,Stationary,,Leather,1333.32,1333.32,,https://www.steinhafels.com/products/living-room-chairs-ottomans-accent-chairs-881z49454
steinhafels,Flexsteel,FLXD,Flexsteel Loretta Loveseat,221893067,Loveseat,Stationary,,Unspecified,1699.99,3499.99,51.4,https://www.steinhafels.com/products/living-room-sofas-sectionals-loveseats-221893067
steinhafels,Ashley,ASHY,Lizzie Dressing Chest,500765911,Other,Stationary,,Unspecified,599.39,665.99,10.0,https://www.steinhafels.com/products/kids-storage-chests-500765911
steinhafels,Ashley,ASHY,Lizzie Dresser,450680296,Other,Stationary,,Unspecified,649.79,721.99,10.0,https://www.steinhafels.com/products/kids-storage-dressers-450680296
steinhafels,Ashley,ASHY,Soho Dresser,450019200,Other,Stationary,,Unspecified,729.89,810.99,10.0,https://www.steinhafels.com/products/bedroom-storage-dressers-450019200
steinhafels,Flexsteel,FLXD,Flexsteel Main Street Loveseat,696589848,Loveseat,Stationary,,Unspecified,1400.0,2499.99,44.0,https://www.steinhafels.com/products/living-room-sofas-sectionals-loveseats-696589848
steinhafels,La-Z-Boy,LAZB,Pinnacle Power Headrest Rocker Recliner with Wireless Remote,520010718,Recliner,Motion,Power,Leather,1349.99,1499.99,10.0,https://www.steinhafels.com/products/living-room-chairs-ottomans-recliners-520010718
steinhafels,Natuzzi,NATU,Matteo 2-Pc. Leather Power Headrest Reclining Loveseat,285PKG936,Sectional,Motion,Power,Leather,2453.39,4798.99,48.9,https://www.steinhafels.com/products/living-room-sofas-sectionals-reclining-sofas-loveseats-285pkg936
steinhafels,Ashley,ASHY,Hanna Dresser,450837684,Other,Stationary,,Unspecified,549.89,610.99,10.0,https://www.steinhafels.com/products/kids-storage-dressers-450837684
steinhafels,Flexsteel,FLXD,"Lincoln 67"" Console",801LNC417,Other,Stationary,,Unspecified,2199.99,2444.43,10.0,https://www.steinhafels.com/products/living-room-accents-media-consoles-fireplaces-801lnc417
steinhafels,Jackson/Catnapper,JACK,Ike 3-Pc. Sectional,116PKG141,Sectional,Stationary,,Fabric,2481.29,2756.99,10.0,https://www.steinhafels.com/products/living-room-sofas-sectionals-sectionals-116pkg141
steinhafels,Ashley,ASHY,Koda Accent Table,859KODA86,Chair,Stationary,,Unspecified,499.99,499.99,,https://www.steinhafels.com/products/living-room-accents-end-tables-859koda86
steinhafels,Bassett,HGTV,Vansant End Table,849VANS11,Other,Stationary,,Unspecified,949.99,1055.54,10.0,https://www.steinhafels.com/products/living-room-accents-end-tables-849vans11
steinhafels,Ashley,ASHY,Tessa Mirror,464960749,Other,Stationary,,Unspecified,189.89,210.99,10.0,https://www.steinhafels.com/products/kids-study-play-mirrors-464960749
steinhafels,Ashley,ASHY,Hanna Dressing Chest,500958476,Other,Stationary,,Unspecified,789.29,876.99,10.0,https://www.steinhafels.com/products/bedroom-storage-chests-500958476
steinhafels,Ashley,ASHY,Annalee Sofa,366Z34874,Sofa,Stationary,,Unspecified,649.99,722.21,10.0,https://www.steinhafels.com/products/living-room-sofas-sectionals-sofas-366z34874
steinhafels,Bassett,HGTV,"Copenhagen 84"" Media Console",800CHG611,Other,Stationary,,Unspecified,3399.99,3777.77,10.0,https://www.steinhafels.com/products/living-room-accents-media-consoles-fireplaces-800chg611
steinhafels,Ashley,ASHY,Adley Queen Sleeper Sofa,182MTO342,Sofa,Stationary,,Fabric,908.99,1009.99,10.0,https://www.steinhafels.com/products/living-room-sofas-sectionals-sleeper-sofas-182mto342
steinhafels,La-Z-Boy,LAZB,Cade Fully Loaded Reclining Sofa With Wireless Remote,203Z75908,Sofa,Motion,,Unspecified,2399.99,2666.66,10.0,https://www.steinhafels.com/products/living-room-sofas-sectionals-reclining-sofas-loveseats-203z75908
steinhafels,Ashley,ASHY,Remi Mirror,464612795,Other,Stationary,,Unspecified,89.99,99.99,10.0,https://www.steinhafels.com/products/kids-study-play-mirrors-464612795
steinhafels,Bassett,HGTV,Dover Large Castered Storage Ottoman,967Z12162,Ottoman,Stationary,,Fabric,1222.21,1222.21,,https://www.steinhafels.com/products/living-room-chairs-ottomans-ottomans-967z12162
steinhafels,Flexsteel,FLEX,Flexsteel Harbor 5-Pc. Fully Loaded Reclining Modular With Heat and Massage,825PKG314,Sectional,Motion,,Leather,7487.09,8318.99,10.0,https://www.steinhafels.com/products/living-room-sofas-sectionals-reclining-sectionals-825pkg314
steinhafels,Best Home Furnishings,BSCH,Reyona Chaise Lounger,308Z51819,Other,Stationary,,Unspecified,1299.99,1444.43,10.0,https://www.steinhafels.com/products/living-room-sofas-sectionals-chaises-daybeds-308z51819
steinhafels,La-Z-Boy,LAZB,Lennon Leather Fully Loaded Recliner With Wireless Remote,536Z43530,Recliner,Motion,,Leather,1199.99,2055.54,41.6,https://www.steinhafels.com/products/living-room-chairs-ottomans-recliners-536z43530
steinhafels,Jackson/Catnapper,JACK,Grant Chair,365405286,Chair,Stationary,,Unspecified,649.79,721.99,10.0,https://www.steinhafels.com/products/living-room-chairs-ottomans-accent-chairs-365405286
steinhafels,Ashley,ASHY,Trinell Mirror,464409587,Other,Stationary,,Unspecified,109.79,121.99,10.0,https://www.steinhafels.com/products/bedroom-storage-mirrors-464409587
steinhafels,Jackson/Catnapper,JACK,Dixie 2-Pc. Sectional,903PKG504,Sectional,Stationary,,Fabric,2327.99,2327.99,,https://www.steinhafels.com/products/living-room-sofas-sectionals-sectionals-903pkg504
steinhafels,Flexsteel,FLXD,Catalina Leather Power Headrest Rocker Recliner,152Z30428,Recliner,Motion,Power,Leather,2499.99,2777.77,10.0,https://www.steinhafels.com/products/living-room-chairs-ottomans-recliners-152z30428
steinhafels,Best Home Furnishings,BSCH,Pauley Push Back High Leg Recliner,086640484,Recliner,Motion,,Unspecified,1099.99,1222.21,10.0,https://www.steinhafels.com/products/living-room-chairs-ottomans-recliners-086640484
steinhafels,Flexsteel,FLXD,Catalina Power Headrest Reclining Sofa,358Z26637,Sofa,Motion,Power,Unspecified,3299.99,3666.66,10.0,https://www.steinhafels.com/products/living-room-sofas-sectionals-reclining-sofas-loveseats-358z26637
steinhafels,Flexsteel,FLXD,Pouf Cocktail Ottoman,899Z00568,Ottoman,Stationary,,Fabric,579.99,644.43,10.0,https://www.steinhafels.com/products/living-room-chairs-ottomans-ottomans-899z00568
steinhafels,Best Home Furnishings,BSCH,Arden Club Chair,232Z81624,Chair,Stationary,,Unspecified,729.99,811.1,10.0,https://www.steinhafels.com/products/living-room-chairs-ottomans-accent-chairs-232z81624
steinhafels,Ashley,ASHY,Hanna Mirror,464712604,Other,Stationary,,Unspecified,79.19,87.99,10.0,https://www.steinhafels.com/products/kids-study-play-mirrors-464712604
steinhafels,Ashley,ASHY,"Carter 24"" Counter Saddle Stool",623312480,Other,Stationary,,Fabric,89.09,98.99,10.0,https://www.steinhafels.com/products/entertainment-bar-bar-barstools-623312480
steinhafels,Jackson/Catnapper,JACK,Magnolia Sofa,171Z43322,Sofa,Stationary,,Fabric,899.99,999.99,10.0,https://www.steinhafels.com/products/living-room-sofas-sectionals-sofas-171z43322
steinhafels,Ashley,ASHY,Morgan Mirror,464658890,Other,Stationary,,Unspecified,169.19,187.99,10.0,https://www.steinhafels.com/products/kids-study-play-mirrors-464658890
steinhafels,Ashley,ASHY,Trinell Nightstand,470454807,Other,Stationary,,Unspecified,269.09,298.99,10.0,https://www.steinhafels.com/products/bedroom-storage-nightstands-470454807
steinhafels,Ashley,ASHY,"Rachel 84-108"" Dining Table",605685988,Other,Stationary,,Unspecified,1119.59,1243.99,10.0,https://www.steinhafels.com/products/dining-tables-dining-tables-605685988
steinhafels,Ashley,ASHY,Ivy Side Chair,650374599,Chair,Stationary,,Unspecified,119.69,132.99,10.0,https://www.steinhafels.com/products/dining-seating-dining-chairs-650374599
steinhafels,Flexsteel,FLXD,Flexsteel Zecliner Fitted Sheet Set,284828290,Recliner,Motion,,Fabric,49.99,55.54,10.0,https://www.steinhafels.com/products/living-room-chairs-ottomans-recliners-284828290
steinhafels,Jackson/Catnapper,JACK,Magnolia Loveseat,242205551,Loveseat,Stationary,,Fabric,854.99,949.99,10.0,https://www.steinhafels.com/products/living-room-sofas-sectionals-loveseats-242205551
steinhafels,Bassett,HGTV,Liam Cocktail Table,848LIAM49,Other,Stationary,,Unspecified,1399.99,1555.54,10.0,https://www.steinhafels.com/products/living-room-accents-cocktail-tables-848liam49
steinhafels,Flexsteel,FLXD,Lincoln Rectangle Cocktail Table,848LNC482,Other,Stationary,,Unspecified,899.99,999.99,10.0,https://www.steinhafels.com/products/living-room-accents-cocktail-tables-848lnc482
steinhafels,Ashley,ASHY,"Nolan 76"" Counter Table",635259207,Other,Stationary,,Unspecified,539.09,598.99,10.0,https://www.steinhafels.com/products/dining-tables-counter-and-pub-tables-635259207
steinhafels,Ashley,ASHY,Annalee Wide Ottoman,937Z17100,Ottoman,Stationary,,Unspecified,274.49,304.99,10.0,https://www.steinhafels.com/products/living-room-chairs-ottomans-ottomans-937z17100
steinhafels,Bassett,HGTV,Reclining Your Way Headrest Wall Saver Reclining Sofa,791Z55388,Sofa,Motion,,Unspecified,4699.99,5222.21,10.0,https://www.steinhafels.com/products/living-room-sofas-sectionals-reclining-sofas-loveseats-791z55388
steinhafels,Flexsteel,FLXD,Millwork Rectangle Cocktail Table,848MLW265,Other,Stationary,,Unspecified,699.99,777.77,10.0,https://www.steinhafels.com/products/living-room-accents-cocktail-tables-848mlw265
steinhafels,Flexsteel,FLXD,Flexsteel Sylvie Short End Table,849SLV711,Other,Stationary,,Unspecified,299.99,333.32,10.0,https://www.steinhafels.com/products/living-room-accents-end-tables-849slv711
steinhafels,Ashley,ASHY,Henley Accent Table,859HNY165,Chair,Stationary,,Unspecified,299.99,333.32,10.0,https://www.steinhafels.com/products/living-room-accents-end-tables-859hny165
steinhafels,Ashley,ASHY,Chase Accent Table,085CHA895,Chair,Stationary,,Unspecified,119.99,133.32,10.0,https://www.steinhafels.com/products/living-room-accents-end-tables-085cha895
steinhafels,Ashley,ASHY,Diana Wide Ottoman,309879919,Ottoman,Stationary,,Fabric,269.09,298.99,10.0,https://www.steinhafels.com/products/living-room-chairs-ottomans-ottomans-309879919
steinhafels,Flexsteel,FLXD,"Plymouth 67"" Console",801PLM952,Other,Stationary,,Unspecified,1499.99,1666.66,10.0,https://www.steinhafels.com/products/living-room-accents-media-consoles-fireplaces-801plm952
steinhafels,Flexsteel,FLXD,Millwork Round Cocktail Table,848MLW847,Other,Stationary,,Unspecified,699.99,777.77,10.0,https://www.steinhafels.com/products/living-room-accents-cocktail-tables-848mlw847
steinhafels,Flexsteel,FLXD,Flexsteel Westside Loveseat,550039726,Loveseat,Stationary,,Unspecified,2249.99,2499.99,10.0,https://www.steinhafels.com/products/living-room-sofas-sectionals-loveseats-550039726
steinhafels,Ashley,ASHY,Meadowbrook Bunk Bed Storage,435786360,Other,Stationary,,Unspecified,99.89,210.99,52.7,https://www.steinhafels.com/products/kids-storage-trundles-storage-435786360
steinhafels,La-Z-Boy,LAZB,Rheeves High Leg Recliner,470Z51134,Recliner,Motion,,Leather,1149.99,1277.77,10.0,https://www.steinhafels.com/products/living-room-chairs-ottomans-recliners-470z51134
steinhafels,Bassett,HGTV,Grain Square Cocktail Table,848GRN114,Other,Stationary,,Unspecified,1549.99,1722.21,10.0,https://www.steinhafels.com/products/living-room-accents-cocktail-tables-848grn114
steinhafels,La-Z-Boy,LAZB,Olympic Power Headrest Zero Gravity Reclining Sofa,942Z09156,Sofa,Motion,Power,Unspecified,2332.99,2332.99,,https://www.steinhafels.com/products/living-room-sofas-sectionals-reclining-sofas-loveseats-942z09156
steinhafels,Flexsteel,FLXD,Catalina Power Headrest Reclining Loveseat,615141997,Loveseat,Motion,Power,Unspecified,3249.99,3611.1,10.0,https://www.steinhafels.com/products/living-room-sofas-sectionals-reclining-sofas-loveseats-615141997
steinhafels,Flexsteel,FLXD,Flexsteel Ruby Chair,189Z36482,Chair,Stationary,,Unspecified,1199.99,1333.32,10.0,https://www.steinhafels.com/products/living-room-chairs-ottomans-accent-chairs-189z36482
steinhafels,Ashley,ASHY,Township Cocktail Table,848T63720,Other,Stationary,,Unspecified,849.99,944.43,10.0,https://www.steinhafels.com/products/living-room-accents-cocktail-tables-848t63720
steinhafels,Ashley,ASHY,Jade Sofa in Caramel,340Z91021,Sofa,Stationary,,Leather,599.99,666.66,10.0,https://www.steinhafels.com/products/living-room-sofas-sectionals-sofas-340z91021
steinhafels,Southern Motion,SOMO,Vista Power Headrest Rocker Recliner in Putty,122784704,Recliner,Motion,Power,Unspecified,917.99,1249.99,26.6,https://www.steinhafels.com/products/living-room-chairs-ottomans-recliners-122784704
steinhafels,Ashley,ASHY,Ralene Stool,650440779,Other,Stationary,,Unspecified,139.49,154.99,10.0,https://www.steinhafels.com/products/dining-seating-dining-chairs-650440779
steinhafels,Flexsteel,FLXD,Plymouth Drawer Sofa Table,885PLM022,Sofa,Stationary,,Unspecified,799.99,888.88,10.0,https://www.steinhafels.com/products/living-room-accents-console-tables-885plm022
steinhafels,Ashley,ASHY,"Carter 24"" Counter X Back Stool",623587439,Other,Stationary,,Fabric,119.69,132.99,10.0,https://www.steinhafels.com/products/dining-seating-counter-barstools-623587439
steinhafels,Ashley,ASHY,Lizzie Nightstand,470434869,Other,Stationary,,Unspecified,309.59,343.99,10.0,https://www.steinhafels.com/products/kids-storage-nightstands-470434869
steinhafels,Ashley,ASHY,"Pine Ridge 60"" Counter Table, White",635442170,Other,Stationary,,Unspecified,599.39,665.99,10.0,https://www.steinhafels.com/products/entertainment-bar-bar-pub-tables-635442170
steinhafels,Flexsteel,FLXD,Flexsteel Westside Chair,989893074,Chair,Stationary,,Unspecified,1666.66,1666.66,,https://www.steinhafels.com/products/living-room-chairs-ottomans-accent-chairs-989893074
steinhafels,Ashley,ASHY,Glen Leather Power Headrest Zero Gravity Recliner,334Z26519,Recliner,Motion,Power,Leather,1529.99,1699.99,10.0,https://www.steinhafels.com/products/living-room-chairs-ottomans-recliners-334z26519
steinhafels,Ashley,ASHY,Morgan Chest,500103793,Other,Stationary,,Unspecified,669.59,743.99,10.0,https://www.steinhafels.com/products/bedroom-storage-chests-500103793
steinhafels,Flexsteel,FLXD,Flexsteel Bradstreet Accent Chair,143Z49048,Chair,Stationary,,Unspecified,799.99,1539.99,48.1,https://www.steinhafels.com/products/living-room-chairs-ottomans-accent-chairs-143z49048
steinhafels,Ashley,ASHY,Gail Chair,972Z79991,Chair,Stationary,,Unspecified,485.99,539.99,10.0,https://www.steinhafels.com/products/living-room-chairs-ottomans-accent-chairs-972z79991
steinhafels,Jackson/Catnapper,JACK,Magnolia Ottoman,189253187,Ottoman,Stationary,,Unspecified,404.99,449.99,10.0,https://www.steinhafels.com/products/living-room-chairs-ottomans-ottomans-189253187
steinhafels,Best Home Furnishings,BSCH,Star Oversized Swivel Chair,847066178,Chair,Stationary,,Unspecified,1149.99,1277.77,10.0,https://www.steinhafels.com/products/living-room-chairs-ottomans-accent-chairs-847066178
steinhafels,Bassett,HGTV,Trevor Power Recliner,434Z87150,Recliner,Motion,Power,Leather,2299.99,2555.54,10.0,https://www.steinhafels.com/products/living-room-chairs-ottomans-recliners-434z87150
steinhafels,Ashley,ASHY,"Nolan 24"" Counter Upholstered Swivel Stool in Brown",623656521,Chair,Stationary,,Leather,199.79,221.99,10.0,https://www.steinhafels.com/products/dining-seating-counter-barstools-623656521
steinhafels,La-Z-Boy,LAZB,Randall Rocker Recliner,908494189,Recliner,Motion,,Unspecified,1388.88,1388.88,,https://www.steinhafels.com/products/living-room-chairs-ottomans-recliners-908494189
steinhafels,Flexsteel,FLXD,Flexsteel Oscar Leather Fully Loaded Recliner,921358024,Recliner,Motion,,Leather,2749.99,3055.54,10.0,https://www.steinhafels.com/products/living-room-chairs-ottomans-recliners-921358024
steinhafels,Ashley,ASHY,Urban Desk,820URB300,Other,Stationary,,Unspecified,599.99,666.66,10.0,https://www.steinhafels.com/products/home-office-desks-chairs-desks-hutches-820urb300
steinhafels,Ashley,ASHY,Royce Accent Table,859RYC117,Chair,Stationary,,Unspecified,422.21,422.21,,https://www.steinhafels.com/products/living-room-accents-end-tables-859ryc117
steinhafels,Flexsteel,FLXD,Catalina Power Headrest Rocker Recliner,310823962,Recliner,Motion,Power,Unspecified,1749.99,1944.43,10.0,https://www.steinhafels.com/products/living-room-chairs-ottomans-recliners-310823962
steinhafels,Ashley,ASHY,Kenny Chairside Table,859KNY927,Other,Stationary,,Unspecified,299.99,333.32,10.0,https://www.steinhafels.com/products/living-room-accents-end-tables-859kny927
steinhafels,Southern Motion,SOMO,Robin Fully Loaded Reclining Loveseat With Next Level,268186411,Loveseat,Motion,,Unspecified,1934.99,2149.99,10.0,https://www.steinhafels.com/products/living-room-sofas-sectionals-reclining-sofas-loveseats-268186411
steinhafels,Jackson/Catnapper,JACK,Magnolia Accent Chair,279Z10797,Chair,Stationary,,Unspecified,593.99,659.99,10.0,https://www.steinhafels.com/products/living-room-chairs-ottomans-accent-chairs-279z10797
steinhafels,Bassett,HGTV,Copenhagen Writing Desk,820CHP975,Other,Stationary,,Unspecified,1499.99,1666.66,10.0,https://www.steinhafels.com/products/home-office-desks-chairs-desks-hutches-820chp975
steinhafels,Flexsteel,FLXD,Millwork Rectangle End Table,849MLW851,Other,Stationary,,Unspecified,399.99,444.43,10.0,https://www.steinhafels.com/products/living-room-accents-end-tables-849mlw851
steinhafels,Flexsteel,FLEX,Flexsteel Harbor 7-Pc. Fully Loaded Reclining Modular With Heat and Massage,473PKG851,Sectional,Motion,,Leather,8531.09,9478.99,10.0,https://www.steinhafels.com/products/living-room-sofas-sectionals-reclining-sectionals-473pkg851
steinhafels,Southern Motion,SOMO,Penny High Leg Recliner,172Z58269,Recliner,Motion,,Unspecified,999.99,1111.1,10.0,https://www.steinhafels.com/products/living-room-chairs-ottomans-recliners-172z58269
steinhafels,Ashley,ASHY,Trinell Chest,500412426,Other,Stationary,,Unspecified,449.09,498.99,10.0,https://www.steinhafels.com/products/bedroom-storage-chests-500412426
steinhafels,Ashley,ASHY,Alexa 2-Pc. Leather Loveseat,817PKG635,Loveseat,Stationary,,Leather,1914.29,2126.99,10.0,https://www.steinhafels.com/products/living-room-sofas-sectionals-loveseats-817pkg635
steinhafels,Ashley,ASHY,"Rachel 24"" Upholstered Swivel Counter Stool",623658184,Chair,Stationary,,Fabric,208.79,231.99,10.0,https://www.steinhafels.com/products/entertainment-bar-bar-barstools-623658184
steinhafels,Bassett,HGTV,Corinna Chair,512143635,Chair,Stationary,,Unspecified,1099.99,1222.21,10.0,https://www.steinhafels.com/products/living-room-chairs-ottomans-accent-chairs-512143635
steinhafels,Bassett,HGTV,Reclining Your Way Power Headrest Wall Saver Recliner,317Z38986,Recliner,Motion,Power,Unspecified,2609.99,2899.99,10.0,https://www.steinhafels.com/products/living-room-chairs-ottomans-recliners-317z38986
steinhafels,Ashley,ASHY,Adley Chair,970Z35379,Chair,Stationary,,Fabric,395.99,439.99,10.0,https://www.steinhafels.com/products/living-room-chairs-ottomans-accent-chairs-970z35379
steinhafels,Jackson/Catnapper,JACK,Dixie Cocktail Ottoman,309Z38547,Ottoman,Stationary,,Fabric,592.19,657.99,10.0,https://www.steinhafels.com/products/living-room-chairs-ottomans-ottomans-309z38547
steinhafels,Ashley,ASHY,Hannah Storage Accent Cabinet,097STOR22,Chair,Stationary,,Unspecified,1299.99,1444.43,10.0,https://www.steinhafels.com/products/living-room-accents-cabinets-chests-097stor22
steinhafels,Ashley,ASHY,Remi Nightstand,470024148,Other,Stationary,,Unspecified,279.89,310.99,10.0,https://www.steinhafels.com/products/kids-storage-nightstands-470024148
steinhafels,Ashley,ASHY,Tessa Nightstand,470058625,Other,Stationary,,Unspecified,419.39,465.99,10.0,https://www.steinhafels.com/products/bedroom-storage-nightstands-470058625
steinhafels,Flexsteel,FLXD,Flexsteel Westside Ottoman,360827284,Ottoman,Stationary,,Unspecified,599.99,666.66,10.0,https://www.steinhafels.com/products/living-room-chairs-ottomans-ottomans-360827284
steinhafels,Ashley,ASHY,Alexa 5-Pc. Leather Sectional,535PKG215,Sectional,Stationary,,Leather,4154.39,4615.99,10.0,https://www.steinhafels.com/products/living-room-sofas-sectionals-sectionals-535pkg215
steinhafels,Ashley,ASHY,"Boone 30"" Swivel Bar Stool",623110468,Chair,Stationary,,Unspecified,199.79,221.99,10.0,https://www.steinhafels.com/products/entertainment-bar-bar-barstools-623110468
steinhafels,Flexsteel,FLXD,Flexsteel Main Street Ottoman,879744478,Ottoman,Stationary,,Unspecified,349.99,569.99,38.6,https://www.steinhafels.com/products/living-room-chairs-ottomans-ottomans-879744478
steinhafels,Ashley,ASHY,Alexa 3-Pc. Leather Sofa,510PKG229,Sofa,Stationary,,Leather,2669.39,2965.99,10.0,https://www.steinhafels.com/products/living-room-sofas-sectionals-sofas-510pkg229
steinhafels,Southern Motion,SOMO,Robin Fully Loaded Reclining Sofa With Next Level,561Z92435,Sofa,Motion,,Unspecified,1999.99,2222.21,10.0,https://www.steinhafels.com/products/living-room-sofas-sectionals-reclining-sofas-loveseats-561z92435
steinhafels,Flexsteel,FLXD,Murph Swivel Glider,640Z42278,Chair,Motion,,Unspecified,1539.99,1711.1,10.0,https://www.steinhafels.com/products/living-room-chairs-ottomans-accent-chairs-640z42278
steinhafels,Flexsteel,FLXD,Flexsteel Score Fully Loaded Reclining Sofa,328731267,Sofa,Motion,,Unspecified,3899.99,4333.32,10.0,https://www.steinhafels.com/products/living-room-sofas-sectionals-reclining-sofas-loveseats-328731267
steinhafels,Ashley,ASHY,Willa Loveseat,832402115,Loveseat,Stationary,,Unspecified,467.99,519.99,10.0,https://www.steinhafels.com/products/living-room-sofas-sectionals-loveseats-832402115
steinhafels,Ashley,ASHY,Quad Cocktail Table w/4 Stools,848QD1673,Other,Stationary,,Unspecified,649.99,722.21,10.0,https://www.steinhafels.com/products/living-room-accents-cocktail-tables-848qd1673
steinhafels,Ashley,ASHY,Remi Chest,500167939,Other,Stationary,,Unspecified,549.89,610.99,10.0,https://www.steinhafels.com/products/kids-storage-chests-500167939
steinhafels,Ashley,ASHY,Tessa Door & Drawer Chest,500352159,Other,Stationary,,Unspecified,619.19,687.99,10.0,https://www.steinhafels.com/products/kids-storage-chests-500352159
steinhafels,Bassett,HGTV,Reston Rectangle Cocktail Table,848RST434,Other,Stationary,,Unspecified,1549.99,1722.21,10.0,https://www.steinhafels.com/products/living-room-accents-cocktail-tables-848rst434
steinhafels,Natuzzi,NATU,Wally Swivel Chair,795619092,Chair,Stationary,,Unspecified,589.99,1499.99,60.7,https://www.steinhafels.com/products/living-room-chairs-ottomans-accent-chairs-795619092
steinhafels,Ashley,ASHY,Rachel Dine Bench,640121586,Other,Stationary,,Fabric,269.99,299.99,10.0,https://www.steinhafels.com/products/dining-seating-benches-640121586
steinhafels,Bassett,HGTV,Copenhagen End Table,849CHG015,Other,Stationary,,Unspecified,799.99,888.88,10.0,https://www.steinhafels.com/products/living-room-accents-end-tables-849chg015
steinhafels,Bassett,HGTV,Tahiti Cocktail Table,848TAHI10,Other,Stationary,,Unspecified,1599.99,1777.77,10.0,https://www.steinhafels.com/products/living-room-accents-cocktail-tables-848tahi10
steinhafels,Ashley,ASHY,Jade Ottoman in Caramel,300Z86796,Ottoman,Stationary,,Leather,278.99,309.99,10.0,https://www.steinhafels.com/products/living-room-chairs-ottomans-ottomans-300z86796
steinhafels,Ashley,ASHY,Morgan Nightstand,470174591,Other,Stationary,,Unspecified,299.69,332.99,10.0,https://www.steinhafels.com/products/kids-storage-nightstands-470174591
steinhafels,Bassett,HGTV,Copenhagen Desk Chair,835CHP845,Chair,Stationary,,Fabric,699.99,777.77,10.0,https://www.steinhafels.com/products/home-office-desks-chairs-office-chairs-835chp845
steinhafels,Bassett,HGTV,"Copenhagen 96"" Media Console",800CHG619,Other,Stationary,,Unspecified,3299.99,3666.66,10.0,https://www.steinhafels.com/products/entertainment-bar-entertainment-media-consoles-800chg619
steinhafels,Ashley,ASHY,Monica Nightstand,470733189,Other,Stationary,,Unspecified,409.49,454.99,10.0,https://www.steinhafels.com/products/bedroom-storage-nightstands-470733189
steinhafels,Flexsteel,FLXD,Flexsteel Main Street Sofa,542Z78464,Sofa,Stationary,,Unspecified,1499.99,2555.54,41.3,https://www.steinhafels.com/products/living-room-sofas-sectionals-sofas-542z78464
steinhafels,Flexsteel,FLXD,Flexsteel Lyra Pouf,849LYRA81,Other,Stationary,,Fabric,279.99,311.1,10.0,https://www.steinhafels.com/products/living-room-accents-shelving-benches-849lyra81
steinhafels,Bassett,HGTV,New American Swivel Glider,553Z12047,Chair,Motion,,Leather,1349.99,1499.99,10.0,https://www.steinhafels.com/products/living-room-chairs-ottomans-accent-chairs-553z12047
steinhafels,Ashley,ASHY,Ivy Triangle Table,615453910,Other,Stationary,,Unspecified,169.19,187.99,10.0,https://www.steinhafels.com/products/dining-tables-dining-tables-615453910
steinhafels,Ashley,ASHY,Dante Two Drawer Nightstand In Black,470400302,Other,Stationary,,Unspecified,279.89,310.99,10.0,https://www.steinhafels.com/products/bedroom-storage-nightstands-470400302
steinhafels,Ashley,ASHY,Glen Leather Power Headrest Zero Gravity Reclining Console Love,363Z51764,Sofa,Motion,Power,Leather,2299.99,2555.54,10.0,https://www.steinhafels.com/products/living-room-sofas-sectionals-reclining-sofas-loveseats-363z51764
steinhafels,Ashley,ASHY,Soho Mirror,464483585,Other,Stationary,,Unspecified,139.49,154.99,10.0,https://www.steinhafels.com/products/bedroom-storage-mirrors-464483585
steinhafels,Ashley,ASHY,Monica Chest,500194534,Other,Stationary,,Unspecified,949.49,1054.99,10.0,https://www.steinhafels.com/products/bedroom-storage-chests-500194534
steinhafels,Ashley,ASHY,Benson Dresser,450735740,Other,Stationary,,Unspecified,649.79,721.99,10.0,https://www.steinhafels.com/products/bedroom-storage-dressers-450735740
steinhafels,La-Z-Boy,LAZB,Belmont Leather Fully Loaded Recliner With Wireless Remote,933Z10968,Recliner,Motion,,Leather,1799.99,1999.99,10.0,https://www.steinhafels.com/products/living-room-chairs-ottomans-recliners-933z10968
steinhafels,Bassett,HGTV,Meredith Sofa,671Z01172,Sofa,Stationary,,Fabric,1799.99,1999.99,10.0,https://www.steinhafels.com/products/living-room-sofas-sectionals-sofas-671z01172
steinhafels,Ashley,ASHY,"Nolan 24"" Counter Upholstered Swivel Stool in Grey",623100175,Chair,Stationary,,Unspecified,199.79,221.99,10.0,https://www.steinhafels.com/products/entertainment-bar-bar-barstools-623100175
steinhafels,La-Z-Boy,LAZB,Ava 3-Pc. Power Headrest Reclining Sofa,390PKG962,Sectional,Motion,Power,Unspecified,2021.39,3379.97,40.2,https://www.steinhafels.com/products/living-room-sofas-sectionals-reclining-sofas-loveseats-390pkg962
steinhafels,Ashley,ASHY,Kirby Accent Table,085KIR892,Chair,Stationary,,Unspecified,249.99,277.77,10.0,https://www.steinhafels.com/products/living-room-accents-end-tables-085kir892
steinhafels,Bassett,HGTV,Copenhagen Display Cabinet,097CHP400,Other,Stationary,,Unspecified,3499.99,3888.88,10.0,https://www.steinhafels.com/products/living-room-accents-cabinets-chests-097chp400
steinhafels,Ashley,ASHY,Lizzie Chest,500466264,Other,Stationary,,Unspecified,599.39,665.99,10.0,https://www.steinhafels.com/products/kids-storage-chests-500466264
steinhafels,Jackson/Catnapper,JACK,Ike 4-Pc. Sectional,153PKG859,Sectional,Stationary,,Fabric,3064.49,3404.99,10.0,https://www.steinhafels.com/products/living-room-sofas-sectionals-sectionals-153pkg859
steinhafels,Jackson/Catnapper,JACK,Dixie Ottoman,737382627,Ottoman,Stationary,,Fabric,503.99,559.99,10.0,https://www.steinhafels.com/products/living-room-chairs-ottomans-ottomans-737382627
steinhafels,Ashley,ASHY,Jade Loveseat in Caramel,222232847,Loveseat,Stationary,,Leather,575.99,639.99,10.0,https://www.steinhafels.com/products/living-room-sofas-sectionals-loveseats-222232847
steinhafels,Ashley,ASHY,Meadowbrook One Drawer Nightstand,470045258,Other,Stationary,,Unspecified,349.19,387.99,10.0,https://www.steinhafels.com/products/kids-storage-nightstands-470045258
steinhafels,Southern Motion,SOMO,Diva Swivel Glider,863Z02825,Chair,Motion,,Unspecified,769.49,999.99,23.1,https://www.steinhafels.com/products/living-room-chairs-ottomans-accent-chairs-863z02825
steinhafels,Flexsteel,FLXD,Flexsteel Digby Ottoman,337Z49723,Ottoman,Stationary,,Unspecified,529.99,588.88,10.0,https://www.steinhafels.com/products/living-room-chairs-ottomans-ottomans-337z49723
steinhafels,Jackson/Catnapper,JACK,Magnolia Cocktail Ottoman,541Z51154,Ottoman,Stationary,,Fabric,476.99,529.99,10.0,https://www.steinhafels.com/products/living-room-chairs-ottomans-ottomans-541z51154
steinhafels,Ashley,ASHY,Township End Table,849T63730,Other,Stationary,,Unspecified,399.99,444.43,10.0,https://www.steinhafels.com/products/living-room-accents-end-tables-849t63730
steinhafels,Flexsteel,FLXD,Lincoln Square Cocktail Table,848LNC153,Other,Stationary,,Unspecified,949.99,1055.54,10.0,https://www.steinhafels.com/products/living-room-accents-cocktail-tables-848lnc153
steinhafels,Best Home Furnishings,BSCH,Odon Round Ottoman,756Z82604,Ottoman,Stationary,,Unspecified,489.99,544.43,10.0,https://www.steinhafels.com/products/living-room-chairs-ottomans-ottomans-756z82604
steinhafels,Ashley,ASHY,"Travertine Brown Desk Lamp 17""H",006059041,Other,Stationary,,Unspecified,80.99,89.99,10.0,https://www.steinhafels.com/products/home-office-accessories-desk-lamps-006059041
steinhafels,Ashley,ASHY,Meadowbrook Six Drawer Dresser,450419197,Other,Stationary,,Unspecified,889.19,987.99,10.0,https://www.steinhafels.com/products/kids-storage-dressers-450419197
steinhafels,La-Z-Boy,LAZB,Ava 6-Pc. Power Headrest Reclining Modular With Wireless Remote,853PKG577,Sectional,Motion,Power,Unspecified,3488.39,5839.94,40.3,https://www.steinhafels.com/products/living-room-sofas-sectionals-reclining-sectionals-853pkg577
steinhafels,Bassett,HGTV,Vansant Console Table,885VANS12,Other,Stationary,,Unspecified,1899.99,2111.1,10.0,https://www.steinhafels.com/products/living-room-accents-console-tables-885vans12
steinhafels,Flexsteel,FLXD,Flexsteel Score Fully Loaded Reclining Loveseat,489112168,Loveseat,Motion,,Unspecified,3749.99,4166.66,10.0,https://www.steinhafels.com/products/living-room-sofas-sectionals-reclining-sofas-loveseats-489112168
steinhafels,Ashley,ASHY,Crescent End Table,849CRS902,Other,Stationary,,Unspecified,219.99,244.43,10.0,https://www.steinhafels.com/products/living-room-accents-end-tables-849crs902
steinhafels,Flexsteel,FLXD,Flexsteel Digby Push Back Recliner,714Z39275,Recliner,Motion,,Unspecified,1999.99,2222.21,10.0,https://www.steinhafels.com/products/living-room-chairs-ottomans-accent-chairs-714z39275
steinhafels,Ashley,ASHY,Willa Sofa,981Z01640,Sofa,Stationary,,Unspecified,499.99,555.54,10.0,https://www.steinhafels.com/products/living-room-sofas-sectionals-sofas-981z01640
steinhafels,Ashley,ASHY,Rachel Side Chair,650423953,Chair,Stationary,,Fabric,189.89,210.99,10.0,https://www.steinhafels.com/products/dining-seating-dining-chairs-650423953
steinhafels,Ashley,ASHY,Shadow Chairside Table,805SHADO3,Other,Stationary,,Unspecified,349.99,388.88,10.0,https://www.steinhafels.com/products/living-room-accents-end-tables-805shado3
steinhafels,Ashley,ASHY,Carly Loveseat in Graphite,329Z80108,Loveseat,Stationary,,Unspecified,519.29,576.99,10.0,https://www.steinhafels.com/products/living-room-sofas-sectionals-loveseats-329z80108
steinhafels,Ashley,ASHY,Monica Dresser,450823661,Other,Stationary,,Unspecified,1019.69,1132.99,10.0,https://www.steinhafels.com/products/bedroom-storage-dressers-450823661
steinhafels,La-Z-Boy,LAZB,Ava 2-Pc. Power Headrest Reclining Loveseat,734PKG678,Sectional,Motion,Power,Unspecified,1624.49,2719.98,40.3,https://www.steinhafels.com/products/living-room-sofas-sectionals-reclining-sofas-loveseats-734pkg678
steinhafels,Ashley,ASHY,"Jasmine 25"" Counter Stool",623163396,Other,Stationary,,Fabric,149.39,165.99,10.0,https://www.steinhafels.com/products/living-room-chairs-ottomans-benches-stools-623163396
steinhafels,Jackson/Catnapper,JACK,Dixie 3-Pc. Sectional,642PKG353,Sectional,Stationary,,Fabric,2610.89,2900.99,10.0,https://www.steinhafels.com/products/living-room-sofas-sectionals-sectionals-642pkg353
steinhafels,Ashley,ASHY,Gail Loveseat,371Z31444,Loveseat,Stationary,,Unspecified,555.29,616.99,10.0,https://www.steinhafels.com/products/living-room-sofas-sectionals-loveseats-371z31444
steinhafels,Natuzzi,NATU,Matteo 3-Pc. Leather Power Headrest Reclining Sofa,846PKG370,Sectional,Motion,Power,Leather,3016.79,6138.99,50.9,https://www.steinhafels.com/products/living-room-sofas-sectionals-reclining-sofas-loveseats-846pkg370
steinhafels,Flexsteel,FLXD,Flexsteel Lyra Cocktail Table,848LYRA37,Other,Stationary,,Unspecified,949.99,1055.54,10.0,https://www.steinhafels.com/products/living-room-accents-cocktail-tables-848lyra37
steinhafels,Ashley,ASHY,Urban Desk Chair,835URB411,Chair,Stationary,,Unspecified,249.99,277.77,10.0,https://www.steinhafels.com/products/home-office-desks-chairs-office-chairs-835urb411
steinhafels,Bassett,HGTV,Reston Round End Table,849RST427,Other,Stationary,,Unspecified,899.99,999.99,10.0,https://www.steinhafels.com/products/living-room-accents-end-tables-849rst427
steinhafels,Ashley,ASHY,Monica Mirror,464027577,Other,Stationary,,Unspecified,199.79,221.99,10.0,https://www.steinhafels.com/products/bedroom-storage-mirrors-464027577
steinhafels,Ashley,ASHY,Mae 4-Pc. Sectional With Next-Gen Nuvella Performance Fabric,463PKG030,Sectional,Stationary,,Fabric,2355.29,2616.99,10.0,https://www.steinhafels.com/products/living-room-sofas-sectionals-sectionals-463pkg030
steinhafels,Ashley,ASHY,Willa Wide Ottoman,214803992,Ottoman,Stationary,,Unspecified,266.39,295.99,10.0,https://www.steinhafels.com/products/living-room-chairs-ottomans-ottomans-214803992
steinhafels,Ashley,ASHY,Petal Road 4-pc Sectional,721P30510,Sectional,Stationary,,Unspecified,1299.59,1443.99,10.0,https://www.steinhafels.com/products/outdoor-lounge-furniture-sectionals-721p30510
steinhafels,Ashley,ASHY,Diana Wide Chair,938Z54985,Chair,Stationary,,Fabric,659.69,732.99,10.0,https://www.steinhafels.com/products/living-room-chairs-ottomans-accent-chairs-938z54985
steinhafels,Ashley,ASHY,Torjin Console Bar Table Set,8854PKG94,Other,Stationary,,Unspecified,639.89,710.99,10.0,https://www.steinhafels.com/products/living-room-accents-console-tables-8854pkg94
steinhafels,Best Home Furnishings,BSCH,Larry Oversized Zero Gravity Lift Chair,698Z12641,Recliner,Motion,,Unspecified,1749.99,1944.43,10.0,https://www.steinhafels.com/products/living-room-chairs-ottomans-recliners-698z12641
steinhafels,Ashley,ASHY,Trinell Six Drawer Dresser,450828746,Other,Stationary,,Unspecified,549.89,610.99,10.0,https://www.steinhafels.com/products/bedroom-storage-dressers-450828746
steinhafels,Best Home Furnishings,BSCH,Andrea Wing Chair,276052500,Chair,Stationary,,Fabric,699.99,777.77,10.0,https://www.steinhafels.com/products/living-room-chairs-ottomans-accent-chairs-276052500
steinhafels,Ashley,ASHY,Carter Counter Island Table,605293599,Other,Stationary,,Unspecified,389.69,432.99,10.0,https://www.steinhafels.com/products/dining-tables-counter-and-pub-tables-605293599
steinhafels,Jackson/Catnapper,JACK,Grant Sofa,351405280,Sofa,Stationary,,Unspecified,849.59,943.99,10.0,https://www.steinhafels.com/products/living-room-sofas-sectionals-sofas-351405280
steinhafels,Flexsteel,FLXD,Ludwig End Table,849LDW222,Other,Stationary,,Unspecified,399.99,444.43,10.0,https://www.steinhafels.com/products/living-room-accents-end-tables-849ldw222
steinhafels,Flexsteel,FLXD,Plymouth Rectangle Cocktail Table,848PLM556,Other,Stationary,,Unspecified,549.99,611.1,10.0,https://www.steinhafels.com/products/living-room-accents-cocktail-tables-848plm556
steinhafels,Ashley,ASHY,Torjin Stool,885474519,Other,Stationary,,Unspecified,149.99,166.66,10.0,https://www.steinhafels.com/products/living-room-chairs-ottomans-benches-stools-885474519
steinhafels,Flexsteel,FLXD,Flexsteel Score Fully Loaded Recliner,694Z90619,Recliner,Motion,,Unspecified,2049.99,2277.77,10.0,https://www.steinhafels.com/products/living-room-chairs-ottomans-recliners-694z90619
steinhafels,Flexsteel,FLXD,Flexsteel Loretta Sofa,559Z46219,Sofa,Stationary,,Unspecified,1999.99,3555.54,43.8,https://www.steinhafels.com/products/living-room-sofas-sectionals-sofas-559z46219
steinhafels,Ashley,ASHY,Colette Chest,500911193,Other,Stationary,,Unspecified,479.69,532.99,10.0,https://www.steinhafels.com/products/kids-storage-chests-500911193
steinhafels,La-Z-Boy,LAZB,Lennon Leather Fully Loaded Swivel Recliner With Wireless Remote,381243245,Recliner,Motion,,Leather,1899.99,2111.1,10.0,https://www.steinhafels.com/products/living-room-chairs-ottomans-recliners-381243245
steinhafels,Ashley,ASHY,Torjin Console Bar Table,885406314,Other,Stationary,,Unspecified,349.99,388.88,10.0,https://www.steinhafels.com/products/living-room-accents-console-tables-885406314
steinhafels,Ashley,ASHY,Kayce Side Chair,650430514,Chair,Stationary,,Fabric,109.79,121.99,10.0,https://www.steinhafels.com/products/dining-seating-dining-chairs-650430514
steinhafels,Bassett,HGTV,Copenhagen Cocktail Table,848CHG347,Other,Stationary,,Unspecified,1599.99,1777.77,10.0,https://www.steinhafels.com/products/living-room-accents-cocktail-tables-848chg347
steinhafels,Ashley,ASHY,Shadow End Table,805SHADO2,Other,Stationary,,Unspecified,399.99,444.43,10.0,https://www.steinhafels.com/products/living-room-accents-end-tables-805shado2
steinhafels,Ashley,ASHY,Cassie Oversized Swivel Chair,759Z26104,Chair,Stationary,,Unspecified,800.99,889.99,10.0,https://www.steinhafels.com/products/living-room-chairs-ottomans-accent-chairs-759z26104
steinhafels,Bassett,HGTV,Holt Side Chair,650268734,Chair,Stationary,,Unspecified,199.79,776.99,74.3,https://www.steinhafels.com/products/dining-seating-dining-chairs-650268734
steinhafels,Best Home Furnishings,BSCH,Tristan Leather Power Wall Saver Incliner,282Z14574,Recliner,Motion,Power,Leather,989.99,1999.99,50.5,https://www.steinhafels.com/products/living-room-chairs-ottomans-recliners-282z14574
steinhafels,Flexsteel,FLXD,Flexsteel Sylvie Round Chairside Table,859SLV815,Other,Stationary,,Unspecified,399.99,444.43,10.0,https://www.steinhafels.com/products/living-room-accents-end-tables-859slv815
steinhafels,Jackson/Catnapper,JACK,Grant Loveseat,354405283,Loveseat,Stationary,,Unspecified,799.19,887.99,10.0,https://www.steinhafels.com/products/living-room-sofas-sectionals-loveseats-354405283
steinhafels,Ashley,ASHY,Jace Side Chair,650491031,Chair,Stationary,,Unspecified,99.89,110.99,10.0,https://www.steinhafels.com/products/dining-seating-dining-chairs-650491031
steinhafels,La-Z-Boy,LAZB,Olympic Power Headrest Zero Gravity Reclining Loveseat,530663722,Loveseat,Motion,Power,Unspecified,2289.99,2289.99,,https://www.steinhafels.com/products/living-room-sofas-sectionals-reclining-sofas-loveseats-530663722
steinhafels,Flexsteel,FLXD,"Millwork 76"" Console",885MLW325,Other,Stationary,,Unspecified,1999.99,2222.21,10.0,https://www.steinhafels.com/products/entertainment-bar-entertainment-media-consoles-885mlw325
steinhafels,Ashley,ASHY,Tessa Dresser,450679590,Other,Stationary,,Unspecified,676.79,751.99,10.0,https://www.steinhafels.com/products/kids-storage-dressers-450679590
steinhafels,Ashley,ASHY,"Jasmine 42"" Counter Table",605225168,Other,Stationary,,Unspecified,339.29,376.99,10.0,https://www.steinhafels.com/products/dining-tables-counter-and-pub-tables-605225168
steinhafels,Bassett,HGTV,"Copenhagen 60"" Console Table",885CHG581,Other,Stationary,,Unspecified,1499.99,1666.66,10.0,https://www.steinhafels.com/products/living-room-accents-console-tables-885chg581
steinhafels,Ashley,ASHY,Kimberly Ivory Chair,650451354,Chair,Stationary,,Leather,89.99,99.99,10.0,https://www.steinhafels.com/products/dining-seating-dining-chairs-650451354
steinhafels,Bassett,HGTV,Liam End Table,849LIAM61,Other,Stationary,,Unspecified,849.99,944.43,10.0,https://www.steinhafels.com/products/living-room-accents-end-tables-849liam61
steinhafels,Bassett,HGTV,Danbury Leather Small Square Ottoman,993Z57147,Ottoman,Stationary,,Leather,569.99,1332.99,57.2,https://www.steinhafels.com/products/living-room-chairs-ottomans-ottomans-993z57147
steinhafels,Flexsteel,FLXD,Flexsteel Westside Conversation Sofa,318Z51146,Sofa,Stationary,,Unspecified,3599.99,3999.99,10.0,https://www.steinhafels.com/products/living-room-sofas-sectionals-sofas-318z51146
steinhafels,Bassett,HGTV,Vansant Cocktail Table,848VANS10,Other,Stationary,,Unspecified,1799.99,1999.99,10.0,https://www.steinhafels.com/products/living-room-accents-cocktail-tables-848vans10
steinhafels,Jackson/Catnapper,JACK,Brielle Loveseat,318910025,Loveseat,Stationary,,Unspecified,879.98,1087.99,19.1,https://www.steinhafels.com/products/living-room-sofas-sectionals-loveseats-318910025
steinhafels,Ashley,ASHY,Dante Six Drawer Dresser,450938955,Other,Stationary,,Unspecified,579.59,643.99,10.0,https://www.steinhafels.com/products/bedroom-storage-dressers-450938955
steinhafels,Bassett,HGTV,Liam Chairside Table,859LIAM74,Other,Stationary,,Unspecified,799.99,888.88,10.0,https://www.steinhafels.com/products/living-room-accents-end-tables-859liam74
steinhafels,Ashley,ASHY,Lizzie Vanity with Mirror,480P63067,Other,Stationary,,Unspecified,854.99,949.99,10.0,https://www.steinhafels.com/products/kids-study-play-vanities-480p63067
steinhafels,Flexsteel,FLXD,Millwork Round End Table,849MLW792,Other,Stationary,,Unspecified,399.99,444.43,10.0,https://www.steinhafels.com/products/living-room-accents-end-tables-849mlw792
steinhafels,Ashley,ASHY,Gail Ottoman,532Z95420,Ottoman,Stationary,,Unspecified,256.49,284.99,10.0,https://www.steinhafels.com/products/living-room-chairs-ottomans-ottomans-532z95420
steinhafels,Ashley,ASHY,Boone Front Bar,605312936,Other,Stationary,,Unspecified,899.09,998.99,10.0,https://www.steinhafels.com/products/entertainment-bar-bar-bars-backbars-605312936
steinhafels,Ashley,ASHY,"Emma 45"" Round Dining Table",615116019,Other,Stationary,,Unspecified,369.89,410.99,10.0,https://www.steinhafels.com/products/dining-tables-dining-tables-615116019
steinhafels,Bassett,HGTV,Grain End Table,849GRN495,Other,Stationary,,Unspecified,899.99,999.99,10.0,https://www.steinhafels.com/products/living-room-accents-end-tables-849grn495
steinhafels,Flexsteel,FLXD,Flexsteel Westside Sofa,442855143,Sofa,Stationary,,Unspecified,2299.99,2555.54,10.0,https://www.steinhafels.com/products/living-room-sofas-sectionals-sofas-442855143
steinhafels,Flexsteel,FLXD,Flexsteel Sylvie Tall End Table,849SLV610,Other,Stationary,,Unspecified,399.99,444.43,10.0,https://www.steinhafels.com/products/living-room-accents-end-tables-849slv610
steinhafels,La-Z-Boy,LAZB,Cade Fully Loaded Recliner With Wireless Remote,273Z06786,Recliner,Motion,,Unspecified,1349.99,1499.99,10.0,https://www.steinhafels.com/products/living-room-chairs-ottomans-recliners-273z06786
steinhafels,Ashley,ASHY,Dante Five Drawer Chest In Black,500116544,Other,Stationary,,Unspecified,549.89,610.99,10.0,https://www.steinhafels.com/products/bedroom-storage-chests-500116544
steinhafels,Flexsteel,FLXD,Plymouth Square Cocktail Table,848PLM411,Other,Stationary,,Unspecified,599.99,666.66,10.0,https://www.steinhafels.com/products/living-room-accents-cocktail-tables-848plm411
steinhafels,Ashley,ASHY,Boone Back Bar,671974995,Other,Stationary,,Unspecified,919.79,1021.99,10.0,https://www.steinhafels.com/products/dining-storage-buffets-671974995
steinhafels,Ashley,ASHY,Meadowbrook Mirror,464264181,Other,Stationary,,Unspecified,159.29,176.99,10.0,https://www.steinhafels.com/products/kids-study-play-mirrors-464264181
steinhafels,Ashley,ASHY,"Rachel 76"" Counter Table",635801241,Other,Stationary,,Unspecified,589.49,654.99,10.0,https://www.steinhafels.com/products/dining-tables-counter-and-pub-tables-635801241
steinhafels,Ashley,ASHY,Adley Loveseat,371217266,Loveseat,Stationary,,Fabric,476.99,529.99,10.0,https://www.steinhafels.com/products/living-room-sofas-sectionals-loveseats-371217266
steinhafels,Ashley,ASHY,Annalee Loveseat,157510864,Loveseat,Stationary,,Unspecified,599.39,665.99,10.0,https://www.steinhafels.com/products/living-room-sofas-sectionals-loveseats-157510864
steinhafels,Flexsteel,FLXD,Plymouth Chairside Table,859PLM971,Other,Stationary,,Unspecified,499.99,555.54,10.0,https://www.steinhafels.com/products/living-room-accents-end-tables-859plm971
steinhafels,Bassett,HGTV,Delway Medium Round Ottoman,154Z28059,Ottoman,Stationary,,Fabric,839.99,933.32,10.0,https://www.steinhafels.com/products/living-room-chairs-ottomans-ottomans-154z28059
steinhafels,Flexsteel,FLEX,Flexsteel Harbor 6-Pc. Fully Loaded Reclining Modular With Heat and Massage,821ZPKG65,Sectional,Motion,,Leather,7999.99,8888.88,10.0,https://www.steinhafels.com/products/living-room-sofas-sectionals-reclining-sectionals-821zpkg65
steinhafels,Ashley,ASHY,Nesting Large Cocktail Table,848NEST99,Other,Stationary,,Unspecified,449.99,499.99,10.0,https://www.steinhafels.com/products/living-room-accents-cocktail-tables-848nest99
steinhafels,Bassett,HGTV,Meredith Chair,189Z36678,Chair,Stationary,,Fabric,1124.99,1249.99,10.0,https://www.steinhafels.com/products/living-room-chairs-ottomans-accent-chairs-189z36678
steinhafels,Flexsteel,FLXD,Flexsteel Kingman Leather Swivel Glider,267Z61066,Chair,Motion,,Leather,2249.99,2499.99,10.0,https://www.steinhafels.com/products/living-room-chairs-ottomans-accent-chairs-267z61066
steinhafels,Best Home Furnishings,BSCH,Justine Swivel Chair,697511683,Chair,Stationary,,Fabric,749.99,833.32,10.0,https://www.steinhafels.com/products/living-room-chairs-ottomans-accent-chairs-697511683
steinhafels,La-Z-Boy,LAZB,Kodie Fully Loaded Rocker Recliner With Wireless Remote,850Z26255,Recliner,Motion,,Fabric,1499.99,1666.66,10.0,https://www.steinhafels.com/products/living-room-chairs-ottomans-recliners-850z26255
steinhafels,Flexsteel,FLXD,Flexsteel Jupiter Accent Chair,645Z46577,Chair,Stationary,,Unspecified,1079.99,1199.99,10.0,https://www.steinhafels.com/products/living-room-chairs-ottomans-accent-chairs-645z46577
steinhafels,Flexsteel,FLXD,Flexsteel London 2-Pc. Sectional,241PKG596,Sectional,Stationary,,Fabric,4499.99,4999.99,10.0,https://www.steinhafels.com/products/living-room-sofas-sectionals-sectionals-241pkg596
steinhafels,Bassett,HGTV,"Reston 48"" Round Cocktail Table",848RST841,Other,Stationary,,Unspecified,1549.99,1722.21,10.0,https://www.steinhafels.com/products/living-room-accents-cocktail-tables-848rst841
steinhafels,Jackson/Catnapper,JACK,Magnolia Chair,589Z02050,Chair,Stationary,,Fabric,629.99,699.99,10.0,https://www.steinhafels.com/products/living-room-chairs-ottomans-accent-chairs-589z02050
steinhafels,Southern Motion,SOMO,Vista Power Headrest Reclining Loveseat,160436901,Loveseat,Motion,Power,Unspecified,1332.89,2029.99,34.3,https://www.steinhafels.com/products/living-room-sofas-sectionals-reclining-sofas-loveseats-160436901
steinhafels,Ashley,ASHY,Adley Ottoman,169822603,Ottoman,Stationary,,Fabric,260.99,289.99,10.0,https://www.steinhafels.com/products/living-room-chairs-ottomans-ottomans-169822603
steinhafels,Best Home Furnishings,BSCH,Randi Accent Chair,781Z70265,Chair,Stationary,,Fabric,669.99,744.43,10.0,https://www.steinhafels.com/products/living-room-chairs-ottomans-accent-chairs-781z70265
steinhafels,Ashley,ASHY,Pine Ridge Server,660469570,Other,Stationary,,Unspecified,1099.79,1221.99,10.0,https://www.steinhafels.com/products/dining-storage-sideboards-660469570
steinhafels,Bassett,HGTV,"Copenhagen 72"" Console Table",885CHG632,Other,Stationary,,Unspecified,1599.99,1777.77,10.0,https://www.steinhafels.com/products/living-room-accents-console-tables-885chg632
steinhafels,Jackson/Catnapper,JACK,Brielle Wide Ottoman,356227001,Ottoman,Stationary,,Unspecified,427.49,498.99,14.3,https://www.steinhafels.com/products/living-room-chairs-ottomans-ottomans-356227001
steinhafels,Jackson/Catnapper,JACK,Brielle Wide Chair,806Z58029,Chair,Stationary,,Unspecified,759.99,887.99,14.4,https://www.steinhafels.com/products/living-room-chairs-ottomans-accent-chairs-806z58029
steinhafels,Flexsteel,FLXD,Flexsteel Zecliner Model 2 Large Fully Loaded Sleep Recliner,139580218,Recliner,Motion,,Fabric,2299.99,2555.54,10.0,https://www.steinhafels.com/products/living-room-chairs-ottomans-recliners-139580218
steinhafels,Southern Motion,SOMO,Robin Fully Loaded Reclining Console Loveseat With Next Level And Wireless Charging,480Z70541,Loveseat,Motion,,Unspecified,2033.99,2259.99,10.0,https://www.steinhafels.com/products/living-room-sofas-sectionals-reclining-sofas-loveseats-480z70541
steinhafels,Ashley,ASHY,Gail Queen Sleeper,798707161,Sofa,Stationary,,Unspecified,989.99,1099.99,10.0,https://www.steinhafels.com/products/living-room-sofas-sectionals-sofas-798707161
steinhafels,Flexsteel,FLEX,Flexsteel Harbor 3-Pc. Fully Loaded Reclining Sofa With Heat and Massage,505PKG040,Sectional,Motion,,Leather,4463.09,4958.99,10.0,https://www.steinhafels.com/products/living-room-sofas-sectionals-reclining-sofas-loveseats-505pkg040
steinhafels,Ashley,ASHY,Shadow Cocktail Table,805SHADO1,Other,Stationary,,Unspecified,849.99,944.43,10.0,https://www.steinhafels.com/products/living-room-accents-cocktail-tables-805shado1
steinhafels,Ashley,ASHY,"Rachel 24"" Upholstered Counter Stool",623378128,Other,Stationary,,Fabric,169.19,187.99,10.0,https://www.steinhafels.com/products/entertainment-bar-bar-barstools-623378128
steinhafels,Southern Motion,SOMO,Jive Power Headrest High Leg Recliner,817Z55950,Recliner,Motion,Power,Unspecified,1214.99,1349.99,10.0,https://www.steinhafels.com/products/living-room-chairs-ottomans-recliners-817z55950
steinhafels,Flexsteel,FLXD,Catalina Power Headrest Reclining Console Loveseat,516Z08741,Loveseat,Motion,Power,Unspecified,3499.99,3888.88,10.0,https://www.steinhafels.com/products/living-room-sofas-sectionals-reclining-sofas-loveseats-516z08741
steinhafels,Southern Motion,SOMO,Robin Fully Loaded Recliner With Next Level,993Z64936,Recliner,Motion,,Unspecified,1178.99,1309.99,10.0,https://www.steinhafels.com/products/living-room-chairs-ottomans-recliners-993z64936
steinhafels,Ashley,ASHY,Soho Nightstand,470470346,Other,Stationary,,Unspecified,349.19,387.99,10.0,https://www.steinhafels.com/products/bedroom-storage-nightstands-470470346
steinhafels,Best Home Furnishings,BSCH,Airily Swivel Chair,616Z14663,Chair,Stationary,,Fabric,949.99,1055.54,10.0,https://www.steinhafels.com/products/living-room-chairs-ottomans-accent-chairs-616z14663
steinhafels,Ashley,ASHY,Haddigan Stool,650431960,Other,Stationary,,Unspecified,139.49,154.99,10.0,https://www.steinhafels.com/products/entertainment-bar-bar-barstools-650431960
steinhafels,Flexsteel,FLXD,Ludwig Cocktail Table,848LDW888,Other,Stationary,,Unspecified,549.99,611.1,10.0,https://www.steinhafels.com/products/living-room-accents-cocktail-tables-848ldw888
steinhafels,La-Z-Boy,LAZB,Audrey High Leg Power Headrest Recliner with Wireless Remote,875Z20763,Recliner,Motion,Power,Unspecified,1499.99,1666.66,10.0,https://www.steinhafels.com/products/living-room-chairs-ottomans-recliners-875z20763
steinhafels,Jackson/Catnapper,JACK,Grant Ottoman,373405286,Ottoman,Stationary,,Unspecified,344.69,382.99,10.0,https://www.steinhafels.com/products/living-room-chairs-ottomans-ottomans-373405286
steinhafels,Bassett,HGTV,Reclining Your Way 4-Pc. Power Headrest Wall Saver Reclining Modular,516ZPKG89,Sectional,Motion,Power,Unspecified,9899.99,10999.99,10.0,https://www.steinhafels.com/products/living-room-sofas-sectionals-reclining-sectionals-516zpkg89
steinhafels,Flexsteel,FLXD,Plymouth Sofa Table,885PLM900,Sofa,Stationary,,Unspecified,749.99,833.32,10.0,https://www.steinhafels.com/products/living-room-accents-console-tables-885plm900
