category,product,product_url,cover_id,cover_name,cover_pattern,price,description
rocking-recliners,Collage Rocking Recliner,/p/living-room/recliners/rocking-recliners/collage-rocking-recliner/R-010734,C165962,Smoke,McKittrick,499.0,"Collage is what happens when a whole bunch of good things come together. What’s more, Collage not only reclines, it rocks. "
rocking-recliners,Collage Rocking Recliner,/p/living-room/recliners/rocking-recliners/collage-rocking-recliner/R-010734,C165967,Charcoal,McKittrick,499.0,"Collage is what happens when a whole bunch of good things come together. What’s more, Collage not only reclines, it rocks. "
rocking-recliners,Collage Rocking Recliner,/p/living-room/recliners/rocking-recliners/collage-rocking-recliner/R-010734,C165972,Taupe,McKittrick,499.0,"Collage is what happens when a whole bunch of good things come together. What’s more, Collage not only reclines, it rocks. "
rocking-recliners,Collage Rocking Recliner,/p/living-room/recliners/rocking-recliners/collage-rocking-recliner/R-010734,C165986,Indigo,McKittrick,499.0,"Collage is what happens when a whole bunch of good things come together. What’s more, Collage not only reclines, it rocks. "
rocking-recliners,Liam Rocking Recliner,/p/living-room/recliners/rocking-recliners/liam-rocking-recliner/R-010786,B153808,Burgundy,Seamount,599.0, 
rocking-recliners,Liam Rocking Recliner,/p/living-room/recliners/rocking-recliners/liam-rocking-recliner/R-010786,C185265,Fawn,Tiago,599.0, 
rocking-recliners,Liam Rocking Recliner,/p/living-room/recliners/rocking-recliners/liam-rocking-recliner/R-010786,C185255,Granite,Tiago,599.0, 
rocking-recliners,Liam Rocking Recliner,/p/living-room/recliners/rocking-recliners/liam-rocking-recliner/R-010786,C185252,Twilight,Tiago,599.0, 
rocking-recliners,Liam Rocking Recliner,/p/living-room/recliners/rocking-recliners/liam-rocking-recliner/R-010786,C185276,Mocha,Tiago,599.0, 
rocking-recliners,Liam Rocking Recliner,/p/living-room/recliners/rocking-recliners/liam-rocking-recliner/R-010786,C185286,Navy,Tiago,599.0, 
rocking-recliners,Joshua Rocking Recliner,/p/living-room/recliners/rocking-recliners/joshua-rocking-recliner/R-010502,LB172856,Grey,Goshen,799.0,"Can you ever be too comfortable? We don’t think so, and that’s why we created the Joshua reclining room group. With its chaise seat, pillow arms and a tiered cushion back, our Joshua recliner offers versatile style and exceptional comfort with smooth rocking motion. "
rocking-recliners,Joshua Rocking Recliner,/p/living-room/recliners/rocking-recliners/joshua-rocking-recliner/R-010502,LB172878,Chestnut,Goshen,799.0,"Can you ever be too comfortable? We don’t think so, and that’s why we created the Joshua reclining room group. With its chaise seat, pillow arms and a tiered cushion back, our Joshua recliner offers versatile style and exceptional comfort with smooth rocking motion. "
rocking-recliners,Norton Rocking Recliner,/p/living-room/recliners/rocking-recliners/norton-rocking-recliner/R-010820,B180852,Stone,Social Club,1049.0, 
rocking-recliners,Norton Rocking Recliner,/p/living-room/recliners/rocking-recliners/norton-rocking-recliner/R-010820,B180857,Charcoal,Social Club,1049.0, 
rocking-recliners,Norton Rocking Recliner,/p/living-room/recliners/rocking-recliners/norton-rocking-recliner/R-010820,B180868,Pewter,Social Club,1049.0, 
rocking-recliners,Norton Rocking Recliner,/p/living-room/recliners/rocking-recliners/norton-rocking-recliner/R-010820,B180872,Chalk,Social Club,1049.0, 
rocking-recliners,Norton Rocking Recliner,/p/living-room/recliners/rocking-recliners/norton-rocking-recliner/R-010820,B180876,Cocoa,Social Club,1049.0, 
rocking-recliners,Norton Rocking Recliner,/p/living-room/recliners/rocking-recliners/norton-rocking-recliner/R-010820,C202907,Brick,Easy,1049.0, 
rocking-recliners,James Rocking Recliner,/p/living-room/recliners/rocking-recliners/james-rocking-recliner/R-010521,D206659,Lead,i-Kudos,1209.0,"Sometimes you can have it all, and our James recliner is proof. Comfortable, cool and laid back, James makes relaxing look as great as it feels with smooth rocking and reclining motion. With an inviting bucket style seat and chaise legrest that cradles you in support, while a stitched pillow back and pillow top arms pamper you in softness. Also available with a PowerReclineXR upgrade that lets you adjust the back and legrest independently in any combination of positions. "
rocking-recliners,James Rocking Recliner,/p/living-room/recliners/rocking-recliners/james-rocking-recliner/R-010521,RE994767,Silt,Palance,2319.0,"Sometimes you can have it all, and our James recliner is proof. Comfortable, cool and laid back, James makes relaxing look as great as it feels with smooth rocking and reclining motion. With an inviting bucket style seat and chaise legrest that cradles you in support, while a stitched pillow back and pillow top arms pamper you in softness. Also available with a PowerReclineXR upgrade that lets you adjust the back and legrest independently in any combination of positions. "
rocking-recliners,James Rocking Recliner,/p/living-room/recliners/rocking-recliners/james-rocking-recliner/R-010521,C181254,Stone,Damon,1729.0,"Sometimes you can have it all, and our James recliner is proof. Comfortable, cool and laid back, James makes relaxing look as great as it feels with smooth rocking and reclining motion. With an inviting bucket style seat and chaise legrest that cradles you in support, while a stitched pillow back and pillow top arms pamper you in softness. Also available with a PowerReclineXR upgrade that lets you adjust the back and legrest independently in any combination of positions. "
rocking-recliners,James Rocking Recliner,/p/living-room/recliners/rocking-recliners/james-rocking-recliner/R-010521,C181233,Oyster,Damon,1729.0,"Sometimes you can have it all, and our James recliner is proof. Comfortable, cool and laid back, James makes relaxing look as great as it feels with smooth rocking and reclining motion. With an inviting bucket style seat and chaise legrest that cradles you in support, while a stitched pillow back and pillow top arms pamper you in softness. Also available with a PowerReclineXR upgrade that lets you adjust the back and legrest independently in any combination of positions. "
rocking-recliners,James Rocking Recliner,/p/living-room/recliners/rocking-recliners/james-rocking-recliner/R-010521,C181262,Muslin,Damon,1729.0,"Sometimes you can have it all, and our James recliner is proof. Comfortable, cool and laid back, James makes relaxing look as great as it feels with smooth rocking and reclining motion. With an inviting bucket style seat and chaise legrest that cradles you in support, while a stitched pillow back and pillow top arms pamper you in softness. Also available with a PowerReclineXR upgrade that lets you adjust the back and legrest independently in any combination of positions. "
rocking-recliners,James Rocking Recliner,/p/living-room/recliners/rocking-recliners/james-rocking-recliner/R-010521,C181286,Midnight,Damon,1729.0,"Sometimes you can have it all, and our James recliner is proof. Comfortable, cool and laid back, James makes relaxing look as great as it feels with smooth rocking and reclining motion. With an inviting bucket style seat and chaise legrest that cradles you in support, while a stitched pillow back and pillow top arms pamper you in softness. Also available with a PowerReclineXR upgrade that lets you adjust the back and legrest independently in any combination of positions. "
rocking-recliners,James Rocking Recliner,/p/living-room/recliners/rocking-recliners/james-rocking-recliner/R-010521,C181257,Charcoal,Damon,1729.0,"Sometimes you can have it all, and our James recliner is proof. Comfortable, cool and laid back, James makes relaxing look as great as it feels with smooth rocking and reclining motion. With an inviting bucket style seat and chaise legrest that cradles you in support, while a stitched pillow back and pillow top arms pamper you in softness. Also available with a PowerReclineXR upgrade that lets you adjust the back and legrest independently in any combination of positions. "
rocking-recliners,Jay Rocking Recliner,/p/living-room/recliners/rocking-recliners/jay-rocking-recliner/R-010706,B153808,Burgundy,Seamount,1339.0,"Jay is definitely something you want to invite into your living room. It not only rocks and reclines, it will pamper you with pillow-soft comfort. Plus, it has beautiful welt trim on its back, cushiony arms, bucket chaise seats and footrests. Doesn’t it make you want to make it part of your home? "
rocking-recliners,Jay Rocking Recliner,/p/living-room/recliners/rocking-recliners/jay-rocking-recliner/R-010706,C180974,Mushroom,Donegal,1339.0,"Jay is definitely something you want to invite into your living room. It not only rocks and reclines, it will pamper you with pillow-soft comfort. Plus, it has beautiful welt trim on its back, cushiony arms, bucket chaise seats and footrests. Doesn’t it make you want to make it part of your home? "
rocking-recliners,Jay Rocking Recliner,/p/living-room/recliners/rocking-recliners/jay-rocking-recliner/R-010706,C180987,Marine,Donegal,1339.0,"Jay is definitely something you want to invite into your living room. It not only rocks and reclines, it will pamper you with pillow-soft comfort. Plus, it has beautiful welt trim on its back, cushiony arms, bucket chaise seats and footrests. Doesn’t it make you want to make it part of your home? "
rocking-recliners,Jay Rocking Recliner,/p/living-room/recliners/rocking-recliners/jay-rocking-recliner/R-010706,C180964,Linen,Donegal,1339.0,"Jay is definitely something you want to invite into your living room. It not only rocks and reclines, it will pamper you with pillow-soft comfort. Plus, it has beautiful welt trim on its back, cushiony arms, bucket chaise seats and footrests. Doesn’t it make you want to make it part of your home? "
rocking-recliners,Jay Rocking Recliner,/p/living-room/recliners/rocking-recliners/jay-rocking-recliner/R-010706,C180969,Granite,Donegal,1339.0,"Jay is definitely something you want to invite into your living room. It not only rocks and reclines, it will pamper you with pillow-soft comfort. Plus, it has beautiful welt trim on its back, cushiony arms, bucket chaise seats and footrests. Doesn’t it make you want to make it part of your home? "
rocking-recliners,Jay Rocking Recliner,/p/living-room/recliners/rocking-recliners/jay-rocking-recliner/R-010706,C165972,Taupe,McKittrick,1569.0,"Jay is definitely something you want to invite into your living room. It not only rocks and reclines, it will pamper you with pillow-soft comfort. Plus, it has beautiful welt trim on its back, cushiony arms, bucket chaise seats and footrests. Doesn’t it make you want to make it part of your home? "
rocking-recliners,Jay Rocking Recliner,/p/living-room/recliners/rocking-recliners/jay-rocking-recliner/R-010706,C186086,Lake,Persia,1569.0,"Jay is definitely something you want to invite into your living room. It not only rocks and reclines, it will pamper you with pillow-soft comfort. Plus, it has beautiful welt trim on its back, cushiony arms, bucket chaise seats and footrests. Doesn’t it make you want to make it part of your home? "
rocking-recliners,Finley Power Rocking Recliner w/ Headrest & Lumbar,/p/living-room/recliners/rocking-recliners/finley-power-rocking-recliner-w-headrest-lumbar/R-10X747,D209631,Bone,,2129.0, 
rocking-recliners,Finley Power Rocking Recliner w/ Headrest & Lumbar,/p/living-room/recliners/rocking-recliners/finley-power-rocking-recliner-w-headrest-lumbar/R-10X747,D156458,Charcoal,i-Hallandale,3569.0, 
rocking-recliners,Finley Power Rocking Recliner w/ Headrest & Lumbar,/p/living-room/recliners/rocking-recliners/finley-power-rocking-recliner-w-headrest-lumbar/R-10X747,D156453,Platinum,i-Hallandale,3569.0, 
rocking-recliners,Finley Power Rocking Recliner w/ Headrest & Lumbar,/p/living-room/recliners/rocking-recliners/finley-power-rocking-recliner-w-headrest-lumbar/R-10X747,D156431,Ivory,i-Hallandale,3569.0, 
rocking-recliners,Finley Power Rocking Recliner w/ Headrest & Lumbar,/p/living-room/recliners/rocking-recliners/finley-power-rocking-recliner-w-headrest-lumbar/R-10X747,D156464,Wicker,i-Hallandale,3569.0, 
rocking-recliners,Finley Power Rocking Recliner w/ Headrest & Lumbar,/p/living-room/recliners/rocking-recliners/finley-power-rocking-recliner-w-headrest-lumbar/R-10X747,D156487,Admiral,i-Hallandale,3569.0, 
rocking-recliners,Finley Power Rocking Recliner w/ Headrest & Lumbar,/p/living-room/recliners/rocking-recliners/finley-power-rocking-recliner-w-headrest-lumbar/R-10X747,C186086,Lake,Persia,3339.0, 
rocking-recliners,Cade Rocking Recliner,/p/living-room/recliners/rocking-recliners/cade-rocking-recliner/R-010803,B153808,Burgundy,Seamount,1039.0, 
rocking-recliners,Cade Rocking Recliner,/p/living-room/recliners/rocking-recliners/cade-rocking-recliner/R-010803,D206833,Bone,,1039.0, 
rocking-recliners,Cade Rocking Recliner,/p/living-room/recliners/rocking-recliners/cade-rocking-recliner/R-010803,D206860,Pebble,,1039.0, 
rocking-recliners,Cade Rocking Recliner,/p/living-room/recliners/rocking-recliners/cade-rocking-recliner/R-010803,D206871,Mineral,,1039.0, 
rocking-recliners,Cade Rocking Recliner,/p/living-room/recliners/rocking-recliners/cade-rocking-recliner/R-010803,D206876,Coffee,,1039.0, 
rocking-recliners,Cade Rocking Recliner,/p/living-room/recliners/rocking-recliners/cade-rocking-recliner/R-010803,D206893,Ocean,,1039.0, 
rocking-recliners,Cade Rocking Recliner,/p/living-room/recliners/rocking-recliners/cade-rocking-recliner/R-010803,D209225,Moss,,1039.0, 
rocking-recliners,Collage Power Rocking Recliner,/p/living-room/recliners/rocking-recliners/collage-power-rocking-recliner/R-P10734,C188232,Khaki,Lukas,1229.0,"Collage is a tried-and-true chair. You can count on it for comfort year after year. And not only does it rock, you can independently adjust the back and legrest at the touch of a button. Enjoy! "
rocking-recliners,Collage Power Rocking Recliner,/p/living-room/recliners/rocking-recliners/collage-power-rocking-recliner/R-P10734,C165962,Smoke,McKittrick,1329.0,"Collage is a tried-and-true chair. You can count on it for comfort year after year. And not only does it rock, you can independently adjust the back and legrest at the touch of a button. Enjoy! "
rocking-recliners,Collage Power Rocking Recliner,/p/living-room/recliners/rocking-recliners/collage-power-rocking-recliner/R-P10734,C165967,Charcoal,McKittrick,1329.0,"Collage is a tried-and-true chair. You can count on it for comfort year after year. And not only does it rock, you can independently adjust the back and legrest at the touch of a button. Enjoy! "
rocking-recliners,Collage Power Rocking Recliner,/p/living-room/recliners/rocking-recliners/collage-power-rocking-recliner/R-P10734,C165972,Taupe,McKittrick,1329.0,"Collage is a tried-and-true chair. You can count on it for comfort year after year. And not only does it rock, you can independently adjust the back and legrest at the touch of a button. Enjoy! "
rocking-recliners,Collage Power Rocking Recliner,/p/living-room/recliners/rocking-recliners/collage-power-rocking-recliner/R-P10734,C165986,Indigo,McKittrick,1329.0,"Collage is a tried-and-true chair. You can count on it for comfort year after year. And not only does it rock, you can independently adjust the back and legrest at the touch of a button. Enjoy! "
rocking-recliners,Norton Power Rocking Recliner w/ Headrest,/p/living-room/recliners/rocking-recliners/norton-power-rocking-recliner-w-headrest/R-10U820,B180852,Stone,Social Club,1649.0, 
rocking-recliners,Norton Power Rocking Recliner w/ Headrest,/p/living-room/recliners/rocking-recliners/norton-power-rocking-recliner-w-headrest/R-10U820,B180857,Charcoal,Social Club,1649.0, 
rocking-recliners,Norton Power Rocking Recliner w/ Headrest,/p/living-room/recliners/rocking-recliners/norton-power-rocking-recliner-w-headrest/R-10U820,B180868,Pewter,Social Club,1649.0, 
rocking-recliners,Norton Power Rocking Recliner w/ Headrest,/p/living-room/recliners/rocking-recliners/norton-power-rocking-recliner-w-headrest/R-10U820,B180872,Chalk,Social Club,1649.0, 
rocking-recliners,Norton Power Rocking Recliner w/ Headrest,/p/living-room/recliners/rocking-recliners/norton-power-rocking-recliner-w-headrest/R-10U820,B180876,Cocoa,Social Club,1649.0, 
rocking-recliners,Norton Power Rocking Recliner w/ Headrest,/p/living-room/recliners/rocking-recliners/norton-power-rocking-recliner-w-headrest/R-10U820,C202907,Brick,Easy,1649.0, 
rocking-recliners,Finley Rocking Recliner,/p/living-room/recliners/rocking-recliners/finley-rocking-recliner/R-010747,D209631,Bone,,1349.0, 
rocking-recliners,Finley Rocking Recliner,/p/living-room/recliners/rocking-recliners/finley-rocking-recliner/R-010747,D156458,Charcoal,i-Hallandale,2109.0, 
rocking-recliners,Finley Rocking Recliner,/p/living-room/recliners/rocking-recliners/finley-rocking-recliner/R-010747,D156453,Platinum,i-Hallandale,2109.0, 
rocking-recliners,Finley Rocking Recliner,/p/living-room/recliners/rocking-recliners/finley-rocking-recliner/R-010747,D156431,Ivory,i-Hallandale,2109.0, 
rocking-recliners,Finley Rocking Recliner,/p/living-room/recliners/rocking-recliners/finley-rocking-recliner/R-010747,D156464,Wicker,i-Hallandale,2109.0, 
rocking-recliners,Finley Rocking Recliner,/p/living-room/recliners/rocking-recliners/finley-rocking-recliner/R-010747,D156487,Admiral,i-Hallandale,2109.0, 
rocking-recliners,Finley Rocking Recliner,/p/living-room/recliners/rocking-recliners/finley-rocking-recliner/R-010747,C186086,Lake,Persia,1879.0, 
rocking-recliners,Liam Power Rocking Recliner w/ Headrest & Lumbar,/p/living-room/recliners/rocking-recliners/liam-power-rocking-recliner-w-headrest-lumbar/R-10X786,B153808,Burgundy,Seamount,1639.0, 
rocking-recliners,Liam Power Rocking Recliner w/ Headrest & Lumbar,/p/living-room/recliners/rocking-recliners/liam-power-rocking-recliner-w-headrest-lumbar/R-10X786,C185265,Fawn,Tiago,1639.0, 
rocking-recliners,Liam Power Rocking Recliner w/ Headrest & Lumbar,/p/living-room/recliners/rocking-recliners/liam-power-rocking-recliner-w-headrest-lumbar/R-10X786,C185255,Granite,Tiago,1639.0, 
rocking-recliners,Liam Power Rocking Recliner w/ Headrest & Lumbar,/p/living-room/recliners/rocking-recliners/liam-power-rocking-recliner-w-headrest-lumbar/R-10X786,C185252,Twilight,Tiago,1639.0, 
rocking-recliners,Liam Power Rocking Recliner w/ Headrest & Lumbar,/p/living-room/recliners/rocking-recliners/liam-power-rocking-recliner-w-headrest-lumbar/R-10X786,C185276,Mocha,Tiago,1639.0, 
rocking-recliners,Liam Power Rocking Recliner w/ Headrest & Lumbar,/p/living-room/recliners/rocking-recliners/liam-power-rocking-recliner-w-headrest-lumbar/R-10X786,C185286,Navy,Tiago,1639.0, 
rocking-recliners,Joshua Power Rocking Recliner w/ Headrest & Lumbar,/p/living-room/recliners/rocking-recliners/joshua-power-rocking-recliner-w-headrest-lumbar/R-10X502,C185252,Twilight,Tiago,1949.0, 
rocking-recliners,Joshua Power Rocking Recliner w/ Headrest & Lumbar,/p/living-room/recliners/rocking-recliners/joshua-power-rocking-recliner-w-headrest-lumbar/R-10X502,LB172878,Chestnut,Goshen,2229.0, 
rocking-recliners,Joshua Power Rocking Recliner w/ Headrest & Lumbar,/p/living-room/recliners/rocking-recliners/joshua-power-rocking-recliner-w-headrest-lumbar/R-10X502,LB172856,Grey,Goshen,2229.0, 
rocking-recliners,Ava Rocking Recliner,/p/living-room/recliners/rocking-recliners/ava-rocking-recliner/R-010769,C196532,Ivory,Nora,1289.0, 
rocking-recliners,Ava Rocking Recliner,/p/living-room/recliners/rocking-recliners/ava-rocking-recliner/R-010769,C196552,Oyster,Nora,1289.0, 
rocking-recliners,Ava Rocking Recliner,/p/living-room/recliners/rocking-recliners/ava-rocking-recliner/R-010769,C196566,Truffle,Nora,1289.0, 
rocking-recliners,Ava Rocking Recliner,/p/living-room/recliners/rocking-recliners/ava-rocking-recliner/R-010769,C196584,Harbor,Nora,1289.0, 
rocking-recliners,Ava Rocking Recliner,/p/living-room/recliners/rocking-recliners/ava-rocking-recliner/R-010769,LB192935,Ivory,Topflight,1589.0, 
rocking-recliners,Ava Rocking Recliner,/p/living-room/recliners/rocking-recliners/ava-rocking-recliner/R-010769,LB192979,Mineral,Topflight,1589.0, 
rocking-recliners,Norton Power Rocking Recliner w/ Headrest & Lumbar,/p/living-room/recliners/rocking-recliners/norton-power-rocking-recliner-w-headrest-lumbar/R-10X820,B180852,Stone,Social Club,1829.0, 
rocking-recliners,Norton Power Rocking Recliner w/ Headrest & Lumbar,/p/living-room/recliners/rocking-recliners/norton-power-rocking-recliner-w-headrest-lumbar/R-10X820,B180857,Charcoal,Social Club,1829.0, 
rocking-recliners,Norton Power Rocking Recliner w/ Headrest & Lumbar,/p/living-room/recliners/rocking-recliners/norton-power-rocking-recliner-w-headrest-lumbar/R-10X820,B180868,Pewter,Social Club,1829.0, 
rocking-recliners,Norton Power Rocking Recliner w/ Headrest & Lumbar,/p/living-room/recliners/rocking-recliners/norton-power-rocking-recliner-w-headrest-lumbar/R-10X820,B180872,Chalk,Social Club,1829.0, 
rocking-recliners,Norton Power Rocking Recliner w/ Headrest & Lumbar,/p/living-room/recliners/rocking-recliners/norton-power-rocking-recliner-w-headrest-lumbar/R-10X820,B180876,Cocoa,Social Club,1829.0, 
rocking-recliners,Norton Power Rocking Recliner w/ Headrest & Lumbar,/p/living-room/recliners/rocking-recliners/norton-power-rocking-recliner-w-headrest-lumbar/R-10X820,C202907,Brick,Easy,1829.0, 
rocking-recliners,Joshua Power Rocking Recliner w/ Headrest,/p/living-room/recliners/rocking-recliners/joshua-power-rocking-recliner-w-headrest/R-10U502,C185252,Twilight,Tiago,1769.0,"The Joshua Power Rocking Recliner with Headrest bolsters a clean, classic and contemporary look that will fit seamlessly in any living space. "
rocking-recliners,Joshua Power Rocking Recliner w/ Headrest,/p/living-room/recliners/rocking-recliners/joshua-power-rocking-recliner-w-headrest/R-10U502,LB172878,Chestnut,Goshen,2039.0,"The Joshua Power Rocking Recliner with Headrest bolsters a clean, classic and contemporary look that will fit seamlessly in any living space. "
rocking-recliners,Joshua Power Rocking Recliner w/ Headrest,/p/living-room/recliners/rocking-recliners/joshua-power-rocking-recliner-w-headrest/R-10U502,LB172856,Grey,Goshen,2039.0,"The Joshua Power Rocking Recliner with Headrest bolsters a clean, classic and contemporary look that will fit seamlessly in any living space. "
rocking-recliners,Cade Power Rocking Recliner w/ Headrest & Lumbar,/p/living-room/recliners/rocking-recliners/cade-power-rocking-recliner-w-headrest-lumbar/R-10X803,B153808,Burgundy,Seamount,1639.0, 
rocking-recliners,Cade Power Rocking Recliner w/ Headrest & Lumbar,/p/living-room/recliners/rocking-recliners/cade-power-rocking-recliner-w-headrest-lumbar/R-10X803,D206833,Bone,,1639.0, 
rocking-recliners,Cade Power Rocking Recliner w/ Headrest & Lumbar,/p/living-room/recliners/rocking-recliners/cade-power-rocking-recliner-w-headrest-lumbar/R-10X803,D206860,Pebble,,1639.0, 
rocking-recliners,Cade Power Rocking Recliner w/ Headrest & Lumbar,/p/living-room/recliners/rocking-recliners/cade-power-rocking-recliner-w-headrest-lumbar/R-10X803,D206871,Mineral,,1639.0, 
rocking-recliners,Cade Power Rocking Recliner w/ Headrest & Lumbar,/p/living-room/recliners/rocking-recliners/cade-power-rocking-recliner-w-headrest-lumbar/R-10X803,D206876,Coffee,,1639.0, 
rocking-recliners,Cade Power Rocking Recliner w/ Headrest & Lumbar,/p/living-room/recliners/rocking-recliners/cade-power-rocking-recliner-w-headrest-lumbar/R-10X803,D206893,Ocean,,1639.0, 
rocking-recliners,Cade Power Rocking Recliner w/ Headrest & Lumbar,/p/living-room/recliners/rocking-recliners/cade-power-rocking-recliner-w-headrest-lumbar/R-10X803,D209225,Moss,,1639.0, 
rocking-recliners,James Power Rocking Recliner w/ Headrest & Lumbar,/p/living-room/recliners/rocking-recliners/james-power-rocking-recliner-w-headrest-lumbar/R-10X521,B153808,Burgundy,Seamount,2959.0, 
rocking-recliners,James Power Rocking Recliner w/ Headrest & Lumbar,/p/living-room/recliners/rocking-recliners/james-power-rocking-recliner-w-headrest-lumbar/R-10X521,RE994767,Silt,Palance,4159.0, 
rocking-recliners,James Power Rocking Recliner w/ Headrest & Lumbar,/p/living-room/recliners/rocking-recliners/james-power-rocking-recliner-w-headrest-lumbar/R-10X521,C181254,Stone,Damon,3189.0, 
rocking-recliners,James Power Rocking Recliner w/ Headrest & Lumbar,/p/living-room/recliners/rocking-recliners/james-power-rocking-recliner-w-headrest-lumbar/R-10X521,C181233,Oyster,Damon,3189.0, 
rocking-recliners,James Power Rocking Recliner w/ Headrest & Lumbar,/p/living-room/recliners/rocking-recliners/james-power-rocking-recliner-w-headrest-lumbar/R-10X521,C181262,Muslin,Damon,3189.0, 
rocking-recliners,James Power Rocking Recliner w/ Headrest & Lumbar,/p/living-room/recliners/rocking-recliners/james-power-rocking-recliner-w-headrest-lumbar/R-10X521,C181286,Midnight,Damon,3189.0, 
rocking-recliners,James Power Rocking Recliner w/ Headrest & Lumbar,/p/living-room/recliners/rocking-recliners/james-power-rocking-recliner-w-headrest-lumbar/R-10X521,C181257,Charcoal,Damon,3189.0, 
rocking-recliners,Dorian Rocking Recliner,/p/living-room/recliners/rocking-recliners/dorian-rocking-recliner/R-010755,D190531,Cream,York,1289.0, 
rocking-recliners,Dorian Rocking Recliner,/p/living-room/recliners/rocking-recliners/dorian-rocking-recliner/R-010755,C186008,Wine,Persia,1879.0, 
rocking-recliners,Dorian Rocking Recliner,/p/living-room/recliners/rocking-recliners/dorian-rocking-recliner/R-010755,C186086,Lake,Persia,1879.0, 
rocking-recliners,Dorian Rocking Recliner,/p/living-room/recliners/rocking-recliners/dorian-rocking-recliner/R-010755,C186054,Greystone,Persia,1879.0, 
rocking-recliners,Dorian Rocking Recliner,/p/living-room/recliners/rocking-recliners/dorian-rocking-recliner/R-010755,C186036,Desert,Persia,1879.0, 
rocking-recliners,Dorian Rocking Recliner,/p/living-room/recliners/rocking-recliners/dorian-rocking-recliner/R-010755,C186076,Bark,Persia,1879.0, 
rocking-recliners,Ava Power Rocking Recliner w/ Headrest & Lumbar,/p/living-room/recliners/rocking-recliners/ava-power-rocking-recliner-w-headrest-lumbar/R-10X769,C196532,Ivory,Nora,2069.0, 
rocking-recliners,Ava Power Rocking Recliner w/ Headrest & Lumbar,/p/living-room/recliners/rocking-recliners/ava-power-rocking-recliner-w-headrest-lumbar/R-10X769,C196552,Oyster,Nora,2069.0, 
rocking-recliners,Ava Power Rocking Recliner w/ Headrest & Lumbar,/p/living-room/recliners/rocking-recliners/ava-power-rocking-recliner-w-headrest-lumbar/R-10X769,C196566,Truffle,Nora,2069.0, 
rocking-recliners,Ava Power Rocking Recliner w/ Headrest & Lumbar,/p/living-room/recliners/rocking-recliners/ava-power-rocking-recliner-w-headrest-lumbar/R-10X769,C196584,Harbor,Nora,2069.0, 
rocking-recliners,Ava Power Rocking Recliner w/ Headrest & Lumbar,/p/living-room/recliners/rocking-recliners/ava-power-rocking-recliner-w-headrest-lumbar/R-10X769,LB192935,Ivory,Topflight,2429.0, 
rocking-recliners,Ava Power Rocking Recliner w/ Headrest & Lumbar,/p/living-room/recliners/rocking-recliners/ava-power-rocking-recliner-w-headrest-lumbar/R-10X769,LB192979,Mineral,Topflight,2429.0, 
rocking-recliners,Dorian Power Rocking Recliner w/ Headrest & Lumbar,/p/living-room/recliners/rocking-recliners/dorian-power-rocking-recliner-w-headrest-lumbar/R-10X755,D190531,Cream,York,2129.0, 
rocking-recliners,Dorian Power Rocking Recliner w/ Headrest & Lumbar,/p/living-room/recliners/rocking-recliners/dorian-power-rocking-recliner-w-headrest-lumbar/R-10X755,C186008,Wine,Persia,3339.0, 
rocking-recliners,Dorian Power Rocking Recliner w/ Headrest & Lumbar,/p/living-room/recliners/rocking-recliners/dorian-power-rocking-recliner-w-headrest-lumbar/R-10X755,C186086,Lake,Persia,3339.0, 
rocking-recliners,Dorian Power Rocking Recliner w/ Headrest & Lumbar,/p/living-room/recliners/rocking-recliners/dorian-power-rocking-recliner-w-headrest-lumbar/R-10X755,C186054,Greystone,Persia,3339.0, 
rocking-recliners,Dorian Power Rocking Recliner w/ Headrest & Lumbar,/p/living-room/recliners/rocking-recliners/dorian-power-rocking-recliner-w-headrest-lumbar/R-10X755,C186036,Desert,Persia,3339.0, 
rocking-recliners,Dorian Power Rocking Recliner w/ Headrest & Lumbar,/p/living-room/recliners/rocking-recliners/dorian-power-rocking-recliner-w-headrest-lumbar/R-10X755,C186076,Bark,Persia,3339.0, 
rocking-recliners,Jay Power Rocking Recliner w/ Headrest & Lumbar,/p/living-room/recliners/rocking-recliners/jay-power-rocking-recliner-w-headrest-lumbar/R-10X706,BL211778,Chocolate,,2549.0, 
rocking-recliners,Jay Power Rocking Recliner w/ Headrest & Lumbar,/p/living-room/recliners/rocking-recliners/jay-power-rocking-recliner-w-headrest-lumbar/R-10X706,C180974,Mushroom,Donegal,2799.0, 
rocking-recliners,Jay Power Rocking Recliner w/ Headrest & Lumbar,/p/living-room/recliners/rocking-recliners/jay-power-rocking-recliner-w-headrest-lumbar/R-10X706,C180987,Marine,Donegal,2799.0, 
rocking-recliners,Jay Power Rocking Recliner w/ Headrest & Lumbar,/p/living-room/recliners/rocking-recliners/jay-power-rocking-recliner-w-headrest-lumbar/R-10X706,C180964,Linen,Donegal,2799.0, 
rocking-recliners,Jay Power Rocking Recliner w/ Headrest & Lumbar,/p/living-room/recliners/rocking-recliners/jay-power-rocking-recliner-w-headrest-lumbar/R-10X706,C180969,Granite,Donegal,2799.0, 
rocking-recliners,Jay Power Rocking Recliner w/ Headrest & Lumbar,/p/living-room/recliners/rocking-recliners/jay-power-rocking-recliner-w-headrest-lumbar/R-10X706,C165972,Taupe,McKittrick,3029.0, 
rocking-recliners,Jay Power Rocking Recliner w/ Headrest & Lumbar,/p/living-room/recliners/rocking-recliners/jay-power-rocking-recliner-w-headrest-lumbar/R-10X706,C186086,Lake,Persia,3029.0, 
rocking-recliners,Cade Power Rocking Recliner w/ Headrest,/p/living-room/recliners/rocking-recliners/cade-power-rocking-recliner-w-headrest/R-10U803,B153808,Burgundy,Seamount,1459.0, 
rocking-recliners,Cade Power Rocking Recliner w/ Headrest,/p/living-room/recliners/rocking-recliners/cade-power-rocking-recliner-w-headrest/R-10U803,D206833,Bone,,1459.0, 
rocking-recliners,Cade Power Rocking Recliner w/ Headrest,/p/living-room/recliners/rocking-recliners/cade-power-rocking-recliner-w-headrest/R-10U803,D206860,Pebble,,1459.0, 
rocking-recliners,Cade Power Rocking Recliner w/ Headrest,/p/living-room/recliners/rocking-recliners/cade-power-rocking-recliner-w-headrest/R-10U803,D206871,Mineral,,1459.0, 
rocking-recliners,Cade Power Rocking Recliner w/ Headrest,/p/living-room/recliners/rocking-recliners/cade-power-rocking-recliner-w-headrest/R-10U803,D206876,Coffee,,1459.0, 
rocking-recliners,Cade Power Rocking Recliner w/ Headrest,/p/living-room/recliners/rocking-recliners/cade-power-rocking-recliner-w-headrest/R-10U803,D206893,Ocean,,1459.0, 
rocking-recliners,Cade Power Rocking Recliner w/ Headrest,/p/living-room/recliners/rocking-recliners/cade-power-rocking-recliner-w-headrest/R-10U803,D209225,Moss,,1459.0, 
rocking-recliners,Liam Power Rocking Recliner w/ Headrest,/p/living-room/recliners/rocking-recliners/liam-power-rocking-recliner-w-headrest/R-10U786,B153808,Burgundy,Seamount,1459.0, 
rocking-recliners,Liam Power Rocking Recliner w/ Headrest,/p/living-room/recliners/rocking-recliners/liam-power-rocking-recliner-w-headrest/R-10U786,C185265,Fawn,Tiago,1459.0, 
rocking-recliners,Liam Power Rocking Recliner w/ Headrest,/p/living-room/recliners/rocking-recliners/liam-power-rocking-recliner-w-headrest/R-10U786,C185255,Granite,Tiago,1459.0, 
rocking-recliners,Liam Power Rocking Recliner w/ Headrest,/p/living-room/recliners/rocking-recliners/liam-power-rocking-recliner-w-headrest/R-10U786,C185252,Twilight,Tiago,1459.0, 
rocking-recliners,Liam Power Rocking Recliner w/ Headrest,/p/living-room/recliners/rocking-recliners/liam-power-rocking-recliner-w-headrest/R-10U786,C185276,Mocha,Tiago,1459.0, 
rocking-recliners,Liam Power Rocking Recliner w/ Headrest,/p/living-room/recliners/rocking-recliners/liam-power-rocking-recliner-w-headrest/R-10U786,C185286,Navy,Tiago,1459.0, 
rocking-recliners,Ava Power Rocking Recliner w/ Headrest,/p/living-room/recliners/rocking-recliners/ava-power-rocking-recliner-w-headrest/R-10U769,C196532,Ivory,Nora,1889.0, 
rocking-recliners,Ava Power Rocking Recliner w/ Headrest,/p/living-room/recliners/rocking-recliners/ava-power-rocking-recliner-w-headrest/R-10U769,C196552,Oyster,Nora,1889.0, 
rocking-recliners,Ava Power Rocking Recliner w/ Headrest,/p/living-room/recliners/rocking-recliners/ava-power-rocking-recliner-w-headrest/R-10U769,C196566,Truffle,Nora,1889.0, 
rocking-recliners,Ava Power Rocking Recliner w/ Headrest,/p/living-room/recliners/rocking-recliners/ava-power-rocking-recliner-w-headrest/R-10U769,C196584,Harbor,Nora,1889.0, 
rocking-recliners,Ava Power Rocking Recliner w/ Headrest,/p/living-room/recliners/rocking-recliners/ava-power-rocking-recliner-w-headrest/R-10U769,LB192935,Ivory,Topflight,2249.0, 
rocking-recliners,Ava Power Rocking Recliner w/ Headrest,/p/living-room/recliners/rocking-recliners/ava-power-rocking-recliner-w-headrest/R-10U769,LB192979,Mineral,Topflight,2249.0, 
rocking-recliners,Dorian Power Rocking Recliner w/ Headrest,/p/living-room/recliners/rocking-recliners/dorian-power-rocking-recliner-w-headrest/R-10U755,D190531,Cream,York,1949.0, 
rocking-recliners,Dorian Power Rocking Recliner w/ Headrest,/p/living-room/recliners/rocking-recliners/dorian-power-rocking-recliner-w-headrest/R-10U755,C186008,Wine,Persia,3029.0, 
rocking-recliners,Dorian Power Rocking Recliner w/ Headrest,/p/living-room/recliners/rocking-recliners/dorian-power-rocking-recliner-w-headrest/R-10U755,C186086,Lake,Persia,3029.0, 
rocking-recliners,Dorian Power Rocking Recliner w/ Headrest,/p/living-room/recliners/rocking-recliners/dorian-power-rocking-recliner-w-headrest/R-10U755,C186054,Greystone,Persia,3029.0, 
rocking-recliners,Dorian Power Rocking Recliner w/ Headrest,/p/living-room/recliners/rocking-recliners/dorian-power-rocking-recliner-w-headrest/R-10U755,C186036,Desert,Persia,3029.0, 
rocking-recliners,Dorian Power Rocking Recliner w/ Headrest,/p/living-room/recliners/rocking-recliners/dorian-power-rocking-recliner-w-headrest/R-10U755,C186076,Bark,Persia,3029.0, 
rocking-recliners,Finley Power Rocking Recliner w/ Headrest,/p/living-room/recliners/rocking-recliners/finley-power-rocking-recliner-w-headrest/R-10U747,LB206150,Onyx,Gambit,2299.0, 
rocking-recliners,Finley Power Rocking Recliner w/ Headrest,/p/living-room/recliners/rocking-recliners/finley-power-rocking-recliner-w-headrest/R-10U747,D156458,Charcoal,i-Hallandale,3249.0, 
rocking-recliners,Finley Power Rocking Recliner w/ Headrest,/p/living-room/recliners/rocking-recliners/finley-power-rocking-recliner-w-headrest/R-10U747,D156453,Platinum,i-Hallandale,3249.0, 
rocking-recliners,Finley Power Rocking Recliner w/ Headrest,/p/living-room/recliners/rocking-recliners/finley-power-rocking-recliner-w-headrest/R-10U747,D156431,Ivory,i-Hallandale,3249.0, 
rocking-recliners,Finley Power Rocking Recliner w/ Headrest,/p/living-room/recliners/rocking-recliners/finley-power-rocking-recliner-w-headrest/R-10U747,D156464,Wicker,i-Hallandale,3249.0, 
rocking-recliners,Finley Power Rocking Recliner w/ Headrest,/p/living-room/recliners/rocking-recliners/finley-power-rocking-recliner-w-headrest/R-10U747,D156487,Admiral,i-Hallandale,3249.0, 
rocking-recliners,Finley Power Rocking Recliner w/ Headrest,/p/living-room/recliners/rocking-recliners/finley-power-rocking-recliner-w-headrest/R-10U747,C186086,Lake,Persia,3029.0, 
rocking-recliners,Jay Power Rocking Recliner w/ Headrest,/p/living-room/recliners/rocking-recliners/jay-power-rocking-recliner-w-headrest/R-10U706,Q191232,Flint,i-Blackhawk,2299.0, 
rocking-recliners,Jay Power Rocking Recliner w/ Headrest,/p/living-room/recliners/rocking-recliners/jay-power-rocking-recliner-w-headrest/R-10U706,C180974,Mushroom,Donegal,2479.0, 
rocking-recliners,Jay Power Rocking Recliner w/ Headrest,/p/living-room/recliners/rocking-recliners/jay-power-rocking-recliner-w-headrest/R-10U706,C180987,Marine,Donegal,2479.0, 
rocking-recliners,Jay Power Rocking Recliner w/ Headrest,/p/living-room/recliners/rocking-recliners/jay-power-rocking-recliner-w-headrest/R-10U706,C180964,Linen,Donegal,2479.0, 
rocking-recliners,Jay Power Rocking Recliner w/ Headrest,/p/living-room/recliners/rocking-recliners/jay-power-rocking-recliner-w-headrest/R-10U706,C180969,Granite,Donegal,2479.0, 
rocking-recliners,Jay Power Rocking Recliner w/ Headrest,/p/living-room/recliners/rocking-recliners/jay-power-rocking-recliner-w-headrest/R-10U706,C165972,Taupe,McKittrick,2709.0, 
rocking-recliners,Jay Power Rocking Recliner w/ Headrest,/p/living-room/recliners/rocking-recliners/jay-power-rocking-recliner-w-headrest/R-10U706,C186086,Lake,Persia,2709.0, 
rocking-recliners,James Power Rocking Recliner w/ Headrest,/p/living-room/recliners/rocking-recliners/james-power-rocking-recliner-w-headrest/R-10U521,B153808,Burgundy,Seamount,2649.0, 
rocking-recliners,James Power Rocking Recliner w/ Headrest,/p/living-room/recliners/rocking-recliners/james-power-rocking-recliner-w-headrest/R-10U521,RE994767,Silt,Palance,3769.0, 
rocking-recliners,James Power Rocking Recliner w/ Headrest,/p/living-room/recliners/rocking-recliners/james-power-rocking-recliner-w-headrest/R-10U521,C181254,Stone,Damon,2879.0, 
rocking-recliners,James Power Rocking Recliner w/ Headrest,/p/living-room/recliners/rocking-recliners/james-power-rocking-recliner-w-headrest/R-10U521,C181233,Oyster,Damon,2879.0, 
rocking-recliners,James Power Rocking Recliner w/ Headrest,/p/living-room/recliners/rocking-recliners/james-power-rocking-recliner-w-headrest/R-10U521,C181262,Muslin,Damon,2879.0, 
rocking-recliners,James Power Rocking Recliner w/ Headrest,/p/living-room/recliners/rocking-recliners/james-power-rocking-recliner-w-headrest/R-10U521,C181286,Midnight,Damon,2879.0, 
rocking-recliners,James Power Rocking Recliner w/ Headrest,/p/living-room/recliners/rocking-recliners/james-power-rocking-recliner-w-headrest/R-10U521,C181257,Charcoal,Damon,2879.0, 
rocking-recliners,Neal Power Rocking Recliner w/ Headrest & Lumbar,/p/living-room/recliners/rocking-recliners/neal-power-rocking-recliner-w-headrest-lumbar/R-10X778,B153808,Burgundy,Seamount,3459.0, 
rocking-recliners,Neal Power Rocking Recliner w/ Headrest & Lumbar,/p/living-room/recliners/rocking-recliners/neal-power-rocking-recliner-w-headrest-lumbar/R-10X778,B166278,Walnut,Rodigo,3459.0, 
rocking-recliners,Neal Power Rocking Recliner w/ Headrest & Lumbar,/p/living-room/recliners/rocking-recliners/neal-power-rocking-recliner-w-headrest-lumbar/R-10X778,B166257,Stone,Rodigo,3459.0, 
rocking-recliners,Neal Power Rocking Recliner w/ Headrest & Lumbar,/p/living-room/recliners/rocking-recliners/neal-power-rocking-recliner-w-headrest-lumbar/R-10X778,B166286,Navy,Rodigo,3459.0, 
rocking-recliners,Neal Power Rocking Recliner w/ Headrest & Lumbar,/p/living-room/recliners/rocking-recliners/neal-power-rocking-recliner-w-headrest-lumbar/R-10X778,B166276,Marsh,Rodigo,3459.0, 
rocking-recliners,Neal Rocking Recliner,/p/living-room/recliners/rocking-recliners/neal-rocking-recliner/R-010778,B153808,Burgundy,Seamount,2209.0, 
rocking-recliners,Addison Rocking Recliner,/p/living-room/recliners/rocking-recliners/addison-rocking-recliner/R-010764,B153808,Burgundy,Seamount,1689.0,"Have you ever seen such a gorgeous silhouette? Take a closer look at the welt trim on its arms, seat and back, and you’ll find beauty lies in the details as well. There’s also something quite appealing about the fact that it reclines and rocks, don’t you think? "
rocking-recliners,Addison Rocking Recliner,/p/living-room/recliners/rocking-recliners/addison-rocking-recliner/R-010764,C165972,Taupe,McKittrick,1689.0,"Have you ever seen such a gorgeous silhouette? Take a closer look at the welt trim on its arms, seat and back, and you’ll find beauty lies in the details as well. There’s also something quite appealing about the fact that it reclines and rocks, don’t you think? "
rocking-recliners,Addison Rocking Recliner,/p/living-room/recliners/rocking-recliners/addison-rocking-recliner/R-010764,C165962,Smoke,McKittrick,1689.0,"Have you ever seen such a gorgeous silhouette? Take a closer look at the welt trim on its arms, seat and back, and you’ll find beauty lies in the details as well. There’s also something quite appealing about the fact that it reclines and rocks, don’t you think? "
rocking-recliners,Addison Rocking Recliner,/p/living-room/recliners/rocking-recliners/addison-rocking-recliner/R-010764,C165986,Indigo,McKittrick,1689.0,"Have you ever seen such a gorgeous silhouette? Take a closer look at the welt trim on its arms, seat and back, and you’ll find beauty lies in the details as well. There’s also something quite appealing about the fact that it reclines and rocks, don’t you think? "
rocking-recliners,Addison Rocking Recliner,/p/living-room/recliners/rocking-recliners/addison-rocking-recliner/R-010764,C165967,Charcoal,McKittrick,1689.0,"Have you ever seen such a gorgeous silhouette? Take a closer look at the welt trim on its arms, seat and back, and you’ll find beauty lies in the details as well. There’s also something quite appealing about the fact that it reclines and rocks, don’t you think? "
rocking-recliners,Gibson Rocking Recliner,/p/living-room/recliners/rocking-recliners/gibson-rocking-recliner/R-010563,B153808,Burgundy,Seamount,1859.0,"Tufted enough for you? As if the billowy back and extra-padded seat aren’t reasons enough to make the Gibson Reclina-Rocker® yours, plush pillowtop arms and its grand scale will be. Now with the PowerReclineXR option that gives you the power to independently adjust the back and legrest at the touch of a button to any combination of positions for virtually endless relaxing possibilities. "
rocking-recliners,Gibson Rocking Recliner,/p/living-room/recliners/rocking-recliners/gibson-rocking-recliner/R-010563,C186086,Lake,Persia,1859.0,"Tufted enough for you? As if the billowy back and extra-padded seat aren’t reasons enough to make the Gibson Reclina-Rocker® yours, plush pillowtop arms and its grand scale will be. Now with the PowerReclineXR option that gives you the power to independently adjust the back and legrest at the touch of a button to any combination of positions for virtually endless relaxing possibilities. "
rocking-recliners,Morrison Rocking Recliner,/p/living-room/recliners/rocking-recliners/morrison-rocking-recliner/R-010766,B180852,Stone,Social Club,1059.0,"Every family needs a favorite chair, but with oversized comfort and the ability to rock, you’ll want to claim Morrison as your own. Sink into the ultra-plush seat as pillow top arms surround you in softness. A convenient handle smoothly and easily adjusts the chaise seat and legrest providing plenty of space to stretch out. Designed for action, Morrison is built to last with comfort and durability you can count on through every game, movie or power nap. When it comes to relaxing, Morrison means business. "
rocking-recliners,Morrison Rocking Recliner,/p/living-room/recliners/rocking-recliners/morrison-rocking-recliner/R-010766,B153853,Silver,Seamount,1119.0,"Every family needs a favorite chair, but with oversized comfort and the ability to rock, you’ll want to claim Morrison as your own. Sink into the ultra-plush seat as pillow top arms surround you in softness. A convenient handle smoothly and easily adjusts the chaise seat and legrest providing plenty of space to stretch out. Designed for action, Morrison is built to last with comfort and durability you can count on through every game, movie or power nap. When it comes to relaxing, Morrison means business. "
rocking-recliners,Morrison Rocking Recliner,/p/living-room/recliners/rocking-recliners/morrison-rocking-recliner/R-010766,B153874,Sable,Seamount,1119.0,"Every family needs a favorite chair, but with oversized comfort and the ability to rock, you’ll want to claim Morrison as your own. Sink into the ultra-plush seat as pillow top arms surround you in softness. A convenient handle smoothly and easily adjusts the chaise seat and legrest providing plenty of space to stretch out. Designed for action, Morrison is built to last with comfort and durability you can count on through every game, movie or power nap. When it comes to relaxing, Morrison means business. "
rocking-recliners,Morrison Rocking Recliner,/p/living-room/recliners/rocking-recliners/morrison-rocking-recliner/R-010766,B153885,Indigo,Seamount,1119.0,"Every family needs a favorite chair, but with oversized comfort and the ability to rock, you’ll want to claim Morrison as your own. Sink into the ultra-plush seat as pillow top arms surround you in softness. A convenient handle smoothly and easily adjusts the chaise seat and legrest providing plenty of space to stretch out. Designed for action, Morrison is built to last with comfort and durability you can count on through every game, movie or power nap. When it comes to relaxing, Morrison means business. "
rocking-recliners,Morrison Rocking Recliner,/p/living-room/recliners/rocking-recliners/morrison-rocking-recliner/R-010766,B153876,Cappuccino,Seamount,1119.0,"Every family needs a favorite chair, but with oversized comfort and the ability to rock, you’ll want to claim Morrison as your own. Sink into the ultra-plush seat as pillow top arms surround you in softness. A convenient handle smoothly and easily adjusts the chaise seat and legrest providing plenty of space to stretch out. Designed for action, Morrison is built to last with comfort and durability you can count on through every game, movie or power nap. When it comes to relaxing, Morrison means business. "
rocking-recliners,Morrison Rocking Recliner,/p/living-room/recliners/rocking-recliners/morrison-rocking-recliner/R-010766,B153808,Burgundy,Seamount,1119.0,"Every family needs a favorite chair, but with oversized comfort and the ability to rock, you’ll want to claim Morrison as your own. Sink into the ultra-plush seat as pillow top arms surround you in softness. A convenient handle smoothly and easily adjusts the chaise seat and legrest providing plenty of space to stretch out. Designed for action, Morrison is built to last with comfort and durability you can count on through every game, movie or power nap. When it comes to relaxing, Morrison means business. "
rocking-recliners,Morrison Rocking Recliner,/p/living-room/recliners/rocking-recliners/morrison-rocking-recliner/R-010766,C186086,Lake,Persia,1569.0,"Every family needs a favorite chair, but with oversized comfort and the ability to rock, you’ll want to claim Morrison as your own. Sink into the ultra-plush seat as pillow top arms surround you in softness. A convenient handle smoothly and easily adjusts the chaise seat and legrest providing plenty of space to stretch out. Designed for action, Morrison is built to last with comfort and durability you can count on through every game, movie or power nap. When it comes to relaxing, Morrison means business. "
rocking-recliners,Vail Rocking Recliner,/p/living-room/recliners/rocking-recliners/vail-rocking-recliner/R-010403,B153808,Burgundy,Seamount,989.0,"Just take a seat and see how Vail moves you. Sit back and enjoy the soothing rocker motion and more relaxing options with PowerReclineXR, the power option that lets you independently adjust the back and legrest at the touch of a button to any combination of positions for virtually endless relaxing possibilities. Petitely-scaled yet big on comfort with generously padded arms and back, Vail will take you to the next level of comfort. "
rocking-recliners,Vail Rocking Recliner,/p/living-room/recliners/rocking-recliners/vail-rocking-recliner/R-010403,C186008,Wine,Persia,989.0,"Just take a seat and see how Vail moves you. Sit back and enjoy the soothing rocker motion and more relaxing options with PowerReclineXR, the power option that lets you independently adjust the back and legrest at the touch of a button to any combination of positions for virtually endless relaxing possibilities. Petitely-scaled yet big on comfort with generously padded arms and back, Vail will take you to the next level of comfort. "
rocking-recliners,Vail Rocking Recliner,/p/living-room/recliners/rocking-recliners/vail-rocking-recliner/R-010403,C186086,Lake,Persia,989.0,"Just take a seat and see how Vail moves you. Sit back and enjoy the soothing rocker motion and more relaxing options with PowerReclineXR, the power option that lets you independently adjust the back and legrest at the touch of a button to any combination of positions for virtually endless relaxing possibilities. Petitely-scaled yet big on comfort with generously padded arms and back, Vail will take you to the next level of comfort. "
rocking-recliners,Vail Rocking Recliner,/p/living-room/recliners/rocking-recliners/vail-rocking-recliner/R-010403,C186054,Greystone,Persia,989.0,"Just take a seat and see how Vail moves you. Sit back and enjoy the soothing rocker motion and more relaxing options with PowerReclineXR, the power option that lets you independently adjust the back and legrest at the touch of a button to any combination of positions for virtually endless relaxing possibilities. Petitely-scaled yet big on comfort with generously padded arms and back, Vail will take you to the next level of comfort. "
rocking-recliners,Vail Rocking Recliner,/p/living-room/recliners/rocking-recliners/vail-rocking-recliner/R-010403,C186036,Desert,Persia,989.0,"Just take a seat and see how Vail moves you. Sit back and enjoy the soothing rocker motion and more relaxing options with PowerReclineXR, the power option that lets you independently adjust the back and legrest at the touch of a button to any combination of positions for virtually endless relaxing possibilities. Petitely-scaled yet big on comfort with generously padded arms and back, Vail will take you to the next level of comfort. "
rocking-recliners,Vail Rocking Recliner,/p/living-room/recliners/rocking-recliners/vail-rocking-recliner/R-010403,C186076,Bark,Persia,989.0,"Just take a seat and see how Vail moves you. Sit back and enjoy the soothing rocker motion and more relaxing options with PowerReclineXR, the power option that lets you independently adjust the back and legrest at the touch of a button to any combination of positions for virtually endless relaxing possibilities. Petitely-scaled yet big on comfort with generously padded arms and back, Vail will take you to the next level of comfort. "
rocking-recliners,Pinnacle Power Rocking Recliner w/ Headrest & Lumbar,/p/living-room/recliners/rocking-recliners/pinnacle-power-rocking-recliner-w-headrest-lumbar/R-10X512,B153808,Burgundy,Seamount,1099.0, 
rocking-recliners,Pinnacle Power Rocking Recliner w/ Headrest & Lumbar,/p/living-room/recliners/rocking-recliners/pinnacle-power-rocking-recliner-w-headrest-lumbar/R-10X512,D160654,Dove,i-Halifax,1099.0, 
rocking-recliners,Pinnacle Power Rocking Recliner w/ Headrest & Lumbar,/p/living-room/recliners/rocking-recliners/pinnacle-power-rocking-recliner-w-headrest-lumbar/R-10X512,D160632,Shell,i-Halifax,1099.0, 
rocking-recliners,Pinnacle Power Rocking Recliner w/ Headrest & Lumbar,/p/living-room/recliners/rocking-recliners/pinnacle-power-rocking-recliner-w-headrest-lumbar/R-10X512,D160678,Java,i-Halifax,1099.0, 
rocking-recliners,Pinnacle Power Rocking Recliner w/ Headrest & Lumbar,/p/living-room/recliners/rocking-recliners/pinnacle-power-rocking-recliner-w-headrest-lumbar/R-10X512,D160686,Denim,i-Halifax,1099.0, 
rocking-recliners,Pinnacle Power Rocking Recliner w/ Headrest & Lumbar,/p/living-room/recliners/rocking-recliners/pinnacle-power-rocking-recliner-w-headrest-lumbar/R-10X512,D160662,Antique,i-Halifax,1099.0, 
rocking-recliners,Pinnacle Power Rocking Recliner w/ Headrest & Lumbar,/p/living-room/recliners/rocking-recliners/pinnacle-power-rocking-recliner-w-headrest-lumbar/R-10X512,D175986,Navy,i-Saxton,1099.0, 
rocking-recliners,Randell Rocking Recliner,/p/living-room/recliners/rocking-recliners/randell-rocking-recliner/R-010777,C152534,Cream,Roma,1759.0, 
rocking-recliners,Randell Rocking Recliner,/p/living-room/recliners/rocking-recliners/randell-rocking-recliner/R-010777,C152553,Storm,Roma,1759.0, 
rocking-recliners,Randell Rocking Recliner,/p/living-room/recliners/rocking-recliners/randell-rocking-recliner/R-010777,C186086,Lake,Persia,2359.0, 
rocking-recliners,Randell Rocking Recliner,/p/living-room/recliners/rocking-recliners/randell-rocking-recliner/R-010777,C152586,Navy,Roma,1759.0, 
rocking-recliners,Randell Rocking Recliner,/p/living-room/recliners/rocking-recliners/randell-rocking-recliner/R-010777,C152574,Mocha,Roma,1759.0, 
rocking-recliners,Randell Rocking Recliner,/p/living-room/recliners/rocking-recliners/randell-rocking-recliner/R-010777,C152578,Espresso,Roma,1759.0, 
rocking-recliners,Pinnacle Rocking Recliner,/p/living-room/recliners/rocking-recliners/pinnacle-rocking-recliner/R-010512,B153808,Burgundy,Seamount,599.0,"Nothing makes relaxing more uplifting than Pinnacle’s easy-going attitude. Enjoy smooth rocking and reclining motion with a plushly-pillowed high back, channel-stitched details and full-body chaise comfort and support. For the ultimate in comfort, upgrade to PowerReclineXR or PowerReclinerXR+ with a power back and legrest you can control independently to any combination of positions PLUS a power-tilt headrest and power lumbar support that maintains the perfect viewing angle while you recline. "
rocking-recliners,Pinnacle Rocking Recliner,/p/living-room/recliners/rocking-recliners/pinnacle-rocking-recliner/R-010512,D160654,Dove,i-Halifax,599.0,"Nothing makes relaxing more uplifting than Pinnacle’s easy-going attitude. Enjoy smooth rocking and reclining motion with a plushly-pillowed high back, channel-stitched details and full-body chaise comfort and support. For the ultimate in comfort, upgrade to PowerReclineXR or PowerReclinerXR+ with a power back and legrest you can control independently to any combination of positions PLUS a power-tilt headrest and power lumbar support that maintains the perfect viewing angle while you recline. "
rocking-recliners,Pinnacle Rocking Recliner,/p/living-room/recliners/rocking-recliners/pinnacle-rocking-recliner/R-010512,D160678,Java,i-Halifax,599.0,"Nothing makes relaxing more uplifting than Pinnacle’s easy-going attitude. Enjoy smooth rocking and reclining motion with a plushly-pillowed high back, channel-stitched details and full-body chaise comfort and support. For the ultimate in comfort, upgrade to PowerReclineXR or PowerReclinerXR+ with a power back and legrest you can control independently to any combination of positions PLUS a power-tilt headrest and power lumbar support that maintains the perfect viewing angle while you recline. "
rocking-recliners,Pinnacle Rocking Recliner,/p/living-room/recliners/rocking-recliners/pinnacle-rocking-recliner/R-010512,D160686,Denim,i-Halifax,599.0,"Nothing makes relaxing more uplifting than Pinnacle’s easy-going attitude. Enjoy smooth rocking and reclining motion with a plushly-pillowed high back, channel-stitched details and full-body chaise comfort and support. For the ultimate in comfort, upgrade to PowerReclineXR or PowerReclinerXR+ with a power back and legrest you can control independently to any combination of positions PLUS a power-tilt headrest and power lumbar support that maintains the perfect viewing angle while you recline. "
rocking-recliners,Pinnacle Rocking Recliner,/p/living-room/recliners/rocking-recliners/pinnacle-rocking-recliner/R-010512,D160662,Antique,i-Halifax,599.0,"Nothing makes relaxing more uplifting than Pinnacle’s easy-going attitude. Enjoy smooth rocking and reclining motion with a plushly-pillowed high back, channel-stitched details and full-body chaise comfort and support. For the ultimate in comfort, upgrade to PowerReclineXR or PowerReclinerXR+ with a power back and legrest you can control independently to any combination of positions PLUS a power-tilt headrest and power lumbar support that maintains the perfect viewing angle while you recline. "
rocking-recliners,Pinnacle Rocking Recliner,/p/living-room/recliners/rocking-recliners/pinnacle-rocking-recliner/R-010512,D175986,Navy,i-Saxton,599.0,"Nothing makes relaxing more uplifting than Pinnacle’s easy-going attitude. Enjoy smooth rocking and reclining motion with a plushly-pillowed high back, channel-stitched details and full-body chaise comfort and support. For the ultimate in comfort, upgrade to PowerReclineXR or PowerReclinerXR+ with a power back and legrest you can control independently to any combination of positions PLUS a power-tilt headrest and power lumbar support that maintains the perfect viewing angle while you recline. "
rocking-recliners,Pinnacle Rocking Recliner,/p/living-room/recliners/rocking-recliners/pinnacle-rocking-recliner/R-010512,D175977,Mink,i-Saxton,599.0,"Nothing makes relaxing more uplifting than Pinnacle’s easy-going attitude. Enjoy smooth rocking and reclining motion with a plushly-pillowed high back, channel-stitched details and full-body chaise comfort and support. For the ultimate in comfort, upgrade to PowerReclineXR or PowerReclinerXR+ with a power back and legrest you can control independently to any combination of positions PLUS a power-tilt headrest and power lumbar support that maintains the perfect viewing angle while you recline. "
rocking-recliners,Jasper Rocking Recliner,/p/living-room/recliners/rocking-recliners/jasper-rocking-recliner/R-010709,B153808,Burgundy,Seamount,1059.0,"When it comes to comfort, bigger is better with the Jasper recliner. Generous in scale, with pillow arms and a stitched pillow back cushion that snugly supports you as you rock and recline. With an ultra-plush chaise seat that forms one continuous reclining surface for big time comfort and added leg support. "
rocking-recliners,Jasper Rocking Recliner,/p/living-room/recliners/rocking-recliners/jasper-rocking-recliner/R-010709,C162532,Sand,Vance,1059.0,"When it comes to comfort, bigger is better with the Jasper recliner. Generous in scale, with pillow arms and a stitched pillow back cushion that snugly supports you as you rock and recline. With an ultra-plush chaise seat that forms one continuous reclining surface for big time comfort and added leg support. "
rocking-recliners,Jasper Rocking Recliner,/p/living-room/recliners/rocking-recliners/jasper-rocking-recliner/R-010709,C162527,Sage,Vance,1059.0,"When it comes to comfort, bigger is better with the Jasper recliner. Generous in scale, with pillow arms and a stitched pillow back cushion that snugly supports you as you rock and recline. With an ultra-plush chaise seat that forms one continuous reclining surface for big time comfort and added leg support. "
rocking-recliners,Jasper Rocking Recliner,/p/living-room/recliners/rocking-recliners/jasper-rocking-recliner/R-010709,C162576,Mocha,Vance,1059.0,"When it comes to comfort, bigger is better with the Jasper recliner. Generous in scale, with pillow arms and a stitched pillow back cushion that snugly supports you as you rock and recline. With an ultra-plush chaise seat that forms one continuous reclining surface for big time comfort and added leg support. "
rocking-recliners,Jasper Rocking Recliner,/p/living-room/recliners/rocking-recliners/jasper-rocking-recliner/R-010709,C162552,Ice,Vance,1059.0,"When it comes to comfort, bigger is better with the Jasper recliner. Generous in scale, with pillow arms and a stitched pillow back cushion that snugly supports you as you rock and recline. With an ultra-plush chaise seat that forms one continuous reclining surface for big time comfort and added leg support. "
rocking-recliners,Jasper Rocking Recliner,/p/living-room/recliners/rocking-recliners/jasper-rocking-recliner/R-010709,C162508,Garnet,Vance,1059.0,"When it comes to comfort, bigger is better with the Jasper recliner. Generous in scale, with pillow arms and a stitched pillow back cushion that snugly supports you as you rock and recline. With an ultra-plush chaise seat that forms one continuous reclining surface for big time comfort and added leg support. "
rocking-recliners,Jasper Rocking Recliner,/p/living-room/recliners/rocking-recliners/jasper-rocking-recliner/R-010709,C162586,Eclipse,Vance,1059.0,"When it comes to comfort, bigger is better with the Jasper recliner. Generous in scale, with pillow arms and a stitched pillow back cushion that snugly supports you as you rock and recline. With an ultra-plush chaise seat that forms one continuous reclining surface for big time comfort and added leg support. "
rocking-recliners,Trouper Rocking Recliner,/p/living-room/recliners/rocking-recliners/trouper-rocking-recliner/R-010724,E153732,Stucco,i-Northwest,699.0,"An updated silhouette, complete with slightly flared arms and a sleek tall back give Trouper a look that’s fresh. It’s also one comfortable rocking recliner. A sculpted bucket seat cradles you in softness while providing extra head and lumbar support. A convenient handle allows you to smoothly and easily adjust the legrest to your preferred position, or rock away the stress of the day. When it comes to comfort, Trouper always comes through. "
rocking-recliners,Trouper Rocking Recliner,/p/living-room/recliners/rocking-recliners/trouper-rocking-recliner/R-010724,E153767,Mink,i-Northwest,699.0,"An updated silhouette, complete with slightly flared arms and a sleek tall back give Trouper a look that’s fresh. It’s also one comfortable rocking recliner. A sculpted bucket seat cradles you in softness while providing extra head and lumbar support. A convenient handle allows you to smoothly and easily adjust the legrest to your preferred position, or rock away the stress of the day. When it comes to comfort, Trouper always comes through. "
rocking-recliners,Trouper Rocking Recliner,/p/living-room/recliners/rocking-recliners/trouper-rocking-recliner/R-010724,E153758,Ink,i-Northwest,699.0,"An updated silhouette, complete with slightly flared arms and a sleek tall back give Trouper a look that’s fresh. It’s also one comfortable rocking recliner. A sculpted bucket seat cradles you in softness while providing extra head and lumbar support. A convenient handle allows you to smoothly and easily adjust the legrest to your preferred position, or rock away the stress of the day. When it comes to comfort, Trouper always comes through. "
rocking-recliners,Trouper Rocking Recliner,/p/living-room/recliners/rocking-recliners/trouper-rocking-recliner/R-010724,E153775,Whiskey,i-Northwest,699.0,"An updated silhouette, complete with slightly flared arms and a sleek tall back give Trouper a look that’s fresh. It’s also one comfortable rocking recliner. A sculpted bucket seat cradles you in softness while providing extra head and lumbar support. A convenient handle allows you to smoothly and easily adjust the legrest to your preferred position, or rock away the stress of the day. When it comes to comfort, Trouper always comes through. "
rocking-recliners,Trouper Rocking Recliner,/p/living-room/recliners/rocking-recliners/trouper-rocking-recliner/R-010724,E153765,Sable,i-Northwest,699.0,"An updated silhouette, complete with slightly flared arms and a sleek tall back give Trouper a look that’s fresh. It’s also one comfortable rocking recliner. A sculpted bucket seat cradles you in softness while providing extra head and lumbar support. A convenient handle allows you to smoothly and easily adjust the legrest to your preferred position, or rock away the stress of the day. When it comes to comfort, Trouper always comes through. "
rocking-recliners,Trouper Rocking Recliner,/p/living-room/recliners/rocking-recliners/trouper-rocking-recliner/R-010724,E153755,Charcoal,i-Northwest,699.0,"An updated silhouette, complete with slightly flared arms and a sleek tall back give Trouper a look that’s fresh. It’s also one comfortable rocking recliner. A sculpted bucket seat cradles you in softness while providing extra head and lumbar support. A convenient handle allows you to smoothly and easily adjust the legrest to your preferred position, or rock away the stress of the day. When it comes to comfort, Trouper always comes through. "
rocking-recliners,Maverick Power Rocking Recliner w/ Headrest & Lumbar,/p/living-room/recliners/rocking-recliners/maverick-power-rocking-recliner-w-headrest-lumbar/R-10X582,C175432,Sand,Kemet,2169.0, 
rocking-recliners,Maverick Power Rocking Recliner w/ Headrest & Lumbar,/p/living-room/recliners/rocking-recliners/maverick-power-rocking-recliner-w-headrest-lumbar/R-10X582,C186086,Lake,Persia,3399.0, 
rocking-recliners,Morrison Power Rocking Recliner w/ Headrest & Lumbar,/p/living-room/recliners/rocking-recliners/morrison-power-rocking-recliner-w-headrest-lumbar/R-10X766,B153808,Burgundy,Seamount,1659.0, 
rocking-recliners,Morrison Power Rocking Recliner w/ Headrest & Lumbar,/p/living-room/recliners/rocking-recliners/morrison-power-rocking-recliner-w-headrest-lumbar/R-10X766,B153853,Silver,Seamount,1659.0, 
rocking-recliners,Morrison Power Rocking Recliner w/ Headrest & Lumbar,/p/living-room/recliners/rocking-recliners/morrison-power-rocking-recliner-w-headrest-lumbar/R-10X766,B153874,Sable,Seamount,1659.0, 
rocking-recliners,Morrison Power Rocking Recliner w/ Headrest & Lumbar,/p/living-room/recliners/rocking-recliners/morrison-power-rocking-recliner-w-headrest-lumbar/R-10X766,B153876,Cappuccino,Seamount,1659.0, 
rocking-recliners,Morrison Power Rocking Recliner w/ Headrest & Lumbar,/p/living-room/recliners/rocking-recliners/morrison-power-rocking-recliner-w-headrest-lumbar/R-10X766,B153885,Indigo,Seamount,1659.0, 
rocking-recliners,Morrison Power Rocking Recliner w/ Headrest & Lumbar,/p/living-room/recliners/rocking-recliners/morrison-power-rocking-recliner-w-headrest-lumbar/R-10X766,E153732,Stucco,i-Northwest,3249.0, 
rocking-recliners,Joel Rocking Recliner,/p/living-room/recliners/rocking-recliners/joel-rocking-recliner/R-010761,B153808,Burgundy,Seamount,1059.0,"Joel is as comfortable as comfortable gets. From appearance to function, the furniture in your home is now rightfully yours. Of course, your family can relish in all the joy too! "
rocking-recliners,Joel Rocking Recliner,/p/living-room/recliners/rocking-recliners/joel-rocking-recliner/R-010761,C175474,Brownstone,Kemet,1059.0,"Joel is as comfortable as comfortable gets. From appearance to function, the furniture in your home is now rightfully yours. Of course, your family can relish in all the joy too! "
rocking-recliners,Joel Rocking Recliner,/p/living-room/recliners/rocking-recliners/joel-rocking-recliner/R-010761,C175432,Sand,Kemet,1059.0,"Joel is as comfortable as comfortable gets. From appearance to function, the furniture in your home is now rightfully yours. Of course, your family can relish in all the joy too! "
rocking-recliners,Joel Rocking Recliner,/p/living-room/recliners/rocking-recliners/joel-rocking-recliner/R-010761,C175486,Slate,Kemet,1059.0,"Joel is as comfortable as comfortable gets. From appearance to function, the furniture in your home is now rightfully yours. Of course, your family can relish in all the joy too! "
rocking-recliners,Joel Rocking Recliner,/p/living-room/recliners/rocking-recliners/joel-rocking-recliner/R-010761,C165972,Taupe,McKittrick,1569.0,"Joel is as comfortable as comfortable gets. From appearance to function, the furniture in your home is now rightfully yours. Of course, your family can relish in all the joy too! "
rocking-recliners,Joel Rocking Recliner,/p/living-room/recliners/rocking-recliners/joel-rocking-recliner/R-010761,C165962,Smoke,McKittrick,1569.0,"Joel is as comfortable as comfortable gets. From appearance to function, the furniture in your home is now rightfully yours. Of course, your family can relish in all the joy too! "
rocking-recliners,Joel Rocking Recliner,/p/living-room/recliners/rocking-recliners/joel-rocking-recliner/R-010761,C186086,Lake,Persia,1569.0,"Joel is as comfortable as comfortable gets. From appearance to function, the furniture in your home is now rightfully yours. Of course, your family can relish in all the joy too! "
rocking-recliners,Astor Rocking Recliner,/p/living-room/recliners/rocking-recliners/astor-rocking-recliner/R-010519,C211832,Ecru,,1419.0,"Let’s just say the Astor is the equivalent of a “big and tall” chair. Rugged in its good looks, it not only reclines, it rocks. You’ll feel safe and sound in its strong, plush arms and completely comfortable leaning your head against its perfectly padded back. "
rocking-recliners,Astor Rocking Recliner,/p/living-room/recliners/rocking-recliners/astor-rocking-recliner/R-010519,C137162,Khaki,Seasons,2109.0,"Let’s just say the Astor is the equivalent of a “big and tall” chair. Rugged in its good looks, it not only reclines, it rocks. You’ll feel safe and sound in its strong, plush arms and completely comfortable leaning your head against its perfectly padded back. "
rocking-recliners,Astor Rocking Recliner,/p/living-room/recliners/rocking-recliners/astor-rocking-recliner/R-010519,C137166,Mocha,Seasons,2109.0,"Let’s just say the Astor is the equivalent of a “big and tall” chair. Rugged in its good looks, it not only reclines, it rocks. You’ll feel safe and sound in its strong, plush arms and completely comfortable leaning your head against its perfectly padded back. "
rocking-recliners,Astor Rocking Recliner,/p/living-room/recliners/rocking-recliners/astor-rocking-recliner/R-010519,C137128,Loden,Seasons,2109.0,"Let’s just say the Astor is the equivalent of a “big and tall” chair. Rugged in its good looks, it not only reclines, it rocks. You’ll feel safe and sound in its strong, plush arms and completely comfortable leaning your head against its perfectly padded back. "
rocking-recliners,Astor Rocking Recliner,/p/living-room/recliners/rocking-recliners/astor-rocking-recliner/R-010519,C137108,Redwood,Seasons,2109.0,"Let’s just say the Astor is the equivalent of a “big and tall” chair. Rugged in its good looks, it not only reclines, it rocks. You’ll feel safe and sound in its strong, plush arms and completely comfortable leaning your head against its perfectly padded back. "
rocking-recliners,Astor Rocking Recliner,/p/living-room/recliners/rocking-recliners/astor-rocking-recliner/R-010519,C137178,Chocolate,Seasons,2109.0,"Let’s just say the Astor is the equivalent of a “big and tall” chair. Rugged in its good looks, it not only reclines, it rocks. You’ll feel safe and sound in its strong, plush arms and completely comfortable leaning your head against its perfectly padded back. "
rocking-recliners,Astor Rocking Recliner,/p/living-room/recliners/rocking-recliners/astor-rocking-recliner/R-010519,C137187,Charcoal,Seasons,2109.0,"Let’s just say the Astor is the equivalent of a “big and tall” chair. Rugged in its good looks, it not only reclines, it rocks. You’ll feel safe and sound in its strong, plush arms and completely comfortable leaning your head against its perfectly padded back. "
wall-recliners,Liam Wall Recliner,/p/living-room/recliners/wall-recliners/liam-wall-recliner/R-016786,B153808,Burgundy,Seamount,1069.0, 
wall-recliners,Liam Wall Recliner,/p/living-room/recliners/wall-recliners/liam-wall-recliner/R-016786,C185265,Fawn,Tiago,1069.0, 
wall-recliners,Liam Wall Recliner,/p/living-room/recliners/wall-recliners/liam-wall-recliner/R-016786,C185255,Granite,Tiago,1069.0, 
wall-recliners,Liam Wall Recliner,/p/living-room/recliners/wall-recliners/liam-wall-recliner/R-016786,C185252,Twilight,Tiago,1069.0, 
wall-recliners,Liam Wall Recliner,/p/living-room/recliners/wall-recliners/liam-wall-recliner/R-016786,C185276,Mocha,Tiago,1069.0, 
wall-recliners,Liam Wall Recliner,/p/living-room/recliners/wall-recliners/liam-wall-recliner/R-016786,C185286,Navy,Tiago,1069.0, 
wall-recliners,Collage Wall Recliner,/p/living-room/recliners/wall-recliners/collage-wall-recliner/R-016734,C165962,Smoke,McKittrick,979.0,"Collage is everything you’ve ever wanted in a recliner and more. Handsome and dependable, it also reclines just inches from a wall. "
wall-recliners,Collage Wall Recliner,/p/living-room/recliners/wall-recliners/collage-wall-recliner/R-016734,C165967,Charcoal,McKittrick,979.0,"Collage is everything you’ve ever wanted in a recliner and more. Handsome and dependable, it also reclines just inches from a wall. "
wall-recliners,Collage Wall Recliner,/p/living-room/recliners/wall-recliners/collage-wall-recliner/R-016734,C165972,Taupe,McKittrick,979.0,"Collage is everything you’ve ever wanted in a recliner and more. Handsome and dependable, it also reclines just inches from a wall. "
wall-recliners,Collage Wall Recliner,/p/living-room/recliners/wall-recliners/collage-wall-recliner/R-016734,C165986,Indigo,McKittrick,979.0,"Collage is everything you’ve ever wanted in a recliner and more. Handsome and dependable, it also reclines just inches from a wall. "
wall-recliners,Finley Wall Recliner,/p/living-room/recliners/wall-recliners/finley-wall-recliner/R-016747,D209631,Bone,,1319.0, 
wall-recliners,Finley Wall Recliner,/p/living-room/recliners/wall-recliners/finley-wall-recliner/R-016747,D156458,Charcoal,i-Hallandale,2169.0, 
wall-recliners,Finley Wall Recliner,/p/living-room/recliners/wall-recliners/finley-wall-recliner/R-016747,D156453,Platinum,i-Hallandale,2169.0, 
wall-recliners,Finley Wall Recliner,/p/living-room/recliners/wall-recliners/finley-wall-recliner/R-016747,D156431,Ivory,i-Hallandale,2169.0, 
wall-recliners,Finley Wall Recliner,/p/living-room/recliners/wall-recliners/finley-wall-recliner/R-016747,D156464,Wicker,i-Hallandale,2169.0, 
wall-recliners,Finley Wall Recliner,/p/living-room/recliners/wall-recliners/finley-wall-recliner/R-016747,D156487,Admiral,i-Hallandale,2169.0, 
wall-recliners,Finley Wall Recliner,/p/living-room/recliners/wall-recliners/finley-wall-recliner/R-016747,C186086,Lake,Persia,1939.0, 
wall-recliners,Norton Wall Recliner,/p/living-room/recliners/wall-recliners/norton-wall-recliner/R-016820,B180852,Stone,Social Club,1029.0, 
wall-recliners,Norton Wall Recliner,/p/living-room/recliners/wall-recliners/norton-wall-recliner/R-016820,B180857,Charcoal,Social Club,1029.0, 
wall-recliners,Norton Wall Recliner,/p/living-room/recliners/wall-recliners/norton-wall-recliner/R-016820,B180868,Pewter,Social Club,1029.0, 
wall-recliners,Norton Wall Recliner,/p/living-room/recliners/wall-recliners/norton-wall-recliner/R-016820,B180872,Chalk,Social Club,1029.0, 
wall-recliners,Norton Wall Recliner,/p/living-room/recliners/wall-recliners/norton-wall-recliner/R-016820,B180876,Cocoa,Social Club,1029.0, 
wall-recliners,Norton Wall Recliner,/p/living-room/recliners/wall-recliners/norton-wall-recliner/R-016820,C202907,Brick,Easy,1029.0, 
wall-recliners,Jay Wall Recliner,/p/living-room/recliners/wall-recliners/jay-wall-recliner/R-016706,B153808,Burgundy,Seamount,1399.0,"Here comes Jay to save the day. This recliner is everything you need to feel good after a long, hard day. Like pillow-soft comfort, beautiful welt trim on a very supportive back, cushiony arms, a bucket chaise seat and the ability to recline oh-so-close to the wall. See? Day saved. "
wall-recliners,Jay Wall Recliner,/p/living-room/recliners/wall-recliners/jay-wall-recliner/R-016706,C180974,Mushroom,Donegal,1399.0,"Here comes Jay to save the day. This recliner is everything you need to feel good after a long, hard day. Like pillow-soft comfort, beautiful welt trim on a very supportive back, cushiony arms, a bucket chaise seat and the ability to recline oh-so-close to the wall. See? Day saved. "
wall-recliners,Jay Wall Recliner,/p/living-room/recliners/wall-recliners/jay-wall-recliner/R-016706,C180987,Marine,Donegal,1399.0,"Here comes Jay to save the day. This recliner is everything you need to feel good after a long, hard day. Like pillow-soft comfort, beautiful welt trim on a very supportive back, cushiony arms, a bucket chaise seat and the ability to recline oh-so-close to the wall. See? Day saved. "
wall-recliners,Jay Wall Recliner,/p/living-room/recliners/wall-recliners/jay-wall-recliner/R-016706,C180964,Linen,Donegal,1399.0,"Here comes Jay to save the day. This recliner is everything you need to feel good after a long, hard day. Like pillow-soft comfort, beautiful welt trim on a very supportive back, cushiony arms, a bucket chaise seat and the ability to recline oh-so-close to the wall. See? Day saved. "
wall-recliners,Jay Wall Recliner,/p/living-room/recliners/wall-recliners/jay-wall-recliner/R-016706,C180969,Granite,Donegal,1399.0,"Here comes Jay to save the day. This recliner is everything you need to feel good after a long, hard day. Like pillow-soft comfort, beautiful welt trim on a very supportive back, cushiony arms, a bucket chaise seat and the ability to recline oh-so-close to the wall. See? Day saved. "
wall-recliners,Jay Wall Recliner,/p/living-room/recliners/wall-recliners/jay-wall-recliner/R-016706,C165972,Taupe,McKittrick,1629.0,"Here comes Jay to save the day. This recliner is everything you need to feel good after a long, hard day. Like pillow-soft comfort, beautiful welt trim on a very supportive back, cushiony arms, a bucket chaise seat and the ability to recline oh-so-close to the wall. See? Day saved. "
wall-recliners,Jay Wall Recliner,/p/living-room/recliners/wall-recliners/jay-wall-recliner/R-016706,C186086,Lake,Persia,1629.0,"Here comes Jay to save the day. This recliner is everything you need to feel good after a long, hard day. Like pillow-soft comfort, beautiful welt trim on a very supportive back, cushiony arms, a bucket chaise seat and the ability to recline oh-so-close to the wall. See? Day saved. "
wall-recliners,Cade Wall Recliner,/p/living-room/recliners/wall-recliners/cade-wall-recliner/R-016803,B153808,Burgundy,Seamount,1069.0, 
wall-recliners,Cade Wall Recliner,/p/living-room/recliners/wall-recliners/cade-wall-recliner/R-016803,D206833,Bone,,1069.0, 
wall-recliners,Cade Wall Recliner,/p/living-room/recliners/wall-recliners/cade-wall-recliner/R-016803,D206860,Pebble,,1069.0, 
wall-recliners,Cade Wall Recliner,/p/living-room/recliners/wall-recliners/cade-wall-recliner/R-016803,D206871,Mineral,,1069.0, 
wall-recliners,Cade Wall Recliner,/p/living-room/recliners/wall-recliners/cade-wall-recliner/R-016803,D206876,Coffee,,1069.0, 
wall-recliners,Cade Wall Recliner,/p/living-room/recliners/wall-recliners/cade-wall-recliner/R-016803,D206893,Ocean,,1069.0, 
wall-recliners,Cade Wall Recliner,/p/living-room/recliners/wall-recliners/cade-wall-recliner/R-016803,D209225,Moss,,1069.0, 
wall-recliners,James Wall Recliner,/p/living-room/recliners/wall-recliners/james-wall-recliner/R-016521,D206659,Lead,i-Kudos,1409.0, 
wall-recliners,James Wall Recliner,/p/living-room/recliners/wall-recliners/james-wall-recliner/R-016521,RE994767,Silt,Palance,2399.0, 
wall-recliners,James Wall Recliner,/p/living-room/recliners/wall-recliners/james-wall-recliner/R-016521,C181254,Stone,Damon,1799.0, 
wall-recliners,James Wall Recliner,/p/living-room/recliners/wall-recliners/james-wall-recliner/R-016521,C181233,Oyster,Damon,1799.0, 
wall-recliners,James Wall Recliner,/p/living-room/recliners/wall-recliners/james-wall-recliner/R-016521,C181262,Muslin,Damon,1799.0, 
wall-recliners,James Wall Recliner,/p/living-room/recliners/wall-recliners/james-wall-recliner/R-016521,C181286,Midnight,Damon,1799.0, 
wall-recliners,James Wall Recliner,/p/living-room/recliners/wall-recliners/james-wall-recliner/R-016521,C181257,Charcoal,Damon,1799.0, 
wall-recliners,Finley Power Wall Recliner w/ Headrest & Lumbar,/p/living-room/recliners/wall-recliners/finley-power-wall-recliner-w-headrest-lumbar/R-16X747,D209631,Bone,,2169.0, 
wall-recliners,Finley Power Wall Recliner w/ Headrest & Lumbar,/p/living-room/recliners/wall-recliners/finley-power-wall-recliner-w-headrest-lumbar/R-16X747,D156458,Charcoal,i-Hallandale,3629.0, 
wall-recliners,Finley Power Wall Recliner w/ Headrest & Lumbar,/p/living-room/recliners/wall-recliners/finley-power-wall-recliner-w-headrest-lumbar/R-16X747,D156453,Platinum,i-Hallandale,3629.0, 
wall-recliners,Finley Power Wall Recliner w/ Headrest & Lumbar,/p/living-room/recliners/wall-recliners/finley-power-wall-recliner-w-headrest-lumbar/R-16X747,D156431,Ivory,i-Hallandale,3629.0, 
wall-recliners,Finley Power Wall Recliner w/ Headrest & Lumbar,/p/living-room/recliners/wall-recliners/finley-power-wall-recliner-w-headrest-lumbar/R-16X747,D156464,Wicker,i-Hallandale,3629.0, 
wall-recliners,Finley Power Wall Recliner w/ Headrest & Lumbar,/p/living-room/recliners/wall-recliners/finley-power-wall-recliner-w-headrest-lumbar/R-16X747,D156487,Admiral,i-Hallandale,3629.0, 
wall-recliners,Finley Power Wall Recliner w/ Headrest & Lumbar,/p/living-room/recliners/wall-recliners/finley-power-wall-recliner-w-headrest-lumbar/R-16X747,C186086,Lake,Persia,3399.0, 
wall-recliners,Joshua Wall Recliner,/p/living-room/recliners/wall-recliners/joshua-wall-recliner/R-016502,C185252,Twilight,Tiago,1149.0,"Whoa, check out the arms on Joshua. These strong pillow arms are perfect for snuggling up. In fact, they’re just as comfortable as its tiered cushion back. What’s more, you can even recline just a few inches from a wall. No wonder Joshua is so darn popular. "
wall-recliners,Joshua Wall Recliner,/p/living-room/recliners/wall-recliners/joshua-wall-recliner/R-016502,LB172878,Chestnut,Goshen,1419.0,"Whoa, check out the arms on Joshua. These strong pillow arms are perfect for snuggling up. In fact, they’re just as comfortable as its tiered cushion back. What’s more, you can even recline just a few inches from a wall. No wonder Joshua is so darn popular. "
wall-recliners,Joshua Wall Recliner,/p/living-room/recliners/wall-recliners/joshua-wall-recliner/R-016502,LB172856,Grey,Goshen,1419.0,"Whoa, check out the arms on Joshua. These strong pillow arms are perfect for snuggling up. In fact, they’re just as comfortable as its tiered cushion back. What’s more, you can even recline just a few inches from a wall. No wonder Joshua is so darn popular. "
wall-recliners,James Power Wall Recliner w/ Headrest & Lumbar,/p/living-room/recliners/wall-recliners/james-power-wall-recliner-w-headrest-lumbar/R-16X521,B153808,Burgundy,Seamount,3029.0, 
wall-recliners,James Power Wall Recliner w/ Headrest & Lumbar,/p/living-room/recliners/wall-recliners/james-power-wall-recliner-w-headrest-lumbar/R-16X521,RE994767,Silt,Palance,4239.0, 
wall-recliners,James Power Wall Recliner w/ Headrest & Lumbar,/p/living-room/recliners/wall-recliners/james-power-wall-recliner-w-headrest-lumbar/R-16X521,C181254,Stone,Damon,3249.0, 
wall-recliners,James Power Wall Recliner w/ Headrest & Lumbar,/p/living-room/recliners/wall-recliners/james-power-wall-recliner-w-headrest-lumbar/R-16X521,C181233,Oyster,Damon,3249.0, 
wall-recliners,James Power Wall Recliner w/ Headrest & Lumbar,/p/living-room/recliners/wall-recliners/james-power-wall-recliner-w-headrest-lumbar/R-16X521,C181262,Muslin,Damon,3249.0, 
wall-recliners,James Power Wall Recliner w/ Headrest & Lumbar,/p/living-room/recliners/wall-recliners/james-power-wall-recliner-w-headrest-lumbar/R-16X521,C181286,Midnight,Damon,3249.0, 
wall-recliners,James Power Wall Recliner w/ Headrest & Lumbar,/p/living-room/recliners/wall-recliners/james-power-wall-recliner-w-headrest-lumbar/R-16X521,C181257,Charcoal,Damon,3249.0, 
wall-recliners,Dorian Wall Recliner,/p/living-room/recliners/wall-recliners/dorian-wall-recliner/R-016755,D190531,Cream,York,1319.0, 
wall-recliners,Dorian Wall Recliner,/p/living-room/recliners/wall-recliners/dorian-wall-recliner/R-016755,C186008,Wine,Persia,1939.0, 
wall-recliners,Dorian Wall Recliner,/p/living-room/recliners/wall-recliners/dorian-wall-recliner/R-016755,C186086,Lake,Persia,1939.0, 
wall-recliners,Dorian Wall Recliner,/p/living-room/recliners/wall-recliners/dorian-wall-recliner/R-016755,C186054,Greystone,Persia,1939.0, 
wall-recliners,Dorian Wall Recliner,/p/living-room/recliners/wall-recliners/dorian-wall-recliner/R-016755,C186036,Desert,Persia,1939.0, 
wall-recliners,Dorian Wall Recliner,/p/living-room/recliners/wall-recliners/dorian-wall-recliner/R-016755,C186076,Bark,Persia,1939.0, 
wall-recliners,Collage Power Wall Recliner,/p/living-room/recliners/wall-recliners/collage-power-wall-recliner/R-P16734,C188232,Khaki,Lukas,1259.0,"Collage has a lot to offer. It will rock you, raise and lower your back and legs independent of each other and, if that weren’t enough, it will recline just inches from a wall. "
wall-recliners,Collage Power Wall Recliner,/p/living-room/recliners/wall-recliners/collage-power-wall-recliner/R-P16734,C165962,Smoke,McKittrick,1399.0,"Collage has a lot to offer. It will rock you, raise and lower your back and legs independent of each other and, if that weren’t enough, it will recline just inches from a wall. "
wall-recliners,Collage Power Wall Recliner,/p/living-room/recliners/wall-recliners/collage-power-wall-recliner/R-P16734,C165967,Charcoal,McKittrick,1399.0,"Collage has a lot to offer. It will rock you, raise and lower your back and legs independent of each other and, if that weren’t enough, it will recline just inches from a wall. "
wall-recliners,Collage Power Wall Recliner,/p/living-room/recliners/wall-recliners/collage-power-wall-recliner/R-P16734,C165972,Taupe,McKittrick,1399.0,"Collage has a lot to offer. It will rock you, raise and lower your back and legs independent of each other and, if that weren’t enough, it will recline just inches from a wall. "
wall-recliners,Collage Power Wall Recliner,/p/living-room/recliners/wall-recliners/collage-power-wall-recliner/R-P16734,C165986,Indigo,McKittrick,1399.0,"Collage has a lot to offer. It will rock you, raise and lower your back and legs independent of each other and, if that weren’t enough, it will recline just inches from a wall. "
wall-recliners,Norton Power Wall Recliner w/ Headrest & Lumbar,/p/living-room/recliners/wall-recliners/norton-power-wall-recliner-w-headrest-lumbar/R-16X820,B180852,Stone,Social Club,1869.0, 
wall-recliners,Norton Power Wall Recliner w/ Headrest & Lumbar,/p/living-room/recliners/wall-recliners/norton-power-wall-recliner-w-headrest-lumbar/R-16X820,B180857,Charcoal,Social Club,1869.0, 
wall-recliners,Norton Power Wall Recliner w/ Headrest & Lumbar,/p/living-room/recliners/wall-recliners/norton-power-wall-recliner-w-headrest-lumbar/R-16X820,B180868,Pewter,Social Club,1869.0, 
wall-recliners,Norton Power Wall Recliner w/ Headrest & Lumbar,/p/living-room/recliners/wall-recliners/norton-power-wall-recliner-w-headrest-lumbar/R-16X820,B180872,Chalk,Social Club,1869.0, 
wall-recliners,Norton Power Wall Recliner w/ Headrest & Lumbar,/p/living-room/recliners/wall-recliners/norton-power-wall-recliner-w-headrest-lumbar/R-16X820,B180876,Cocoa,Social Club,1869.0, 
wall-recliners,Norton Power Wall Recliner w/ Headrest & Lumbar,/p/living-room/recliners/wall-recliners/norton-power-wall-recliner-w-headrest-lumbar/R-16X820,C202907,Brick,Easy,1869.0, 
wall-recliners,Cade Power Wall Recliner w/ Headrest & Lumbar,/p/living-room/recliners/wall-recliners/cade-power-wall-recliner-w-headrest-lumbar/R-16X803,B153808,Burgundy,Seamount,1679.0, 
wall-recliners,Cade Power Wall Recliner w/ Headrest & Lumbar,/p/living-room/recliners/wall-recliners/cade-power-wall-recliner-w-headrest-lumbar/R-16X803,D206833,Bone,,1679.0, 
wall-recliners,Cade Power Wall Recliner w/ Headrest & Lumbar,/p/living-room/recliners/wall-recliners/cade-power-wall-recliner-w-headrest-lumbar/R-16X803,D206860,Pebble,,1679.0, 
wall-recliners,Cade Power Wall Recliner w/ Headrest & Lumbar,/p/living-room/recliners/wall-recliners/cade-power-wall-recliner-w-headrest-lumbar/R-16X803,D206871,Mineral,,1679.0, 
wall-recliners,Cade Power Wall Recliner w/ Headrest & Lumbar,/p/living-room/recliners/wall-recliners/cade-power-wall-recliner-w-headrest-lumbar/R-16X803,D206876,Coffee,,1679.0, 
wall-recliners,Cade Power Wall Recliner w/ Headrest & Lumbar,/p/living-room/recliners/wall-recliners/cade-power-wall-recliner-w-headrest-lumbar/R-16X803,D206893,Ocean,,1679.0, 
wall-recliners,Cade Power Wall Recliner w/ Headrest & Lumbar,/p/living-room/recliners/wall-recliners/cade-power-wall-recliner-w-headrest-lumbar/R-16X803,D209225,Moss,,1679.0, 
wall-recliners,Liam Power Wall Recliner w/ Headrest & Lumbar,/p/living-room/recliners/wall-recliners/liam-power-wall-recliner-w-headrest-lumbar/R-16X786,B153808,Burgundy,Seamount,1679.0, 
wall-recliners,Liam Power Wall Recliner w/ Headrest & Lumbar,/p/living-room/recliners/wall-recliners/liam-power-wall-recliner-w-headrest-lumbar/R-16X786,C185265,Fawn,Tiago,1679.0, 
wall-recliners,Liam Power Wall Recliner w/ Headrest & Lumbar,/p/living-room/recliners/wall-recliners/liam-power-wall-recliner-w-headrest-lumbar/R-16X786,C185255,Granite,Tiago,1679.0, 
wall-recliners,Liam Power Wall Recliner w/ Headrest & Lumbar,/p/living-room/recliners/wall-recliners/liam-power-wall-recliner-w-headrest-lumbar/R-16X786,C185252,Twilight,Tiago,1679.0, 
wall-recliners,Liam Power Wall Recliner w/ Headrest & Lumbar,/p/living-room/recliners/wall-recliners/liam-power-wall-recliner-w-headrest-lumbar/R-16X786,C185276,Mocha,Tiago,1679.0, 
wall-recliners,Liam Power Wall Recliner w/ Headrest & Lumbar,/p/living-room/recliners/wall-recliners/liam-power-wall-recliner-w-headrest-lumbar/R-16X786,C185286,Navy,Tiago,1679.0, 
wall-recliners,Ava Power Wall Recliner w/ Headrest & Lumbar,/p/living-room/recliners/wall-recliners/ava-power-wall-recliner-w-headrest-lumbar/R-16X769,C196532,Ivory,Nora,2109.0, 
wall-recliners,Ava Power Wall Recliner w/ Headrest & Lumbar,/p/living-room/recliners/wall-recliners/ava-power-wall-recliner-w-headrest-lumbar/R-16X769,C196552,Oyster,Nora,2109.0, 
wall-recliners,Ava Power Wall Recliner w/ Headrest & Lumbar,/p/living-room/recliners/wall-recliners/ava-power-wall-recliner-w-headrest-lumbar/R-16X769,C196566,Truffle,Nora,2109.0, 
wall-recliners,Ava Power Wall Recliner w/ Headrest & Lumbar,/p/living-room/recliners/wall-recliners/ava-power-wall-recliner-w-headrest-lumbar/R-16X769,C196584,Harbor,Nora,2109.0, 
wall-recliners,Ava Power Wall Recliner w/ Headrest & Lumbar,/p/living-room/recliners/wall-recliners/ava-power-wall-recliner-w-headrest-lumbar/R-16X769,LB192935,Ivory,Topflight,2469.0, 
wall-recliners,Ava Power Wall Recliner w/ Headrest & Lumbar,/p/living-room/recliners/wall-recliners/ava-power-wall-recliner-w-headrest-lumbar/R-16X769,LB192979,Mineral,Topflight,2469.0, 
wall-recliners,Dorian Power Wall Recliner w/ Headrest & Lumbar,/p/living-room/recliners/wall-recliners/dorian-power-wall-recliner-w-headrest-lumbar/R-16X755,D190531,Cream,York,2169.0, 
wall-recliners,Dorian Power Wall Recliner w/ Headrest & Lumbar,/p/living-room/recliners/wall-recliners/dorian-power-wall-recliner-w-headrest-lumbar/R-16X755,C186008,Wine,Persia,3399.0, 
wall-recliners,Dorian Power Wall Recliner w/ Headrest & Lumbar,/p/living-room/recliners/wall-recliners/dorian-power-wall-recliner-w-headrest-lumbar/R-16X755,C186086,Lake,Persia,3399.0, 
wall-recliners,Dorian Power Wall Recliner w/ Headrest & Lumbar,/p/living-room/recliners/wall-recliners/dorian-power-wall-recliner-w-headrest-lumbar/R-16X755,C186054,Greystone,Persia,3399.0, 
wall-recliners,Dorian Power Wall Recliner w/ Headrest & Lumbar,/p/living-room/recliners/wall-recliners/dorian-power-wall-recliner-w-headrest-lumbar/R-16X755,C186036,Desert,Persia,3399.0, 
wall-recliners,Dorian Power Wall Recliner w/ Headrest & Lumbar,/p/living-room/recliners/wall-recliners/dorian-power-wall-recliner-w-headrest-lumbar/R-16X755,C186076,Bark,Persia,3399.0, 
wall-recliners,Jay Power Wall Recliner w/ Headrest & Lumbar,/p/living-room/recliners/wall-recliners/jay-power-wall-recliner-w-headrest-lumbar/R-16X706,BL211778,Chocolate,,2589.0, 
wall-recliners,Jay Power Wall Recliner w/ Headrest & Lumbar,/p/living-room/recliners/wall-recliners/jay-power-wall-recliner-w-headrest-lumbar/R-16X706,C180974,Mushroom,Donegal,2859.0, 
wall-recliners,Jay Power Wall Recliner w/ Headrest & Lumbar,/p/living-room/recliners/wall-recliners/jay-power-wall-recliner-w-headrest-lumbar/R-16X706,C180987,Marine,Donegal,2859.0, 
wall-recliners,Jay Power Wall Recliner w/ Headrest & Lumbar,/p/living-room/recliners/wall-recliners/jay-power-wall-recliner-w-headrest-lumbar/R-16X706,C180964,Linen,Donegal,2859.0, 
wall-recliners,Jay Power Wall Recliner w/ Headrest & Lumbar,/p/living-room/recliners/wall-recliners/jay-power-wall-recliner-w-headrest-lumbar/R-16X706,C180969,Granite,Donegal,2859.0, 
wall-recliners,Jay Power Wall Recliner w/ Headrest & Lumbar,/p/living-room/recliners/wall-recliners/jay-power-wall-recliner-w-headrest-lumbar/R-16X706,C165972,Taupe,McKittrick,3089.0, 
wall-recliners,Jay Power Wall Recliner w/ Headrest & Lumbar,/p/living-room/recliners/wall-recliners/jay-power-wall-recliner-w-headrest-lumbar/R-16X706,C186086,Lake,Persia,3089.0, 
wall-recliners,Joshua Power Wall Recliner w/ Headrest & Lumbar,/p/living-room/recliners/wall-recliners/joshua-power-wall-recliner-w-headrest-lumbar/R-16X502,C185252,Twilight,Tiago,1979.0, 
wall-recliners,Joshua Power Wall Recliner w/ Headrest & Lumbar,/p/living-room/recliners/wall-recliners/joshua-power-wall-recliner-w-headrest-lumbar/R-16X502,LB172878,Chestnut,Goshen,2259.0, 
wall-recliners,Joshua Power Wall Recliner w/ Headrest & Lumbar,/p/living-room/recliners/wall-recliners/joshua-power-wall-recliner-w-headrest-lumbar/R-16X502,LB172856,Grey,Goshen,2259.0, 
wall-recliners,Ava Wall Recliner,/p/living-room/recliners/wall-recliners/ava-wall-recliner/R-016769,C196532,Ivory,Nora,1259.0, 
wall-recliners,Ava Wall Recliner,/p/living-room/recliners/wall-recliners/ava-wall-recliner/R-016769,C196552,Oyster,Nora,1259.0, 
wall-recliners,Ava Wall Recliner,/p/living-room/recliners/wall-recliners/ava-wall-recliner/R-016769,C196566,Truffle,Nora,1259.0, 
wall-recliners,Ava Wall Recliner,/p/living-room/recliners/wall-recliners/ava-wall-recliner/R-016769,C196584,Harbor,Nora,1259.0, 
wall-recliners,Ava Wall Recliner,/p/living-room/recliners/wall-recliners/ava-wall-recliner/R-016769,LB192935,Ivory,Topflight,1679.0, 
wall-recliners,Ava Wall Recliner,/p/living-room/recliners/wall-recliners/ava-wall-recliner/R-016769,LB192979,Mineral,Topflight,1679.0, 
wall-recliners,Greyson Power Wall Recliner w/ Headrest & Lumbar,/p/living-room/recliners/wall-recliners/greyson-power-wall-recliner-w-headrest-lumbar/R-16X530,D212533,Oyster,,2229.0, 
wall-recliners,Greyson Power Wall Recliner w/ Headrest & Lumbar,/p/living-room/recliners/wall-recliners/greyson-power-wall-recliner-w-headrest-lumbar/R-16X530,LB193077,Caramel,Salvo,2769.0, 
wall-recliners,Greyson Power Wall Recliner w/ Headrest & Lumbar,/p/living-room/recliners/wall-recliners/greyson-power-wall-recliner-w-headrest-lumbar/R-16X530,LB193032,Ice,Salvo,2769.0, 
wall-recliners,Vail Wall Recliner,/p/living-room/recliners/wall-recliners/vail-wall-recliner/R-016403,B153808,Burgundy,Seamount,1029.0,"Like its namesake, Vail is dramatic in its natural beauty and has so much to offer. Its arms and back are generously padded, making it not only attractive, but so comfortable you may never want to stand up again. Add to that the fact that it can recline mere inches from a wall and, well, you might not. "
wall-recliners,Vail Wall Recliner,/p/living-room/recliners/wall-recliners/vail-wall-recliner/R-016403,B166278,Walnut,Rodigo,1419.0,"Like its namesake, Vail is dramatic in its natural beauty and has so much to offer. Its arms and back are generously padded, making it not only attractive, but so comfortable you may never want to stand up again. Add to that the fact that it can recline mere inches from a wall and, well, you might not. "
wall-recliners,Vail Wall Recliner,/p/living-room/recliners/wall-recliners/vail-wall-recliner/R-016403,B166257,Stone,Rodigo,1419.0,"Like its namesake, Vail is dramatic in its natural beauty and has so much to offer. Its arms and back are generously padded, making it not only attractive, but so comfortable you may never want to stand up again. Add to that the fact that it can recline mere inches from a wall and, well, you might not. "
wall-recliners,Vail Wall Recliner,/p/living-room/recliners/wall-recliners/vail-wall-recliner/R-016403,B166286,Navy,Rodigo,1419.0,"Like its namesake, Vail is dramatic in its natural beauty and has so much to offer. Its arms and back are generously padded, making it not only attractive, but so comfortable you may never want to stand up again. Add to that the fact that it can recline mere inches from a wall and, well, you might not. "
wall-recliners,Vail Wall Recliner,/p/living-room/recliners/wall-recliners/vail-wall-recliner/R-016403,B166276,Marsh,Rodigo,1419.0,"Like its namesake, Vail is dramatic in its natural beauty and has so much to offer. Its arms and back are generously padded, making it not only attractive, but so comfortable you may never want to stand up again. Add to that the fact that it can recline mere inches from a wall and, well, you might not. "
wall-recliners,Vail Wall Recliner,/p/living-room/recliners/wall-recliners/vail-wall-recliner/R-016403,C186086,Lake,Persia,1029.0,"Like its namesake, Vail is dramatic in its natural beauty and has so much to offer. Its arms and back are generously padded, making it not only attractive, but so comfortable you may never want to stand up again. Add to that the fact that it can recline mere inches from a wall and, well, you might not. "
wall-recliners,Pinnacle Wall Recliner,/p/living-room/recliners/wall-recliners/pinnacle-wall-recliner/R-016512,B153808,Burgundy,Seamount,649.0,"You can tell a lot about a recliner chair by just looking at it. For instance, this one has a plush chaise seat and a pillowed high back that will cradle you in comfort. But what you might not realize is that it only has to be a few inches from the wall to recline. Talk about a pleasant surprise. "
wall-recliners,Pinnacle Wall Recliner,/p/living-room/recliners/wall-recliners/pinnacle-wall-recliner/R-016512,D160654,Dove,i-Halifax,649.0,"You can tell a lot about a recliner chair by just looking at it. For instance, this one has a plush chaise seat and a pillowed high back that will cradle you in comfort. But what you might not realize is that it only has to be a few inches from the wall to recline. Talk about a pleasant surprise. "
wall-recliners,Pinnacle Wall Recliner,/p/living-room/recliners/wall-recliners/pinnacle-wall-recliner/R-016512,D160632,Shell,i-Halifax,649.0,"You can tell a lot about a recliner chair by just looking at it. For instance, this one has a plush chaise seat and a pillowed high back that will cradle you in comfort. But what you might not realize is that it only has to be a few inches from the wall to recline. Talk about a pleasant surprise. "
wall-recliners,Pinnacle Wall Recliner,/p/living-room/recliners/wall-recliners/pinnacle-wall-recliner/R-016512,D160678,Java,i-Halifax,649.0,"You can tell a lot about a recliner chair by just looking at it. For instance, this one has a plush chaise seat and a pillowed high back that will cradle you in comfort. But what you might not realize is that it only has to be a few inches from the wall to recline. Talk about a pleasant surprise. "
wall-recliners,Pinnacle Wall Recliner,/p/living-room/recliners/wall-recliners/pinnacle-wall-recliner/R-016512,D160686,Denim,i-Halifax,649.0,"You can tell a lot about a recliner chair by just looking at it. For instance, this one has a plush chaise seat and a pillowed high back that will cradle you in comfort. But what you might not realize is that it only has to be a few inches from the wall to recline. Talk about a pleasant surprise. "
wall-recliners,Pinnacle Wall Recliner,/p/living-room/recliners/wall-recliners/pinnacle-wall-recliner/R-016512,D160662,Antique,i-Halifax,649.0,"You can tell a lot about a recliner chair by just looking at it. For instance, this one has a plush chaise seat and a pillowed high back that will cradle you in comfort. But what you might not realize is that it only has to be a few inches from the wall to recline. Talk about a pleasant surprise. "
wall-recliners,Pinnacle Wall Recliner,/p/living-room/recliners/wall-recliners/pinnacle-wall-recliner/R-016512,D175986,Navy,i-Saxton,649.0,"You can tell a lot about a recliner chair by just looking at it. For instance, this one has a plush chaise seat and a pillowed high back that will cradle you in comfort. But what you might not realize is that it only has to be a few inches from the wall to recline. Talk about a pleasant surprise. "
wall-recliners,Sherman Power Wall Recliner,/p/living-room/recliners/wall-recliners/sherman-power-wall-recliner/R-P16725,B153808,Burgundy,Seamount,1209.0, 
wall-recliners,Sherman Power Wall Recliner,/p/living-room/recliners/wall-recliners/sherman-power-wall-recliner/R-P16725,C206759,Onyx,,1209.0, 
wall-recliners,Sherman Power Wall Recliner,/p/living-room/recliners/wall-recliners/sherman-power-wall-recliner/R-P16725,C206764,Slate,,1209.0, 
wall-recliners,Sherman Power Wall Recliner,/p/living-room/recliners/wall-recliners/sherman-power-wall-recliner/R-P16725,C206774,Mocha,,1209.0, 
wall-recliners,Sherman Power Wall Recliner,/p/living-room/recliners/wall-recliners/sherman-power-wall-recliner/R-P16725,C206786,Midnight,,1209.0, 
wall-recliners,Sherman Power Wall Recliner,/p/living-room/recliners/wall-recliners/sherman-power-wall-recliner/R-P16725,C203751,Porcelain,Tennant,1839.0, 
wall-recliners,Sherman Power Wall Recliner,/p/living-room/recliners/wall-recliners/sherman-power-wall-recliner/R-P16725,C203762,Ceramic,Tennant,1839.0, 
wall-recliners,Vail Power Wall Recliner,/p/living-room/recliners/wall-recliners/vail-power-wall-recliner/R-P16403,B153808,Burgundy,Seamount,1259.0,TBD 
wall-recliners,Vail Power Wall Recliner,/p/living-room/recliners/wall-recliners/vail-power-wall-recliner/R-P16403,C186008,Wine,Persia,1259.0,TBD 
wall-recliners,Vail Power Wall Recliner,/p/living-room/recliners/wall-recliners/vail-power-wall-recliner/R-P16403,C186086,Lake,Persia,1259.0,TBD 
wall-recliners,Vail Power Wall Recliner,/p/living-room/recliners/wall-recliners/vail-power-wall-recliner/R-P16403,C186054,Greystone,Persia,1259.0,TBD 
wall-recliners,Vail Power Wall Recliner,/p/living-room/recliners/wall-recliners/vail-power-wall-recliner/R-P16403,C186036,Desert,Persia,1259.0,TBD 
wall-recliners,Vail Power Wall Recliner,/p/living-room/recliners/wall-recliners/vail-power-wall-recliner/R-P16403,C186076,Bark,Persia,1259.0,TBD 
wall-recliners,Neo Power Wall Recliner w/ Headrest & Lumbar,/p/living-room/recliners/wall-recliners/neo-power-wall-recliner-w-headrest-lumbar/R-16X762,E165231,Pearl,i-Liv,2419.0, 
wall-recliners,Neo Power Wall Recliner w/ Headrest & Lumbar,/p/living-room/recliners/wall-recliners/neo-power-wall-recliner-w-headrest-lumbar/R-16X762,E165235,Wicker,i-Liv,2419.0, 
wall-recliners,Neo Power Wall Recliner w/ Headrest & Lumbar,/p/living-room/recliners/wall-recliners/neo-power-wall-recliner-w-headrest-lumbar/R-16X762,E165252,Dove,i-Liv,2419.0, 
wall-recliners,Neo Power Wall Recliner w/ Headrest & Lumbar,/p/living-room/recliners/wall-recliners/neo-power-wall-recliner-w-headrest-lumbar/R-16X762,E165296,Tropic,i-Liv,2419.0, 
wall-recliners,Neo Power Wall Recliner w/ Headrest & Lumbar,/p/living-room/recliners/wall-recliners/neo-power-wall-recliner-w-headrest-lumbar/R-16X762,D182535,Pebble,i-Raven Crest,2429.0, 
wall-recliners,Neo Power Wall Recliner w/ Headrest & Lumbar,/p/living-room/recliners/wall-recliners/neo-power-wall-recliner-w-headrest-lumbar/R-16X762,D182558,Ash,i-Raven Crest,2429.0, 
wall-recliners,Harbor Town Power Wall Recliner,/p/living-room/recliners/wall-recliners/harbor-town-power-wall-recliner/R-P16799,D180732,Oyster,Fairfax,1569.0,TBD 
wall-recliners,Harbor Town Power Wall Recliner,/p/living-room/recliners/wall-recliners/harbor-town-power-wall-recliner/R-P16799,C186086,Lake,Persia,2359.0,TBD 
wall-recliners,Redwood Power Wall Recliner w/ Headrest & Lumbar,/p/living-room/recliners/wall-recliners/redwood-power-wall-recliner-w-headrest-lumbar/R-16X776,D160454,Charcoal,i-Outlier,2609.0, 
wall-recliners,Redwood Power Wall Recliner w/ Headrest & Lumbar,/p/living-room/recliners/wall-recliners/redwood-power-wall-recliner-w-headrest-lumbar/R-16X776,D160462,Mushroom,i-Outlier,2609.0, 
wall-recliners,Redwood Power Wall Recliner w/ Headrest & Lumbar,/p/living-room/recliners/wall-recliners/redwood-power-wall-recliner-w-headrest-lumbar/R-16X776,D160458,Slate,i-Outlier,2609.0, 
wall-recliners,Redwood Power Wall Recliner w/ Headrest & Lumbar,/p/living-room/recliners/wall-recliners/redwood-power-wall-recliner-w-headrest-lumbar/R-16X776,D160479,Godiva,i-Outlier,2609.0, 
wall-recliners,Redwood Power Wall Recliner w/ Headrest & Lumbar,/p/living-room/recliners/wall-recliners/redwood-power-wall-recliner-w-headrest-lumbar/R-16X776,D160476,Ash,i-Outlier,2609.0, 
wall-recliners,Redwood Power Wall Recliner w/ Headrest & Lumbar,/p/living-room/recliners/wall-recliners/redwood-power-wall-recliner-w-headrest-lumbar/R-16X776,LB164879,Chocolate,Prestige,3099.0, 
wall-recliners,Harbor Town Wall Recliner,/p/living-room/recliners/wall-recliners/harbor-town-wall-recliner/R-016799,D180732,Oyster,Fairfax,1319.0,TBD 
wall-recliners,Harbor Town Wall Recliner,/p/living-room/recliners/wall-recliners/harbor-town-wall-recliner/R-016799,C186086,Lake,Persia,1939.0,TBD 
wall-recliners,Morrison Wall Recliner,/p/living-room/recliners/wall-recliners/morrison-wall-recliner/R-016766,B153808,Burgundy,Seamount,1099.0,"With its tall back and ample size, our Morrison recliner is big on comfort. But big doesn’t have to mean bulky. Even when placed inches from a wall Morrison reclines with ease, making it perfect for rooms of any size. Simply pull the handle to smoothly and easily adjust the chaise seat and legrest to your preferred position. Generous padding on the back and arms provide extra comfort as you sink into the ultra-plush seat, while tufting on the arms, seat and back adds detail. Every family needs a favorite chair, but you may want to claim Morrison as your own. "
wall-recliners,Morrison Wall Recliner,/p/living-room/recliners/wall-recliners/morrison-wall-recliner/R-016766,B153853,Silver,Seamount,1099.0,"With its tall back and ample size, our Morrison recliner is big on comfort. But big doesn’t have to mean bulky. Even when placed inches from a wall Morrison reclines with ease, making it perfect for rooms of any size. Simply pull the handle to smoothly and easily adjust the chaise seat and legrest to your preferred position. Generous padding on the back and arms provide extra comfort as you sink into the ultra-plush seat, while tufting on the arms, seat and back adds detail. Every family needs a favorite chair, but you may want to claim Morrison as your own. "
wall-recliners,Morrison Wall Recliner,/p/living-room/recliners/wall-recliners/morrison-wall-recliner/R-016766,B153874,Sable,Seamount,1099.0,"With its tall back and ample size, our Morrison recliner is big on comfort. But big doesn’t have to mean bulky. Even when placed inches from a wall Morrison reclines with ease, making it perfect for rooms of any size. Simply pull the handle to smoothly and easily adjust the chaise seat and legrest to your preferred position. Generous padding on the back and arms provide extra comfort as you sink into the ultra-plush seat, while tufting on the arms, seat and back adds detail. Every family needs a favorite chair, but you may want to claim Morrison as your own. "
wall-recliners,Morrison Wall Recliner,/p/living-room/recliners/wall-recliners/morrison-wall-recliner/R-016766,B153885,Indigo,Seamount,1099.0,"With its tall back and ample size, our Morrison recliner is big on comfort. But big doesn’t have to mean bulky. Even when placed inches from a wall Morrison reclines with ease, making it perfect for rooms of any size. Simply pull the handle to smoothly and easily adjust the chaise seat and legrest to your preferred position. Generous padding on the back and arms provide extra comfort as you sink into the ultra-plush seat, while tufting on the arms, seat and back adds detail. Every family needs a favorite chair, but you may want to claim Morrison as your own. "
wall-recliners,Morrison Wall Recliner,/p/living-room/recliners/wall-recliners/morrison-wall-recliner/R-016766,B153876,Cappuccino,Seamount,1099.0,"With its tall back and ample size, our Morrison recliner is big on comfort. But big doesn’t have to mean bulky. Even when placed inches from a wall Morrison reclines with ease, making it perfect for rooms of any size. Simply pull the handle to smoothly and easily adjust the chaise seat and legrest to your preferred position. Generous padding on the back and arms provide extra comfort as you sink into the ultra-plush seat, while tufting on the arms, seat and back adds detail. Every family needs a favorite chair, but you may want to claim Morrison as your own. "
wall-recliners,Morrison Wall Recliner,/p/living-room/recliners/wall-recliners/morrison-wall-recliner/R-016766,C186086,Lake,Persia,1629.0,"With its tall back and ample size, our Morrison recliner is big on comfort. But big doesn’t have to mean bulky. Even when placed inches from a wall Morrison reclines with ease, making it perfect for rooms of any size. Simply pull the handle to smoothly and easily adjust the chaise seat and legrest to your preferred position. Generous padding on the back and arms provide extra comfort as you sink into the ultra-plush seat, while tufting on the arms, seat and back adds detail. Every family needs a favorite chair, but you may want to claim Morrison as your own. "
wall-recliners,Dutton Power Wall Recliner w/ Headrest & Lumbar,/p/living-room/recliners/wall-recliners/dutton-power-wall-recliner-w-headrest-lumbar/R-16X828,C212152,Mineral,,2169.0, 
wall-recliners,Dutton Power Wall Recliner w/ Headrest & Lumbar,/p/living-room/recliners/wall-recliners/dutton-power-wall-recliner-w-headrest-lumbar/R-16X828,D207178,Brownstone,,2169.0, 
wall-recliners,Dutton Power Wall Recliner w/ Headrest & Lumbar,/p/living-room/recliners/wall-recliners/dutton-power-wall-recliner-w-headrest-lumbar/R-16X828,D207154,Grey,,2169.0, 
wall-recliners,Dutton Power Wall Recliner w/ Headrest & Lumbar,/p/living-room/recliners/wall-recliners/dutton-power-wall-recliner-w-headrest-lumbar/R-16X828,D207152,Mushroom,,2169.0, 
wall-recliners,Dutton Power Wall Recliner w/ Headrest & Lumbar,/p/living-room/recliners/wall-recliners/dutton-power-wall-recliner-w-headrest-lumbar/R-16X828,D207131,Linen,,2169.0, 
wall-recliners,Dutton Power Wall Recliner w/ Headrest & Lumbar,/p/living-room/recliners/wall-recliners/dutton-power-wall-recliner-w-headrest-lumbar/R-16X828,D207119,Salsa,,2169.0, 
wall-recliners,Kodie Power Wall Recliner w/ Headrest & Lumbar,/p/living-room/recliners/wall-recliners/kodie-power-wall-recliner-w-headrest-lumbar/R-16X715,B153808,Burgundy,Seamount,1929.0, 
wall-recliners,Kodie Power Wall Recliner w/ Headrest & Lumbar,/p/living-room/recliners/wall-recliners/kodie-power-wall-recliner-w-headrest-lumbar/R-16X715,D200931,Ecru,Promise,1929.0, 
wall-recliners,Kodie Power Wall Recliner w/ Headrest & Lumbar,/p/living-room/recliners/wall-recliners/kodie-power-wall-recliner-w-headrest-lumbar/R-16X715,D200946,Gold,Promise,1929.0, 
wall-recliners,Kodie Power Wall Recliner w/ Headrest & Lumbar,/p/living-room/recliners/wall-recliners/kodie-power-wall-recliner-w-headrest-lumbar/R-16X715,D200952,Oyster,Promise,1929.0, 
wall-recliners,Kodie Power Wall Recliner w/ Headrest & Lumbar,/p/living-room/recliners/wall-recliners/kodie-power-wall-recliner-w-headrest-lumbar/R-16X715,D200959,Thunder,Promise,1929.0, 
wall-recliners,Kodie Power Wall Recliner w/ Headrest & Lumbar,/p/living-room/recliners/wall-recliners/kodie-power-wall-recliner-w-headrest-lumbar/R-16X715,D200972,Khaki,Promise,1929.0, 
wall-recliners,Kodie Power Wall Recliner w/ Headrest & Lumbar,/p/living-room/recliners/wall-recliners/kodie-power-wall-recliner-w-headrest-lumbar/R-16X715,D200983,Powder,Promise,1929.0, 
wall-recliners,Pinnacle Power Wall Recliner w/ Headrest & Lumbar,/p/living-room/recliners/wall-recliners/pinnacle-power-wall-recliner-w-headrest-lumbar/R-16X512,B153808,Burgundy,Seamount,1199.0, 
wall-recliners,Pinnacle Power Wall Recliner w/ Headrest & Lumbar,/p/living-room/recliners/wall-recliners/pinnacle-power-wall-recliner-w-headrest-lumbar/R-16X512,D160654,Dove,i-Halifax,1199.0, 
wall-recliners,Pinnacle Power Wall Recliner w/ Headrest & Lumbar,/p/living-room/recliners/wall-recliners/pinnacle-power-wall-recliner-w-headrest-lumbar/R-16X512,D160632,Shell,i-Halifax,1199.0, 
wall-recliners,Pinnacle Power Wall Recliner w/ Headrest & Lumbar,/p/living-room/recliners/wall-recliners/pinnacle-power-wall-recliner-w-headrest-lumbar/R-16X512,D160678,Java,i-Halifax,1199.0, 
wall-recliners,Pinnacle Power Wall Recliner w/ Headrest & Lumbar,/p/living-room/recliners/wall-recliners/pinnacle-power-wall-recliner-w-headrest-lumbar/R-16X512,D160686,Denim,i-Halifax,1199.0, 
wall-recliners,Pinnacle Power Wall Recliner w/ Headrest & Lumbar,/p/living-room/recliners/wall-recliners/pinnacle-power-wall-recliner-w-headrest-lumbar/R-16X512,D160662,Antique,i-Halifax,1199.0, 
wall-recliners,Pinnacle Power Wall Recliner w/ Headrest & Lumbar,/p/living-room/recliners/wall-recliners/pinnacle-power-wall-recliner-w-headrest-lumbar/R-16X512,D175986,Navy,i-Saxton,1199.0, 
wall-recliners,Jasper Wall Recliner,/p/living-room/recliners/wall-recliners/jasper-wall-recliner/R-016709,B153808,Burgundy,Seamount,1099.0,TBD 
wall-recliners,Jasper Wall Recliner,/p/living-room/recliners/wall-recliners/jasper-wall-recliner/R-016709,C162532,Sand,Vance,1099.0,TBD 
wall-recliners,Jasper Wall Recliner,/p/living-room/recliners/wall-recliners/jasper-wall-recliner/R-016709,C162527,Sage,Vance,1099.0,TBD 
wall-recliners,Jasper Wall Recliner,/p/living-room/recliners/wall-recliners/jasper-wall-recliner/R-016709,C162576,Mocha,Vance,1099.0,TBD 
wall-recliners,Jasper Wall Recliner,/p/living-room/recliners/wall-recliners/jasper-wall-recliner/R-016709,C162552,Ice,Vance,1099.0,TBD 
wall-recliners,Jasper Wall Recliner,/p/living-room/recliners/wall-recliners/jasper-wall-recliner/R-016709,C162508,Garnet,Vance,1099.0,TBD 
wall-recliners,Jasper Wall Recliner,/p/living-room/recliners/wall-recliners/jasper-wall-recliner/R-016709,C162586,Eclipse,Vance,1099.0,TBD 
wall-recliners,Ace Power Wall Recliner w/ Headrest & Lumbar,/p/living-room/recliners/wall-recliners/ace-power-wall-recliner-w-headrest-lumbar/R-16X805,D206659,Lead,i-Kudos,2679.0, 
wall-recliners,Ace Power Wall Recliner w/ Headrest & Lumbar,/p/living-room/recliners/wall-recliners/ace-power-wall-recliner-w-headrest-lumbar/R-16X805,D206661,Oyster,i-Kudos,2679.0, 
wall-recliners,Ace Power Wall Recliner w/ Headrest & Lumbar,/p/living-room/recliners/wall-recliners/ace-power-wall-recliner-w-headrest-lumbar/R-16X805,D206667,Tawny,i-Kudos,2679.0, 
wall-recliners,Ace Power Wall Recliner w/ Headrest & Lumbar,/p/living-room/recliners/wall-recliners/ace-power-wall-recliner-w-headrest-lumbar/R-16X805,D206677,Mocha,i-Kudos,2679.0, 
wall-recliners,Ace Power Wall Recliner w/ Headrest & Lumbar,/p/living-room/recliners/wall-recliners/ace-power-wall-recliner-w-headrest-lumbar/R-16X805,D206680,Powder,i-Kudos,2679.0, 
wall-recliners,Ace Power Wall Recliner w/ Headrest & Lumbar,/p/living-room/recliners/wall-recliners/ace-power-wall-recliner-w-headrest-lumbar/R-16X805,D185553,Fossil,i-Rivers,2689.0, 
wall-recliners,Rowan Wall Recliner,/p/living-room/recliners/wall-recliners/rowan-wall-recliner/R-016765,C170033,Oyster,Nico,1149.0,TBD 
wall-recliners,Rowan Wall Recliner,/p/living-room/recliners/wall-recliners/rowan-wall-recliner/R-016765,C170057,Charcoal,Nico,1149.0,TBD 
wall-recliners,Rowan Wall Recliner,/p/living-room/recliners/wall-recliners/rowan-wall-recliner/R-016765,C170053,Ash,Nico,1149.0,TBD 
high-leg-recliners,Scarlett High Leg Reclining Chair,/p/living-room/recliners/high-leg-recliners/scarlett-high-leg-reclining-chair/R-028431,B153808,Burgundy,Seamount,599.0, 
high-leg-recliners,Scarlett High Leg Reclining Chair,/p/living-room/recliners/high-leg-recliners/scarlett-high-leg-reclining-chair/R-028431,BL981051,Dusty,Cozy Match,2579.0, 
high-leg-recliners,Scarlett High Leg Reclining Chair,/p/living-room/recliners/high-leg-recliners/scarlett-high-leg-reclining-chair/R-028431,E182032,Cream,Wheelie,1239.0, 
high-leg-recliners,Scarlett High Leg Reclining Chair,/p/living-room/recliners/high-leg-recliners/scarlett-high-leg-reclining-chair/R-028431,C165962,Smoke,McKittrick,599.0, 
high-leg-recliners,Scarlett High Leg Reclining Chair,/p/living-room/recliners/high-leg-recliners/scarlett-high-leg-reclining-chair/R-028431,E181517,Poppy,i-Emarosa,1239.0, 
high-leg-recliners,Scarlett High Leg Reclining Chair,/p/living-room/recliners/high-leg-recliners/scarlett-high-leg-reclining-chair/R-028431,C165967,Charcoal,McKittrick,599.0, 
high-leg-recliners,Kimberly High Leg Reclining Chair,/p/living-room/recliners/high-leg-recliners/kimberly-high-leg-reclining-chair/R-028916,B153808,Burgundy,Seamount,1339.0,"A new spin on a classic look, the Kimberly combines timeless style with modern reclining comfort. With a softly-tailored wing back, padded roll arms and graceful cabriole legs, Kimberly can be dressed up for more traditional décors or kick back to feel a little bit country. "
high-leg-recliners,Kimberly High Leg Reclining Chair,/p/living-room/recliners/high-leg-recliners/kimberly-high-leg-reclining-chair/R-028916,E182032,Cream,Wheelie,1569.0,"A new spin on a classic look, the Kimberly combines timeless style with modern reclining comfort. With a softly-tailored wing back, padded roll arms and graceful cabriole legs, Kimberly can be dressed up for more traditional décors or kick back to feel a little bit country. "
high-leg-recliners,Kimberly High Leg Reclining Chair,/p/living-room/recliners/high-leg-recliners/kimberly-high-leg-reclining-chair/R-028916,C165962,Smoke,McKittrick,1339.0,"A new spin on a classic look, the Kimberly combines timeless style with modern reclining comfort. With a softly-tailored wing back, padded roll arms and graceful cabriole legs, Kimberly can be dressed up for more traditional décors or kick back to feel a little bit country. "
high-leg-recliners,Kimberly High Leg Reclining Chair,/p/living-room/recliners/high-leg-recliners/kimberly-high-leg-reclining-chair/R-028916,E181517,Poppy,i-Emarosa,1569.0,"A new spin on a classic look, the Kimberly combines timeless style with modern reclining comfort. With a softly-tailored wing back, padded roll arms and graceful cabriole legs, Kimberly can be dressed up for more traditional décors or kick back to feel a little bit country. "
high-leg-recliners,Kimberly High Leg Reclining Chair,/p/living-room/recliners/high-leg-recliners/kimberly-high-leg-reclining-chair/R-028916,C165967,Charcoal,McKittrick,1339.0,"A new spin on a classic look, the Kimberly combines timeless style with modern reclining comfort. With a softly-tailored wing back, padded roll arms and graceful cabriole legs, Kimberly can be dressed up for more traditional décors or kick back to feel a little bit country. "
high-leg-recliners,Brentwood High Leg Reclining Chair,/p/living-room/recliners/high-leg-recliners/brentwood-high-leg-reclining-chair/R-295430,B153808,Burgundy,Seamount,2189.0, 
high-leg-recliners,Brentwood High Leg Reclining Chair,/p/living-room/recliners/high-leg-recliners/brentwood-high-leg-reclining-chair/R-295430,E182032,Cream,Wheelie,2419.0, 
high-leg-recliners,Brentwood High Leg Reclining Chair,/p/living-room/recliners/high-leg-recliners/brentwood-high-leg-reclining-chair/R-295430,C165962,Smoke,McKittrick,2189.0, 
high-leg-recliners,Brentwood High Leg Reclining Chair,/p/living-room/recliners/high-leg-recliners/brentwood-high-leg-reclining-chair/R-295430,E181517,Poppy,i-Emarosa,2419.0, 
high-leg-recliners,Brentwood High Leg Reclining Chair,/p/living-room/recliners/high-leg-recliners/brentwood-high-leg-reclining-chair/R-295430,C165967,Charcoal,McKittrick,2189.0, 
high-leg-recliners,Charlotte High Leg Reclining Chair,/p/living-room/recliners/high-leg-recliners/charlotte-high-leg-reclining-chair/R-028931,B153808,Burgundy,Seamount,1109.0,"This recliner is fit for royalty. And not simply because of its name. With beautifully tapered legs, sophisticated curves and classic style, Charlotte has her own following of loyal admirers. "
high-leg-recliners,Charlotte High Leg Reclining Chair,/p/living-room/recliners/high-leg-recliners/charlotte-high-leg-reclining-chair/R-028931,E182032,Cream,Wheelie,1239.0,"This recliner is fit for royalty. And not simply because of its name. With beautifully tapered legs, sophisticated curves and classic style, Charlotte has her own following of loyal admirers. "
high-leg-recliners,Charlotte High Leg Reclining Chair,/p/living-room/recliners/high-leg-recliners/charlotte-high-leg-reclining-chair/R-028931,C165962,Smoke,McKittrick,1109.0,"This recliner is fit for royalty. And not simply because of its name. With beautifully tapered legs, sophisticated curves and classic style, Charlotte has her own following of loyal admirers. "
high-leg-recliners,Charlotte High Leg Reclining Chair,/p/living-room/recliners/high-leg-recliners/charlotte-high-leg-reclining-chair/R-028931,E181517,Poppy,i-Emarosa,1239.0,"This recliner is fit for royalty. And not simply because of its name. With beautifully tapered legs, sophisticated curves and classic style, Charlotte has her own following of loyal admirers. "
high-leg-recliners,Charlotte High Leg Reclining Chair,/p/living-room/recliners/high-leg-recliners/charlotte-high-leg-reclining-chair/R-028931,C165967,Charcoal,McKittrick,1109.0,"This recliner is fit for royalty. And not simply because of its name. With beautifully tapered legs, sophisticated curves and classic style, Charlotte has her own following of loyal admirers. "
high-leg-recliners,Eldorado High Leg Reclining Chair,/p/living-room/recliners/high-leg-recliners/eldorado-high-leg-reclining-chair/R-295423,G166464,Sandstone,i-Barber,2199.0, 
high-leg-recliners,Eldorado High Leg Reclining Chair,/p/living-room/recliners/high-leg-recliners/eldorado-high-leg-reclining-chair/R-295423,E182032,Cream,Wheelie,2999.0, 
high-leg-recliners,Eldorado High Leg Reclining Chair,/p/living-room/recliners/high-leg-recliners/eldorado-high-leg-reclining-chair/R-295423,J182118,Spice,Houston,2199.0, 
high-leg-recliners,Eldorado High Leg Reclining Chair,/p/living-room/recliners/high-leg-recliners/eldorado-high-leg-reclining-chair/R-295423,C167076,Daybreak,Northern Exposure,2779.0, 
high-leg-recliners,Eldorado High Leg Reclining Chair,/p/living-room/recliners/high-leg-recliners/eldorado-high-leg-reclining-chair/R-295423,DL159557,Charcoal,Montana,2569.0, 
high-leg-recliners,Eldorado High Leg Reclining Chair,/p/living-room/recliners/high-leg-recliners/eldorado-high-leg-reclining-chair/R-295423,DL159574,Camel,Montana,2569.0, 
high-leg-recliners,Eldorado High Leg Reclining Chair,/p/living-room/recliners/high-leg-recliners/eldorado-high-leg-reclining-chair/R-295423,D166575,Aurora,i-Tazlina,2999.0, 
high-leg-recliners,Rheeves High Leg Power Recliner w/ Headrest,/p/living-room/recliners/high-leg-recliners/rheeves-high-leg-power-recliner-w-headrest/R-29U458,D149415,Currant,Prospect,2119.0, 
high-leg-recliners,Rheeves High Leg Power Recliner w/ Headrest,/p/living-room/recliners/high-leg-recliners/rheeves-high-leg-power-recliner-w-headrest/R-29U458,E182032,Cream,Wheelie,2119.0, 
high-leg-recliners,Rheeves High Leg Power Recliner w/ Headrest,/p/living-room/recliners/high-leg-recliners/rheeves-high-leg-power-recliner-w-headrest/R-29U458,C165962,Smoke,McKittrick,2149.0, 
high-leg-recliners,Rheeves High Leg Power Recliner w/ Headrest,/p/living-room/recliners/high-leg-recliners/rheeves-high-leg-power-recliner-w-headrest/R-29U458,E181517,Poppy,i-Emarosa,2119.0, 
high-leg-recliners,Rheeves High Leg Power Recliner w/ Headrest,/p/living-room/recliners/high-leg-recliners/rheeves-high-leg-power-recliner-w-headrest/R-29U458,C165967,Charcoal,McKittrick,2149.0, 
high-leg-recliners,Carleton High Leg Reclining Chair,/p/living-room/recliners/high-leg-recliners/carleton-high-leg-reclining-chair/R-295471,D149415,Currant,Prospect,1759.0, 
high-leg-recliners,Carleton High Leg Reclining Chair,/p/living-room/recliners/high-leg-recliners/carleton-high-leg-reclining-chair/R-295471,E182032,Cream,Wheelie,1759.0, 
high-leg-recliners,Carleton High Leg Reclining Chair,/p/living-room/recliners/high-leg-recliners/carleton-high-leg-reclining-chair/R-295471,C165962,Smoke,McKittrick,2189.0, 
high-leg-recliners,Carleton High Leg Reclining Chair,/p/living-room/recliners/high-leg-recliners/carleton-high-leg-reclining-chair/R-295471,E181517,Poppy,i-Emarosa,1759.0, 
high-leg-recliners,Carleton High Leg Reclining Chair,/p/living-room/recliners/high-leg-recliners/carleton-high-leg-reclining-chair/R-295471,C165967,Charcoal,McKittrick,2189.0, 
high-leg-recliners,Rheeves High Leg Reclining Chair,/p/living-room/recliners/high-leg-recliners/rheeves-high-leg-reclining-chair/R-295458,B153808,Burgundy,Seamount,1509.0, 
high-leg-recliners,Rheeves High Leg Reclining Chair,/p/living-room/recliners/high-leg-recliners/rheeves-high-leg-reclining-chair/R-295458,E182032,Cream,Wheelie,1639.0, 
high-leg-recliners,Rheeves High Leg Reclining Chair,/p/living-room/recliners/high-leg-recliners/rheeves-high-leg-reclining-chair/R-295458,C165962,Smoke,McKittrick,1509.0, 
high-leg-recliners,Rheeves High Leg Reclining Chair,/p/living-room/recliners/high-leg-recliners/rheeves-high-leg-reclining-chair/R-295458,E181517,Poppy,i-Emarosa,1639.0, 
high-leg-recliners,Rheeves High Leg Reclining Chair,/p/living-room/recliners/high-leg-recliners/rheeves-high-leg-reclining-chair/R-295458,C165967,Charcoal,McKittrick,1509.0, 
high-leg-recliners,Riley High Leg Reclining Chair,/p/living-room/recliners/high-leg-recliners/riley-high-leg-reclining-chair/R-295448,D149415,Currant,Prospect,1659.0, 
high-leg-recliners,Riley High Leg Reclining Chair,/p/living-room/recliners/high-leg-recliners/riley-high-leg-reclining-chair/R-295448,E182032,Cream,Wheelie,1659.0, 
high-leg-recliners,Riley High Leg Reclining Chair,/p/living-room/recliners/high-leg-recliners/riley-high-leg-reclining-chair/R-295448,C165962,Smoke,McKittrick,2069.0, 
high-leg-recliners,Riley High Leg Reclining Chair,/p/living-room/recliners/high-leg-recliners/riley-high-leg-reclining-chair/R-295448,E181517,Poppy,i-Emarosa,1659.0, 
high-leg-recliners,Riley High Leg Reclining Chair,/p/living-room/recliners/high-leg-recliners/riley-high-leg-reclining-chair/R-295448,C165967,Charcoal,McKittrick,2069.0, 
high-leg-recliners,Audrey High Leg Reclining Chair,/p/living-room/recliners/high-leg-recliners/audrey-high-leg-reclining-chair/R-295457,B153808,Burgundy,Seamount,1479.0, 
high-leg-recliners,Colby duo® Reclining Chair,/p/living-room/recliners/high-leg-recliners/colby-duo-reclining-chair/R-P94893,C170033,Oyster,Nico,2129.0, 
high-leg-recliners,Colby duo® Reclining Chair,/p/living-room/recliners/high-leg-recliners/colby-duo-reclining-chair/R-P94893,DL159665,Clay,Titan,5099.0, 
high-leg-recliners,Colby duo® Reclining Chair,/p/living-room/recliners/high-leg-recliners/colby-duo-reclining-chair/R-P94893,DL159674,Cinnamon,Titan,5099.0, 
high-leg-recliners,Colby duo® Reclining Chair,/p/living-room/recliners/high-leg-recliners/colby-duo-reclining-chair/R-P94893,DL159658,Charcoal,Titan,5099.0, 
high-leg-recliners,Colby duo® Reclining Chair,/p/living-room/recliners/high-leg-recliners/colby-duo-reclining-chair/R-P94893,J182118,Spice,Houston,3799.0, 
high-leg-recliners,Colby duo® Reclining Chair,/p/living-room/recliners/high-leg-recliners/colby-duo-reclining-chair/R-P94893,DL159651,Platinum,Titan,5099.0, 
high-leg-recliners,Colby duo® Reclining Chair,/p/living-room/recliners/high-leg-recliners/colby-duo-reclining-chair/R-P94893,DL159557,Charcoal,Montana,5099.0, 
high-leg-recliners,Haven High Leg Reclining Chair,/p/living-room/recliners/high-leg-recliners/haven-high-leg-reclining-chair/R-028450,B153808,Burgundy,Seamount,1279.0,"Traditional transformed, the Haven recliner is a cool combination of classic design lines and laid back reclining comfort. Updated styling details include uniquely sculpted rolled arms, a tight back, tapered wood legs and decorative welt trim on the back seat and arms. "
high-leg-recliners,Haven High Leg Reclining Chair,/p/living-room/recliners/high-leg-recliners/haven-high-leg-reclining-chair/R-028450,E182032,Cream,Wheelie,1409.0,"Traditional transformed, the Haven recliner is a cool combination of classic design lines and laid back reclining comfort. Updated styling details include uniquely sculpted rolled arms, a tight back, tapered wood legs and decorative welt trim on the back seat and arms. "
high-leg-recliners,Haven High Leg Reclining Chair,/p/living-room/recliners/high-leg-recliners/haven-high-leg-reclining-chair/R-028450,C165962,Smoke,McKittrick,1279.0,"Traditional transformed, the Haven recliner is a cool combination of classic design lines and laid back reclining comfort. Updated styling details include uniquely sculpted rolled arms, a tight back, tapered wood legs and decorative welt trim on the back seat and arms. "
high-leg-recliners,Haven High Leg Reclining Chair,/p/living-room/recliners/high-leg-recliners/haven-high-leg-reclining-chair/R-028450,E181517,Poppy,i-Emarosa,1409.0,"Traditional transformed, the Haven recliner is a cool combination of classic design lines and laid back reclining comfort. Updated styling details include uniquely sculpted rolled arms, a tight back, tapered wood legs and decorative welt trim on the back seat and arms. "
high-leg-recliners,Haven High Leg Reclining Chair,/p/living-room/recliners/high-leg-recliners/haven-high-leg-reclining-chair/R-028450,C165967,Charcoal,McKittrick,1279.0,"Traditional transformed, the Haven recliner is a cool combination of classic design lines and laid back reclining comfort. Updated styling details include uniquely sculpted rolled arms, a tight back, tapered wood legs and decorative welt trim on the back seat and arms. "
high-leg-recliners,Bennett duo® Reclining Chair,/p/living-room/recliners/high-leg-recliners/bennett-duo-reclining-chair/R-P94899,B180852,Stone,Social Club,2379.0, 
high-leg-recliners,Bennett duo® Reclining Chair,/p/living-room/recliners/high-leg-recliners/bennett-duo-reclining-chair/R-P94899,DL159665,Clay,Titan,4979.0, 
high-leg-recliners,Bennett duo® Reclining Chair,/p/living-room/recliners/high-leg-recliners/bennett-duo-reclining-chair/R-P94899,DL159658,Charcoal,Titan,4979.0, 
high-leg-recliners,Bennett duo® Reclining Chair,/p/living-room/recliners/high-leg-recliners/bennett-duo-reclining-chair/R-P94899,J182118,Spice,Houston,3799.0, 
high-leg-recliners,Bennett duo® Reclining Chair,/p/living-room/recliners/high-leg-recliners/bennett-duo-reclining-chair/R-P94899,DL159651,Platinum,Titan,4979.0, 
high-leg-recliners,Bennett duo® Reclining Chair,/p/living-room/recliners/high-leg-recliners/bennett-duo-reclining-chair/R-P94899,DL159557,Charcoal,Montana,4979.0, 
high-leg-recliners,Lakewood Power Chair w/ Power Headrest,/p/living-room/recliners/high-leg-recliners/lakewood-power-chair-w-power-headrest/R-71U942,LB653332,Ice,Solids,3459.0, 
high-leg-recliners,Carleton High Leg Power Recliner w/ Headrest,/p/living-room/recliners/high-leg-recliners/carleton-high-leg-power-recliner-w-headrest/R-29U471,B153808,Burgundy,Seamount,3029.0, 
high-leg-recliners,Audrey High Leg Reclining Chair w/ Headrest,/p/living-room/recliners/high-leg-recliners/audrey-high-leg-reclining-chair-w-headrest/R-29U457,B153808,Burgundy,Seamount,2149.0, 
high-leg-recliners,Brentwood High Leg Power Recliner w/ Headrest,/p/living-room/recliners/high-leg-recliners/brentwood-high-leg-power-recliner-w-headrest/R-29U430,B153808,Burgundy,Seamount,3029.0, 
high-leg-recliners,Brentwood High Leg Power Recliner w/ Headrest,/p/living-room/recliners/high-leg-recliners/brentwood-high-leg-power-recliner-w-headrest/R-29U430,E182032,Cream,Wheelie,3249.0, 
high-leg-recliners,Brentwood High Leg Power Recliner w/ Headrest,/p/living-room/recliners/high-leg-recliners/brentwood-high-leg-power-recliner-w-headrest/R-29U430,C165962,Smoke,McKittrick,3029.0, 
high-leg-recliners,Brentwood High Leg Power Recliner w/ Headrest,/p/living-room/recliners/high-leg-recliners/brentwood-high-leg-power-recliner-w-headrest/R-29U430,E181517,Poppy,i-Emarosa,3249.0, 
high-leg-recliners,Brentwood High Leg Power Recliner w/ Headrest,/p/living-room/recliners/high-leg-recliners/brentwood-high-leg-power-recliner-w-headrest/R-29U430,C165967,Charcoal,McKittrick,3029.0, 
high-leg-recliners,Dante High Leg Reclining Chair,/p/living-room/recliners/high-leg-recliners/dante-high-leg-reclining-chair/R-295405,Q191232,Flint,i-Blackhawk,1929.0, 
high-leg-recliners,Dante High Leg Reclining Chair,/p/living-room/recliners/high-leg-recliners/dante-high-leg-reclining-chair/R-295405,E182032,Cream,Wheelie,2299.0, 
high-leg-recliners,Dante High Leg Reclining Chair,/p/living-room/recliners/high-leg-recliners/dante-high-leg-reclining-chair/R-295405,C165962,Smoke,McKittrick,2069.0, 
high-leg-recliners,Dante High Leg Reclining Chair,/p/living-room/recliners/high-leg-recliners/dante-high-leg-reclining-chair/R-295405,E181517,Poppy,i-Emarosa,2299.0, 
high-leg-recliners,Dante High Leg Reclining Chair,/p/living-room/recliners/high-leg-recliners/dante-high-leg-reclining-chair/R-295405,C165967,Charcoal,McKittrick,2069.0, 
high-leg-recliners,Ferndale Reclining Chair,/p/living-room/recliners/high-leg-recliners/ferndale-reclining-chair/R-265408,G166464,Sandstone,i-Barber,1599.0, 
high-leg-recliners,Ferndale Reclining Chair,/p/living-room/recliners/high-leg-recliners/ferndale-reclining-chair/R-265408,E182032,Cream,Wheelie,1959.0, 
high-leg-recliners,Ferndale Reclining Chair,/p/living-room/recliners/high-leg-recliners/ferndale-reclining-chair/R-265408,C165962,Smoke,McKittrick,1729.0, 
high-leg-recliners,Ferndale Reclining Chair,/p/living-room/recliners/high-leg-recliners/ferndale-reclining-chair/R-265408,E181517,Poppy,i-Emarosa,1959.0, 
high-leg-recliners,Ferndale Reclining Chair,/p/living-room/recliners/high-leg-recliners/ferndale-reclining-chair/R-265408,C165967,Charcoal,McKittrick,1729.0, 
high-leg-recliners,Rae High Leg Reclining Chair,/p/living-room/recliners/high-leg-recliners/rae-high-leg-reclining-chair/R-028416,B153808,Burgundy,Seamount,1169.0, 
high-leg-recliners,Quinault Power Reclining Chair w/ Headrest,/p/living-room/recliners/high-leg-recliners/quinault-power-reclining-chair-w-headrest/R-81U810,D207119,Salsa,,1959.0, 
high-leg-recliners,Quinault Power Reclining Chair w/ Headrest,/p/living-room/recliners/high-leg-recliners/quinault-power-reclining-chair-w-headrest/R-81U810,E191734,Basmati,i-Adario,1959.0, 
high-leg-recliners,Quinault Power Reclining Chair w/ Headrest,/p/living-room/recliners/high-leg-recliners/quinault-power-reclining-chair-w-headrest/R-81U810,E191765,Taupe,i-Adario,1959.0, 
high-leg-recliners,Quinault Power Reclining Chair w/ Headrest,/p/living-room/recliners/high-leg-recliners/quinault-power-reclining-chair-w-headrest/R-81U810,E191752,Fog,i-Adario,1959.0, 
high-leg-recliners,Quinault Power Reclining Chair w/ Headrest,/p/living-room/recliners/high-leg-recliners/quinault-power-reclining-chair-w-headrest/R-81U810,E191753,Stone,i-Adario,1959.0, 
high-leg-recliners,Acadia Power Reclining Chair w/ Headrest,/p/living-room/recliners/high-leg-recliners/acadia-power-reclining-chair-w-headrest/R-81U811,D209631,Bone,,2069.0, 
high-leg-recliners,Acadia Power Reclining Chair w/ Headrest,/p/living-room/recliners/high-leg-recliners/acadia-power-reclining-chair-w-headrest/R-81U811,D207432,Ecru,,2309.0, 
high-leg-recliners,Acadia Power Reclining Chair w/ Headrest,/p/living-room/recliners/high-leg-recliners/acadia-power-reclining-chair-w-headrest/R-81U811,D207451,Oyster,,2309.0, 
high-leg-recliners,Acadia Power Reclining Chair w/ Headrest,/p/living-room/recliners/high-leg-recliners/acadia-power-reclining-chair-w-headrest/R-81U811,D207460,Porcelain,,2309.0, 
high-leg-recliners,Acadia Power Reclining Chair w/ Headrest,/p/living-room/recliners/high-leg-recliners/acadia-power-reclining-chair-w-headrest/R-81U811,D207478,Fossil,,2309.0, 
high-leg-recliners,Acadia Power Reclining Chair w/ Headrest,/p/living-room/recliners/high-leg-recliners/acadia-power-reclining-chair-w-headrest/R-81U811,D207480,Lotus,,2309.0, 
high-leg-recliners,Acadia Power Reclining Chair w/ Headrest,/p/living-room/recliners/high-leg-recliners/acadia-power-reclining-chair-w-headrest/R-81U811,D207486,Navy,,2309.0, 
high-leg-recliners,Clybourn Power Reclining Chair w/ Headrest,/p/living-room/recliners/high-leg-recliners/clybourn-power-reclining-chair-w-headrest/R-81U813,D201014,Nutmeg,i-Rene,2029.0, 
high-leg-recliners,Clybourn Power Reclining Chair w/ Headrest,/p/living-room/recliners/high-leg-recliners/clybourn-power-reclining-chair-w-headrest/R-81U813,D201019,Spice,i-Rene,2029.0, 
high-leg-recliners,Clybourn Power Reclining Chair w/ Headrest,/p/living-room/recliners/high-leg-recliners/clybourn-power-reclining-chair-w-headrest/R-81U813,D201025,Moss,i-Rene,2029.0, 
high-leg-recliners,Clybourn Power Reclining Chair w/ Headrest,/p/living-room/recliners/high-leg-recliners/clybourn-power-reclining-chair-w-headrest/R-81U813,D201032,Oat,i-Rene,2029.0, 
high-leg-recliners,Clybourn Power Reclining Chair w/ Headrest,/p/living-room/recliners/high-leg-recliners/clybourn-power-reclining-chair-w-headrest/R-81U813,D201052,Ash,i-Rene,2029.0, 
high-leg-recliners,Clybourn Power Reclining Chair w/ Headrest,/p/living-room/recliners/high-leg-recliners/clybourn-power-reclining-chair-w-headrest/R-81U813,D201065,Mushroom,i-Rene,2029.0, 
power-lift-chairs,Liam Bronze Power Lift Recliner,/p/living-room/recliners/power-lift-chairs/liam-bronze-power-lift-recliner/R-3BL786,D160454,Charcoal,i-Outlier,1469.0, 
power-lift-chairs,Liam Bronze Power Lift Recliner,/p/living-room/recliners/power-lift-chairs/liam-bronze-power-lift-recliner/R-3BL786,D182535,Pebble,i-Raven Crest,1959.0, 
power-lift-chairs,Liam Bronze Power Lift Recliner,/p/living-room/recliners/power-lift-chairs/liam-bronze-power-lift-recliner/R-3BL786,D182558,Ash,i-Raven Crest,1959.0, 
power-lift-chairs,Liam Bronze Power Lift Recliner,/p/living-room/recliners/power-lift-chairs/liam-bronze-power-lift-recliner/R-3BL786,D182573,Mushroom,i-Raven Crest,1959.0, 
power-lift-chairs,Liam Bronze Power Lift Recliner,/p/living-room/recliners/power-lift-chairs/liam-bronze-power-lift-recliner/R-3BL786,D182574,Chestnut,i-Raven Crest,1959.0, 
power-lift-chairs,Pinnacle Platinum Power Lift Recliner w/ Headrest & Lumbar,/p/living-room/recliners/power-lift-chairs/pinnacle-platinum-power-lift-recliner-w-headrest-lumbar/R-1PH512,D160454,Charcoal,i-Outlier,2719.0,"To call the Pinnacle Platinum Luxury-Lift PowerReclineXR+ simply “a piece of furniture” would be an understatement. It gives you the power to sit, stand and recline by simply touching a button. A convenient hand-held remote raises and lowers the Pinnacle to help you sit or stand with ease and confidence. You can also independently adjust your back and legs all the way to zero gravity, as well as indulge in our power-tilt headrest and power lumbar support. And who can ignore its luxuriously cushioned high back, chaise seat and convenient storage pocket. As you can see, it’s more than “a piece of furniture. "
power-lift-chairs,Pinnacle Platinum Power Lift Recliner w/ Headrest & Lumbar,/p/living-room/recliners/power-lift-chairs/pinnacle-platinum-power-lift-recliner-w-headrest-lumbar/R-1PH512,D160654,Dove,i-Halifax,2719.0,"To call the Pinnacle Platinum Luxury-Lift PowerReclineXR+ simply “a piece of furniture” would be an understatement. It gives you the power to sit, stand and recline by simply touching a button. A convenient hand-held remote raises and lowers the Pinnacle to help you sit or stand with ease and confidence. You can also independently adjust your back and legs all the way to zero gravity, as well as indulge in our power-tilt headrest and power lumbar support. And who can ignore its luxuriously cushioned high back, chaise seat and convenient storage pocket. As you can see, it’s more than “a piece of furniture. "
power-lift-chairs,Pinnacle Platinum Power Lift Recliner w/ Headrest & Lumbar,/p/living-room/recliners/power-lift-chairs/pinnacle-platinum-power-lift-recliner-w-headrest-lumbar/R-1PH512,D160632,Shell,i-Halifax,2719.0,"To call the Pinnacle Platinum Luxury-Lift PowerReclineXR+ simply “a piece of furniture” would be an understatement. It gives you the power to sit, stand and recline by simply touching a button. A convenient hand-held remote raises and lowers the Pinnacle to help you sit or stand with ease and confidence. You can also independently adjust your back and legs all the way to zero gravity, as well as indulge in our power-tilt headrest and power lumbar support. And who can ignore its luxuriously cushioned high back, chaise seat and convenient storage pocket. As you can see, it’s more than “a piece of furniture. "
power-lift-chairs,Pinnacle Platinum Power Lift Recliner w/ Headrest & Lumbar,/p/living-room/recliners/power-lift-chairs/pinnacle-platinum-power-lift-recliner-w-headrest-lumbar/R-1PH512,D160678,Java,i-Halifax,2719.0,"To call the Pinnacle Platinum Luxury-Lift PowerReclineXR+ simply “a piece of furniture” would be an understatement. It gives you the power to sit, stand and recline by simply touching a button. A convenient hand-held remote raises and lowers the Pinnacle to help you sit or stand with ease and confidence. You can also independently adjust your back and legs all the way to zero gravity, as well as indulge in our power-tilt headrest and power lumbar support. And who can ignore its luxuriously cushioned high back, chaise seat and convenient storage pocket. As you can see, it’s more than “a piece of furniture. "
power-lift-chairs,Pinnacle Platinum Power Lift Recliner w/ Headrest & Lumbar,/p/living-room/recliners/power-lift-chairs/pinnacle-platinum-power-lift-recliner-w-headrest-lumbar/R-1PH512,D160686,Denim,i-Halifax,2719.0,"To call the Pinnacle Platinum Luxury-Lift PowerReclineXR+ simply “a piece of furniture” would be an understatement. It gives you the power to sit, stand and recline by simply touching a button. A convenient hand-held remote raises and lowers the Pinnacle to help you sit or stand with ease and confidence. You can also independently adjust your back and legs all the way to zero gravity, as well as indulge in our power-tilt headrest and power lumbar support. And who can ignore its luxuriously cushioned high back, chaise seat and convenient storage pocket. As you can see, it’s more than “a piece of furniture. "
power-lift-chairs,Pinnacle Platinum Power Lift Recliner w/ Headrest & Lumbar,/p/living-room/recliners/power-lift-chairs/pinnacle-platinum-power-lift-recliner-w-headrest-lumbar/R-1PH512,D160662,Antique,i-Halifax,2719.0,"To call the Pinnacle Platinum Luxury-Lift PowerReclineXR+ simply “a piece of furniture” would be an understatement. It gives you the power to sit, stand and recline by simply touching a button. A convenient hand-held remote raises and lowers the Pinnacle to help you sit or stand with ease and confidence. You can also independently adjust your back and legs all the way to zero gravity, as well as indulge in our power-tilt headrest and power lumbar support. And who can ignore its luxuriously cushioned high back, chaise seat and convenient storage pocket. As you can see, it’s more than “a piece of furniture. "
power-lift-chairs,Pinnacle Platinum Power Lift Recliner w/ Headrest & Lumbar,/p/living-room/recliners/power-lift-chairs/pinnacle-platinum-power-lift-recliner-w-headrest-lumbar/R-1PH512,D175986,Navy,i-Saxton,4249.0,"To call the Pinnacle Platinum Luxury-Lift PowerReclineXR+ simply “a piece of furniture” would be an understatement. It gives you the power to sit, stand and recline by simply touching a button. A convenient hand-held remote raises and lowers the Pinnacle to help you sit or stand with ease and confidence. You can also independently adjust your back and legs all the way to zero gravity, as well as indulge in our power-tilt headrest and power lumbar support. And who can ignore its luxuriously cushioned high back, chaise seat and convenient storage pocket. As you can see, it’s more than “a piece of furniture. "
power-lift-chairs,Jean Bronze Power Lift Recliner,/p/living-room/recliners/power-lift-chairs/jean-bronze-power-lift-recliner/R-3BL793,D160454,Charcoal,i-Outlier,799.0, 
power-lift-chairs,Jean Bronze Power Lift Recliner,/p/living-room/recliners/power-lift-chairs/jean-bronze-power-lift-recliner/R-3BL793,D160662,Antique,i-Halifax,1259.0, 
power-lift-chairs,Jean Bronze Power Lift Recliner,/p/living-room/recliners/power-lift-chairs/jean-bronze-power-lift-recliner/R-3BL793,D160632,Shell,i-Halifax,1259.0, 
power-lift-chairs,Jean Bronze Power Lift Recliner,/p/living-room/recliners/power-lift-chairs/jean-bronze-power-lift-recliner/R-3BL793,D160654,Dove,i-Halifax,1259.0, 
power-lift-chairs,Jean Bronze Power Lift Recliner,/p/living-room/recliners/power-lift-chairs/jean-bronze-power-lift-recliner/R-3BL793,D160678,Java,i-Halifax,1259.0, 
power-lift-chairs,Jean Bronze Power Lift Recliner,/p/living-room/recliners/power-lift-chairs/jean-bronze-power-lift-recliner/R-3BL793,D160686,Denim,i-Halifax,1259.0, 
power-lift-chairs,Clayton Gold Power Lift Recliner w/ Massage & Heat,/p/living-room/recliners/power-lift-chairs/clayton-gold-power-lift-recliner-w-massage-heat/R-1HM562,D160454,Charcoal,i-Outlier,2839.0,"Functionality and rugged good looks make Clayton a stand-out recliner. Its wingback, padded track-style arms and tailored welt trim aren’t only comfortable, they give Clayton its versatile transitional style. And, with the power to sit, stand or recline, it gives you all the right moves. Plus, six-motor massage and heat for the ultimate in comfort and relaxation. "
power-lift-chairs,Clayton Gold Power Lift Recliner w/ Massage & Heat,/p/living-room/recliners/power-lift-chairs/clayton-gold-power-lift-recliner-w-massage-heat/R-1HM562,D160458,Slate,i-Outlier,2839.0,"Functionality and rugged good looks make Clayton a stand-out recliner. Its wingback, padded track-style arms and tailored welt trim aren’t only comfortable, they give Clayton its versatile transitional style. And, with the power to sit, stand or recline, it gives you all the right moves. Plus, six-motor massage and heat for the ultimate in comfort and relaxation. "
power-lift-chairs,Clayton Gold Power Lift Recliner w/ Massage & Heat,/p/living-room/recliners/power-lift-chairs/clayton-gold-power-lift-recliner-w-massage-heat/R-1HM562,D160462,Mushroom,i-Outlier,2839.0,"Functionality and rugged good looks make Clayton a stand-out recliner. Its wingback, padded track-style arms and tailored welt trim aren’t only comfortable, they give Clayton its versatile transitional style. And, with the power to sit, stand or recline, it gives you all the right moves. Plus, six-motor massage and heat for the ultimate in comfort and relaxation. "
power-lift-chairs,Clayton Gold Power Lift Recliner w/ Massage & Heat,/p/living-room/recliners/power-lift-chairs/clayton-gold-power-lift-recliner-w-massage-heat/R-1HM562,D160479,Godiva,i-Outlier,2839.0,"Functionality and rugged good looks make Clayton a stand-out recliner. Its wingback, padded track-style arms and tailored welt trim aren’t only comfortable, they give Clayton its versatile transitional style. And, with the power to sit, stand or recline, it gives you all the right moves. Plus, six-motor massage and heat for the ultimate in comfort and relaxation. "
power-lift-chairs,Clayton Gold Power Lift Recliner w/ Massage & Heat,/p/living-room/recliners/power-lift-chairs/clayton-gold-power-lift-recliner-w-massage-heat/R-1HM562,D160476,Ash,i-Outlier,2839.0,"Functionality and rugged good looks make Clayton a stand-out recliner. Its wingback, padded track-style arms and tailored welt trim aren’t only comfortable, they give Clayton its versatile transitional style. And, with the power to sit, stand or recline, it gives you all the right moves. Plus, six-motor massage and heat for the ultimate in comfort and relaxation. "
power-lift-chairs,Clayton Gold Power Lift Recliner w/ Massage & Heat,/p/living-room/recliners/power-lift-chairs/clayton-gold-power-lift-recliner-w-massage-heat/R-1HM562,C165972,Taupe,McKittrick,4279.0,"Functionality and rugged good looks make Clayton a stand-out recliner. Its wingback, padded track-style arms and tailored welt trim aren’t only comfortable, they give Clayton its versatile transitional style. And, with the power to sit, stand or recline, it gives you all the right moves. Plus, six-motor massage and heat for the ultimate in comfort and relaxation. "
power-lift-chairs,Billie Bronze Power Lift Recliner,/p/living-room/recliners/power-lift-chairs/billie-bronze-power-lift-recliner/R-3BL794,D160454,Charcoal,i-Outlier,899.0, 
power-lift-chairs,Astor Platinum Power Lift Recliner w/ Headrest & Lumbar,/p/living-room/recliners/power-lift-chairs/astor-platinum-power-lift-recliner-w-headrest-lumbar/R-1PH519,D160454,Charcoal,i-Outlier,2919.0,"To some, the Astor Platinum Luxury-Lift PowerReclineXR+ seems larger than life. Not necessarily because of its generous proportions, but rather all it can do. Touch a button and Astor will raise you to the standing position or lower you to sitting. You can adjust the back and legs separately, enjoy stress-free zero gravity and take advantage of its power-tilt headrest and power lumbar support. Its plush cushions translate into extreme comfort, and a convenient storage pocket lets you stay as long as you want. "
power-lift-chairs,Astor Platinum Power Lift Recliner w/ Headrest & Lumbar,/p/living-room/recliners/power-lift-chairs/astor-platinum-power-lift-recliner-w-headrest-lumbar/R-1PH519,C137162,Khaki,Seasons,4379.0,"To some, the Astor Platinum Luxury-Lift PowerReclineXR+ seems larger than life. Not necessarily because of its generous proportions, but rather all it can do. Touch a button and Astor will raise you to the standing position or lower you to sitting. You can adjust the back and legs separately, enjoy stress-free zero gravity and take advantage of its power-tilt headrest and power lumbar support. Its plush cushions translate into extreme comfort, and a convenient storage pocket lets you stay as long as you want. "
power-lift-chairs,Astor Platinum Power Lift Recliner w/ Headrest & Lumbar,/p/living-room/recliners/power-lift-chairs/astor-platinum-power-lift-recliner-w-headrest-lumbar/R-1PH519,C137166,Mocha,Seasons,4379.0,"To some, the Astor Platinum Luxury-Lift PowerReclineXR+ seems larger than life. Not necessarily because of its generous proportions, but rather all it can do. Touch a button and Astor will raise you to the standing position or lower you to sitting. You can adjust the back and legs separately, enjoy stress-free zero gravity and take advantage of its power-tilt headrest and power lumbar support. Its plush cushions translate into extreme comfort, and a convenient storage pocket lets you stay as long as you want. "
power-lift-chairs,Astor Platinum Power Lift Recliner w/ Headrest & Lumbar,/p/living-room/recliners/power-lift-chairs/astor-platinum-power-lift-recliner-w-headrest-lumbar/R-1PH519,C137128,Loden,Seasons,4379.0,"To some, the Astor Platinum Luxury-Lift PowerReclineXR+ seems larger than life. Not necessarily because of its generous proportions, but rather all it can do. Touch a button and Astor will raise you to the standing position or lower you to sitting. You can adjust the back and legs separately, enjoy stress-free zero gravity and take advantage of its power-tilt headrest and power lumbar support. Its plush cushions translate into extreme comfort, and a convenient storage pocket lets you stay as long as you want. "
power-lift-chairs,Astor Platinum Power Lift Recliner w/ Headrest & Lumbar,/p/living-room/recliners/power-lift-chairs/astor-platinum-power-lift-recliner-w-headrest-lumbar/R-1PH519,C137108,Redwood,Seasons,4379.0,"To some, the Astor Platinum Luxury-Lift PowerReclineXR+ seems larger than life. Not necessarily because of its generous proportions, but rather all it can do. Touch a button and Astor will raise you to the standing position or lower you to sitting. You can adjust the back and legs separately, enjoy stress-free zero gravity and take advantage of its power-tilt headrest and power lumbar support. Its plush cushions translate into extreme comfort, and a convenient storage pocket lets you stay as long as you want. "
power-lift-chairs,Astor Platinum Power Lift Recliner w/ Headrest & Lumbar,/p/living-room/recliners/power-lift-chairs/astor-platinum-power-lift-recliner-w-headrest-lumbar/R-1PH519,C137178,Chocolate,Seasons,4379.0,"To some, the Astor Platinum Luxury-Lift PowerReclineXR+ seems larger than life. Not necessarily because of its generous proportions, but rather all it can do. Touch a button and Astor will raise you to the standing position or lower you to sitting. You can adjust the back and legs separately, enjoy stress-free zero gravity and take advantage of its power-tilt headrest and power lumbar support. Its plush cushions translate into extreme comfort, and a convenient storage pocket lets you stay as long as you want. "
power-lift-chairs,Astor Platinum Power Lift Recliner w/ Headrest & Lumbar,/p/living-room/recliners/power-lift-chairs/astor-platinum-power-lift-recliner-w-headrest-lumbar/R-1PH519,C137187,Charcoal,Seasons,4379.0,"To some, the Astor Platinum Luxury-Lift PowerReclineXR+ seems larger than life. Not necessarily because of its generous proportions, but rather all it can do. Touch a button and Astor will raise you to the standing position or lower you to sitting. You can adjust the back and legs separately, enjoy stress-free zero gravity and take advantage of its power-tilt headrest and power lumbar support. Its plush cushions translate into extreme comfort, and a convenient storage pocket lets you stay as long as you want. "
power-lift-chairs,Pinnacle Platinum Power Lift Recliner,/p/living-room/recliners/power-lift-chairs/pinnacle-platinum-power-lift-recliner/R-1PL512,D160454,Charcoal,i-Outlier,2179.0,"Nothing makes relaxing more uplifting than the Pinnacle Platinum Luxury-Lift® recliner’s easy-going attitude. With the power to sit, stand and recline at the touch of a button and PowerReclineXR® for more relaxing positions, it makes reclining more effortless and relaxing than ever before. A convenient hand-held remote raises and lowers the chair to help you sit or stand securely and easily. With an independently moving back and legrest that lets you choose any combination of reclining positions, including stress-free zero gravity. Pinnacle is plushly-cushioned with a high back, channel-stitched details and full-body chaise reclining comfort and support. "
power-lift-chairs,Pinnacle Platinum Power Lift Recliner,/p/living-room/recliners/power-lift-chairs/pinnacle-platinum-power-lift-recliner/R-1PL512,D160654,Dove,i-Halifax,2179.0,"Nothing makes relaxing more uplifting than the Pinnacle Platinum Luxury-Lift® recliner’s easy-going attitude. With the power to sit, stand and recline at the touch of a button and PowerReclineXR® for more relaxing positions, it makes reclining more effortless and relaxing than ever before. A convenient hand-held remote raises and lowers the chair to help you sit or stand securely and easily. With an independently moving back and legrest that lets you choose any combination of reclining positions, including stress-free zero gravity. Pinnacle is plushly-cushioned with a high back, channel-stitched details and full-body chaise reclining comfort and support. "
power-lift-chairs,Pinnacle Platinum Power Lift Recliner,/p/living-room/recliners/power-lift-chairs/pinnacle-platinum-power-lift-recliner/R-1PL512,D160632,Shell,i-Halifax,2179.0,"Nothing makes relaxing more uplifting than the Pinnacle Platinum Luxury-Lift® recliner’s easy-going attitude. With the power to sit, stand and recline at the touch of a button and PowerReclineXR® for more relaxing positions, it makes reclining more effortless and relaxing than ever before. A convenient hand-held remote raises and lowers the chair to help you sit or stand securely and easily. With an independently moving back and legrest that lets you choose any combination of reclining positions, including stress-free zero gravity. Pinnacle is plushly-cushioned with a high back, channel-stitched details and full-body chaise reclining comfort and support. "
power-lift-chairs,Pinnacle Platinum Power Lift Recliner,/p/living-room/recliners/power-lift-chairs/pinnacle-platinum-power-lift-recliner/R-1PL512,D160678,Java,i-Halifax,2179.0,"Nothing makes relaxing more uplifting than the Pinnacle Platinum Luxury-Lift® recliner’s easy-going attitude. With the power to sit, stand and recline at the touch of a button and PowerReclineXR® for more relaxing positions, it makes reclining more effortless and relaxing than ever before. A convenient hand-held remote raises and lowers the chair to help you sit or stand securely and easily. With an independently moving back and legrest that lets you choose any combination of reclining positions, including stress-free zero gravity. Pinnacle is plushly-cushioned with a high back, channel-stitched details and full-body chaise reclining comfort and support. "
power-lift-chairs,Pinnacle Platinum Power Lift Recliner,/p/living-room/recliners/power-lift-chairs/pinnacle-platinum-power-lift-recliner/R-1PL512,D160686,Denim,i-Halifax,2179.0,"Nothing makes relaxing more uplifting than the Pinnacle Platinum Luxury-Lift® recliner’s easy-going attitude. With the power to sit, stand and recline at the touch of a button and PowerReclineXR® for more relaxing positions, it makes reclining more effortless and relaxing than ever before. A convenient hand-held remote raises and lowers the chair to help you sit or stand securely and easily. With an independently moving back and legrest that lets you choose any combination of reclining positions, including stress-free zero gravity. Pinnacle is plushly-cushioned with a high back, channel-stitched details and full-body chaise reclining comfort and support. "
power-lift-chairs,Pinnacle Platinum Power Lift Recliner,/p/living-room/recliners/power-lift-chairs/pinnacle-platinum-power-lift-recliner/R-1PL512,D160662,Antique,i-Halifax,2179.0,"Nothing makes relaxing more uplifting than the Pinnacle Platinum Luxury-Lift® recliner’s easy-going attitude. With the power to sit, stand and recline at the touch of a button and PowerReclineXR® for more relaxing positions, it makes reclining more effortless and relaxing than ever before. A convenient hand-held remote raises and lowers the chair to help you sit or stand securely and easily. With an independently moving back and legrest that lets you choose any combination of reclining positions, including stress-free zero gravity. Pinnacle is plushly-cushioned with a high back, channel-stitched details and full-body chaise reclining comfort and support. "
power-lift-chairs,Pinnacle Platinum Power Lift Recliner,/p/living-room/recliners/power-lift-chairs/pinnacle-platinum-power-lift-recliner/R-1PL512,D175986,Navy,i-Saxton,3629.0,"Nothing makes relaxing more uplifting than the Pinnacle Platinum Luxury-Lift® recliner’s easy-going attitude. With the power to sit, stand and recline at the touch of a button and PowerReclineXR® for more relaxing positions, it makes reclining more effortless and relaxing than ever before. A convenient hand-held remote raises and lowers the chair to help you sit or stand securely and easily. With an independently moving back and legrest that lets you choose any combination of reclining positions, including stress-free zero gravity. Pinnacle is plushly-cushioned with a high back, channel-stitched details and full-body chaise reclining comfort and support. "
power-lift-chairs,Astor Platinum Power Lift Recliner,/p/living-room/recliners/power-lift-chairs/astor-platinum-power-lift-recliner/R-1PL519,D160454,Charcoal,i-Outlier,2369.0,"Big time comfort, the large scale Astor Platinum Luxury-Lift recliner updates a classic tall man’s recliner with a few new tricks. At the touch of a button the chair raises and lowers to securely assist you to a seated or standing position. Our top-of –the-line recliner features generously scaled proportions and PowerReclineXR®, that lets you adjust the back and legrest independently to any combination of positions including stress-free zero gravity, for virtually limitless relaxing possibilities. "
power-lift-chairs,Astor Platinum Power Lift Recliner,/p/living-room/recliners/power-lift-chairs/astor-platinum-power-lift-recliner/R-1PL519,C137162,Khaki,Seasons,3749.0,"Big time comfort, the large scale Astor Platinum Luxury-Lift recliner updates a classic tall man’s recliner with a few new tricks. At the touch of a button the chair raises and lowers to securely assist you to a seated or standing position. Our top-of –the-line recliner features generously scaled proportions and PowerReclineXR®, that lets you adjust the back and legrest independently to any combination of positions including stress-free zero gravity, for virtually limitless relaxing possibilities. "
power-lift-chairs,Astor Platinum Power Lift Recliner,/p/living-room/recliners/power-lift-chairs/astor-platinum-power-lift-recliner/R-1PL519,C137166,Mocha,Seasons,3749.0,"Big time comfort, the large scale Astor Platinum Luxury-Lift recliner updates a classic tall man’s recliner with a few new tricks. At the touch of a button the chair raises and lowers to securely assist you to a seated or standing position. Our top-of –the-line recliner features generously scaled proportions and PowerReclineXR®, that lets you adjust the back and legrest independently to any combination of positions including stress-free zero gravity, for virtually limitless relaxing possibilities. "
power-lift-chairs,Astor Platinum Power Lift Recliner,/p/living-room/recliners/power-lift-chairs/astor-platinum-power-lift-recliner/R-1PL519,C137128,Loden,Seasons,3749.0,"Big time comfort, the large scale Astor Platinum Luxury-Lift recliner updates a classic tall man’s recliner with a few new tricks. At the touch of a button the chair raises and lowers to securely assist you to a seated or standing position. Our top-of –the-line recliner features generously scaled proportions and PowerReclineXR®, that lets you adjust the back and legrest independently to any combination of positions including stress-free zero gravity, for virtually limitless relaxing possibilities. "
power-lift-chairs,Astor Platinum Power Lift Recliner,/p/living-room/recliners/power-lift-chairs/astor-platinum-power-lift-recliner/R-1PL519,C137108,Redwood,Seasons,3749.0,"Big time comfort, the large scale Astor Platinum Luxury-Lift recliner updates a classic tall man’s recliner with a few new tricks. At the touch of a button the chair raises and lowers to securely assist you to a seated or standing position. Our top-of –the-line recliner features generously scaled proportions and PowerReclineXR®, that lets you adjust the back and legrest independently to any combination of positions including stress-free zero gravity, for virtually limitless relaxing possibilities. "
power-lift-chairs,Astor Platinum Power Lift Recliner,/p/living-room/recliners/power-lift-chairs/astor-platinum-power-lift-recliner/R-1PL519,C137178,Chocolate,Seasons,3749.0,"Big time comfort, the large scale Astor Platinum Luxury-Lift recliner updates a classic tall man’s recliner with a few new tricks. At the touch of a button the chair raises and lowers to securely assist you to a seated or standing position. Our top-of –the-line recliner features generously scaled proportions and PowerReclineXR®, that lets you adjust the back and legrest independently to any combination of positions including stress-free zero gravity, for virtually limitless relaxing possibilities. "
power-lift-chairs,Astor Platinum Power Lift Recliner,/p/living-room/recliners/power-lift-chairs/astor-platinum-power-lift-recliner/R-1PL519,C137187,Charcoal,Seasons,3749.0,"Big time comfort, the large scale Astor Platinum Luxury-Lift recliner updates a classic tall man’s recliner with a few new tricks. At the touch of a button the chair raises and lowers to securely assist you to a seated or standing position. Our top-of –the-line recliner features generously scaled proportions and PowerReclineXR®, that lets you adjust the back and legrest independently to any combination of positions including stress-free zero gravity, for virtually limitless relaxing possibilities. "
loveseats,James Reclining Loveseat w/ Console,/p/sofas-sectionals/reclining-loveseats/james-reclining-loveseat-w-console/R-449521,B153808,Burgundy,Seamount,1899.0, 
loveseats,James Reclining Loveseat w/ Console,/p/sofas-sectionals/reclining-loveseats/james-reclining-loveseat-w-console/R-449521,RE994767,Silt,Palance,4449.0, 
loveseats,James Reclining Loveseat w/ Console,/p/sofas-sectionals/reclining-loveseats/james-reclining-loveseat-w-console/R-449521,C181254,Stone,Damon,3569.0, 
loveseats,James Reclining Loveseat w/ Console,/p/sofas-sectionals/reclining-loveseats/james-reclining-loveseat-w-console/R-449521,C181233,Oyster,Damon,3569.0, 
loveseats,James Reclining Loveseat w/ Console,/p/sofas-sectionals/reclining-loveseats/james-reclining-loveseat-w-console/R-449521,C181262,Muslin,Damon,3569.0, 
loveseats,James Reclining Loveseat w/ Console,/p/sofas-sectionals/reclining-loveseats/james-reclining-loveseat-w-console/R-449521,C181286,Midnight,Damon,3569.0, 
loveseats,James Reclining Loveseat w/ Console,/p/sofas-sectionals/reclining-loveseats/james-reclining-loveseat-w-console/R-449521,C181257,Charcoal,Damon,3569.0, 
loveseats,Jay Reclining Loveseat w/ Console,/p/sofas-sectionals/reclining-loveseats/jay-reclining-loveseat-w-console/R-449706,B153808,Burgundy,Seamount,2329.0, 
loveseats,Jay Reclining Loveseat w/ Console,/p/sofas-sectionals/reclining-loveseats/jay-reclining-loveseat-w-console/R-449706,C180974,Mushroom,Donegal,2329.0, 
loveseats,Jay Reclining Loveseat w/ Console,/p/sofas-sectionals/reclining-loveseats/jay-reclining-loveseat-w-console/R-449706,C180987,Marine,Donegal,2329.0, 
loveseats,Jay Reclining Loveseat w/ Console,/p/sofas-sectionals/reclining-loveseats/jay-reclining-loveseat-w-console/R-449706,C180964,Linen,Donegal,2329.0, 
loveseats,Jay Reclining Loveseat w/ Console,/p/sofas-sectionals/reclining-loveseats/jay-reclining-loveseat-w-console/R-449706,C180969,Granite,Donegal,2329.0, 
loveseats,Jay Reclining Loveseat w/ Console,/p/sofas-sectionals/reclining-loveseats/jay-reclining-loveseat-w-console/R-449706,C165972,Taupe,McKittrick,3249.0, 
loveseats,Jay Reclining Loveseat w/ Console,/p/sofas-sectionals/reclining-loveseats/jay-reclining-loveseat-w-console/R-449706,C186086,Lake,Persia,3249.0, 
loveseats,Jay Reclining Loveseat,/p/sofas-sectionals/reclining-loveseats/jay-reclining-loveseat/R-448706,B153808,Burgundy,Seamount,1969.0, 
loveseats,Jay Reclining Loveseat,/p/sofas-sectionals/reclining-loveseats/jay-reclining-loveseat/R-448706,C180974,Mushroom,Donegal,1969.0, 
loveseats,Jay Reclining Loveseat,/p/sofas-sectionals/reclining-loveseats/jay-reclining-loveseat/R-448706,C180987,Marine,Donegal,1969.0, 
loveseats,Jay Reclining Loveseat,/p/sofas-sectionals/reclining-loveseats/jay-reclining-loveseat/R-448706,C180964,Linen,Donegal,1969.0, 
loveseats,Jay Reclining Loveseat,/p/sofas-sectionals/reclining-loveseats/jay-reclining-loveseat/R-448706,C180969,Granite,Donegal,1969.0, 
loveseats,Jay Reclining Loveseat,/p/sofas-sectionals/reclining-loveseats/jay-reclining-loveseat/R-448706,C165972,Taupe,McKittrick,2959.0, 
loveseats,Jay Reclining Loveseat,/p/sofas-sectionals/reclining-loveseats/jay-reclining-loveseat/R-448706,C186086,Lake,Persia,2959.0, 
loveseats,Cade Reclining Loveseat,/p/sofas-sectionals/reclining-loveseats/cade-reclining-loveseat/R-448803,B153808,Burgundy,Seamount,1859.0, 
loveseats,Cade Reclining Loveseat,/p/sofas-sectionals/reclining-loveseats/cade-reclining-loveseat/R-448803,D206833,Bone,,1859.0, 
loveseats,Cade Reclining Loveseat,/p/sofas-sectionals/reclining-loveseats/cade-reclining-loveseat/R-448803,D206860,Pebble,,1859.0, 
loveseats,Cade Reclining Loveseat,/p/sofas-sectionals/reclining-loveseats/cade-reclining-loveseat/R-448803,D206871,Mineral,,1859.0, 
loveseats,Cade Reclining Loveseat,/p/sofas-sectionals/reclining-loveseats/cade-reclining-loveseat/R-448803,D206876,Coffee,,1859.0, 
loveseats,Cade Reclining Loveseat,/p/sofas-sectionals/reclining-loveseats/cade-reclining-loveseat/R-448803,D206893,Ocean,,1859.0, 
loveseats,Cade Reclining Loveseat,/p/sofas-sectionals/reclining-loveseats/cade-reclining-loveseat/R-448803,D209225,Moss,,1859.0, 
loveseats,Dorian Power Reclining Loveseat w/ Headrest & Console,/p/sofas-sectionals/reclining-loveseats/dorian-power-reclining-loveseat-w-headrest-console/R-U49755,D190531,Cream,York,3509.0, 
loveseats,Dorian Power Reclining Loveseat w/ Headrest & Console,/p/sofas-sectionals/reclining-loveseats/dorian-power-reclining-loveseat-w-headrest-console/R-U49755,C186008,Wine,Persia,5149.0, 
loveseats,Dorian Power Reclining Loveseat w/ Headrest & Console,/p/sofas-sectionals/reclining-loveseats/dorian-power-reclining-loveseat-w-headrest-console/R-U49755,C186086,Lake,Persia,5149.0, 
loveseats,Dorian Power Reclining Loveseat w/ Headrest & Console,/p/sofas-sectionals/reclining-loveseats/dorian-power-reclining-loveseat-w-headrest-console/R-U49755,C186054,Greystone,Persia,5149.0, 
loveseats,Dorian Power Reclining Loveseat w/ Headrest & Console,/p/sofas-sectionals/reclining-loveseats/dorian-power-reclining-loveseat-w-headrest-console/R-U49755,C186036,Desert,Persia,5149.0, 
loveseats,Dorian Power Reclining Loveseat w/ Headrest & Console,/p/sofas-sectionals/reclining-loveseats/dorian-power-reclining-loveseat-w-headrest-console/R-U49755,C186076,Bark,Persia,5149.0, 
loveseats,Liam Wall Reclining Loveseat w/ Console,/p/sofas-sectionals/reclining-loveseats/liam-wall-reclining-loveseat-w-console/R-339786,C185252,Twilight,Tiago,2589.0, 
loveseats,Finley Power Wall Reclining Loveseat w/ Headrest & Console,/p/sofas-sectionals/reclining-loveseats/finley-power-wall-reclining-loveseat-w-headrest-console/R-U39747,D209631,Bone,,3729.0, 
loveseats,Ava Reclining Loveseat,/p/sofas-sectionals/reclining-loveseats/ava-reclining-loveseat/R-448769,C196532,Ivory,Nora,2379.0, 
loveseats,Ava Reclining Loveseat,/p/sofas-sectionals/reclining-loveseats/ava-reclining-loveseat/R-448769,C196552,Oyster,Nora,2379.0, 
loveseats,Ava Reclining Loveseat,/p/sofas-sectionals/reclining-loveseats/ava-reclining-loveseat/R-448769,C196566,Truffle,Nora,2379.0, 
loveseats,Ava Reclining Loveseat,/p/sofas-sectionals/reclining-loveseats/ava-reclining-loveseat/R-448769,C196584,Harbor,Nora,2379.0, 
loveseats,Ava Reclining Loveseat,/p/sofas-sectionals/reclining-loveseats/ava-reclining-loveseat/R-448769,D197052,Whisper,Marteon,2379.0, 
loveseats,Ava Reclining Loveseat,/p/sofas-sectionals/reclining-loveseats/ava-reclining-loveseat/R-448769,D197056,Onyx,Marteon,2379.0, 
loveseats,James Reclining Loveseat,/p/sofas-sectionals/reclining-loveseats/james-reclining-loveseat/R-448521,B153808,Burgundy,Seamount,1779.0, 
loveseats,James Reclining Loveseat,/p/sofas-sectionals/reclining-loveseats/james-reclining-loveseat/R-448521,RE994767,Silt,Palance,4079.0, 
loveseats,James Reclining Loveseat,/p/sofas-sectionals/reclining-loveseats/james-reclining-loveseat/R-448521,C181254,Stone,Damon,3279.0, 
loveseats,James Reclining Loveseat,/p/sofas-sectionals/reclining-loveseats/james-reclining-loveseat/R-448521,C181233,Oyster,Damon,3279.0, 
loveseats,James Reclining Loveseat,/p/sofas-sectionals/reclining-loveseats/james-reclining-loveseat/R-448521,C181262,Muslin,Damon,3279.0, 
loveseats,James Reclining Loveseat,/p/sofas-sectionals/reclining-loveseats/james-reclining-loveseat/R-448521,C181286,Midnight,Damon,3279.0, 
loveseats,James Reclining Loveseat,/p/sofas-sectionals/reclining-loveseats/james-reclining-loveseat/R-448521,C181257,Charcoal,Damon,3279.0, 
loveseats,Dorian Reclining Loveseat,/p/sofas-sectionals/reclining-loveseats/dorian-reclining-loveseat/R-448755,D190531,Cream,York,2429.0, 
loveseats,Dorian Reclining Loveseat,/p/sofas-sectionals/reclining-loveseats/dorian-reclining-loveseat/R-448755,C186008,Wine,Persia,3609.0, 
loveseats,Dorian Reclining Loveseat,/p/sofas-sectionals/reclining-loveseats/dorian-reclining-loveseat/R-448755,C186086,Lake,Persia,3609.0, 
loveseats,Dorian Reclining Loveseat,/p/sofas-sectionals/reclining-loveseats/dorian-reclining-loveseat/R-448755,C186054,Greystone,Persia,3609.0, 
loveseats,Dorian Reclining Loveseat,/p/sofas-sectionals/reclining-loveseats/dorian-reclining-loveseat/R-448755,C186036,Desert,Persia,3609.0, 
loveseats,Dorian Reclining Loveseat,/p/sofas-sectionals/reclining-loveseats/dorian-reclining-loveseat/R-448755,C186076,Bark,Persia,3609.0, 
loveseats,"Cade Power Reclining Loveseat w/ Headrest, Lumbar & Console",/p/sofas-sectionals/reclining-loveseats/cade-power-reclining-loveseat-w-headrest-lumbar-console/R-X49803,B153808,Burgundy,Seamount,3299.0, 
loveseats,"Cade Power Reclining Loveseat w/ Headrest, Lumbar & Console",/p/sofas-sectionals/reclining-loveseats/cade-power-reclining-loveseat-w-headrest-lumbar-console/R-X49803,D206833,Bone,,3299.0, 
loveseats,"Cade Power Reclining Loveseat w/ Headrest, Lumbar & Console",/p/sofas-sectionals/reclining-loveseats/cade-power-reclining-loveseat-w-headrest-lumbar-console/R-X49803,D206860,Pebble,,3299.0, 
loveseats,"Cade Power Reclining Loveseat w/ Headrest, Lumbar & Console",/p/sofas-sectionals/reclining-loveseats/cade-power-reclining-loveseat-w-headrest-lumbar-console/R-X49803,D206871,Mineral,,3299.0, 
loveseats,"Cade Power Reclining Loveseat w/ Headrest, Lumbar & Console",/p/sofas-sectionals/reclining-loveseats/cade-power-reclining-loveseat-w-headrest-lumbar-console/R-X49803,D206876,Coffee,,3299.0, 
loveseats,"Cade Power Reclining Loveseat w/ Headrest, Lumbar & Console",/p/sofas-sectionals/reclining-loveseats/cade-power-reclining-loveseat-w-headrest-lumbar-console/R-X49803,D206893,Ocean,,3299.0, 
loveseats,"Cade Power Reclining Loveseat w/ Headrest, Lumbar & Console",/p/sofas-sectionals/reclining-loveseats/cade-power-reclining-loveseat-w-headrest-lumbar-console/R-X49803,D209225,Moss,,3299.0, 
loveseats,Ava Power Reclining Loveseat w/ Console Headrest & Lumbar,/p/sofas-sectionals/reclining-loveseats/ava-power-reclining-loveseat-w-console-headrest-lumbar/R-X49769,C196532,Ivory,Nora,3809.0, 
loveseats,Ava Power Reclining Loveseat w/ Console Headrest & Lumbar,/p/sofas-sectionals/reclining-loveseats/ava-power-reclining-loveseat-w-console-headrest-lumbar/R-X49769,C196552,Oyster,Nora,3809.0, 
loveseats,Ava Power Reclining Loveseat w/ Console Headrest & Lumbar,/p/sofas-sectionals/reclining-loveseats/ava-power-reclining-loveseat-w-console-headrest-lumbar/R-X49769,C196566,Truffle,Nora,3809.0, 
loveseats,Ava Power Reclining Loveseat w/ Console Headrest & Lumbar,/p/sofas-sectionals/reclining-loveseats/ava-power-reclining-loveseat-w-console-headrest-lumbar/R-X49769,C196584,Harbor,Nora,3809.0, 
loveseats,Ava Power Reclining Loveseat w/ Console Headrest & Lumbar,/p/sofas-sectionals/reclining-loveseats/ava-power-reclining-loveseat-w-console-headrest-lumbar/R-X49769,D197052,Whisper,Marteon,3809.0, 
loveseats,Ava Power Reclining Loveseat w/ Console Headrest & Lumbar,/p/sofas-sectionals/reclining-loveseats/ava-power-reclining-loveseat-w-console-headrest-lumbar/R-X49769,D197056,Onyx,Marteon,3809.0, 
loveseats,"Dorian Power Reclining Loveseat w/ Headrest, Lumbar & Console",/p/sofas-sectionals/reclining-loveseats/dorian-power-reclining-loveseat-w-headrest-lumbar-console/R-X49755,D185552,Platinum,,3899.0, 
loveseats,"Dorian Power Reclining Loveseat w/ Headrest, Lumbar & Console",/p/sofas-sectionals/reclining-loveseats/dorian-power-reclining-loveseat-w-headrest-lumbar-console/R-X49755,D185553,Fossil,i-Rivers,3899.0, 
loveseats,"Dorian Power Reclining Loveseat w/ Headrest, Lumbar & Console",/p/sofas-sectionals/reclining-loveseats/dorian-power-reclining-loveseat-w-headrest-lumbar-console/R-X49755,D185575,Camel,i-Rivers,3899.0, 
loveseats,"Dorian Power Reclining Loveseat w/ Headrest, Lumbar & Console",/p/sofas-sectionals/reclining-loveseats/dorian-power-reclining-loveseat-w-headrest-lumbar-console/R-X49755,D185559,Smoke,i-Rivers,3899.0, 
loveseats,"Dorian Power Reclining Loveseat w/ Headrest, Lumbar & Console",/p/sofas-sectionals/reclining-loveseats/dorian-power-reclining-loveseat-w-headrest-lumbar-console/R-X49755,D185564,Sand,i-Rivers,3899.0, 
loveseats,"Jay Power Reclining Loveseat w/ Headrest, Lumbar & Console",/p/sofas-sectionals/reclining-loveseats/jay-power-reclining-loveseat-w-headrest-lumbar-console/R-X49706,B153808,Burgundy,Seamount,3409.0, 
loveseats,"Jay Power Reclining Loveseat w/ Headrest, Lumbar & Console",/p/sofas-sectionals/reclining-loveseats/jay-power-reclining-loveseat-w-headrest-lumbar-console/R-X49706,C180974,Mushroom,Donegal,4009.0, 
loveseats,"Jay Power Reclining Loveseat w/ Headrest, Lumbar & Console",/p/sofas-sectionals/reclining-loveseats/jay-power-reclining-loveseat-w-headrest-lumbar-console/R-X49706,C180987,Marine,Donegal,4009.0, 
loveseats,"Jay Power Reclining Loveseat w/ Headrest, Lumbar & Console",/p/sofas-sectionals/reclining-loveseats/jay-power-reclining-loveseat-w-headrest-lumbar-console/R-X49706,C180964,Linen,Donegal,4009.0, 
loveseats,"Jay Power Reclining Loveseat w/ Headrest, Lumbar & Console",/p/sofas-sectionals/reclining-loveseats/jay-power-reclining-loveseat-w-headrest-lumbar-console/R-X49706,C180969,Granite,Donegal,4009.0, 
loveseats,"Jay Power Reclining Loveseat w/ Headrest, Lumbar & Console",/p/sofas-sectionals/reclining-loveseats/jay-power-reclining-loveseat-w-headrest-lumbar-console/R-X49706,C165972,Taupe,McKittrick,5129.0, 
loveseats,"Jay Power Reclining Loveseat w/ Headrest, Lumbar & Console",/p/sofas-sectionals/reclining-loveseats/jay-power-reclining-loveseat-w-headrest-lumbar-console/R-X49706,C186086,Lake,Persia,5129.0, 
loveseats,"James Power Reclining Loveseat w/ Headrest, Lumbar & Console",/p/sofas-sectionals/reclining-loveseats/james-power-reclining-loveseat-w-headrest-lumbar-console/R-X49521,B153808,Burgundy,Seamount,3599.0, 
loveseats,"James Power Reclining Loveseat w/ Headrest, Lumbar & Console",/p/sofas-sectionals/reclining-loveseats/james-power-reclining-loveseat-w-headrest-lumbar-console/R-X49521,RE994767,Silt,Palance,6819.0, 
loveseats,"James Power Reclining Loveseat w/ Headrest, Lumbar & Console",/p/sofas-sectionals/reclining-loveseats/james-power-reclining-loveseat-w-headrest-lumbar-console/R-X49521,C181254,Stone,Damon,5439.0, 
loveseats,"James Power Reclining Loveseat w/ Headrest, Lumbar & Console",/p/sofas-sectionals/reclining-loveseats/james-power-reclining-loveseat-w-headrest-lumbar-console/R-X49521,C181233,Oyster,Damon,5439.0, 
loveseats,"James Power Reclining Loveseat w/ Headrest, Lumbar & Console",/p/sofas-sectionals/reclining-loveseats/james-power-reclining-loveseat-w-headrest-lumbar-console/R-X49521,C181262,Muslin,Damon,5439.0, 
loveseats,"James Power Reclining Loveseat w/ Headrest, Lumbar & Console",/p/sofas-sectionals/reclining-loveseats/james-power-reclining-loveseat-w-headrest-lumbar-console/R-X49521,C181286,Midnight,Damon,5439.0, 
loveseats,"James Power Reclining Loveseat w/ Headrest, Lumbar & Console",/p/sofas-sectionals/reclining-loveseats/james-power-reclining-loveseat-w-headrest-lumbar-console/R-X49521,C181257,Charcoal,Damon,5439.0, 
loveseats,Cade Power Reclining Loveseat w/ Headrest & Lumbar,/p/sofas-sectionals/reclining-loveseats/cade-power-reclining-loveseat-w-headrest-lumbar/R-X48803,B153808,Burgundy,Seamount,2949.0, 
loveseats,Cade Power Reclining Loveseat w/ Headrest & Lumbar,/p/sofas-sectionals/reclining-loveseats/cade-power-reclining-loveseat-w-headrest-lumbar/R-X48803,D206833,Bone,,3179.0, 
loveseats,Cade Power Reclining Loveseat w/ Headrest & Lumbar,/p/sofas-sectionals/reclining-loveseats/cade-power-reclining-loveseat-w-headrest-lumbar/R-X48803,D206860,Pebble,,3179.0, 
loveseats,Cade Power Reclining Loveseat w/ Headrest & Lumbar,/p/sofas-sectionals/reclining-loveseats/cade-power-reclining-loveseat-w-headrest-lumbar/R-X48803,D206871,Mineral,,3179.0, 
loveseats,Cade Power Reclining Loveseat w/ Headrest & Lumbar,/p/sofas-sectionals/reclining-loveseats/cade-power-reclining-loveseat-w-headrest-lumbar/R-X48803,D206876,Coffee,,3179.0, 
loveseats,Cade Power Reclining Loveseat w/ Headrest & Lumbar,/p/sofas-sectionals/reclining-loveseats/cade-power-reclining-loveseat-w-headrest-lumbar/R-X48803,D206893,Ocean,,3179.0, 
loveseats,Cade Power Reclining Loveseat w/ Headrest & Lumbar,/p/sofas-sectionals/reclining-loveseats/cade-power-reclining-loveseat-w-headrest-lumbar/R-X48803,D209225,Moss,,3179.0, 
loveseats,Ava Power Reclining Loveseat w/ Headrest & Lumbar,/p/sofas-sectionals/reclining-loveseats/ava-power-reclining-loveseat-w-headrest-lumbar/R-X48769,C196532,Ivory,Nora,3459.0, 
loveseats,Ava Power Reclining Loveseat w/ Headrest & Lumbar,/p/sofas-sectionals/reclining-loveseats/ava-power-reclining-loveseat-w-headrest-lumbar/R-X48769,C196552,Oyster,Nora,3459.0, 
loveseats,Ava Power Reclining Loveseat w/ Headrest & Lumbar,/p/sofas-sectionals/reclining-loveseats/ava-power-reclining-loveseat-w-headrest-lumbar/R-X48769,C196566,Truffle,Nora,3459.0, 
loveseats,Ava Power Reclining Loveseat w/ Headrest & Lumbar,/p/sofas-sectionals/reclining-loveseats/ava-power-reclining-loveseat-w-headrest-lumbar/R-X48769,C196584,Harbor,Nora,3459.0, 
loveseats,Ava Power Reclining Loveseat w/ Headrest & Lumbar,/p/sofas-sectionals/reclining-loveseats/ava-power-reclining-loveseat-w-headrest-lumbar/R-X48769,D197052,Whisper,Marteon,3459.0, 
loveseats,Ava Power Reclining Loveseat w/ Headrest & Lumbar,/p/sofas-sectionals/reclining-loveseats/ava-power-reclining-loveseat-w-headrest-lumbar/R-X48769,D197056,Onyx,Marteon,3459.0, 
loveseats,Dorian Power Reclining Loveseat w/ Headrest & Lumbar,/p/sofas-sectionals/reclining-loveseats/dorian-power-reclining-loveseat-w-headrest-lumbar/R-X48755,D190531,Cream,York,3509.0, 
loveseats,Dorian Power Reclining Loveseat w/ Headrest & Lumbar,/p/sofas-sectionals/reclining-loveseats/dorian-power-reclining-loveseat-w-headrest-lumbar/R-X48755,D185553,Fossil,i-Rivers,3539.0, 
loveseats,Dorian Power Reclining Loveseat w/ Headrest & Lumbar,/p/sofas-sectionals/reclining-loveseats/dorian-power-reclining-loveseat-w-headrest-lumbar/R-X48755,D185575,Camel,i-Rivers,3539.0, 
loveseats,Dorian Power Reclining Loveseat w/ Headrest & Lumbar,/p/sofas-sectionals/reclining-loveseats/dorian-power-reclining-loveseat-w-headrest-lumbar/R-X48755,D185559,Smoke,i-Rivers,3539.0, 
loveseats,Dorian Power Reclining Loveseat w/ Headrest & Lumbar,/p/sofas-sectionals/reclining-loveseats/dorian-power-reclining-loveseat-w-headrest-lumbar/R-X48755,D185564,Sand,i-Rivers,3539.0, 
loveseats,Jay Power Reclining Loveseat w/ Headrest & Lumbar,/p/sofas-sectionals/reclining-loveseats/jay-power-reclining-loveseat-w-headrest-lumbar/R-X48706,B153808,Burgundy,Seamount,3049.0, 
loveseats,Jay Power Reclining Loveseat w/ Headrest & Lumbar,/p/sofas-sectionals/reclining-loveseats/jay-power-reclining-loveseat-w-headrest-lumbar/R-X48706,C180974,Mushroom,Donegal,3049.0, 
loveseats,Jay Power Reclining Loveseat w/ Headrest & Lumbar,/p/sofas-sectionals/reclining-loveseats/jay-power-reclining-loveseat-w-headrest-lumbar/R-X48706,C180987,Marine,Donegal,3049.0, 
loveseats,Jay Power Reclining Loveseat w/ Headrest & Lumbar,/p/sofas-sectionals/reclining-loveseats/jay-power-reclining-loveseat-w-headrest-lumbar/R-X48706,C180964,Linen,Donegal,3049.0, 
loveseats,Jay Power Reclining Loveseat w/ Headrest & Lumbar,/p/sofas-sectionals/reclining-loveseats/jay-power-reclining-loveseat-w-headrest-lumbar/R-X48706,C180969,Granite,Donegal,3049.0, 
loveseats,Jay Power Reclining Loveseat w/ Headrest & Lumbar,/p/sofas-sectionals/reclining-loveseats/jay-power-reclining-loveseat-w-headrest-lumbar/R-X48706,C165972,Taupe,McKittrick,4839.0, 
loveseats,Jay Power Reclining Loveseat w/ Headrest & Lumbar,/p/sofas-sectionals/reclining-loveseats/jay-power-reclining-loveseat-w-headrest-lumbar/R-X48706,C186086,Lake,Persia,4839.0, 
loveseats,James Power Reclining Loveseat w/ Headrest & Lumbar,/p/sofas-sectionals/reclining-loveseats/james-power-reclining-loveseat-w-headrest-lumbar/R-X48521,B153808,Burgundy,Seamount,3239.0, 
loveseats,James Power Reclining Loveseat w/ Headrest & Lumbar,/p/sofas-sectionals/reclining-loveseats/james-power-reclining-loveseat-w-headrest-lumbar/R-X48521,RE994767,Silt,Palance,6449.0, 
loveseats,James Power Reclining Loveseat w/ Headrest & Lumbar,/p/sofas-sectionals/reclining-loveseats/james-power-reclining-loveseat-w-headrest-lumbar/R-X48521,C181254,Stone,Damon,5149.0, 
loveseats,James Power Reclining Loveseat w/ Headrest & Lumbar,/p/sofas-sectionals/reclining-loveseats/james-power-reclining-loveseat-w-headrest-lumbar/R-X48521,C181233,Oyster,Damon,5149.0, 
loveseats,James Power Reclining Loveseat w/ Headrest & Lumbar,/p/sofas-sectionals/reclining-loveseats/james-power-reclining-loveseat-w-headrest-lumbar/R-X48521,C181262,Muslin,Damon,5149.0, 
loveseats,James Power Reclining Loveseat w/ Headrest & Lumbar,/p/sofas-sectionals/reclining-loveseats/james-power-reclining-loveseat-w-headrest-lumbar/R-X48521,C181286,Midnight,Damon,5149.0, 
loveseats,James Power Reclining Loveseat w/ Headrest & Lumbar,/p/sofas-sectionals/reclining-loveseats/james-power-reclining-loveseat-w-headrest-lumbar/R-X48521,C181257,Charcoal,Damon,5149.0, 
loveseats,Liam Power Wall Reclining Loveseat w/ Console Headrest & Lumbar,/p/sofas-sectionals/reclining-loveseats/liam-power-wall-reclining-loveseat-w-console-headrest-lumbar/R-X39786,C185252,Twilight,Tiago,3789.0, 
loveseats,Finley Power Wall Reclining Loveseat w/ Console Headrest & Lumbar,/p/sofas-sectionals/reclining-loveseats/finley-power-wall-reclining-loveseat-w-console-headrest-lumbar/R-X39747,D209631,Bone,,4089.0, 
loveseats,Cade Power Reclining Loveseat w/ Headrest & Console,/p/sofas-sectionals/reclining-loveseats/cade-power-reclining-loveseat-w-headrest-console/R-U49803,B153808,Burgundy,Seamount,2939.0, 
loveseats,Cade Power Reclining Loveseat w/ Headrest & Console,/p/sofas-sectionals/reclining-loveseats/cade-power-reclining-loveseat-w-headrest-console/R-U49803,D206833,Bone,,2939.0, 
loveseats,Cade Power Reclining Loveseat w/ Headrest & Console,/p/sofas-sectionals/reclining-loveseats/cade-power-reclining-loveseat-w-headrest-console/R-U49803,D206860,Pebble,,2939.0, 
loveseats,Cade Power Reclining Loveseat w/ Headrest & Console,/p/sofas-sectionals/reclining-loveseats/cade-power-reclining-loveseat-w-headrest-console/R-U49803,D206871,Mineral,,2939.0, 
loveseats,Cade Power Reclining Loveseat w/ Headrest & Console,/p/sofas-sectionals/reclining-loveseats/cade-power-reclining-loveseat-w-headrest-console/R-U49803,D206876,Coffee,,2939.0, 
loveseats,Cade Power Reclining Loveseat w/ Headrest & Console,/p/sofas-sectionals/reclining-loveseats/cade-power-reclining-loveseat-w-headrest-console/R-U49803,D206893,Ocean,,2939.0, 
loveseats,Cade Power Reclining Loveseat w/ Headrest & Console,/p/sofas-sectionals/reclining-loveseats/cade-power-reclining-loveseat-w-headrest-console/R-U49803,D209225,Moss,,2939.0, 
loveseats,Ava Power Reclining Loveseat w/ Headrest & Console,/p/sofas-sectionals/reclining-loveseats/ava-power-reclining-loveseat-w-headrest-console/R-U49769,C196532,Ivory,Nora,3449.0, 
loveseats,Ava Power Reclining Loveseat w/ Headrest & Console,/p/sofas-sectionals/reclining-loveseats/ava-power-reclining-loveseat-w-headrest-console/R-U49769,C196552,Oyster,Nora,3449.0, 
loveseats,Ava Power Reclining Loveseat w/ Headrest & Console,/p/sofas-sectionals/reclining-loveseats/ava-power-reclining-loveseat-w-headrest-console/R-U49769,C196566,Truffle,Nora,3449.0, 
loveseats,Ava Power Reclining Loveseat w/ Headrest & Console,/p/sofas-sectionals/reclining-loveseats/ava-power-reclining-loveseat-w-headrest-console/R-U49769,C196584,Harbor,Nora,3449.0, 
loveseats,Ava Power Reclining Loveseat w/ Headrest & Console,/p/sofas-sectionals/reclining-loveseats/ava-power-reclining-loveseat-w-headrest-console/R-U49769,D197052,Whisper,Marteon,3449.0, 
loveseats,Ava Power Reclining Loveseat w/ Headrest & Console,/p/sofas-sectionals/reclining-loveseats/ava-power-reclining-loveseat-w-headrest-console/R-U49769,D197056,Onyx,Marteon,3449.0, 
loveseats,Jay Power Reclining Loveseat w/ Headrest & Console,/p/sofas-sectionals/reclining-loveseats/jay-power-reclining-loveseat-w-headrest-console/R-U49706,B153808,Burgundy,Seamount,3049.0, 
loveseats,Jay Power Reclining Loveseat w/ Headrest & Console,/p/sofas-sectionals/reclining-loveseats/jay-power-reclining-loveseat-w-headrest-console/R-U49706,C180974,Mushroom,Donegal,3049.0, 
loveseats,Jay Power Reclining Loveseat w/ Headrest & Console,/p/sofas-sectionals/reclining-loveseats/jay-power-reclining-loveseat-w-headrest-console/R-U49706,C180987,Marine,Donegal,3049.0, 
loveseats,Jay Power Reclining Loveseat w/ Headrest & Console,/p/sofas-sectionals/reclining-loveseats/jay-power-reclining-loveseat-w-headrest-console/R-U49706,C180964,Linen,Donegal,3049.0, 
loveseats,Jay Power Reclining Loveseat w/ Headrest & Console,/p/sofas-sectionals/reclining-loveseats/jay-power-reclining-loveseat-w-headrest-console/R-U49706,C180969,Granite,Donegal,3049.0, 
loveseats,Jay Power Reclining Loveseat w/ Headrest & Console,/p/sofas-sectionals/reclining-loveseats/jay-power-reclining-loveseat-w-headrest-console/R-U49706,C165972,Taupe,McKittrick,4499.0, 
loveseats,Jay Power Reclining Loveseat w/ Headrest & Console,/p/sofas-sectionals/reclining-loveseats/jay-power-reclining-loveseat-w-headrest-console/R-U49706,C186086,Lake,Persia,4499.0, 
loveseats,James Power Reclining Loveseat w/ Headrest & Console,/p/sofas-sectionals/reclining-loveseats/james-power-reclining-loveseat-w-headrest-console/R-U49521,B153808,Burgundy,Seamount,3239.0, 
loveseats,James Power Reclining Loveseat w/ Headrest & Console,/p/sofas-sectionals/reclining-loveseats/james-power-reclining-loveseat-w-headrest-console/R-U49521,RE994767,Silt,Palance,6029.0, 
loveseats,James Power Reclining Loveseat w/ Headrest & Console,/p/sofas-sectionals/reclining-loveseats/james-power-reclining-loveseat-w-headrest-console/R-U49521,C181254,Stone,Damon,4819.0, 
loveseats,James Power Reclining Loveseat w/ Headrest & Console,/p/sofas-sectionals/reclining-loveseats/james-power-reclining-loveseat-w-headrest-console/R-U49521,C181233,Oyster,Damon,4819.0, 
loveseats,James Power Reclining Loveseat w/ Headrest & Console,/p/sofas-sectionals/reclining-loveseats/james-power-reclining-loveseat-w-headrest-console/R-U49521,C181262,Muslin,Damon,4819.0, 
loveseats,James Power Reclining Loveseat w/ Headrest & Console,/p/sofas-sectionals/reclining-loveseats/james-power-reclining-loveseat-w-headrest-console/R-U49521,C181286,Midnight,Damon,4819.0, 
loveseats,James Power Reclining Loveseat w/ Headrest & Console,/p/sofas-sectionals/reclining-loveseats/james-power-reclining-loveseat-w-headrest-console/R-U49521,C181257,Charcoal,Damon,4819.0, 
loveseats,Cade Power Reclining Loveseat w/ Headrest,/p/sofas-sectionals/reclining-loveseats/cade-power-reclining-loveseat-w-headrest/R-U48803,B153808,Burgundy,Seamount,2589.0, 
loveseats,Cade Power Reclining Loveseat w/ Headrest,/p/sofas-sectionals/reclining-loveseats/cade-power-reclining-loveseat-w-headrest/R-U48803,D206833,Bone,,2589.0, 
loveseats,Cade Power Reclining Loveseat w/ Headrest,/p/sofas-sectionals/reclining-loveseats/cade-power-reclining-loveseat-w-headrest/R-U48803,D206860,Pebble,,2589.0, 
loveseats,Cade Power Reclining Loveseat w/ Headrest,/p/sofas-sectionals/reclining-loveseats/cade-power-reclining-loveseat-w-headrest/R-U48803,D206871,Mineral,,2589.0, 
loveseats,Cade Power Reclining Loveseat w/ Headrest,/p/sofas-sectionals/reclining-loveseats/cade-power-reclining-loveseat-w-headrest/R-U48803,D206876,Coffee,,2589.0, 
loveseats,Cade Power Reclining Loveseat w/ Headrest,/p/sofas-sectionals/reclining-loveseats/cade-power-reclining-loveseat-w-headrest/R-U48803,D206893,Ocean,,2589.0, 
loveseats,Cade Power Reclining Loveseat w/ Headrest,/p/sofas-sectionals/reclining-loveseats/cade-power-reclining-loveseat-w-headrest/R-U48803,D209225,Moss,,2589.0, 
loveseats,Ava Power Reclining Loveseat w/ Headrest,/p/sofas-sectionals/reclining-loveseats/ava-power-reclining-loveseat-w-headrest/R-U48769,C196532,Ivory,Nora,3099.0, 
loveseats,Ava Power Reclining Loveseat w/ Headrest,/p/sofas-sectionals/reclining-loveseats/ava-power-reclining-loveseat-w-headrest/R-U48769,C196552,Oyster,Nora,3099.0, 
loveseats,Ava Power Reclining Loveseat w/ Headrest,/p/sofas-sectionals/reclining-loveseats/ava-power-reclining-loveseat-w-headrest/R-U48769,C196566,Truffle,Nora,3099.0, 
loveseats,Ava Power Reclining Loveseat w/ Headrest,/p/sofas-sectionals/reclining-loveseats/ava-power-reclining-loveseat-w-headrest/R-U48769,C196584,Harbor,Nora,3099.0, 
loveseats,Ava Power Reclining Loveseat w/ Headrest,/p/sofas-sectionals/reclining-loveseats/ava-power-reclining-loveseat-w-headrest/R-U48769,D197052,Whisper,Marteon,3099.0, 
loveseats,Ava Power Reclining Loveseat w/ Headrest,/p/sofas-sectionals/reclining-loveseats/ava-power-reclining-loveseat-w-headrest/R-U48769,D197056,Onyx,Marteon,3099.0, 
loveseats,Dorian Power Reclining Loveseat w/ Headrest,/p/sofas-sectionals/reclining-loveseats/dorian-power-reclining-loveseat-w-headrest/R-U48755,D190531,Cream,York,3149.0, 
loveseats,Dorian Power Reclining Loveseat w/ Headrest,/p/sofas-sectionals/reclining-loveseats/dorian-power-reclining-loveseat-w-headrest/R-U48755,C186008,Wine,Persia,4859.0, 
loveseats,Dorian Power Reclining Loveseat w/ Headrest,/p/sofas-sectionals/reclining-loveseats/dorian-power-reclining-loveseat-w-headrest/R-U48755,C186086,Lake,Persia,4859.0, 
loveseats,Dorian Power Reclining Loveseat w/ Headrest,/p/sofas-sectionals/reclining-loveseats/dorian-power-reclining-loveseat-w-headrest/R-U48755,C186054,Greystone,Persia,4859.0, 
loveseats,Dorian Power Reclining Loveseat w/ Headrest,/p/sofas-sectionals/reclining-loveseats/dorian-power-reclining-loveseat-w-headrest/R-U48755,C186036,Desert,Persia,4859.0, 
loveseats,Dorian Power Reclining Loveseat w/ Headrest,/p/sofas-sectionals/reclining-loveseats/dorian-power-reclining-loveseat-w-headrest/R-U48755,C186076,Bark,Persia,4859.0, 
loveseats,Jay Power Reclining Loveseat w/ Headrest,/p/sofas-sectionals/reclining-loveseats/jay-power-reclining-loveseat-w-headrest/R-U48706,B153808,Burgundy,Seamount,2689.0, 
loveseats,Jay Power Reclining Loveseat w/ Headrest,/p/sofas-sectionals/reclining-loveseats/jay-power-reclining-loveseat-w-headrest/R-U48706,C180974,Mushroom,Donegal,2689.0, 
loveseats,Jay Power Reclining Loveseat w/ Headrest,/p/sofas-sectionals/reclining-loveseats/jay-power-reclining-loveseat-w-headrest/R-U48706,C180987,Marine,Donegal,2689.0, 
loveseats,Jay Power Reclining Loveseat w/ Headrest,/p/sofas-sectionals/reclining-loveseats/jay-power-reclining-loveseat-w-headrest/R-U48706,C180964,Linen,Donegal,2689.0, 
loveseats,Jay Power Reclining Loveseat w/ Headrest,/p/sofas-sectionals/reclining-loveseats/jay-power-reclining-loveseat-w-headrest/R-U48706,C180969,Granite,Donegal,2689.0, 
loveseats,Jay Power Reclining Loveseat w/ Headrest,/p/sofas-sectionals/reclining-loveseats/jay-power-reclining-loveseat-w-headrest/R-U48706,C165972,Taupe,McKittrick,4209.0, 
loveseats,Jay Power Reclining Loveseat w/ Headrest,/p/sofas-sectionals/reclining-loveseats/jay-power-reclining-loveseat-w-headrest/R-U48706,C186086,Lake,Persia,4209.0, 
loveseats,James Power Reclining Loveseat w/ Headrest,/p/sofas-sectionals/reclining-loveseats/james-power-reclining-loveseat-w-headrest/R-U48521,B153808,Burgundy,Seamount,2879.0, 
loveseats,James Power Reclining Loveseat w/ Headrest,/p/sofas-sectionals/reclining-loveseats/james-power-reclining-loveseat-w-headrest/R-U48521,RE994767,Silt,Palance,5659.0, 
loveseats,James Power Reclining Loveseat w/ Headrest,/p/sofas-sectionals/reclining-loveseats/james-power-reclining-loveseat-w-headrest/R-U48521,C181254,Stone,Damon,4529.0, 
loveseats,James Power Reclining Loveseat w/ Headrest,/p/sofas-sectionals/reclining-loveseats/james-power-reclining-loveseat-w-headrest/R-U48521,C181233,Oyster,Damon,4529.0, 
loveseats,James Power Reclining Loveseat w/ Headrest,/p/sofas-sectionals/reclining-loveseats/james-power-reclining-loveseat-w-headrest/R-U48521,C181262,Muslin,Damon,4529.0, 
loveseats,James Power Reclining Loveseat w/ Headrest,/p/sofas-sectionals/reclining-loveseats/james-power-reclining-loveseat-w-headrest/R-U48521,C181286,Midnight,Damon,4529.0, 
loveseats,James Power Reclining Loveseat w/ Headrest,/p/sofas-sectionals/reclining-loveseats/james-power-reclining-loveseat-w-headrest/R-U48521,C181257,Charcoal,Damon,4529.0, 
loveseats,Liam Power Wall Reclining Loveseat w/ Headrest & Console,/p/sofas-sectionals/reclining-loveseats/liam-power-wall-reclining-loveseat-w-headrest-console/R-U39786,C185252,Twilight,Tiago,3429.0, 
loveseats,Cade Reclining Loveseat w/ Console,/p/sofas-sectionals/reclining-loveseats/cade-reclining-loveseat-w-console/R-449803,B153808,Burgundy,Seamount,2219.0, 
loveseats,Cade Reclining Loveseat w/ Console,/p/sofas-sectionals/reclining-loveseats/cade-reclining-loveseat-w-console/R-449803,D206833,Bone,,2219.0, 
loveseats,Cade Reclining Loveseat w/ Console,/p/sofas-sectionals/reclining-loveseats/cade-reclining-loveseat-w-console/R-449803,D206860,Pebble,,2219.0, 
loveseats,Cade Reclining Loveseat w/ Console,/p/sofas-sectionals/reclining-loveseats/cade-reclining-loveseat-w-console/R-449803,D206871,Mineral,,2219.0, 
loveseats,Cade Reclining Loveseat w/ Console,/p/sofas-sectionals/reclining-loveseats/cade-reclining-loveseat-w-console/R-449803,D206876,Coffee,,2219.0, 
loveseats,Cade Reclining Loveseat w/ Console,/p/sofas-sectionals/reclining-loveseats/cade-reclining-loveseat-w-console/R-449803,D206893,Ocean,,2219.0, 
loveseats,Cade Reclining Loveseat w/ Console,/p/sofas-sectionals/reclining-loveseats/cade-reclining-loveseat-w-console/R-449803,D209225,Moss,,2219.0, 
loveseats,Ava Reclining Loveseat w/ Console,/p/sofas-sectionals/reclining-loveseats/ava-reclining-loveseat-w-console/R-449769,C196532,Ivory,Nora,2729.0, 
loveseats,Ava Reclining Loveseat w/ Console,/p/sofas-sectionals/reclining-loveseats/ava-reclining-loveseat-w-console/R-449769,C196552,Oyster,Nora,2729.0, 
loveseats,Ava Reclining Loveseat w/ Console,/p/sofas-sectionals/reclining-loveseats/ava-reclining-loveseat-w-console/R-449769,C196566,Truffle,Nora,2729.0, 
loveseats,Ava Reclining Loveseat w/ Console,/p/sofas-sectionals/reclining-loveseats/ava-reclining-loveseat-w-console/R-449769,C196584,Harbor,Nora,2729.0, 
loveseats,Ava Reclining Loveseat w/ Console,/p/sofas-sectionals/reclining-loveseats/ava-reclining-loveseat-w-console/R-449769,D197052,Whisper,Marteon,2729.0, 
loveseats,Ava Reclining Loveseat w/ Console,/p/sofas-sectionals/reclining-loveseats/ava-reclining-loveseat-w-console/R-449769,D197056,Onyx,Marteon,2729.0, 
loveseats,Dorian Reclining Loveseat w/ Console,/p/sofas-sectionals/reclining-loveseats/dorian-reclining-loveseat-w-console/R-449755,D190531,Cream,York,2789.0, 
loveseats,Dorian Reclining Loveseat w/ Console,/p/sofas-sectionals/reclining-loveseats/dorian-reclining-loveseat-w-console/R-449755,C186008,Wine,Persia,3899.0, 
loveseats,Dorian Reclining Loveseat w/ Console,/p/sofas-sectionals/reclining-loveseats/dorian-reclining-loveseat-w-console/R-449755,C186086,Lake,Persia,3899.0, 
loveseats,Dorian Reclining Loveseat w/ Console,/p/sofas-sectionals/reclining-loveseats/dorian-reclining-loveseat-w-console/R-449755,C186054,Greystone,Persia,3899.0, 
loveseats,Dorian Reclining Loveseat w/ Console,/p/sofas-sectionals/reclining-loveseats/dorian-reclining-loveseat-w-console/R-449755,C186036,Desert,Persia,3899.0, 
loveseats,Dorian Reclining Loveseat w/ Console,/p/sofas-sectionals/reclining-loveseats/dorian-reclining-loveseat-w-console/R-449755,C186076,Bark,Persia,3899.0, 
loveseats,Finley Wall Reclining Loveseat w/ Console,/p/sofas-sectionals/reclining-loveseats/finley-wall-reclining-loveseat-w-console/R-339747,D209631,Bone,,2889.0, 
loveseats,Joel Reclining Loveseat,/p/sofas-sectionals/reclining-loveseats/joel-reclining-loveseat/R-448761,B153808,Burgundy,Seamount,1909.0, 
loveseats,Joel Reclining Loveseat,/p/sofas-sectionals/reclining-loveseats/joel-reclining-loveseat/R-448761,C175474,Brownstone,Kemet,1909.0, 
loveseats,Joel Reclining Loveseat,/p/sofas-sectionals/reclining-loveseats/joel-reclining-loveseat/R-448761,C175432,Sand,Kemet,1909.0, 
loveseats,Joel Reclining Loveseat,/p/sofas-sectionals/reclining-loveseats/joel-reclining-loveseat/R-448761,C175486,Slate,Kemet,1909.0, 
loveseats,Joel Reclining Loveseat,/p/sofas-sectionals/reclining-loveseats/joel-reclining-loveseat/R-448761,C165972,Taupe,McKittrick,3029.0, 
loveseats,Joel Reclining Loveseat,/p/sofas-sectionals/reclining-loveseats/joel-reclining-loveseat/R-448761,C165962,Smoke,McKittrick,3029.0, 
loveseats,Joel Reclining Loveseat,/p/sofas-sectionals/reclining-loveseats/joel-reclining-loveseat/R-448761,C186086,Lake,Persia,3029.0, 
loveseats,Bennett duo® Reclining Loveseat,/p/sofas-sectionals/reclining-loveseats/bennett-duo-reclining-loveseat/R-P93899,B180852,Stone,Social Club,3239.0, 
loveseats,Bennett duo® Reclining Loveseat,/p/sofas-sectionals/reclining-loveseats/bennett-duo-reclining-loveseat/R-P93899,DL159665,Clay,Titan,8499.0, 
loveseats,Bennett duo® Reclining Loveseat,/p/sofas-sectionals/reclining-loveseats/bennett-duo-reclining-loveseat/R-P93899,DL159658,Charcoal,Titan,8499.0, 
loveseats,Bennett duo® Reclining Loveseat,/p/sofas-sectionals/reclining-loveseats/bennett-duo-reclining-loveseat/R-P93899,J182118,Spice,Houston,5549.0, 
loveseats,Bennett duo® Reclining Loveseat,/p/sofas-sectionals/reclining-loveseats/bennett-duo-reclining-loveseat/R-P93899,DL159651,Platinum,Titan,8499.0, 
loveseats,Bennett duo® Reclining Loveseat,/p/sofas-sectionals/reclining-loveseats/bennett-duo-reclining-loveseat/R-P93899,DL159557,Charcoal,Montana,8499.0, 
loveseats,Brooks Reclining Loveseat w/ Console,/p/sofas-sectionals/reclining-loveseats/brooks-reclining-loveseat-w-console/R-449727,B153808,Burgundy,Seamount,1099.0, 
loveseats,Brooks Reclining Loveseat w/ Console,/p/sofas-sectionals/reclining-loveseats/brooks-reclining-loveseat-w-console/R-449727,D160458,Slate,i-Outlier,2179.0, 
loveseats,Brooks Reclining Loveseat w/ Console,/p/sofas-sectionals/reclining-loveseats/brooks-reclining-loveseat-w-console/R-449727,D160462,Mushroom,i-Outlier,2179.0, 
loveseats,Brooks Reclining Loveseat w/ Console,/p/sofas-sectionals/reclining-loveseats/brooks-reclining-loveseat-w-console/R-449727,D160479,Godiva,i-Outlier,2179.0, 
loveseats,Brooks Reclining Loveseat w/ Console,/p/sofas-sectionals/reclining-loveseats/brooks-reclining-loveseat-w-console/R-449727,D160454,Charcoal,i-Outlier,2179.0, 
loveseats,Brooks Reclining Loveseat w/ Console,/p/sofas-sectionals/reclining-loveseats/brooks-reclining-loveseat-w-console/R-449727,D160476,Ash,i-Outlier,2179.0, 
loveseats,Brooks Reclining Loveseat w/ Console,/p/sofas-sectionals/reclining-loveseats/brooks-reclining-loveseat-w-console/R-449727,C165972,Taupe,McKittrick,3069.0, 
loveseats,"Belmont Power Wall Reclining Loveseat w/ Console, Headrest & Lumbar",/p/sofas-sectionals/reclining-loveseats/belmont-power-wall-reclining-loveseat-w-console-headrest-lumbar/R-X39804,D202732,Buff,i-Weekend,5879.0, 
loveseats,"Belmont Power Wall Reclining Loveseat w/ Console, Headrest & Lumbar",/p/sofas-sectionals/reclining-loveseats/belmont-power-wall-reclining-loveseat-w-console-headrest-lumbar/R-X39804,D202751,Dove Grey,i-Weekend,5879.0, 
loveseats,"Belmont Power Wall Reclining Loveseat w/ Console, Headrest & Lumbar",/p/sofas-sectionals/reclining-loveseats/belmont-power-wall-reclining-loveseat-w-console-headrest-lumbar/R-X39804,D202767,Sable,i-Weekend,5879.0, 
loveseats,"Belmont Power Wall Reclining Loveseat w/ Console, Headrest & Lumbar",/p/sofas-sectionals/reclining-loveseats/belmont-power-wall-reclining-loveseat-w-console-headrest-lumbar/R-X39804,D202775,Chestnut,i-Weekend,5879.0, 
loveseats,"Belmont Power Wall Reclining Loveseat w/ Console, Headrest & Lumbar",/p/sofas-sectionals/reclining-loveseats/belmont-power-wall-reclining-loveseat-w-console-headrest-lumbar/R-X39804,D202798,Ocean,i-Weekend,5879.0, 
loveseats,"Belmont Power Wall Reclining Loveseat w/ Console, Headrest & Lumbar",/p/sofas-sectionals/reclining-loveseats/belmont-power-wall-reclining-loveseat-w-console-headrest-lumbar/R-X39804,D207231,Natural,,5879.0, 
loveseats,Trouper Power Reclining Loveseat w/ Headrest & Console,/p/sofas-sectionals/reclining-loveseats/trouper-power-reclining-loveseat-w-headrest-console/R-U49724,D212432,Antique,,3509.0, 
loveseats,Trouper Power Reclining Loveseat w/ Headrest & Console,/p/sofas-sectionals/reclining-loveseats/trouper-power-reclining-loveseat-w-headrest-console/R-U49724,E153767,Mink,i-Northwest,4149.0, 
loveseats,Trouper Power Reclining Loveseat w/ Headrest & Console,/p/sofas-sectionals/reclining-loveseats/trouper-power-reclining-loveseat-w-headrest-console/R-U49724,E153758,Ink,i-Northwest,4149.0, 
loveseats,Trouper Power Reclining Loveseat w/ Headrest & Console,/p/sofas-sectionals/reclining-loveseats/trouper-power-reclining-loveseat-w-headrest-console/R-U49724,E153775,Whiskey,i-Northwest,4149.0, 
loveseats,Trouper Power Reclining Loveseat w/ Headrest & Console,/p/sofas-sectionals/reclining-loveseats/trouper-power-reclining-loveseat-w-headrest-console/R-U49724,E153765,Sable,i-Northwest,4149.0, 
loveseats,Trouper Power Reclining Loveseat w/ Headrest & Console,/p/sofas-sectionals/reclining-loveseats/trouper-power-reclining-loveseat-w-headrest-console/R-U49724,E153732,Stucco,i-Northwest,4149.0, 
loveseats,Trouper Power Reclining Loveseat w/ Headrest & Console,/p/sofas-sectionals/reclining-loveseats/trouper-power-reclining-loveseat-w-headrest-console/R-U49724,E153755,Charcoal,i-Northwest,4149.0, 
loveseats,Trouper Reclining Loveseat w/ Console,/p/sofas-sectionals/reclining-loveseats/trouper-reclining-loveseat-w-console/R-449724,D212432,Antique,,2789.0, 
loveseats,Trouper Reclining Loveseat w/ Console,/p/sofas-sectionals/reclining-loveseats/trouper-reclining-loveseat-w-console/R-449724,E153767,Mink,i-Northwest,2819.0, 
loveseats,Trouper Reclining Loveseat w/ Console,/p/sofas-sectionals/reclining-loveseats/trouper-reclining-loveseat-w-console/R-449724,E153758,Ink,i-Northwest,2819.0, 
loveseats,Trouper Reclining Loveseat w/ Console,/p/sofas-sectionals/reclining-loveseats/trouper-reclining-loveseat-w-console/R-449724,E153775,Whiskey,i-Northwest,2819.0, 
loveseats,Trouper Reclining Loveseat w/ Console,/p/sofas-sectionals/reclining-loveseats/trouper-reclining-loveseat-w-console/R-449724,E153765,Sable,i-Northwest,2819.0, 
loveseats,Trouper Reclining Loveseat w/ Console,/p/sofas-sectionals/reclining-loveseats/trouper-reclining-loveseat-w-console/R-449724,E153732,Stucco,i-Northwest,2819.0, 
loveseats,Trouper Reclining Loveseat w/ Console,/p/sofas-sectionals/reclining-loveseats/trouper-reclining-loveseat-w-console/R-449724,E153755,Charcoal,i-Northwest,2819.0, 
loveseats,Cassian Reclining Loveseat w/ Console,/p/sofas-sectionals/reclining-loveseats/cassian-reclining-loveseat-w-console/R-449802,B153808,Burgundy,Seamount,2329.0, 
loveseats,Cassian Reclining Loveseat w/ Console,/p/sofas-sectionals/reclining-loveseats/cassian-reclining-loveseat-w-console/R-449802,D203432,Sand,Doritt,2329.0, 
loveseats,Cassian Reclining Loveseat w/ Console,/p/sofas-sectionals/reclining-loveseats/cassian-reclining-loveseat-w-console/R-449802,D203436,Birch,Doritt,2329.0, 
loveseats,Cassian Reclining Loveseat w/ Console,/p/sofas-sectionals/reclining-loveseats/cassian-reclining-loveseat-w-console/R-449802,D203454,Charcoal,Doritt,2329.0, 
loveseats,Cassian Reclining Loveseat w/ Console,/p/sofas-sectionals/reclining-loveseats/cassian-reclining-loveseat-w-console/R-449802,D203475,Suede,Doritt,2329.0, 
loveseats,Cassian Reclining Loveseat w/ Console,/p/sofas-sectionals/reclining-loveseats/cassian-reclining-loveseat-w-console/R-449802,D203478,Teak,Doritt,2329.0, 
loveseats,Cassian Reclining Loveseat w/ Console,/p/sofas-sectionals/reclining-loveseats/cassian-reclining-loveseat-w-console/R-449802,LB206278,Walnut,Clifton,3389.0, 
loveseats,Colby duo® Reclining Loveseat,/p/sofas-sectionals/reclining-loveseats/colby-duo-reclining-loveseat/R-P93893,C170033,Oyster,Nico,3179.0, 
loveseats,Colby duo® Reclining Loveseat,/p/sofas-sectionals/reclining-loveseats/colby-duo-reclining-loveseat/R-P93893,DL159665,Clay,Titan,8859.0, 
loveseats,Colby duo® Reclining Loveseat,/p/sofas-sectionals/reclining-loveseats/colby-duo-reclining-loveseat/R-P93893,DL159674,Cinnamon,Titan,8859.0, 
loveseats,Colby duo® Reclining Loveseat,/p/sofas-sectionals/reclining-loveseats/colby-duo-reclining-loveseat/R-P93893,DL159658,Charcoal,Titan,8859.0, 
loveseats,Colby duo® Reclining Loveseat,/p/sofas-sectionals/reclining-loveseats/colby-duo-reclining-loveseat/R-P93893,J182118,Spice,Houston,5549.0, 
loveseats,Colby duo® Reclining Loveseat,/p/sofas-sectionals/reclining-loveseats/colby-duo-reclining-loveseat/R-P93893,DL159651,Platinum,Titan,8859.0, 
loveseats,Colby duo® Reclining Loveseat,/p/sofas-sectionals/reclining-loveseats/colby-duo-reclining-loveseat/R-P93893,DL159557,Charcoal,Montana,8859.0, 
loveseats,"Emmons Power Reclining Loveseat w/ Headrest, Lumbar & Console",/p/sofas-sectionals/reclining-loveseats/emmons-power-reclining-loveseat-w-headrest-lumbar-console/R-X49781,D210731,Natural,,3809.0, 
loveseats,"Emmons Power Reclining Loveseat w/ Headrest, Lumbar & Console",/p/sofas-sectionals/reclining-loveseats/emmons-power-reclining-loveseat-w-headrest-lumbar-console/R-X49781,C196733,Stone,Lunar ,5689.0, 
loveseats,"Emmons Power Reclining Loveseat w/ Headrest, Lumbar & Console",/p/sofas-sectionals/reclining-loveseats/emmons-power-reclining-loveseat-w-headrest-lumbar-console/R-X49781,C196755,Smoke,Lunar ,5689.0, 
loveseats,"Emmons Power Reclining Loveseat w/ Headrest, Lumbar & Console",/p/sofas-sectionals/reclining-loveseats/emmons-power-reclining-loveseat-w-headrest-lumbar-console/R-X49781,C196764,Taupe,Lunar ,5689.0, 
loveseats,"Emmons Power Reclining Loveseat w/ Headrest, Lumbar & Console",/p/sofas-sectionals/reclining-loveseats/emmons-power-reclining-loveseat-w-headrest-lumbar-console/R-X49781,C196768,Mocha,Lunar ,5689.0, 
loveseats,"Emmons Power Reclining Loveseat w/ Headrest, Lumbar & Console",/p/sofas-sectionals/reclining-loveseats/emmons-power-reclining-loveseat-w-headrest-lumbar-console/R-X49781,C196786,Navy,Lunar ,5689.0, 
loveseats,"Greyson Power Reclining Loveseat w/ Headrest, Lumbar & Console",/p/sofas-sectionals/reclining-loveseats/greyson-power-reclining-loveseat-w-headrest-lumbar-console/R-X49530,D212533,Oyster,,3979.0, 
loveseats,"Greyson Power Reclining Loveseat w/ Headrest, Lumbar & Console",/p/sofas-sectionals/reclining-loveseats/greyson-power-reclining-loveseat-w-headrest-lumbar-console/R-X49530,LB193032,Ice,Salvo,5039.0, 
loveseats,"Greyson Power Reclining Loveseat w/ Headrest, Lumbar & Console",/p/sofas-sectionals/reclining-loveseats/greyson-power-reclining-loveseat-w-headrest-lumbar-console/R-X49530,LB193077,Caramel,Salvo,5039.0, 
loveseats,Brooks Reclining Loveseat,/p/sofas-sectionals/reclining-loveseats/brooks-reclining-loveseat/R-448727,B153808,Burgundy,Seamount,979.0, 
loveseats,Brooks Reclining Loveseat,/p/sofas-sectionals/reclining-loveseats/brooks-reclining-loveseat/R-448727,D160458,Slate,i-Outlier,1829.0, 
loveseats,Brooks Reclining Loveseat,/p/sofas-sectionals/reclining-loveseats/brooks-reclining-loveseat/R-448727,D160462,Mushroom,i-Outlier,1829.0, 
loveseats,Brooks Reclining Loveseat,/p/sofas-sectionals/reclining-loveseats/brooks-reclining-loveseat/R-448727,D160479,Godiva,i-Outlier,1829.0, 
loveseats,Brooks Reclining Loveseat,/p/sofas-sectionals/reclining-loveseats/brooks-reclining-loveseat/R-448727,D160454,Charcoal,i-Outlier,1829.0, 
loveseats,Brooks Reclining Loveseat,/p/sofas-sectionals/reclining-loveseats/brooks-reclining-loveseat/R-448727,D160476,Ash,i-Outlier,1829.0, 
loveseats,Brooks Reclining Loveseat,/p/sofas-sectionals/reclining-loveseats/brooks-reclining-loveseat/R-448727,C165972,Taupe,McKittrick,2779.0, 
reclining-sofas,Jay Reclining Sofa,/p/sofas-sectionals/reclining-sofas-sectionals/reclining-sofas/jay-reclining-sofa/R-444706,B153808,Burgundy,Seamount,2199.0, 
reclining-sofas,Jay Reclining Sofa,/p/sofas-sectionals/reclining-sofas-sectionals/reclining-sofas/jay-reclining-sofa/R-444706,C180974,Mushroom,Donegal,2199.0, 
reclining-sofas,Jay Reclining Sofa,/p/sofas-sectionals/reclining-sofas-sectionals/reclining-sofas/jay-reclining-sofa/R-444706,C180987,Marine,Donegal,2199.0, 
reclining-sofas,Jay Reclining Sofa,/p/sofas-sectionals/reclining-sofas-sectionals/reclining-sofas/jay-reclining-sofa/R-444706,C180964,Linen,Donegal,2199.0, 
reclining-sofas,Jay Reclining Sofa,/p/sofas-sectionals/reclining-sofas-sectionals/reclining-sofas/jay-reclining-sofa/R-444706,C180969,Granite,Donegal,2199.0, 
reclining-sofas,Jay Reclining Sofa,/p/sofas-sectionals/reclining-sofas-sectionals/reclining-sofas/jay-reclining-sofa/R-444706,C165972,Taupe,McKittrick,3049.0, 
reclining-sofas,Jay Reclining Sofa,/p/sofas-sectionals/reclining-sofas-sectionals/reclining-sofas/jay-reclining-sofa/R-444706,C186086,Lake,Persia,3049.0, 
reclining-sofas,Cade Reclining Sofa,/p/sofas-sectionals/reclining-sofas-sectionals/reclining-sofas/cade-reclining-sofa/R-444803,B153808,Burgundy,Seamount,2099.0, 
reclining-sofas,Cade Reclining Sofa,/p/sofas-sectionals/reclining-sofas-sectionals/reclining-sofas/cade-reclining-sofa/R-444803,D206833,Bone,,2099.0, 
reclining-sofas,Cade Reclining Sofa,/p/sofas-sectionals/reclining-sofas-sectionals/reclining-sofas/cade-reclining-sofa/R-444803,D206860,Pebble,,2099.0, 
reclining-sofas,Cade Reclining Sofa,/p/sofas-sectionals/reclining-sofas-sectionals/reclining-sofas/cade-reclining-sofa/R-444803,D206871,Mineral,,2099.0, 
reclining-sofas,Cade Reclining Sofa,/p/sofas-sectionals/reclining-sofas-sectionals/reclining-sofas/cade-reclining-sofa/R-444803,D206876,Coffee,,2099.0, 
reclining-sofas,Cade Reclining Sofa,/p/sofas-sectionals/reclining-sofas-sectionals/reclining-sofas/cade-reclining-sofa/R-444803,D206893,Ocean,,2099.0, 
reclining-sofas,Cade Reclining Sofa,/p/sofas-sectionals/reclining-sofas-sectionals/reclining-sofas/cade-reclining-sofa/R-444803,D209225,Moss,,2099.0, 
reclining-sofas,Dorian Reclining Sofa,/p/sofas-sectionals/reclining-sofas-sectionals/reclining-sofas/dorian-reclining-sofa/R-444755,D190531,Cream,York,2659.0, 
reclining-sofas,Dorian Reclining Sofa,/p/sofas-sectionals/reclining-sofas-sectionals/reclining-sofas/dorian-reclining-sofa/R-444755,C186008,Wine,Persia,3689.0, 
reclining-sofas,Dorian Reclining Sofa,/p/sofas-sectionals/reclining-sofas-sectionals/reclining-sofas/dorian-reclining-sofa/R-444755,C186086,Lake,Persia,3689.0, 
reclining-sofas,Dorian Reclining Sofa,/p/sofas-sectionals/reclining-sofas-sectionals/reclining-sofas/dorian-reclining-sofa/R-444755,C186054,Greystone,Persia,3689.0, 
reclining-sofas,Dorian Reclining Sofa,/p/sofas-sectionals/reclining-sofas-sectionals/reclining-sofas/dorian-reclining-sofa/R-444755,C186036,Desert,Persia,3689.0, 
reclining-sofas,Dorian Reclining Sofa,/p/sofas-sectionals/reclining-sofas-sectionals/reclining-sofas/dorian-reclining-sofa/R-444755,C186076,Bark,Persia,3689.0, 
reclining-sofas,Liam Wall Reclining Sofa,/p/sofas-sectionals/reclining-sofas-sectionals/reclining-sofas/liam-wall-reclining-sofa/R-330786,C185252,Twilight,Tiago,2469.0, 
reclining-sofas,Liam Wall Reclining Sofa,/p/sofas-sectionals/reclining-sofas-sectionals/reclining-sofas/liam-wall-reclining-sofa/R-330786,C185265,Fawn,Tiago,2469.0, 
reclining-sofas,Liam Wall Reclining Sofa,/p/sofas-sectionals/reclining-sofas-sectionals/reclining-sofas/liam-wall-reclining-sofa/R-330786,C185255,Granite,Tiago,2469.0, 
reclining-sofas,Liam Wall Reclining Sofa,/p/sofas-sectionals/reclining-sofas-sectionals/reclining-sofas/liam-wall-reclining-sofa/R-330786,C185276,Mocha,Tiago,2469.0, 
reclining-sofas,Liam Wall Reclining Sofa,/p/sofas-sectionals/reclining-sofas-sectionals/reclining-sofas/liam-wall-reclining-sofa/R-330786,C185286,Navy,Tiago,2469.0, 
reclining-sofas,Liam Power Wall Reclining Sofa w/ Headrest & Lumbar,/p/sofas-sectionals/reclining-sofas-sectionals/reclining-sofas/liam-power-wall-reclining-sofa-w-headrest-lumbar/R-33X786,C185252,Twilight,Tiago,3669.0, 
reclining-sofas,Liam Power Wall Reclining Sofa w/ Headrest & Lumbar,/p/sofas-sectionals/reclining-sofas-sectionals/reclining-sofas/liam-power-wall-reclining-sofa-w-headrest-lumbar/R-33X786,C185265,Fawn,Tiago,3669.0, 
reclining-sofas,Liam Power Wall Reclining Sofa w/ Headrest & Lumbar,/p/sofas-sectionals/reclining-sofas-sectionals/reclining-sofas/liam-power-wall-reclining-sofa-w-headrest-lumbar/R-33X786,C185255,Granite,Tiago,3669.0, 
reclining-sofas,Liam Power Wall Reclining Sofa w/ Headrest & Lumbar,/p/sofas-sectionals/reclining-sofas-sectionals/reclining-sofas/liam-power-wall-reclining-sofa-w-headrest-lumbar/R-33X786,C185276,Mocha,Tiago,3669.0, 
reclining-sofas,Liam Power Wall Reclining Sofa w/ Headrest & Lumbar,/p/sofas-sectionals/reclining-sofas-sectionals/reclining-sofas/liam-power-wall-reclining-sofa-w-headrest-lumbar/R-33X786,C185286,Navy,Tiago,3669.0, 
reclining-sofas,James Power Reclining Sofa w/ Headrest & Lumbar,/p/sofas-sectionals/reclining-sofas-sectionals/reclining-sofas/james-power-reclining-sofa-w-headrest-lumbar/R-X44521,B153808,Burgundy,Seamount,3479.0, 
reclining-sofas,James Power Reclining Sofa w/ Headrest & Lumbar,/p/sofas-sectionals/reclining-sofas-sectionals/reclining-sofas/james-power-reclining-sofa-w-headrest-lumbar/R-X44521,RE994767,Silt,Palance,6559.0, 
reclining-sofas,James Power Reclining Sofa w/ Headrest & Lumbar,/p/sofas-sectionals/reclining-sofas-sectionals/reclining-sofas/james-power-reclining-sofa-w-headrest-lumbar/R-X44521,C181254,Stone,Damon,5229.0, 
reclining-sofas,James Power Reclining Sofa w/ Headrest & Lumbar,/p/sofas-sectionals/reclining-sofas-sectionals/reclining-sofas/james-power-reclining-sofa-w-headrest-lumbar/R-X44521,C181233,Oyster,Damon,5229.0, 
reclining-sofas,James Power Reclining Sofa w/ Headrest & Lumbar,/p/sofas-sectionals/reclining-sofas-sectionals/reclining-sofas/james-power-reclining-sofa-w-headrest-lumbar/R-X44521,C181262,Muslin,Damon,5229.0, 
reclining-sofas,James Power Reclining Sofa w/ Headrest & Lumbar,/p/sofas-sectionals/reclining-sofas-sectionals/reclining-sofas/james-power-reclining-sofa-w-headrest-lumbar/R-X44521,C181286,Midnight,Damon,5229.0, 
reclining-sofas,James Power Reclining Sofa w/ Headrest & Lumbar,/p/sofas-sectionals/reclining-sofas-sectionals/reclining-sofas/james-power-reclining-sofa-w-headrest-lumbar/R-X44521,C181257,Charcoal,Damon,5229.0, 
reclining-sofas,Jay Power Reclining Sofa w/ Headrest & Lumbar,/p/sofas-sectionals/reclining-sofas-sectionals/reclining-sofas/jay-power-reclining-sofa-w-headrest-lumbar/R-X44706,B153808,Burgundy,Seamount,3289.0, 
reclining-sofas,Jay Power Reclining Sofa w/ Headrest & Lumbar,/p/sofas-sectionals/reclining-sofas-sectionals/reclining-sofas/jay-power-reclining-sofa-w-headrest-lumbar/R-X44706,C180974,Mushroom,Donegal,3529.0, 
reclining-sofas,Jay Power Reclining Sofa w/ Headrest & Lumbar,/p/sofas-sectionals/reclining-sofas-sectionals/reclining-sofas/jay-power-reclining-sofa-w-headrest-lumbar/R-X44706,C180987,Marine,Donegal,3529.0, 
reclining-sofas,Jay Power Reclining Sofa w/ Headrest & Lumbar,/p/sofas-sectionals/reclining-sofas-sectionals/reclining-sofas/jay-power-reclining-sofa-w-headrest-lumbar/R-X44706,C180964,Linen,Donegal,3529.0, 
reclining-sofas,Jay Power Reclining Sofa w/ Headrest & Lumbar,/p/sofas-sectionals/reclining-sofas-sectionals/reclining-sofas/jay-power-reclining-sofa-w-headrest-lumbar/R-X44706,C180969,Granite,Donegal,3529.0, 
reclining-sofas,Jay Power Reclining Sofa w/ Headrest & Lumbar,/p/sofas-sectionals/reclining-sofas-sectionals/reclining-sofas/jay-power-reclining-sofa-w-headrest-lumbar/R-X44706,C165972,Taupe,McKittrick,4919.0, 
reclining-sofas,Jay Power Reclining Sofa w/ Headrest & Lumbar,/p/sofas-sectionals/reclining-sofas-sectionals/reclining-sofas/jay-power-reclining-sofa-w-headrest-lumbar/R-X44706,C186086,Lake,Persia,4919.0, 
reclining-sofas,Cade Power Reclining Sofa w/ Headrest & Lumbar,/p/sofas-sectionals/reclining-sofas-sectionals/reclining-sofas/cade-power-reclining-sofa-w-headrest-lumbar/R-X44803,B153808,Burgundy,Seamount,3179.0, 
reclining-sofas,Cade Power Reclining Sofa w/ Headrest & Lumbar,/p/sofas-sectionals/reclining-sofas-sectionals/reclining-sofas/cade-power-reclining-sofa-w-headrest-lumbar/R-X44803,D206833,Bone,,3419.0, 
reclining-sofas,Cade Power Reclining Sofa w/ Headrest & Lumbar,/p/sofas-sectionals/reclining-sofas-sectionals/reclining-sofas/cade-power-reclining-sofa-w-headrest-lumbar/R-X44803,D206860,Pebble,,3419.0, 
reclining-sofas,Cade Power Reclining Sofa w/ Headrest & Lumbar,/p/sofas-sectionals/reclining-sofas-sectionals/reclining-sofas/cade-power-reclining-sofa-w-headrest-lumbar/R-X44803,D206871,Mineral,,3419.0, 
reclining-sofas,Cade Power Reclining Sofa w/ Headrest & Lumbar,/p/sofas-sectionals/reclining-sofas-sectionals/reclining-sofas/cade-power-reclining-sofa-w-headrest-lumbar/R-X44803,D206876,Coffee,,3419.0, 
reclining-sofas,Cade Power Reclining Sofa w/ Headrest & Lumbar,/p/sofas-sectionals/reclining-sofas-sectionals/reclining-sofas/cade-power-reclining-sofa-w-headrest-lumbar/R-X44803,D206893,Ocean,,3419.0, 
reclining-sofas,Cade Power Reclining Sofa w/ Headrest & Lumbar,/p/sofas-sectionals/reclining-sofas-sectionals/reclining-sofas/cade-power-reclining-sofa-w-headrest-lumbar/R-X44803,D209225,Moss,,3419.0, 
reclining-sofas,Ava Power Reclining Sofa w/ Headrest & Lumbar,/p/sofas-sectionals/reclining-sofas-sectionals/reclining-sofas/ava-power-reclining-sofa-w-headrest-lumbar/R-X44769,C196532,Ivory,Nora,3699.0, 
reclining-sofas,Ava Power Reclining Sofa w/ Headrest & Lumbar,/p/sofas-sectionals/reclining-sofas-sectionals/reclining-sofas/ava-power-reclining-sofa-w-headrest-lumbar/R-X44769,C196552,Oyster,Nora,3699.0, 
reclining-sofas,Ava Power Reclining Sofa w/ Headrest & Lumbar,/p/sofas-sectionals/reclining-sofas-sectionals/reclining-sofas/ava-power-reclining-sofa-w-headrest-lumbar/R-X44769,C196566,Truffle,Nora,3699.0, 
reclining-sofas,Ava Power Reclining Sofa w/ Headrest & Lumbar,/p/sofas-sectionals/reclining-sofas-sectionals/reclining-sofas/ava-power-reclining-sofa-w-headrest-lumbar/R-X44769,C196584,Harbor,Nora,3699.0, 
reclining-sofas,Ava Power Reclining Sofa w/ Headrest & Lumbar,/p/sofas-sectionals/reclining-sofas-sectionals/reclining-sofas/ava-power-reclining-sofa-w-headrest-lumbar/R-X44769,D197052,Whisper,Marteon,3699.0, 
reclining-sofas,Ava Power Reclining Sofa w/ Headrest & Lumbar,/p/sofas-sectionals/reclining-sofas-sectionals/reclining-sofas/ava-power-reclining-sofa-w-headrest-lumbar/R-X44769,D197056,Onyx,Marteon,3699.0, 
reclining-sofas,Dorian Power Reclining Sofa w/ Headrest & Lumbar,/p/sofas-sectionals/reclining-sofas-sectionals/reclining-sofas/dorian-power-reclining-sofa-w-headrest-lumbar/R-X44755,D190531,Cream,York,3749.0, 
reclining-sofas,Dorian Power Reclining Sofa w/ Headrest & Lumbar,/p/sofas-sectionals/reclining-sofas-sectionals/reclining-sofas/dorian-power-reclining-sofa-w-headrest-lumbar/R-X44755,D185553,Fossil,i-Rivers,3779.0, 
reclining-sofas,Dorian Power Reclining Sofa w/ Headrest & Lumbar,/p/sofas-sectionals/reclining-sofas-sectionals/reclining-sofas/dorian-power-reclining-sofa-w-headrest-lumbar/R-X44755,D185575,Camel,i-Rivers,3779.0, 
reclining-sofas,Dorian Power Reclining Sofa w/ Headrest & Lumbar,/p/sofas-sectionals/reclining-sofas-sectionals/reclining-sofas/dorian-power-reclining-sofa-w-headrest-lumbar/R-X44755,D185559,Smoke,i-Rivers,3779.0, 
reclining-sofas,Dorian Power Reclining Sofa w/ Headrest & Lumbar,/p/sofas-sectionals/reclining-sofas-sectionals/reclining-sofas/dorian-power-reclining-sofa-w-headrest-lumbar/R-X44755,D185564,Sand,i-Rivers,3779.0, 
reclining-sofas,Cade Power Reclining Sofa w/ Headrest,/p/sofas-sectionals/reclining-sofas-sectionals/reclining-sofas/cade-power-reclining-sofa-w-headrest/R-U44803,B153808,Burgundy,Seamount,2819.0, 
reclining-sofas,Cade Power Reclining Sofa w/ Headrest,/p/sofas-sectionals/reclining-sofas-sectionals/reclining-sofas/cade-power-reclining-sofa-w-headrest/R-U44803,D206833,Bone,,2819.0, 
reclining-sofas,Cade Power Reclining Sofa w/ Headrest,/p/sofas-sectionals/reclining-sofas-sectionals/reclining-sofas/cade-power-reclining-sofa-w-headrest/R-U44803,D206860,Pebble,,2819.0, 
reclining-sofas,Cade Power Reclining Sofa w/ Headrest,/p/sofas-sectionals/reclining-sofas-sectionals/reclining-sofas/cade-power-reclining-sofa-w-headrest/R-U44803,D206871,Mineral,,2819.0, 
reclining-sofas,Cade Power Reclining Sofa w/ Headrest,/p/sofas-sectionals/reclining-sofas-sectionals/reclining-sofas/cade-power-reclining-sofa-w-headrest/R-U44803,D206876,Coffee,,2819.0, 
reclining-sofas,Cade Power Reclining Sofa w/ Headrest,/p/sofas-sectionals/reclining-sofas-sectionals/reclining-sofas/cade-power-reclining-sofa-w-headrest/R-U44803,D206893,Ocean,,2819.0, 
reclining-sofas,Cade Power Reclining Sofa w/ Headrest,/p/sofas-sectionals/reclining-sofas-sectionals/reclining-sofas/cade-power-reclining-sofa-w-headrest/R-U44803,D209225,Moss,,2819.0, 
reclining-sofas,Ava Power Reclining Sofa w/ Headrest,/p/sofas-sectionals/reclining-sofas-sectionals/reclining-sofas/ava-power-reclining-sofa-w-headrest/R-U44769,C196532,Ivory,Nora,3339.0, 
reclining-sofas,Ava Power Reclining Sofa w/ Headrest,/p/sofas-sectionals/reclining-sofas-sectionals/reclining-sofas/ava-power-reclining-sofa-w-headrest/R-U44769,C196552,Oyster,Nora,3339.0, 
reclining-sofas,Ava Power Reclining Sofa w/ Headrest,/p/sofas-sectionals/reclining-sofas-sectionals/reclining-sofas/ava-power-reclining-sofa-w-headrest/R-U44769,C196566,Truffle,Nora,3339.0, 
reclining-sofas,Ava Power Reclining Sofa w/ Headrest,/p/sofas-sectionals/reclining-sofas-sectionals/reclining-sofas/ava-power-reclining-sofa-w-headrest/R-U44769,C196584,Harbor,Nora,3339.0, 
reclining-sofas,Ava Power Reclining Sofa w/ Headrest,/p/sofas-sectionals/reclining-sofas-sectionals/reclining-sofas/ava-power-reclining-sofa-w-headrest/R-U44769,D197052,Whisper,Marteon,3339.0, 
reclining-sofas,Ava Power Reclining Sofa w/ Headrest,/p/sofas-sectionals/reclining-sofas-sectionals/reclining-sofas/ava-power-reclining-sofa-w-headrest/R-U44769,D197056,Onyx,Marteon,3339.0, 
reclining-sofas,Dorian Power Reclining Sofa w/ Headrest,/p/sofas-sectionals/reclining-sofas-sectionals/reclining-sofas/dorian-power-reclining-sofa-w-headrest/R-U44755,D190531,Cream,York,3389.0, 
reclining-sofas,Dorian Power Reclining Sofa w/ Headrest,/p/sofas-sectionals/reclining-sofas-sectionals/reclining-sofas/dorian-power-reclining-sofa-w-headrest/R-U44755,C186008,Wine,Persia,4939.0, 
reclining-sofas,Dorian Power Reclining Sofa w/ Headrest,/p/sofas-sectionals/reclining-sofas-sectionals/reclining-sofas/dorian-power-reclining-sofa-w-headrest/R-U44755,C186086,Lake,Persia,4939.0, 
reclining-sofas,Dorian Power Reclining Sofa w/ Headrest,/p/sofas-sectionals/reclining-sofas-sectionals/reclining-sofas/dorian-power-reclining-sofa-w-headrest/R-U44755,C186054,Greystone,Persia,4939.0, 
reclining-sofas,Dorian Power Reclining Sofa w/ Headrest,/p/sofas-sectionals/reclining-sofas-sectionals/reclining-sofas/dorian-power-reclining-sofa-w-headrest/R-U44755,C186036,Desert,Persia,4939.0, 
reclining-sofas,Dorian Power Reclining Sofa w/ Headrest,/p/sofas-sectionals/reclining-sofas-sectionals/reclining-sofas/dorian-power-reclining-sofa-w-headrest/R-U44755,C186076,Bark,Persia,4939.0, 
reclining-sofas,Jay Power Reclining Sofa w/ Headrest,/p/sofas-sectionals/reclining-sofas-sectionals/reclining-sofas/jay-power-reclining-sofa-w-headrest/R-U44706,B153808,Burgundy,Seamount,2929.0, 
reclining-sofas,Jay Power Reclining Sofa w/ Headrest,/p/sofas-sectionals/reclining-sofas-sectionals/reclining-sofas/jay-power-reclining-sofa-w-headrest/R-U44706,C180974,Mushroom,Donegal,2929.0, 
reclining-sofas,Jay Power Reclining Sofa w/ Headrest,/p/sofas-sectionals/reclining-sofas-sectionals/reclining-sofas/jay-power-reclining-sofa-w-headrest/R-U44706,C180987,Marine,Donegal,2929.0, 
reclining-sofas,Jay Power Reclining Sofa w/ Headrest,/p/sofas-sectionals/reclining-sofas-sectionals/reclining-sofas/jay-power-reclining-sofa-w-headrest/R-U44706,C180964,Linen,Donegal,2929.0, 
reclining-sofas,Jay Power Reclining Sofa w/ Headrest,/p/sofas-sectionals/reclining-sofas-sectionals/reclining-sofas/jay-power-reclining-sofa-w-headrest/R-U44706,C180969,Granite,Donegal,2929.0, 
reclining-sofas,Jay Power Reclining Sofa w/ Headrest,/p/sofas-sectionals/reclining-sofas-sectionals/reclining-sofas/jay-power-reclining-sofa-w-headrest/R-U44706,C165972,Taupe,McKittrick,4299.0, 
reclining-sofas,Jay Power Reclining Sofa w/ Headrest,/p/sofas-sectionals/reclining-sofas-sectionals/reclining-sofas/jay-power-reclining-sofa-w-headrest/R-U44706,C186086,Lake,Persia,4299.0, 
reclining-sofas,James Power Reclining Sofa w/ Headrest,/p/sofas-sectionals/reclining-sofas-sectionals/reclining-sofas/james-power-reclining-sofa-w-headrest/R-U44521,B153808,Burgundy,Seamount,3119.0, 
reclining-sofas,James Power Reclining Sofa w/ Headrest,/p/sofas-sectionals/reclining-sofas-sectionals/reclining-sofas/james-power-reclining-sofa-w-headrest/R-U44521,RE994767,Silt,Palance,5769.0, 
reclining-sofas,James Power Reclining Sofa w/ Headrest,/p/sofas-sectionals/reclining-sofas-sectionals/reclining-sofas/james-power-reclining-sofa-w-headrest/R-U44521,C181254,Stone,Damon,4609.0, 
reclining-sofas,James Power Reclining Sofa w/ Headrest,/p/sofas-sectionals/reclining-sofas-sectionals/reclining-sofas/james-power-reclining-sofa-w-headrest/R-U44521,C181233,Oyster,Damon,4609.0, 
reclining-sofas,James Power Reclining Sofa w/ Headrest,/p/sofas-sectionals/reclining-sofas-sectionals/reclining-sofas/james-power-reclining-sofa-w-headrest/R-U44521,C181262,Muslin,Damon,4609.0, 
reclining-sofas,James Power Reclining Sofa w/ Headrest,/p/sofas-sectionals/reclining-sofas-sectionals/reclining-sofas/james-power-reclining-sofa-w-headrest/R-U44521,C181286,Midnight,Damon,4609.0, 
reclining-sofas,James Power Reclining Sofa w/ Headrest,/p/sofas-sectionals/reclining-sofas-sectionals/reclining-sofas/james-power-reclining-sofa-w-headrest/R-U44521,C181257,Charcoal,Damon,4609.0, 
reclining-sofas,James Reclining Modular Sofa,/p/sofas-sectionals/reclining-sofas-sectionals/reclining-sofas/james-reclining-modular-sofa/R-RS2521,D206659,Lead,i-Kudos,3098.0, 
reclining-sofas,James Reclining Modular Sofa,/p/sofas-sectionals/reclining-sofas-sectionals/reclining-sofas/james-reclining-modular-sofa/R-RS2521,RE994767,Silt,Palance,4798.0, 
reclining-sofas,James Reclining Modular Sofa,/p/sofas-sectionals/reclining-sofas-sectionals/reclining-sofas/james-reclining-modular-sofa/R-RS2521,C181254,Stone,Damon,3558.0, 
reclining-sofas,James Reclining Modular Sofa,/p/sofas-sectionals/reclining-sofas-sectionals/reclining-sofas/james-reclining-modular-sofa/R-RS2521,C181233,Oyster,Damon,3558.0, 
reclining-sofas,James Reclining Modular Sofa,/p/sofas-sectionals/reclining-sofas-sectionals/reclining-sofas/james-reclining-modular-sofa/R-RS2521,C181262,Muslin,Damon,3558.0, 
reclining-sofas,James Reclining Modular Sofa,/p/sofas-sectionals/reclining-sofas-sectionals/reclining-sofas/james-reclining-modular-sofa/R-RS2521,C181286,Midnight,Damon,3558.0, 
reclining-sofas,James Reclining Modular Sofa,/p/sofas-sectionals/reclining-sofas-sectionals/reclining-sofas/james-reclining-modular-sofa/R-RS2521,C181257,Charcoal,Damon,3558.0, 
reclining-sofas,Ava Reclining Sofa,/p/sofas-sectionals/reclining-sofas-sectionals/reclining-sofas/ava-reclining-sofa/R-444769,C196532,Ivory,Nora,2619.0, 
reclining-sofas,Ava Reclining Sofa,/p/sofas-sectionals/reclining-sofas-sectionals/reclining-sofas/ava-reclining-sofa/R-444769,C196552,Oyster,Nora,2619.0, 
reclining-sofas,Ava Reclining Sofa,/p/sofas-sectionals/reclining-sofas-sectionals/reclining-sofas/ava-reclining-sofa/R-444769,C196566,Truffle,Nora,2619.0, 
reclining-sofas,Ava Reclining Sofa,/p/sofas-sectionals/reclining-sofas-sectionals/reclining-sofas/ava-reclining-sofa/R-444769,C196584,Harbor,Nora,2619.0, 
reclining-sofas,Ava Reclining Sofa,/p/sofas-sectionals/reclining-sofas-sectionals/reclining-sofas/ava-reclining-sofa/R-444769,D197052,Whisper,Marteon,2619.0, 
reclining-sofas,Ava Reclining Sofa,/p/sofas-sectionals/reclining-sofas-sectionals/reclining-sofas/ava-reclining-sofa/R-444769,D197056,Onyx,Marteon,2619.0, 
reclining-sofas,James Reclining Sofa,/p/sofas-sectionals/reclining-sofas-sectionals/reclining-sofas/james-reclining-sofa/R-444521,B153808,Burgundy,Seamount,1799.0, 
reclining-sofas,James Reclining Sofa,/p/sofas-sectionals/reclining-sofas-sectionals/reclining-sofas/james-reclining-sofa/R-444521,RE994767,Silt,Palance,4189.0, 
reclining-sofas,James Reclining Sofa,/p/sofas-sectionals/reclining-sofas-sectionals/reclining-sofas/james-reclining-sofa/R-444521,C181254,Stone,Damon,3359.0, 
reclining-sofas,James Reclining Sofa,/p/sofas-sectionals/reclining-sofas-sectionals/reclining-sofas/james-reclining-sofa/R-444521,C181233,Oyster,Damon,3359.0, 
reclining-sofas,James Reclining Sofa,/p/sofas-sectionals/reclining-sofas-sectionals/reclining-sofas/james-reclining-sofa/R-444521,C181262,Muslin,Damon,3359.0, 
reclining-sofas,James Reclining Sofa,/p/sofas-sectionals/reclining-sofas-sectionals/reclining-sofas/james-reclining-sofa/R-444521,C181286,Midnight,Damon,3359.0, 
reclining-sofas,James Reclining Sofa,/p/sofas-sectionals/reclining-sofas-sectionals/reclining-sofas/james-reclining-sofa/R-444521,C181257,Charcoal,Damon,3359.0, 
reclining-sofas,Finley Power Wall Reclining Sofa w/ Headrest & Lumbar,/p/sofas-sectionals/reclining-sofas-sectionals/reclining-sofas/finley-power-wall-reclining-sofa-w-headrest-lumbar/R-33X747,D209631,Bone,,3979.0, 
reclining-sofas,Finley Power Wall Reclining Sofa w/ Headrest & Lumbar,/p/sofas-sectionals/reclining-sofas-sectionals/reclining-sofas/finley-power-wall-reclining-sofa-w-headrest-lumbar/R-33X747,D156458,Charcoal,i-Hallandale,6689.0, 
reclining-sofas,Finley Power Wall Reclining Sofa w/ Headrest & Lumbar,/p/sofas-sectionals/reclining-sofas-sectionals/reclining-sofas/finley-power-wall-reclining-sofa-w-headrest-lumbar/R-33X747,D156453,Platinum,i-Hallandale,6689.0, 
reclining-sofas,Finley Power Wall Reclining Sofa w/ Headrest & Lumbar,/p/sofas-sectionals/reclining-sofas-sectionals/reclining-sofas/finley-power-wall-reclining-sofa-w-headrest-lumbar/R-33X747,D156431,Ivory,i-Hallandale,6689.0, 
reclining-sofas,Finley Power Wall Reclining Sofa w/ Headrest & Lumbar,/p/sofas-sectionals/reclining-sofas-sectionals/reclining-sofas/finley-power-wall-reclining-sofa-w-headrest-lumbar/R-33X747,D156464,Wicker,i-Hallandale,6689.0, 
reclining-sofas,Finley Power Wall Reclining Sofa w/ Headrest & Lumbar,/p/sofas-sectionals/reclining-sofas-sectionals/reclining-sofas/finley-power-wall-reclining-sofa-w-headrest-lumbar/R-33X747,D156487,Admiral,i-Hallandale,6689.0, 
reclining-sofas,Finley Power Wall Reclining Sofa w/ Headrest & Lumbar,/p/sofas-sectionals/reclining-sofas-sectionals/reclining-sofas/finley-power-wall-reclining-sofa-w-headrest-lumbar/R-33X747,C186086,Lake,Persia,6379.0, 
reclining-sofas,Liam Power Wall Reclining Sofa w/ Headrest,/p/sofas-sectionals/reclining-sofas-sectionals/reclining-sofas/liam-power-wall-reclining-sofa-w-headrest/R-33U786,C185252,Twilight,Tiago,3309.0, 
reclining-sofas,Liam Power Wall Reclining Sofa w/ Headrest,/p/sofas-sectionals/reclining-sofas-sectionals/reclining-sofas/liam-power-wall-reclining-sofa-w-headrest/R-33U786,C185265,Fawn,Tiago,3309.0, 
reclining-sofas,Liam Power Wall Reclining Sofa w/ Headrest,/p/sofas-sectionals/reclining-sofas-sectionals/reclining-sofas/liam-power-wall-reclining-sofa-w-headrest/R-33U786,C185255,Granite,Tiago,3309.0, 
reclining-sofas,Liam Power Wall Reclining Sofa w/ Headrest,/p/sofas-sectionals/reclining-sofas-sectionals/reclining-sofas/liam-power-wall-reclining-sofa-w-headrest/R-33U786,C185276,Mocha,Tiago,3309.0, 
reclining-sofas,Liam Power Wall Reclining Sofa w/ Headrest,/p/sofas-sectionals/reclining-sofas-sectionals/reclining-sofas/liam-power-wall-reclining-sofa-w-headrest/R-33U786,C185286,Navy,Tiago,3309.0, 
reclining-sofas,Finley Power Wall Reclining Sofa w/ Headrest,/p/sofas-sectionals/reclining-sofas-sectionals/reclining-sofas/finley-power-wall-reclining-sofa-w-headrest/R-33U747,D209631,Bone,,3619.0, 
reclining-sofas,Finley Power Wall Reclining Sofa w/ Headrest,/p/sofas-sectionals/reclining-sofas-sectionals/reclining-sofas/finley-power-wall-reclining-sofa-w-headrest/R-33U747,D156458,Charcoal,i-Hallandale,6069.0, 
reclining-sofas,Finley Power Wall Reclining Sofa w/ Headrest,/p/sofas-sectionals/reclining-sofas-sectionals/reclining-sofas/finley-power-wall-reclining-sofa-w-headrest/R-33U747,D156453,Platinum,i-Hallandale,6069.0, 
reclining-sofas,Finley Power Wall Reclining Sofa w/ Headrest,/p/sofas-sectionals/reclining-sofas-sectionals/reclining-sofas/finley-power-wall-reclining-sofa-w-headrest/R-33U747,D156431,Ivory,i-Hallandale,6069.0, 
reclining-sofas,Finley Power Wall Reclining Sofa w/ Headrest,/p/sofas-sectionals/reclining-sofas-sectionals/reclining-sofas/finley-power-wall-reclining-sofa-w-headrest/R-33U747,D156464,Wicker,i-Hallandale,6069.0, 
reclining-sofas,Finley Power Wall Reclining Sofa w/ Headrest,/p/sofas-sectionals/reclining-sofas-sectionals/reclining-sofas/finley-power-wall-reclining-sofa-w-headrest/R-33U747,D156487,Admiral,i-Hallandale,6069.0, 
reclining-sofas,Finley Power Wall Reclining Sofa w/ Headrest,/p/sofas-sectionals/reclining-sofas-sectionals/reclining-sofas/finley-power-wall-reclining-sofa-w-headrest/R-33U747,C186086,Lake,Persia,5749.0, 
reclining-sofas,Finley Wall Reclining Sofa,/p/sofas-sectionals/reclining-sofas-sectionals/reclining-sofas/finley-wall-reclining-sofa/R-330747,D209631,Bone,,2769.0, 
reclining-sofas,Finley Wall Reclining Sofa,/p/sofas-sectionals/reclining-sofas-sectionals/reclining-sofas/finley-wall-reclining-sofa/R-330747,D156458,Charcoal,i-Hallandale,4189.0, 
reclining-sofas,Finley Wall Reclining Sofa,/p/sofas-sectionals/reclining-sofas-sectionals/reclining-sofas/finley-wall-reclining-sofa/R-330747,D156453,Platinum,i-Hallandale,4189.0, 
reclining-sofas,Finley Wall Reclining Sofa,/p/sofas-sectionals/reclining-sofas-sectionals/reclining-sofas/finley-wall-reclining-sofa/R-330747,D156431,Ivory,i-Hallandale,4189.0, 
reclining-sofas,Finley Wall Reclining Sofa,/p/sofas-sectionals/reclining-sofas-sectionals/reclining-sofas/finley-wall-reclining-sofa/R-330747,D156464,Wicker,i-Hallandale,4189.0, 
reclining-sofas,Finley Wall Reclining Sofa,/p/sofas-sectionals/reclining-sofas-sectionals/reclining-sofas/finley-wall-reclining-sofa/R-330747,D156487,Admiral,i-Hallandale,4189.0, 
reclining-sofas,Finley Wall Reclining Sofa,/p/sofas-sectionals/reclining-sofas-sectionals/reclining-sofas/finley-wall-reclining-sofa/R-330747,C186086,Lake,Persia,3879.0, 
reclining-sofas,Morrison Reclining Sofa,/p/sofas-sectionals/reclining-sofas-sectionals/reclining-sofas/morrison-reclining-sofa/R-444766,B153808,Burgundy,Seamount,2149.0, 
reclining-sofas,Morrison Reclining Sofa,/p/sofas-sectionals/reclining-sofas-sectionals/reclining-sofas/morrison-reclining-sofa/R-444766,B153853,Silver,Seamount,2149.0, 
reclining-sofas,Morrison Reclining Sofa,/p/sofas-sectionals/reclining-sofas-sectionals/reclining-sofas/morrison-reclining-sofa/R-444766,B153874,Sable,Seamount,2149.0, 
reclining-sofas,Morrison Reclining Sofa,/p/sofas-sectionals/reclining-sofas-sectionals/reclining-sofas/morrison-reclining-sofa/R-444766,B153885,Indigo,Seamount,2149.0, 
reclining-sofas,Morrison Reclining Sofa,/p/sofas-sectionals/reclining-sofas-sectionals/reclining-sofas/morrison-reclining-sofa/R-444766,B153876,Cappuccino,Seamount,2149.0, 
reclining-sofas,Morrison Reclining Sofa,/p/sofas-sectionals/reclining-sofas-sectionals/reclining-sofas/morrison-reclining-sofa/R-444766,C186086,Lake,Persia,3049.0, 
reclining-sofas,Brooks Reclining Sofa,/p/sofas-sectionals/reclining-sofas-sectionals/reclining-sofas/brooks-reclining-sofa/R-444727,B153808,Burgundy,Seamount,999.0, 
reclining-sofas,Brooks Reclining Sofa,/p/sofas-sectionals/reclining-sofas-sectionals/reclining-sofas/brooks-reclining-sofa/R-444727,D160458,Slate,i-Outlier,2069.0, 
reclining-sofas,Brooks Reclining Sofa,/p/sofas-sectionals/reclining-sofas-sectionals/reclining-sofas/brooks-reclining-sofa/R-444727,D160462,Mushroom,i-Outlier,2069.0, 
reclining-sofas,Brooks Reclining Sofa,/p/sofas-sectionals/reclining-sofas-sectionals/reclining-sofas/brooks-reclining-sofa/R-444727,D160479,Godiva,i-Outlier,2069.0, 
reclining-sofas,Brooks Reclining Sofa,/p/sofas-sectionals/reclining-sofas-sectionals/reclining-sofas/brooks-reclining-sofa/R-444727,D160454,Charcoal,i-Outlier,2069.0, 
reclining-sofas,Brooks Reclining Sofa,/p/sofas-sectionals/reclining-sofas-sectionals/reclining-sofas/brooks-reclining-sofa/R-444727,D160476,Ash,i-Outlier,2069.0, 
reclining-sofas,Brooks Reclining Sofa,/p/sofas-sectionals/reclining-sofas-sectionals/reclining-sofas/brooks-reclining-sofa/R-444727,C165972,Taupe,McKittrick,2859.0, 
reclining-sofas,Acadia Power Reclining Sofa w/ Headrest,/p/sofas-sectionals/reclining-sofas-sectionals/reclining-sofas/acadia-power-reclining-sofa-w-headrest/R-84U811,D209631,Bone,,3239.0, 
reclining-sofas,Acadia Power Reclining Sofa w/ Headrest,/p/sofas-sectionals/reclining-sofas-sectionals/reclining-sofas/acadia-power-reclining-sofa-w-headrest/R-84U811,D207432,Ecru,,4999.0, 
reclining-sofas,Acadia Power Reclining Sofa w/ Headrest,/p/sofas-sectionals/reclining-sofas-sectionals/reclining-sofas/acadia-power-reclining-sofa-w-headrest/R-84U811,D207451,Oyster,,4999.0, 
reclining-sofas,Acadia Power Reclining Sofa w/ Headrest,/p/sofas-sectionals/reclining-sofas-sectionals/reclining-sofas/acadia-power-reclining-sofa-w-headrest/R-84U811,D207460,Porcelain,,4999.0, 
reclining-sofas,Acadia Power Reclining Sofa w/ Headrest,/p/sofas-sectionals/reclining-sofas-sectionals/reclining-sofas/acadia-power-reclining-sofa-w-headrest/R-84U811,D207478,Fossil,,4999.0, 
reclining-sofas,Acadia Power Reclining Sofa w/ Headrest,/p/sofas-sectionals/reclining-sofas-sectionals/reclining-sofas/acadia-power-reclining-sofa-w-headrest/R-84U811,D207480,Lotus,,4999.0, 
reclining-sofas,Acadia Power Reclining Sofa w/ Headrest,/p/sofas-sectionals/reclining-sofas-sectionals/reclining-sofas/acadia-power-reclining-sofa-w-headrest/R-84U811,D207486,Navy,,4999.0, 
reclining-sofas,Trouper Power Reclining Sofa w/ Headrest & Lumbar,/p/sofas-sectionals/reclining-sofas-sectionals/reclining-sofas/trouper-power-reclining-sofa-w-headrest-lumbar/R-X44724,D212432,Antique,,3749.0, 
reclining-sofas,Trouper Power Reclining Sofa w/ Headrest & Lumbar,/p/sofas-sectionals/reclining-sofas-sectionals/reclining-sofas/trouper-power-reclining-sofa-w-headrest-lumbar/R-X44724,E153767,Mink,i-Northwest,3779.0, 
reclining-sofas,Trouper Power Reclining Sofa w/ Headrest & Lumbar,/p/sofas-sectionals/reclining-sofas-sectionals/reclining-sofas/trouper-power-reclining-sofa-w-headrest-lumbar/R-X44724,E153758,Ink,i-Northwest,3779.0, 
reclining-sofas,Trouper Power Reclining Sofa w/ Headrest & Lumbar,/p/sofas-sectionals/reclining-sofas-sectionals/reclining-sofas/trouper-power-reclining-sofa-w-headrest-lumbar/R-X44724,E153775,Whiskey,i-Northwest,3779.0, 
reclining-sofas,Trouper Power Reclining Sofa w/ Headrest & Lumbar,/p/sofas-sectionals/reclining-sofas-sectionals/reclining-sofas/trouper-power-reclining-sofa-w-headrest-lumbar/R-X44724,E153765,Sable,i-Northwest,3779.0, 
reclining-sofas,Trouper Power Reclining Sofa w/ Headrest & Lumbar,/p/sofas-sectionals/reclining-sofas-sectionals/reclining-sofas/trouper-power-reclining-sofa-w-headrest-lumbar/R-X44724,E153732,Stucco,i-Northwest,3779.0, 
reclining-sofas,Trouper Power Reclining Sofa w/ Headrest & Lumbar,/p/sofas-sectionals/reclining-sofas-sectionals/reclining-sofas/trouper-power-reclining-sofa-w-headrest-lumbar/R-X44724,E153755,Charcoal,i-Northwest,3779.0, 
reclining-sofas,Quinault Power Reclining Sofa w/ Headrest,/p/sofas-sectionals/reclining-sofas-sectionals/reclining-sofas/quinault-power-reclining-sofa-w-headrest/R-84U810,D207119,Salsa,,3059.0, 
reclining-sofas,Quinault Power Reclining Sofa w/ Headrest,/p/sofas-sectionals/reclining-sofas-sectionals/reclining-sofas/quinault-power-reclining-sofa-w-headrest/R-84U810,E191734,Basmati,i-Adario,3059.0, 
reclining-sofas,Quinault Power Reclining Sofa w/ Headrest,/p/sofas-sectionals/reclining-sofas-sectionals/reclining-sofas/quinault-power-reclining-sofa-w-headrest/R-84U810,E191765,Taupe,i-Adario,3059.0, 
reclining-sofas,Quinault Power Reclining Sofa w/ Headrest,/p/sofas-sectionals/reclining-sofas-sectionals/reclining-sofas/quinault-power-reclining-sofa-w-headrest/R-84U810,E191752,Fog,i-Adario,3059.0, 
reclining-sofas,Quinault Power Reclining Sofa w/ Headrest,/p/sofas-sectionals/reclining-sofas-sectionals/reclining-sofas/quinault-power-reclining-sofa-w-headrest/R-84U810,E191753,Stone,i-Adario,3059.0, 
reclining-sofas,Joel Reclining Sofa,/p/sofas-sectionals/reclining-sofas-sectionals/reclining-sofas/joel-reclining-sofa/R-444761,B153808,Burgundy,Seamount,2149.0, 
reclining-sofas,Joel Reclining Sofa,/p/sofas-sectionals/reclining-sofas-sectionals/reclining-sofas/joel-reclining-sofa/R-444761,C175474,Brownstone,Kemet,2149.0, 
reclining-sofas,Joel Reclining Sofa,/p/sofas-sectionals/reclining-sofas-sectionals/reclining-sofas/joel-reclining-sofa/R-444761,C175432,Sand,Kemet,2149.0, 
reclining-sofas,Joel Reclining Sofa,/p/sofas-sectionals/reclining-sofas-sectionals/reclining-sofas/joel-reclining-sofa/R-444761,C175486,Slate,Kemet,2149.0, 
reclining-sofas,Joel Reclining Sofa,/p/sofas-sectionals/reclining-sofas-sectionals/reclining-sofas/joel-reclining-sofa/R-444761,C165972,Taupe,McKittrick,3109.0, 
reclining-sofas,Joel Reclining Sofa,/p/sofas-sectionals/reclining-sofas-sectionals/reclining-sofas/joel-reclining-sofa/R-444761,C165962,Smoke,McKittrick,3109.0, 
reclining-sofas,Joel Reclining Sofa,/p/sofas-sectionals/reclining-sofas-sectionals/reclining-sofas/joel-reclining-sofa/R-444761,C186086,Lake,Persia,3109.0, 
reclining-sofas,Pinnacle Wall Reclining Sofa,/p/sofas-sectionals/reclining-sofas-sectionals/reclining-sofas/pinnacle-wall-reclining-sofa/R-330512,B153808,Burgundy,Seamount,2399.0,"Pinnacle is at the top of its reclining sofa game. Aside from its pillowed high back and plush chaise seats, the two ends on this beacon of comfort also recline just inches from a wall. And that’s hard to beat. "
reclining-sofas,Pinnacle Wall Reclining Sofa,/p/sofas-sectionals/reclining-sofas-sectionals/reclining-sofas/pinnacle-wall-reclining-sofa/R-330512,D160654,Dove,i-Halifax,2399.0,"Pinnacle is at the top of its reclining sofa game. Aside from its pillowed high back and plush chaise seats, the two ends on this beacon of comfort also recline just inches from a wall. And that’s hard to beat. "
reclining-sofas,Pinnacle Wall Reclining Sofa,/p/sofas-sectionals/reclining-sofas-sectionals/reclining-sofas/pinnacle-wall-reclining-sofa/R-330512,D160632,Shell,i-Halifax,2399.0,"Pinnacle is at the top of its reclining sofa game. Aside from its pillowed high back and plush chaise seats, the two ends on this beacon of comfort also recline just inches from a wall. And that’s hard to beat. "
reclining-sofas,Pinnacle Wall Reclining Sofa,/p/sofas-sectionals/reclining-sofas-sectionals/reclining-sofas/pinnacle-wall-reclining-sofa/R-330512,D160678,Java,i-Halifax,2399.0,"Pinnacle is at the top of its reclining sofa game. Aside from its pillowed high back and plush chaise seats, the two ends on this beacon of comfort also recline just inches from a wall. And that’s hard to beat. "
reclining-sofas,Pinnacle Wall Reclining Sofa,/p/sofas-sectionals/reclining-sofas-sectionals/reclining-sofas/pinnacle-wall-reclining-sofa/R-330512,D160686,Denim,i-Halifax,2399.0,"Pinnacle is at the top of its reclining sofa game. Aside from its pillowed high back and plush chaise seats, the two ends on this beacon of comfort also recline just inches from a wall. And that’s hard to beat. "
reclining-sofas,Pinnacle Wall Reclining Sofa,/p/sofas-sectionals/reclining-sofas-sectionals/reclining-sofas/pinnacle-wall-reclining-sofa/R-330512,D160662,Antique,i-Halifax,2399.0,"Pinnacle is at the top of its reclining sofa game. Aside from its pillowed high back and plush chaise seats, the two ends on this beacon of comfort also recline just inches from a wall. And that’s hard to beat. "
reclining-sofas,Pinnacle Wall Reclining Sofa,/p/sofas-sectionals/reclining-sofas-sectionals/reclining-sofas/pinnacle-wall-reclining-sofa/R-330512,D175986,Navy,i-Saxton,2399.0,"Pinnacle is at the top of its reclining sofa game. Aside from its pillowed high back and plush chaise seats, the two ends on this beacon of comfort also recline just inches from a wall. And that’s hard to beat. "
reclining-sofas,Morrison Power Reclining Sofa w/ Headrest & Lumbar,/p/sofas-sectionals/reclining-sofas-sectionals/reclining-sofas/morrison-power-reclining-sofa-w-headrest-lumbar/R-X44766,B153808,Burgundy,Seamount,3229.0, 
reclining-sofas,Morrison Power Reclining Sofa w/ Headrest & Lumbar,/p/sofas-sectionals/reclining-sofas-sectionals/reclining-sofas/morrison-power-reclining-sofa-w-headrest-lumbar/R-X44766,B153876,Cappuccino,Seamount,3229.0, 
reclining-sofas,Morrison Power Reclining Sofa w/ Headrest & Lumbar,/p/sofas-sectionals/reclining-sofas-sectionals/reclining-sofas/morrison-power-reclining-sofa-w-headrest-lumbar/R-X44766,B153874,Sable,Seamount,3229.0, 
reclining-sofas,Morrison Power Reclining Sofa w/ Headrest & Lumbar,/p/sofas-sectionals/reclining-sofas-sectionals/reclining-sofas/morrison-power-reclining-sofa-w-headrest-lumbar/R-X44766,B153853,Silver,Seamount,3229.0, 
reclining-sofas,Morrison Power Reclining Sofa w/ Headrest & Lumbar,/p/sofas-sectionals/reclining-sofas-sectionals/reclining-sofas/morrison-power-reclining-sofa-w-headrest-lumbar/R-X44766,B153885,Indigo,Seamount,3229.0, 
reclining-sofas,Morrison Power Reclining Sofa w/ Headrest & Lumbar,/p/sofas-sectionals/reclining-sofas-sectionals/reclining-sofas/morrison-power-reclining-sofa-w-headrest-lumbar/R-X44766,E153767,Mink,i-Northwest,5229.0, 
reclining-sofas,Bennett duo® Reclining Sofa,/p/sofas-sectionals/reclining-sofas-sectionals/reclining-sofas/bennett-duo-reclining-sofa/R-P91899,B180852,Stone,Social Club,3479.0, 
reclining-sofas,Bennett duo® Reclining Sofa,/p/sofas-sectionals/reclining-sofas-sectionals/reclining-sofas/bennett-duo-reclining-sofa/R-P91899,B180868,Pewter,Social Club,3479.0, 
reclining-sofas,Bennett duo® Reclining Sofa,/p/sofas-sectionals/reclining-sofas-sectionals/reclining-sofas/bennett-duo-reclining-sofa/R-P91899,DL159665,Clay,Titan,8599.0, 
reclining-sofas,Bennett duo® Reclining Sofa,/p/sofas-sectionals/reclining-sofas-sectionals/reclining-sofas/bennett-duo-reclining-sofa/R-P91899,DL159658,Charcoal,Titan,8599.0, 
reclining-sofas,Bennett duo® Reclining Sofa,/p/sofas-sectionals/reclining-sofas-sectionals/reclining-sofas/bennett-duo-reclining-sofa/R-P91899,J182118,Spice,Houston,5629.0, 
reclining-sofas,Bennett duo® Reclining Sofa,/p/sofas-sectionals/reclining-sofas-sectionals/reclining-sofas/bennett-duo-reclining-sofa/R-P91899,DL159651,Platinum,Titan,8599.0, 
reclining-sofas,Bennett duo® Reclining Sofa,/p/sofas-sectionals/reclining-sofas-sectionals/reclining-sofas/bennett-duo-reclining-sofa/R-P91899,DL159557,Charcoal,Montana,8599.0, 
reclining-sofas,Joel Power Reclining Sofa w/ Headrest,/p/sofas-sectionals/reclining-sofas-sectionals/reclining-sofas/joel-power-reclining-sofa-w-headrest/R-U44761,B153808,Burgundy,Seamount,2869.0, 
reclining-sofas,Joel Power Reclining Sofa w/ Headrest,/p/sofas-sectionals/reclining-sofas-sectionals/reclining-sofas/joel-power-reclining-sofa-w-headrest/R-U44761,C175474,Brownstone,Kemet,2869.0, 
reclining-sofas,Joel Power Reclining Sofa w/ Headrest,/p/sofas-sectionals/reclining-sofas-sectionals/reclining-sofas/joel-power-reclining-sofa-w-headrest/R-U44761,C175432,Sand,Kemet,2869.0, 
reclining-sofas,Joel Power Reclining Sofa w/ Headrest,/p/sofas-sectionals/reclining-sofas-sectionals/reclining-sofas/joel-power-reclining-sofa-w-headrest/R-U44761,C175486,Slate,Kemet,2869.0, 
reclining-sofas,Joel Power Reclining Sofa w/ Headrest,/p/sofas-sectionals/reclining-sofas-sectionals/reclining-sofas/joel-power-reclining-sofa-w-headrest/R-U44761,C165972,Taupe,McKittrick,4359.0, 
reclining-sofas,Joel Power Reclining Sofa w/ Headrest,/p/sofas-sectionals/reclining-sofas-sectionals/reclining-sofas/joel-power-reclining-sofa-w-headrest/R-U44761,C165962,Smoke,McKittrick,4359.0, 
reclining-sofas,Joel Power Reclining Sofa w/ Headrest,/p/sofas-sectionals/reclining-sofas-sectionals/reclining-sofas/joel-power-reclining-sofa-w-headrest/R-U44761,C186086,Lake,Persia,4359.0, 
reclining-sofas,Colby duo® Reclining Sofa,/p/sofas-sectionals/reclining-sofas-sectionals/reclining-sofas/colby-duo-reclining-sofa/R-P91893,C170033,Oyster,Nico,3419.0, 
reclining-sofas,Colby duo® Reclining Sofa,/p/sofas-sectionals/reclining-sofas-sectionals/reclining-sofas/colby-duo-reclining-sofa/R-P91893,DL159665,Clay,Titan,8969.0, 
reclining-sofas,Colby duo® Reclining Sofa,/p/sofas-sectionals/reclining-sofas-sectionals/reclining-sofas/colby-duo-reclining-sofa/R-P91893,DL159674,Cinnamon,Titan,8969.0, 
reclining-sofas,Colby duo® Reclining Sofa,/p/sofas-sectionals/reclining-sofas-sectionals/reclining-sofas/colby-duo-reclining-sofa/R-P91893,DL159658,Charcoal,Titan,8969.0, 
reclining-sofas,Colby duo® Reclining Sofa,/p/sofas-sectionals/reclining-sofas-sectionals/reclining-sofas/colby-duo-reclining-sofa/R-P91893,J182118,Spice,Houston,5629.0, 
reclining-sofas,Colby duo® Reclining Sofa,/p/sofas-sectionals/reclining-sofas-sectionals/reclining-sofas/colby-duo-reclining-sofa/R-P91893,DL159651,Platinum,Titan,8969.0, 
reclining-sofas,Colby duo® Reclining Sofa,/p/sofas-sectionals/reclining-sofas-sectionals/reclining-sofas/colby-duo-reclining-sofa/R-P91893,DL159557,Charcoal,Montana,8969.0, 
reclining-sofas,Joel Power Reclining Sofa w/ Headrest & Lumbar,/p/sofas-sectionals/reclining-sofas-sectionals/reclining-sofas/joel-power-reclining-sofa-w-headrest-lumbar/R-X44761,B153808,Burgundy,Seamount,3229.0, 
reclining-sofas,Joel Power Reclining Sofa w/ Headrest & Lumbar,/p/sofas-sectionals/reclining-sofas-sectionals/reclining-sofas/joel-power-reclining-sofa-w-headrest-lumbar/R-X44761,B180852,Stone,Social Club,3229.0, 
reclining-sofas,Joel Power Reclining Sofa w/ Headrest & Lumbar,/p/sofas-sectionals/reclining-sofas-sectionals/reclining-sofas/joel-power-reclining-sofa-w-headrest-lumbar/R-X44761,B180857,Charcoal,Social Club,3229.0, 
reclining-sofas,Joel Power Reclining Sofa w/ Headrest & Lumbar,/p/sofas-sectionals/reclining-sofas-sectionals/reclining-sofas/joel-power-reclining-sofa-w-headrest-lumbar/R-X44761,B180868,Pewter,Social Club,3229.0, 
reclining-sofas,Joel Power Reclining Sofa w/ Headrest & Lumbar,/p/sofas-sectionals/reclining-sofas-sectionals/reclining-sofas/joel-power-reclining-sofa-w-headrest-lumbar/R-X44761,B180872,Chalk,Social Club,3229.0, 
reclining-sofas,Joel Power Reclining Sofa w/ Headrest & Lumbar,/p/sofas-sectionals/reclining-sofas-sectionals/reclining-sofas/joel-power-reclining-sofa-w-headrest-lumbar/R-X44761,B180876,Cocoa,Social Club,3229.0, 
reclining-sofas,Cassian Power Reclining Sofa w/ Headrest & Lumbar,/p/sofas-sectionals/reclining-sofas-sectionals/reclining-sofas/cassian-power-reclining-sofa-w-headrest-lumbar/R-X44802,B153808,Burgundy,Seamount,3289.0, 
reclining-sofas,Cassian Power Reclining Sofa w/ Headrest & Lumbar,/p/sofas-sectionals/reclining-sofas-sectionals/reclining-sofas/cassian-power-reclining-sofa-w-headrest-lumbar/R-X44802,D203432,Sand,Doritt,3289.0, 
reclining-sofas,Cassian Power Reclining Sofa w/ Headrest & Lumbar,/p/sofas-sectionals/reclining-sofas-sectionals/reclining-sofas/cassian-power-reclining-sofa-w-headrest-lumbar/R-X44802,D203436,Birch,Doritt,3289.0, 
reclining-sofas,Cassian Power Reclining Sofa w/ Headrest & Lumbar,/p/sofas-sectionals/reclining-sofas-sectionals/reclining-sofas/cassian-power-reclining-sofa-w-headrest-lumbar/R-X44802,D203454,Charcoal,Doritt,3289.0, 
reclining-sofas,Cassian Power Reclining Sofa w/ Headrest & Lumbar,/p/sofas-sectionals/reclining-sofas-sectionals/reclining-sofas/cassian-power-reclining-sofa-w-headrest-lumbar/R-X44802,D203475,Suede,Doritt,3289.0, 
reclining-sofas,Cassian Power Reclining Sofa w/ Headrest & Lumbar,/p/sofas-sectionals/reclining-sofas-sectionals/reclining-sofas/cassian-power-reclining-sofa-w-headrest-lumbar/R-X44802,D203478,Teak,Doritt,3289.0, 
reclining-sofas,Cassian Power Reclining Sofa w/ Headrest & Lumbar,/p/sofas-sectionals/reclining-sofas-sectionals/reclining-sofas/cassian-power-reclining-sofa-w-headrest-lumbar/R-X44802,LB206278,Walnut,Clifton,4589.0, 
reclining-sofas,Trouper Reclining Sofa,/p/sofas-sectionals/reclining-sofas-sectionals/reclining-sofas/trouper-reclining-sofa/R-444724,D212432,Antique,,2659.0, 
reclining-sofas,Trouper Reclining Sofa,/p/sofas-sectionals/reclining-sofas-sectionals/reclining-sofas/trouper-reclining-sofa/R-444724,E153767,Mink,i-Northwest,2699.0, 
reclining-sofas,Trouper Reclining Sofa,/p/sofas-sectionals/reclining-sofas-sectionals/reclining-sofas/trouper-reclining-sofa/R-444724,E153758,Ink,i-Northwest,2699.0, 
reclining-sofas,Trouper Reclining Sofa,/p/sofas-sectionals/reclining-sofas-sectionals/reclining-sofas/trouper-reclining-sofa/R-444724,E153775,Whiskey,i-Northwest,2699.0, 
reclining-sofas,Trouper Reclining Sofa,/p/sofas-sectionals/reclining-sofas-sectionals/reclining-sofas/trouper-reclining-sofa/R-444724,E153765,Sable,i-Northwest,2699.0, 
reclining-sofas,Trouper Reclining Sofa,/p/sofas-sectionals/reclining-sofas-sectionals/reclining-sofas/trouper-reclining-sofa/R-444724,E153732,Stucco,i-Northwest,2699.0, 
reclining-sofas,Trouper Reclining Sofa,/p/sofas-sectionals/reclining-sofas-sectionals/reclining-sofas/trouper-reclining-sofa/R-444724,E153755,Charcoal,i-Northwest,2699.0, 
reclining-sofas,Dutton Power Reclining Sofa w/ Headrest,/p/sofas-sectionals/reclining-sofas-sectionals/reclining-sofas/dutton-power-reclining-sofa-w-headrest/R-U44828,C212152,Mineral,,4549.0, 
reclining-sofas,Dutton Power Reclining Sofa w/ Headrest,/p/sofas-sectionals/reclining-sofas-sectionals/reclining-sofas/dutton-power-reclining-sofa-w-headrest/R-U44828,C212171,Flax,,4549.0, 
reclining-sofas,Dutton Power Reclining Sofa w/ Headrest,/p/sofas-sectionals/reclining-sofas-sectionals/reclining-sofas/dutton-power-reclining-sofa-w-headrest/R-U44828,C212174,Sandstone,,4549.0, 
reclining-sofas,Dutton Power Reclining Sofa w/ Headrest,/p/sofas-sectionals/reclining-sofas-sectionals/reclining-sofas/dutton-power-reclining-sofa-w-headrest/R-U44828,C212167,Flint,,4549.0, 
reclining-sofas,Dutton Power Reclining Sofa w/ Headrest,/p/sofas-sectionals/reclining-sofas-sectionals/reclining-sofas/dutton-power-reclining-sofa-w-headrest/R-U44828,C212181,Spa,,4549.0, 
reclining-sofas,Dutton Power Reclining Sofa w/ Headrest,/p/sofas-sectionals/reclining-sofas-sectionals/reclining-sofas/dutton-power-reclining-sofa-w-headrest/R-U44828,D207119,Salsa,,4549.0, 
reclining-sectionals,Ava Reclining Modular Sectional,/p/sofas-sectionals/reclining-sofas-sectionals/reclining-sectionals/ava-reclining-modular-sectional/R-xxs769,C196532,Ivory,Nora,9733.0, 
reclining-sectionals,Ava Reclining Modular Sectional,/p/sofas-sectionals/reclining-sofas-sectionals/reclining-sectionals/ava-reclining-modular-sectional/R-xxs769,C196552,Oyster,Nora,9733.0, 
reclining-sectionals,Ava Reclining Modular Sectional,/p/sofas-sectionals/reclining-sofas-sectionals/reclining-sectionals/ava-reclining-modular-sectional/R-xxs769,C196566,Truffle,Nora,9733.0, 
reclining-sectionals,Ava Reclining Modular Sectional,/p/sofas-sectionals/reclining-sofas-sectionals/reclining-sectionals/ava-reclining-modular-sectional/R-xxs769,C196584,Harbor,Nora,9733.0, 
reclining-sectionals,Ava Reclining Modular Sectional,/p/sofas-sectionals/reclining-sofas-sectionals/reclining-sectionals/ava-reclining-modular-sectional/R-xxs769,D197052,Whisper,Marteon,9733.0, 
reclining-sectionals,Ava Reclining Modular Sectional,/p/sofas-sectionals/reclining-sofas-sectionals/reclining-sectionals/ava-reclining-modular-sectional/R-xxs769,D197056,Onyx,Marteon,9733.0, 
reclining-sectionals,James Reclining Modular Sectional,/p/sofas-sectionals/reclining-sofas-sectionals/reclining-sectionals/james-reclining-modular-sectional/R-xxs521,D206659,Lead,i-Kudos,10333.0, 
reclining-sectionals,James Reclining Modular Sectional,/p/sofas-sectionals/reclining-sofas-sectionals/reclining-sectionals/james-reclining-modular-sectional/R-xxs521,RE994767,Silt,Palance,16073.0, 
reclining-sectionals,James Reclining Modular Sectional,/p/sofas-sectionals/reclining-sofas-sectionals/reclining-sectionals/james-reclining-modular-sectional/R-xxs521,C181254,Stone,Damon,11983.0, 
reclining-sectionals,James Reclining Modular Sectional,/p/sofas-sectionals/reclining-sofas-sectionals/reclining-sectionals/james-reclining-modular-sectional/R-xxs521,C181233,Oyster,Damon,11983.0, 
reclining-sectionals,James Reclining Modular Sectional,/p/sofas-sectionals/reclining-sofas-sectionals/reclining-sectionals/james-reclining-modular-sectional/R-xxs521,C181262,Muslin,Damon,11983.0, 
reclining-sectionals,James Reclining Modular Sectional,/p/sofas-sectionals/reclining-sofas-sectionals/reclining-sectionals/james-reclining-modular-sectional/R-xxs521,C181286,Midnight,Damon,11983.0, 
reclining-sectionals,James Reclining Modular Sectional,/p/sofas-sectionals/reclining-sofas-sectionals/reclining-sectionals/james-reclining-modular-sectional/R-xxs521,C181257,Charcoal,Damon,11983.0, 
reclining-sectionals,Ava Reclining Corner Sectional,/p/sofas-sectionals/reclining-sofas-sectionals/reclining-sectionals/ava-reclining-corner-sectional/R-RR3769,C196532,Ivory,Nora,6127.0, 
reclining-sectionals,Ava Reclining Corner Sectional,/p/sofas-sectionals/reclining-sofas-sectionals/reclining-sectionals/ava-reclining-corner-sectional/R-RR3769,C196552,Oyster,Nora,6127.0, 
reclining-sectionals,Ava Reclining Corner Sectional,/p/sofas-sectionals/reclining-sofas-sectionals/reclining-sectionals/ava-reclining-corner-sectional/R-RR3769,C196566,Truffle,Nora,6127.0, 
reclining-sectionals,Ava Reclining Corner Sectional,/p/sofas-sectionals/reclining-sofas-sectionals/reclining-sectionals/ava-reclining-corner-sectional/R-RR3769,C196584,Harbor,Nora,6127.0, 
reclining-sectionals,Ava Reclining Corner Sectional,/p/sofas-sectionals/reclining-sofas-sectionals/reclining-sectionals/ava-reclining-corner-sectional/R-RR3769,D197052,Whisper,Marteon,6127.0, 
reclining-sectionals,Ava Reclining Corner Sectional,/p/sofas-sectionals/reclining-sofas-sectionals/reclining-sectionals/ava-reclining-corner-sectional/R-RR3769,D197056,Onyx,Marteon,6127.0, 
reclining-sectionals,James Reclining Corner Sectional,/p/sofas-sectionals/reclining-sofas-sectionals/reclining-sectionals/james-reclining-corner-sectional/R-RR3521,D206659,Lead,i-Kudos,6637.0, 
reclining-sectionals,James Reclining Corner Sectional,/p/sofas-sectionals/reclining-sofas-sectionals/reclining-sectionals/james-reclining-corner-sectional/R-RR3521,RE994767,Silt,Palance,9947.0, 
reclining-sectionals,James Reclining Corner Sectional,/p/sofas-sectionals/reclining-sofas-sectionals/reclining-sectionals/james-reclining-corner-sectional/R-RR3521,C181254,Stone,Damon,7567.0, 
reclining-sectionals,James Reclining Corner Sectional,/p/sofas-sectionals/reclining-sofas-sectionals/reclining-sectionals/james-reclining-corner-sectional/R-RR3521,C181233,Oyster,Damon,7567.0, 
reclining-sectionals,James Reclining Corner Sectional,/p/sofas-sectionals/reclining-sofas-sectionals/reclining-sectionals/james-reclining-corner-sectional/R-RR3521,C181262,Muslin,Damon,7567.0, 
reclining-sectionals,James Reclining Corner Sectional,/p/sofas-sectionals/reclining-sofas-sectionals/reclining-sectionals/james-reclining-corner-sectional/R-RR3521,C181286,Midnight,Damon,7567.0, 
reclining-sectionals,James Reclining Corner Sectional,/p/sofas-sectionals/reclining-sofas-sectionals/reclining-sectionals/james-reclining-corner-sectional/R-RR3521,C181257,Charcoal,Damon,7567.0, 
reclining-sectionals,Ava Reclining L-Shape Sectional,/p/sofas-sectionals/reclining-sofas-sectionals/reclining-sectionals/ava-reclining-l-shape-sectional/R-RL4769,C196532,Ivory,Nora,7216.0, 
reclining-sectionals,Ava Reclining L-Shape Sectional,/p/sofas-sectionals/reclining-sofas-sectionals/reclining-sectionals/ava-reclining-l-shape-sectional/R-RL4769,C196552,Oyster,Nora,7216.0, 
reclining-sectionals,Ava Reclining L-Shape Sectional,/p/sofas-sectionals/reclining-sofas-sectionals/reclining-sectionals/ava-reclining-l-shape-sectional/R-RL4769,C196566,Truffle,Nora,7216.0, 
reclining-sectionals,Ava Reclining L-Shape Sectional,/p/sofas-sectionals/reclining-sofas-sectionals/reclining-sectionals/ava-reclining-l-shape-sectional/R-RL4769,C196584,Harbor,Nora,7216.0, 
reclining-sectionals,Ava Reclining L-Shape Sectional,/p/sofas-sectionals/reclining-sofas-sectionals/reclining-sectionals/ava-reclining-l-shape-sectional/R-RL4769,D197052,Whisper,Marteon,7216.0, 
reclining-sectionals,Ava Reclining L-Shape Sectional,/p/sofas-sectionals/reclining-sofas-sectionals/reclining-sectionals/ava-reclining-l-shape-sectional/R-RL4769,D197056,Onyx,Marteon,7216.0, 
reclining-sectionals,James Reclining L-Shape Sectional,/p/sofas-sectionals/reclining-sofas-sectionals/reclining-sectionals/james-reclining-l-shape-sectional/R-RL4521,D206659,Lead,i-Kudos,7786.0, 
reclining-sectionals,James Reclining L-Shape Sectional,/p/sofas-sectionals/reclining-sofas-sectionals/reclining-sectionals/james-reclining-l-shape-sectional/R-RL4521,RE994767,Silt,Palance,11846.0, 
reclining-sectionals,James Reclining L-Shape Sectional,/p/sofas-sectionals/reclining-sofas-sectionals/reclining-sectionals/james-reclining-l-shape-sectional/R-RL4521,C181254,Stone,Damon,8946.0, 
reclining-sectionals,James Reclining L-Shape Sectional,/p/sofas-sectionals/reclining-sofas-sectionals/reclining-sectionals/james-reclining-l-shape-sectional/R-RL4521,C181233,Oyster,Damon,8946.0, 
reclining-sectionals,James Reclining L-Shape Sectional,/p/sofas-sectionals/reclining-sofas-sectionals/reclining-sectionals/james-reclining-l-shape-sectional/R-RL4521,C181262,Muslin,Damon,8946.0, 
reclining-sectionals,James Reclining L-Shape Sectional,/p/sofas-sectionals/reclining-sofas-sectionals/reclining-sectionals/james-reclining-l-shape-sectional/R-RL4521,C181286,Midnight,Damon,8946.0, 
reclining-sectionals,James Reclining L-Shape Sectional,/p/sofas-sectionals/reclining-sofas-sectionals/reclining-sectionals/james-reclining-l-shape-sectional/R-RL4521,C181257,Charcoal,Damon,8946.0, 
reclining-sectionals,Ava Reclining Sectional,/p/sofas-sectionals/reclining-sofas-sectionals/reclining-sectionals/ava-reclining-sectional/R-RH2769,C196532,Ivory,Nora,4867.0, 
reclining-sectionals,Ava Reclining Sectional,/p/sofas-sectionals/reclining-sofas-sectionals/reclining-sectionals/ava-reclining-sectional/R-RH2769,C196552,Oyster,Nora,4867.0, 
reclining-sectionals,Ava Reclining Sectional,/p/sofas-sectionals/reclining-sofas-sectionals/reclining-sectionals/ava-reclining-sectional/R-RH2769,C196566,Truffle,Nora,4867.0, 
reclining-sectionals,Ava Reclining Sectional,/p/sofas-sectionals/reclining-sofas-sectionals/reclining-sectionals/ava-reclining-sectional/R-RH2769,C196584,Harbor,Nora,4867.0, 
reclining-sectionals,Ava Reclining Sectional,/p/sofas-sectionals/reclining-sofas-sectionals/reclining-sectionals/ava-reclining-sectional/R-RH2769,D197052,Whisper,Marteon,4867.0, 
reclining-sectionals,Ava Reclining Sectional,/p/sofas-sectionals/reclining-sofas-sectionals/reclining-sectionals/ava-reclining-sectional/R-RH2769,D197056,Onyx,Marteon,4867.0, 
reclining-sectionals,James Reclining Sectional,/p/sofas-sectionals/reclining-sofas-sectionals/reclining-sectionals/james-reclining-sectional/R-RH2521,D206659,Lead,i-Kudos,4548.0, 
reclining-sectionals,James Reclining Sectional,/p/sofas-sectionals/reclining-sofas-sectionals/reclining-sectionals/james-reclining-sectional/R-RH2521,RE994767,Silt,Palance,6788.0, 
reclining-sectionals,James Reclining Sectional,/p/sofas-sectionals/reclining-sofas-sectionals/reclining-sectionals/james-reclining-sectional/R-RH2521,C181254,Stone,Damon,5168.0, 
reclining-sectionals,James Reclining Sectional,/p/sofas-sectionals/reclining-sofas-sectionals/reclining-sectionals/james-reclining-sectional/R-RH2521,C181233,Oyster,Damon,5168.0, 
reclining-sectionals,James Reclining Sectional,/p/sofas-sectionals/reclining-sofas-sectionals/reclining-sectionals/james-reclining-sectional/R-RH2521,C181262,Muslin,Damon,5168.0, 
reclining-sectionals,James Reclining Sectional,/p/sofas-sectionals/reclining-sofas-sectionals/reclining-sectionals/james-reclining-sectional/R-RH2521,C181286,Midnight,Damon,5168.0, 
reclining-sectionals,James Reclining Sectional,/p/sofas-sectionals/reclining-sofas-sectionals/reclining-sectionals/james-reclining-sectional/R-RH2521,C181257,Charcoal,Damon,5168.0, 
reclining-sectionals,James Reclining Sectional w/ Storage,/p/sofas-sectionals/reclining-sofas-sectionals/reclining-sectionals/james-reclining-sectional-w-storage/R-RG3521,D206659,Lead,i-Kudos,5777.0, 
reclining-sectionals,James Reclining Sectional w/ Storage,/p/sofas-sectionals/reclining-sofas-sectionals/reclining-sectionals/james-reclining-sectional-w-storage/R-RG3521,RE994767,Silt,Palance,8527.0, 
reclining-sectionals,James Reclining Sectional w/ Storage,/p/sofas-sectionals/reclining-sofas-sectionals/reclining-sectionals/james-reclining-sectional-w-storage/R-RG3521,C181254,Stone,Damon,6507.0, 
reclining-sectionals,James Reclining Sectional w/ Storage,/p/sofas-sectionals/reclining-sofas-sectionals/reclining-sectionals/james-reclining-sectional-w-storage/R-RG3521,C181233,Oyster,Damon,6507.0, 
reclining-sectionals,James Reclining Sectional w/ Storage,/p/sofas-sectionals/reclining-sofas-sectionals/reclining-sectionals/james-reclining-sectional-w-storage/R-RG3521,C181262,Muslin,Damon,6507.0, 
reclining-sectionals,James Reclining Sectional w/ Storage,/p/sofas-sectionals/reclining-sofas-sectionals/reclining-sectionals/james-reclining-sectional-w-storage/R-RG3521,C181286,Midnight,Damon,6507.0, 
reclining-sectionals,James Reclining Sectional w/ Storage,/p/sofas-sectionals/reclining-sofas-sectionals/reclining-sectionals/james-reclining-sectional-w-storage/R-RG3521,C181257,Charcoal,Damon,6507.0, 
reclining-sectionals,Armitage Reclining Modular Sectional,/p/sofas-sectionals/reclining-sofas-sectionals/reclining-sectionals/armitage-reclining-modular-sectional/R-xxs812,D207231,Natural,,10343.0, 
reclining-sectionals,Armitage Reclining Modular Sectional,/p/sofas-sectionals/reclining-sofas-sectionals/reclining-sectionals/armitage-reclining-modular-sectional/R-xxs812,E204023,Moss,i-Gellar,10343.0, 
reclining-sectionals,Armitage Reclining Modular Sectional,/p/sofas-sectionals/reclining-sofas-sectionals/reclining-sectionals/armitage-reclining-modular-sectional/R-xxs812,E204031,Cotton,i-Gellar,10343.0, 
reclining-sectionals,Armitage Reclining Modular Sectional,/p/sofas-sectionals/reclining-sofas-sectionals/reclining-sectionals/armitage-reclining-modular-sectional/R-xxs812,E204052,Granite,i-Gellar,10343.0, 
reclining-sectionals,Armitage Reclining Modular Sectional,/p/sofas-sectionals/reclining-sofas-sectionals/reclining-sectionals/armitage-reclining-modular-sectional/R-xxs812,E204062,Marble,i-Gellar,10343.0, 
reclining-sectionals,Armitage Reclining Modular Sectional,/p/sofas-sectionals/reclining-sofas-sectionals/reclining-sectionals/armitage-reclining-modular-sectional/R-xxs812,E204078,Earth,i-Gellar,10343.0, 
reclining-sectionals,Armitage Reclining Modular Sectional,/p/sofas-sectionals/reclining-sofas-sectionals/reclining-sectionals/armitage-reclining-modular-sectional/R-xxs812,LB206032,Ivory,Sutton,12273.0, 
reclining-sectionals,Acadia Reclining Modular Sectional,/p/sofas-sectionals/reclining-sofas-sectionals/reclining-sectionals/acadia-reclining-modular-sectional/R-xxs811,D207432,Ecru,,10464.0, 
reclining-sectionals,Acadia Reclining Modular Sectional,/p/sofas-sectionals/reclining-sofas-sectionals/reclining-sectionals/acadia-reclining-modular-sectional/R-xxs811,D207451,Oyster,,10464.0, 
reclining-sectionals,Acadia Reclining Modular Sectional,/p/sofas-sectionals/reclining-sofas-sectionals/reclining-sectionals/acadia-reclining-modular-sectional/R-xxs811,D207460,Porcelain,,10464.0, 
reclining-sectionals,Acadia Reclining Modular Sectional,/p/sofas-sectionals/reclining-sofas-sectionals/reclining-sectionals/acadia-reclining-modular-sectional/R-xxs811,D207478,Fossil,,10464.0, 
reclining-sectionals,Acadia Reclining Modular Sectional,/p/sofas-sectionals/reclining-sofas-sectionals/reclining-sectionals/acadia-reclining-modular-sectional/R-xxs811,D207480,Lotus,,10464.0, 
reclining-sectionals,Acadia Reclining Modular Sectional,/p/sofas-sectionals/reclining-sofas-sectionals/reclining-sectionals/acadia-reclining-modular-sectional/R-xxs811,D207486,Navy,,10464.0, 
reclining-sectionals,Palmer Reclining Modular Sectional,/p/sofas-sectionals/reclining-sofas-sectionals/reclining-sectionals/palmer-reclining-modular-sectional/R-xxs800,B180852,Stone,Social Club,9713.0, 
reclining-sectionals,Palmer Reclining Modular Sectional,/p/sofas-sectionals/reclining-sofas-sectionals/reclining-sectionals/palmer-reclining-modular-sectional/R-xxs800,B180857,Charcoal,Social Club,9713.0, 
reclining-sectionals,Palmer Reclining Modular Sectional,/p/sofas-sectionals/reclining-sofas-sectionals/reclining-sectionals/palmer-reclining-modular-sectional/R-xxs800,B180868,Pewter,Social Club,9713.0, 
reclining-sectionals,Palmer Reclining Modular Sectional,/p/sofas-sectionals/reclining-sofas-sectionals/reclining-sectionals/palmer-reclining-modular-sectional/R-xxs800,B180872,Chalk,Social Club,9713.0, 
reclining-sectionals,Palmer Reclining Modular Sectional,/p/sofas-sectionals/reclining-sofas-sectionals/reclining-sectionals/palmer-reclining-modular-sectional/R-xxs800,B180876,Cocoa,Social Club,9713.0, 
reclining-sectionals,Maddox Reclining Modular Sectional,/p/sofas-sectionals/reclining-sofas-sectionals/reclining-sectionals/maddox-reclining-modular-sectional/R-xxs759,D202732,Buff,i-Weekend,10643.0, 
reclining-sectionals,Maddox Reclining Modular Sectional,/p/sofas-sectionals/reclining-sofas-sectionals/reclining-sectionals/maddox-reclining-modular-sectional/R-xxs759,C194533,Pearl,Cordance,12303.0, 
reclining-sectionals,Maddox Reclining Modular Sectional,/p/sofas-sectionals/reclining-sofas-sectionals/reclining-sectionals/maddox-reclining-modular-sectional/R-xxs759,C194554,Pebble,Cordance,12303.0, 
reclining-sectionals,Maddox Reclining Modular Sectional,/p/sofas-sectionals/reclining-sofas-sectionals/reclining-sectionals/maddox-reclining-modular-sectional/R-xxs759,C194572,Driftwood,Cordance,12303.0, 
reclining-sectionals,Maddox Reclining Modular Sectional,/p/sofas-sectionals/reclining-sofas-sectionals/reclining-sectionals/maddox-reclining-modular-sectional/R-xxs759,C194577,Chocolate,Cordance,12303.0, 
reclining-sectionals,Maddox Reclining Modular Sectional,/p/sofas-sectionals/reclining-sofas-sectionals/reclining-sectionals/maddox-reclining-modular-sectional/R-xxs759,D185553,Fossil,i-Rivers,10823.0, 
reclining-sectionals,Maddox Reclining Modular Sectional,/p/sofas-sectionals/reclining-sofas-sectionals/reclining-sectionals/maddox-reclining-modular-sectional/R-xxs759,D185575,Camel,i-Rivers,10823.0, 
reclining-sectionals,Trouper Reclining Modular Sectional,/p/sofas-sectionals/reclining-sofas-sectionals/reclining-sectionals/trouper-reclining-modular-sectional/R-xxs724,D212432,Antique,,9853.0, 
reclining-sectionals,Trouper Reclining Modular Sectional,/p/sofas-sectionals/reclining-sofas-sectionals/reclining-sectionals/trouper-reclining-modular-sectional/R-xxs724,E153767,Mink,i-Northwest,10013.0, 
reclining-sectionals,Trouper Reclining Modular Sectional,/p/sofas-sectionals/reclining-sofas-sectionals/reclining-sectionals/trouper-reclining-modular-sectional/R-xxs724,E153758,Ink,i-Northwest,10013.0, 
reclining-sectionals,Trouper Reclining Modular Sectional,/p/sofas-sectionals/reclining-sofas-sectionals/reclining-sectionals/trouper-reclining-modular-sectional/R-xxs724,E153775,Whiskey,i-Northwest,10013.0, 
reclining-sectionals,Trouper Reclining Modular Sectional,/p/sofas-sectionals/reclining-sofas-sectionals/reclining-sectionals/trouper-reclining-modular-sectional/R-xxs724,E153765,Sable,i-Northwest,10013.0, 
reclining-sectionals,Trouper Reclining Modular Sectional,/p/sofas-sectionals/reclining-sofas-sectionals/reclining-sectionals/trouper-reclining-modular-sectional/R-xxs724,E153732,Stucco,i-Northwest,10013.0, 
reclining-sectionals,Trouper Reclining Modular Sectional,/p/sofas-sectionals/reclining-sofas-sectionals/reclining-sectionals/trouper-reclining-modular-sectional/R-xxs724,E153755,Charcoal,i-Northwest,10013.0, 
reclining-sectionals,Palmer Reclining U-Shape Sectional w/ Storage,/p/sofas-sectionals/reclining-sofas-sectionals/reclining-sectionals/palmer-reclining-u-shape-sectional-w-storage/R-RU1800,B180852,Stone,Social Club,12870.0, 
reclining-sectionals,Palmer Reclining U-Shape Sectional w/ Storage,/p/sofas-sectionals/reclining-sofas-sectionals/reclining-sectionals/palmer-reclining-u-shape-sectional-w-storage/R-RU1800,B180857,Charcoal,Social Club,12870.0, 
reclining-sectionals,Palmer Reclining U-Shape Sectional w/ Storage,/p/sofas-sectionals/reclining-sofas-sectionals/reclining-sectionals/palmer-reclining-u-shape-sectional-w-storage/R-RU1800,B180868,Pewter,Social Club,12870.0, 
reclining-sectionals,Palmer Reclining U-Shape Sectional w/ Storage,/p/sofas-sectionals/reclining-sofas-sectionals/reclining-sectionals/palmer-reclining-u-shape-sectional-w-storage/R-RU1800,B180872,Chalk,Social Club,12870.0, 
reclining-sectionals,Palmer Reclining U-Shape Sectional w/ Storage,/p/sofas-sectionals/reclining-sofas-sectionals/reclining-sectionals/palmer-reclining-u-shape-sectional-w-storage/R-RU1800,B180876,Cocoa,Social Club,12870.0, 
reclining-sectionals,Maddox Reclining U-Shape Sectional w/ Storage,/p/sofas-sectionals/reclining-sofas-sectionals/reclining-sectionals/maddox-reclining-u-shape-sectional-w-storage/R-RU1759,D202732,Buff,i-Weekend,14110.0, 
reclining-sectionals,Maddox Reclining U-Shape Sectional w/ Storage,/p/sofas-sectionals/reclining-sofas-sectionals/reclining-sectionals/maddox-reclining-u-shape-sectional-w-storage/R-RU1759,C194533,Pearl,Cordance,16330.0, 
reclining-sectionals,Maddox Reclining U-Shape Sectional w/ Storage,/p/sofas-sectionals/reclining-sofas-sectionals/reclining-sectionals/maddox-reclining-u-shape-sectional-w-storage/R-RU1759,C194554,Pebble,Cordance,16330.0, 
reclining-sectionals,Maddox Reclining U-Shape Sectional w/ Storage,/p/sofas-sectionals/reclining-sofas-sectionals/reclining-sectionals/maddox-reclining-u-shape-sectional-w-storage/R-RU1759,C194572,Driftwood,Cordance,16330.0, 
reclining-sectionals,Maddox Reclining U-Shape Sectional w/ Storage,/p/sofas-sectionals/reclining-sofas-sectionals/reclining-sectionals/maddox-reclining-u-shape-sectional-w-storage/R-RU1759,C194577,Chocolate,Cordance,16330.0, 
reclining-sectionals,Maddox Reclining U-Shape Sectional w/ Storage,/p/sofas-sectionals/reclining-sofas-sectionals/reclining-sectionals/maddox-reclining-u-shape-sectional-w-storage/R-RU1759,D185553,Fossil,i-Rivers,14350.0, 
reclining-sectionals,Maddox Reclining U-Shape Sectional w/ Storage,/p/sofas-sectionals/reclining-sofas-sectionals/reclining-sectionals/maddox-reclining-u-shape-sectional-w-storage/R-RU1759,D185575,Camel,i-Rivers,14350.0, 
reclining-sectionals,Armitage Reclining Corner Sectional,/p/sofas-sectionals/reclining-sofas-sectionals/reclining-sectionals/armitage-reclining-corner-sectional/R-RR5812,D207231,Natural,,7915.0, 
reclining-sectionals,Armitage Reclining Corner Sectional,/p/sofas-sectionals/reclining-sofas-sectionals/reclining-sectionals/armitage-reclining-corner-sectional/R-RR5812,E204023,Moss,i-Gellar,7915.0, 
reclining-sectionals,Armitage Reclining Corner Sectional,/p/sofas-sectionals/reclining-sofas-sectionals/reclining-sectionals/armitage-reclining-corner-sectional/R-RR5812,E204031,Cotton,i-Gellar,7915.0, 
reclining-sectionals,Armitage Reclining Corner Sectional,/p/sofas-sectionals/reclining-sofas-sectionals/reclining-sectionals/armitage-reclining-corner-sectional/R-RR5812,E204052,Granite,i-Gellar,7915.0, 
reclining-sectionals,Armitage Reclining Corner Sectional,/p/sofas-sectionals/reclining-sofas-sectionals/reclining-sectionals/armitage-reclining-corner-sectional/R-RR5812,E204062,Marble,i-Gellar,7915.0, 
reclining-sectionals,Armitage Reclining Corner Sectional,/p/sofas-sectionals/reclining-sofas-sectionals/reclining-sectionals/armitage-reclining-corner-sectional/R-RR5812,E204078,Earth,i-Gellar,7915.0, 
reclining-sectionals,Armitage Reclining Corner Sectional,/p/sofas-sectionals/reclining-sofas-sectionals/reclining-sectionals/armitage-reclining-corner-sectional/R-RR5812,LB206032,Ivory,Sutton,9345.0, 
reclining-sectionals,Acadia Reclining Corner Sectional,/p/sofas-sectionals/reclining-sofas-sectionals/reclining-sectionals/acadia-reclining-corner-sectional/R-RR3811,D207432,Ecru,,9185.0, 
reclining-sectionals,Acadia Reclining Corner Sectional,/p/sofas-sectionals/reclining-sofas-sectionals/reclining-sectionals/acadia-reclining-corner-sectional/R-RR3811,D207451,Oyster,,9185.0, 
reclining-sectionals,Acadia Reclining Corner Sectional,/p/sofas-sectionals/reclining-sofas-sectionals/reclining-sectionals/acadia-reclining-corner-sectional/R-RR3811,D207460,Porcelain,,9185.0, 
reclining-sectionals,Acadia Reclining Corner Sectional,/p/sofas-sectionals/reclining-sofas-sectionals/reclining-sectionals/acadia-reclining-corner-sectional/R-RR3811,D207478,Fossil,,9185.0, 
reclining-sectionals,Acadia Reclining Corner Sectional,/p/sofas-sectionals/reclining-sofas-sectionals/reclining-sectionals/acadia-reclining-corner-sectional/R-RR3811,D207480,Lotus,,9185.0, 
reclining-sectionals,Acadia Reclining Corner Sectional,/p/sofas-sectionals/reclining-sofas-sectionals/reclining-sectionals/acadia-reclining-corner-sectional/R-RR3811,D207486,Navy,,9185.0, 
reclining-sectionals,Trouper Reclining Corner Sectional,/p/sofas-sectionals/reclining-sofas-sectionals/reclining-sectionals/trouper-reclining-corner-sectional/R-RR3724,D212432,Antique,,6637.0, 
reclining-sectionals,Trouper Reclining Corner Sectional,/p/sofas-sectionals/reclining-sofas-sectionals/reclining-sectionals/trouper-reclining-corner-sectional/R-RR3724,E153767,Mink,i-Northwest,6757.0, 
reclining-sectionals,Trouper Reclining Corner Sectional,/p/sofas-sectionals/reclining-sofas-sectionals/reclining-sectionals/trouper-reclining-corner-sectional/R-RR3724,E153758,Ink,i-Northwest,6757.0, 
reclining-sectionals,Trouper Reclining Corner Sectional,/p/sofas-sectionals/reclining-sofas-sectionals/reclining-sectionals/trouper-reclining-corner-sectional/R-RR3724,E153775,Whiskey,i-Northwest,6757.0, 
reclining-sectionals,Trouper Reclining Corner Sectional,/p/sofas-sectionals/reclining-sofas-sectionals/reclining-sectionals/trouper-reclining-corner-sectional/R-RR3724,E153765,Sable,i-Northwest,6757.0, 
reclining-sectionals,Trouper Reclining Corner Sectional,/p/sofas-sectionals/reclining-sofas-sectionals/reclining-sectionals/trouper-reclining-corner-sectional/R-RR3724,E153732,Stucco,i-Northwest,6757.0, 
reclining-sectionals,Trouper Reclining Corner Sectional,/p/sofas-sectionals/reclining-sofas-sectionals/reclining-sectionals/trouper-reclining-corner-sectional/R-RR3724,E153755,Charcoal,i-Northwest,6757.0, 
reclining-sectionals,Palmer Reclining Corner Chaise Sectional w/ Storage,/p/sofas-sectionals/reclining-sofas-sectionals/reclining-sectionals/palmer-reclining-corner-chaise-sectional-w-storage/R-RN7800,B180852,Stone,Social Club,9163.0, 
reclining-sectionals,Palmer Reclining Corner Chaise Sectional w/ Storage,/p/sofas-sectionals/reclining-sofas-sectionals/reclining-sectionals/palmer-reclining-corner-chaise-sectional-w-storage/R-RN7800,B180857,Charcoal,Social Club,9163.0, 
reclining-sectionals,Palmer Reclining Corner Chaise Sectional w/ Storage,/p/sofas-sectionals/reclining-sofas-sectionals/reclining-sectionals/palmer-reclining-corner-chaise-sectional-w-storage/R-RN7800,B180868,Pewter,Social Club,9163.0, 
reclining-sectionals,Palmer Reclining Corner Chaise Sectional w/ Storage,/p/sofas-sectionals/reclining-sofas-sectionals/reclining-sectionals/palmer-reclining-corner-chaise-sectional-w-storage/R-RN7800,B180872,Chalk,Social Club,9163.0, 
reclining-sectionals,Palmer Reclining Corner Chaise Sectional w/ Storage,/p/sofas-sectionals/reclining-sofas-sectionals/reclining-sectionals/palmer-reclining-corner-chaise-sectional-w-storage/R-RN7800,B180876,Cocoa,Social Club,9163.0, 
reclining-sectionals,Maddox Reclining Corner Chaise Sectional w/ Storage,/p/sofas-sectionals/reclining-sofas-sectionals/reclining-sectionals/maddox-reclining-corner-chaise-sectional-w-storage/R-RN7759,D202732,Buff,i-Weekend,10433.0, 
reclining-sectionals,Maddox Reclining Corner Chaise Sectional w/ Storage,/p/sofas-sectionals/reclining-sofas-sectionals/reclining-sectionals/maddox-reclining-corner-chaise-sectional-w-storage/R-RN7759,C194533,Pearl,Cordance,12093.0, 
reclining-sectionals,Maddox Reclining Corner Chaise Sectional w/ Storage,/p/sofas-sectionals/reclining-sofas-sectionals/reclining-sectionals/maddox-reclining-corner-chaise-sectional-w-storage/R-RN7759,C194554,Pebble,Cordance,12093.0, 
reclining-sectionals,Maddox Reclining Corner Chaise Sectional w/ Storage,/p/sofas-sectionals/reclining-sofas-sectionals/reclining-sectionals/maddox-reclining-corner-chaise-sectional-w-storage/R-RN7759,C194572,Driftwood,Cordance,12093.0, 
reclining-sectionals,Maddox Reclining Corner Chaise Sectional w/ Storage,/p/sofas-sectionals/reclining-sofas-sectionals/reclining-sectionals/maddox-reclining-corner-chaise-sectional-w-storage/R-RN7759,C194577,Chocolate,Cordance,12093.0, 
reclining-sectionals,Maddox Reclining Corner Chaise Sectional w/ Storage,/p/sofas-sectionals/reclining-sofas-sectionals/reclining-sectionals/maddox-reclining-corner-chaise-sectional-w-storage/R-RN7759,D185553,Fossil,i-Rivers,10613.0, 
reclining-sectionals,Maddox Reclining Corner Chaise Sectional w/ Storage,/p/sofas-sectionals/reclining-sofas-sectionals/reclining-sectionals/maddox-reclining-corner-chaise-sectional-w-storage/R-RN7759,D185575,Camel,i-Rivers,10613.0, 
reclining-sectionals,Acadia Reclining L-Shape Sectional,/p/sofas-sectionals/reclining-sofas-sectionals/reclining-sectionals/acadia-reclining-l-shape-sectional/R-RL4811,D207432,Ecru,,10584.0, 
reclining-sectionals,Acadia Reclining L-Shape Sectional,/p/sofas-sectionals/reclining-sofas-sectionals/reclining-sectionals/acadia-reclining-l-shape-sectional/R-RL4811,D207451,Oyster,,10584.0, 
reclining-sectionals,Acadia Reclining L-Shape Sectional,/p/sofas-sectionals/reclining-sofas-sectionals/reclining-sectionals/acadia-reclining-l-shape-sectional/R-RL4811,D207460,Porcelain,,10584.0, 
reclining-sectionals,Acadia Reclining L-Shape Sectional,/p/sofas-sectionals/reclining-sofas-sectionals/reclining-sectionals/acadia-reclining-l-shape-sectional/R-RL4811,D207478,Fossil,,10584.0, 
reclining-sectionals,Acadia Reclining L-Shape Sectional,/p/sofas-sectionals/reclining-sofas-sectionals/reclining-sectionals/acadia-reclining-l-shape-sectional/R-RL4811,D207480,Lotus,,10584.0, 
reclining-sectionals,Acadia Reclining L-Shape Sectional,/p/sofas-sectionals/reclining-sofas-sectionals/reclining-sectionals/acadia-reclining-l-shape-sectional/R-RL4811,D207486,Navy,,10584.0, 
reclining-sectionals,Trouper Reclining L-Shape Sectional,/p/sofas-sectionals/reclining-sofas-sectionals/reclining-sectionals/trouper-reclining-l-shape-sectional/R-RL4724,D212432,Antique,,7786.0, 
reclining-sectionals,Trouper Reclining L-Shape Sectional,/p/sofas-sectionals/reclining-sofas-sectionals/reclining-sectionals/trouper-reclining-l-shape-sectional/R-RL4724,E153767,Mink,i-Northwest,7926.0, 
reclining-sectionals,Trouper Reclining L-Shape Sectional,/p/sofas-sectionals/reclining-sofas-sectionals/reclining-sectionals/trouper-reclining-l-shape-sectional/R-RL4724,E153758,Ink,i-Northwest,7926.0, 
reclining-sectionals,Trouper Reclining L-Shape Sectional,/p/sofas-sectionals/reclining-sofas-sectionals/reclining-sectionals/trouper-reclining-l-shape-sectional/R-RL4724,E153775,Whiskey,i-Northwest,7926.0, 
reclining-sectionals,Trouper Reclining L-Shape Sectional,/p/sofas-sectionals/reclining-sofas-sectionals/reclining-sectionals/trouper-reclining-l-shape-sectional/R-RL4724,E153765,Sable,i-Northwest,7926.0, 
reclining-sectionals,Trouper Reclining L-Shape Sectional,/p/sofas-sectionals/reclining-sofas-sectionals/reclining-sectionals/trouper-reclining-l-shape-sectional/R-RL4724,E153732,Stucco,i-Northwest,7926.0, 
reclining-sectionals,Trouper Reclining L-Shape Sectional,/p/sofas-sectionals/reclining-sofas-sectionals/reclining-sectionals/trouper-reclining-l-shape-sectional/R-RL4724,E153755,Charcoal,i-Northwest,7926.0, 
reclining-sectionals,Palmer Reclining Sectional,/p/sofas-sectionals/reclining-sofas-sectionals/reclining-sectionals/palmer-reclining-sectional/R-RH3800,B180852,Stone,Social Club,4567.0, 
reclining-sectionals,Palmer Reclining Sectional,/p/sofas-sectionals/reclining-sofas-sectionals/reclining-sectionals/palmer-reclining-sectional/R-RH3800,B180857,Charcoal,Social Club,4567.0, 
reclining-sectionals,Palmer Reclining Sectional,/p/sofas-sectionals/reclining-sofas-sectionals/reclining-sectionals/palmer-reclining-sectional/R-RH3800,B180868,Pewter,Social Club,4567.0, 
reclining-sectionals,Palmer Reclining Sectional,/p/sofas-sectionals/reclining-sofas-sectionals/reclining-sectionals/palmer-reclining-sectional/R-RH3800,B180872,Chalk,Social Club,4567.0, 
reclining-sectionals,Palmer Reclining Sectional,/p/sofas-sectionals/reclining-sofas-sectionals/reclining-sectionals/palmer-reclining-sectional/R-RH3800,B180876,Cocoa,Social Club,4567.0, 
reclining-sectionals,Maddox Reclining Sectional,/p/sofas-sectionals/reclining-sofas-sectionals/reclining-sectionals/maddox-reclining-sectional/R-RH3759,D202732,Buff,i-Weekend,5157.0, 
reclining-sectionals,Maddox Reclining Sectional,/p/sofas-sectionals/reclining-sofas-sectionals/reclining-sectionals/maddox-reclining-sectional/R-RH3759,C194533,Pearl,Cordance,5937.0, 
reclining-sectionals,Maddox Reclining Sectional,/p/sofas-sectionals/reclining-sofas-sectionals/reclining-sectionals/maddox-reclining-sectional/R-RH3759,C194554,Pebble,Cordance,5937.0, 
reclining-sectionals,Maddox Reclining Sectional,/p/sofas-sectionals/reclining-sofas-sectionals/reclining-sectionals/maddox-reclining-sectional/R-RH3759,C194572,Driftwood,Cordance,5937.0, 
reclining-sectionals,Maddox Reclining Sectional,/p/sofas-sectionals/reclining-sofas-sectionals/reclining-sectionals/maddox-reclining-sectional/R-RH3759,C194577,Chocolate,Cordance,5937.0, 
reclining-sectionals,Maddox Reclining Sectional,/p/sofas-sectionals/reclining-sofas-sectionals/reclining-sectionals/maddox-reclining-sectional/R-RH3759,D185553,Fossil,i-Rivers,5237.0, 
reclining-sectionals,Maddox Reclining Sectional,/p/sofas-sectionals/reclining-sofas-sectionals/reclining-sectionals/maddox-reclining-sectional/R-RH3759,D185575,Camel,i-Rivers,5237.0, 
reclining-sectionals,Acadia Reclining Sectional,/p/sofas-sectionals/reclining-sofas-sectionals/reclining-sectionals/acadia-reclining-sectional/R-RH2811,D207432,Ecru,,6077.0, 
reclining-sectionals,Acadia Reclining Sectional,/p/sofas-sectionals/reclining-sofas-sectionals/reclining-sectionals/acadia-reclining-sectional/R-RH2811,D207451,Oyster,,6077.0, 
reclining-sectionals,Acadia Reclining Sectional,/p/sofas-sectionals/reclining-sofas-sectionals/reclining-sectionals/acadia-reclining-sectional/R-RH2811,D207460,Porcelain,,6077.0, 
reclining-sectionals,Acadia Reclining Sectional,/p/sofas-sectionals/reclining-sofas-sectionals/reclining-sectionals/acadia-reclining-sectional/R-RH2811,D207478,Fossil,,6077.0, 
reclining-sectionals,Acadia Reclining Sectional,/p/sofas-sectionals/reclining-sofas-sectionals/reclining-sectionals/acadia-reclining-sectional/R-RH2811,D207480,Lotus,,6077.0, 
reclining-sectionals,Acadia Reclining Sectional,/p/sofas-sectionals/reclining-sofas-sectionals/reclining-sectionals/acadia-reclining-sectional/R-RH2811,D207486,Navy,,6077.0, 
reclining-sectionals,Trouper Reclining Sectional,/p/sofas-sectionals/reclining-sofas-sectionals/reclining-sectionals/trouper-reclining-sectional/R-RH2724,D212432,Antique,,4548.0, 
reclining-sectionals,Trouper Reclining Sectional,/p/sofas-sectionals/reclining-sofas-sectionals/reclining-sectionals/trouper-reclining-sectional/R-RH2724,E153767,Mink,i-Northwest,4628.0, 
reclining-sectionals,Trouper Reclining Sectional,/p/sofas-sectionals/reclining-sofas-sectionals/reclining-sectionals/trouper-reclining-sectional/R-RH2724,E153758,Ink,i-Northwest,4628.0, 
reclining-sectionals,Trouper Reclining Sectional,/p/sofas-sectionals/reclining-sofas-sectionals/reclining-sectionals/trouper-reclining-sectional/R-RH2724,E153775,Whiskey,i-Northwest,4628.0, 
reclining-sectionals,Trouper Reclining Sectional,/p/sofas-sectionals/reclining-sofas-sectionals/reclining-sectionals/trouper-reclining-sectional/R-RH2724,E153765,Sable,i-Northwest,4628.0, 
reclining-sectionals,Trouper Reclining Sectional,/p/sofas-sectionals/reclining-sofas-sectionals/reclining-sectionals/trouper-reclining-sectional/R-RH2724,E153732,Stucco,i-Northwest,4628.0, 
reclining-sectionals,Trouper Reclining Sectional,/p/sofas-sectionals/reclining-sofas-sectionals/reclining-sectionals/trouper-reclining-sectional/R-RH2724,E153755,Charcoal,i-Northwest,4628.0, 
reclining-sectionals,Acadia Reclining Sectional w/ Storage,/p/sofas-sectionals/reclining-sofas-sectionals/reclining-sectionals/acadia-reclining-sectional-w-storage/R-RG3811,D207432,Ecru,,7356.0, 
reclining-sectionals,Acadia Reclining Sectional w/ Storage,/p/sofas-sectionals/reclining-sofas-sectionals/reclining-sectionals/acadia-reclining-sectional-w-storage/R-RG3811,D207451,Oyster,,7356.0, 
reclining-sectionals,Acadia Reclining Sectional w/ Storage,/p/sofas-sectionals/reclining-sofas-sectionals/reclining-sectionals/acadia-reclining-sectional-w-storage/R-RG3811,D207460,Porcelain,,7356.0, 
reclining-sectionals,Acadia Reclining Sectional w/ Storage,/p/sofas-sectionals/reclining-sofas-sectionals/reclining-sectionals/acadia-reclining-sectional-w-storage/R-RG3811,D207478,Fossil,,7356.0, 
reclining-sectionals,Acadia Reclining Sectional w/ Storage,/p/sofas-sectionals/reclining-sofas-sectionals/reclining-sectionals/acadia-reclining-sectional-w-storage/R-RG3811,D207480,Lotus,,7356.0, 
reclining-sectionals,Acadia Reclining Sectional w/ Storage,/p/sofas-sectionals/reclining-sofas-sectionals/reclining-sectionals/acadia-reclining-sectional-w-storage/R-RG3811,D207486,Navy,,7356.0, 
reclining-sectionals,Trouper Reclining Sectional w/ Storage,/p/sofas-sectionals/reclining-sofas-sectionals/reclining-sectionals/trouper-reclining-sectional-w-storage/R-RG3724,D212432,Antique,,5777.0, 
reclining-sectionals,Trouper Reclining Sectional w/ Storage,/p/sofas-sectionals/reclining-sofas-sectionals/reclining-sectionals/trouper-reclining-sectional-w-storage/R-RG3724,E153767,Mink,i-Northwest,5877.0, 
reclining-sectionals,Trouper Reclining Sectional w/ Storage,/p/sofas-sectionals/reclining-sofas-sectionals/reclining-sectionals/trouper-reclining-sectional-w-storage/R-RG3724,E153758,Ink,i-Northwest,5877.0, 
reclining-sectionals,Trouper Reclining Sectional w/ Storage,/p/sofas-sectionals/reclining-sofas-sectionals/reclining-sectionals/trouper-reclining-sectional-w-storage/R-RG3724,E153775,Whiskey,i-Northwest,5877.0, 
reclining-sectionals,Trouper Reclining Sectional w/ Storage,/p/sofas-sectionals/reclining-sofas-sectionals/reclining-sectionals/trouper-reclining-sectional-w-storage/R-RG3724,E153765,Sable,i-Northwest,5877.0, 
reclining-sectionals,Trouper Reclining Sectional w/ Storage,/p/sofas-sectionals/reclining-sofas-sectionals/reclining-sectionals/trouper-reclining-sectional-w-storage/R-RG3724,E153732,Stucco,i-Northwest,5877.0, 
reclining-sectionals,Trouper Reclining Sectional w/ Storage,/p/sofas-sectionals/reclining-sofas-sectionals/reclining-sectionals/trouper-reclining-sectional-w-storage/R-RG3724,E153755,Charcoal,i-Northwest,5877.0, 
reclining-sectionals,Armitage Reclining Double Chaise Sectional,/p/sofas-sectionals/reclining-sofas-sectionals/reclining-sectionals/armitage-reclining-double-chaise-sectional/R-RD3812,D207231,Natural,,5207.0, 
reclining-sectionals,Armitage Reclining Double Chaise Sectional,/p/sofas-sectionals/reclining-sofas-sectionals/reclining-sectionals/armitage-reclining-double-chaise-sectional/R-RD3812,E204023,Moss,i-Gellar,5207.0, 
reclining-sectionals,Armitage Reclining Double Chaise Sectional,/p/sofas-sectionals/reclining-sofas-sectionals/reclining-sectionals/armitage-reclining-double-chaise-sectional/R-RD3812,E204031,Cotton,i-Gellar,5207.0, 
reclining-sectionals,Armitage Reclining Double Chaise Sectional,/p/sofas-sectionals/reclining-sofas-sectionals/reclining-sectionals/armitage-reclining-double-chaise-sectional/R-RD3812,E204052,Granite,i-Gellar,5207.0, 
reclining-sectionals,Armitage Reclining Double Chaise Sectional,/p/sofas-sectionals/reclining-sofas-sectionals/reclining-sectionals/armitage-reclining-double-chaise-sectional/R-RD3812,E204062,Marble,i-Gellar,5207.0, 
reclining-sectionals,Armitage Reclining Double Chaise Sectional,/p/sofas-sectionals/reclining-sofas-sectionals/reclining-sectionals/armitage-reclining-double-chaise-sectional/R-RD3812,E204078,Earth,i-Gellar,5207.0, 
reclining-sectionals,Armitage Reclining Double Chaise Sectional,/p/sofas-sectionals/reclining-sofas-sectionals/reclining-sectionals/armitage-reclining-double-chaise-sectional/R-RD3812,LB206032,Ivory,Sutton,6077.0, 
reclining-sectionals,Armitage Reclining Corner Sectional w/ Storage,/p/sofas-sectionals/reclining-sofas-sectionals/reclining-sectionals/armitage-reclining-corner-sectional-w-storage/R-RC6812,D207231,Natural,,8005.0, 
reclining-sectionals,Armitage Reclining Corner Sectional w/ Storage,/p/sofas-sectionals/reclining-sofas-sectionals/reclining-sectionals/armitage-reclining-corner-sectional-w-storage/R-RC6812,E204023,Moss,i-Gellar,8005.0, 
reclining-sectionals,Armitage Reclining Corner Sectional w/ Storage,/p/sofas-sectionals/reclining-sofas-sectionals/reclining-sectionals/armitage-reclining-corner-sectional-w-storage/R-RC6812,E204031,Cotton,i-Gellar,8005.0, 
reclining-sectionals,Armitage Reclining Corner Sectional w/ Storage,/p/sofas-sectionals/reclining-sofas-sectionals/reclining-sectionals/armitage-reclining-corner-sectional-w-storage/R-RC6812,E204052,Granite,i-Gellar,8005.0, 
reclining-sectionals,Armitage Reclining Corner Sectional w/ Storage,/p/sofas-sectionals/reclining-sofas-sectionals/reclining-sectionals/armitage-reclining-corner-sectional-w-storage/R-RC6812,E204062,Marble,i-Gellar,8005.0, 
reclining-sectionals,Armitage Reclining Corner Sectional w/ Storage,/p/sofas-sectionals/reclining-sofas-sectionals/reclining-sectionals/armitage-reclining-corner-sectional-w-storage/R-RC6812,E204078,Earth,i-Gellar,8005.0, 
reclining-sectionals,Armitage Reclining Corner Sectional w/ Storage,/p/sofas-sectionals/reclining-sofas-sectionals/reclining-sectionals/armitage-reclining-corner-sectional-w-storage/R-RC6812,LB206032,Ivory,Sutton,9435.0, 
