retailer,brand,sku,product_id,product,variant,form,motion,power,material,price,list_price,discount_pct,available
slumberland,La-Z-Boy,QK1064415,9792311132462,Trouper Power Plus Reclining Console Loveseat,Mink,Loveseat,Motion,Power,Unspecified,2599.99,4399.99,40.9,Y
slumberland,La-Z-Boy,QK1064406,9792311132462,Trouper Power Plus Reclining Console Loveseat,Sable,Loveseat,Motion,Power,Unspecified,2599.99,4399.99,40.9,Y
slumberland,La-Z-Boy,QK1064414,9059911205166,Trouper Power Plus Reclining Loveseat,Mink,Loveseat,Motion,Power,Unspecified,2479.99,4279.99,42.1,Y
slumberland,La-Z-Boy,QK1064405,9059911205166,Trouper Power Plus Reclining Loveseat,Sable,Loveseat,Motion,Power,Unspecified,2479.99,4279.99,42.1,Y
slumberland,Ashley,QK1085564,10063271854382,Cambeck Panel Storage Bed,Whitewash / King,Other,Stationary,,Unspecified,599.99,1609.99,62.7,Y
slumberland,Ashley,QK1107502,10546348622126,Valebeck Backless Swivel Counter Stool,Vintage White,Chair,Stationary,,Unspecified,149.99,219.99,31.8,Y
slumberland,Ashley,QK1107504,10546345345326,Robbinsdale Upholstered Swivel Counter Stool,Antique White,Chair,Stationary,,Unspecified,169.99,319.99,46.9,Y
slumberland,Ashley,QK1107503,10546345214254,Robbinsdale Upholstered Swivel Open Back Counter Stool,Antique White,Chair,Stationary,,Unspecified,159.99,229.99,30.4,Y
slumberland,Ashley,QK1107344,10501684953390,Modmax 6 Piece Left Storage Chaise Sectional,Oyster,Sectional,Stationary,,Fabric,2799.99,3649.99,23.3,Y
slumberland,Ashley,QK1107366,10501684953390,Modmax 6 Piece Left Storage Chaise Sectional,Spice,Sectional,Stationary,,Fabric,2799.99,3649.99,23.3,Y
slumberland,Ashley,QK1107388,10501684953390,Modmax 6 Piece Left Storage Chaise Sectional,Granite,Sectional,Stationary,,Fabric,2799.99,3649.99,23.3,Y
slumberland,Ashley,QK1107409,10501684953390,Modmax 6 Piece Left Storage Chaise Sectional,Ink,Sectional,Stationary,,Fabric,2799.99,3649.99,23.3,Y
slumberland,Ashley,QK1107505,10546340102446,Haddigan Swivel Counter Stool,Dark Brown,Chair,Stationary,,Unspecified,159.99,299.99,46.7,Y
slumberland,Ashley,QK1106227,10440694366510,Gibbswellner Arc Lamp,"Black / Floor Lamps (40""+)",Other,Stationary,,Unspecified,249.99,549.99,54.5,Y
slumberland,Ashley,QK1059639,9059692052782,Frankwell Bookcase,Gold,Other,Stationary,,Unspecified,299.99,599.99,50.0,Y
slumberland,Ashley,QK1085865,9059692052782,Frankwell Bookcase,Brown/Black,Other,Stationary,,Unspecified,299.99,649.99,53.8,Y
slumberland,Ashley,QK1085792,9060496081198,Forestmin Bookcase,Brown/Black,Other,Stationary,,Unspecified,449.99,1049.99,57.1,Y
slumberland,Ashley,QK1085664,10524357591342,Drystan Panel Storage Bed,Multi / King,Other,Stationary,,Unspecified,769.99,1399.99,45.0,Y
slumberland,Ashley,QK1085661,10524357591342,Drystan Panel Storage Bed,Multi / Queen,Other,Stationary,,Unspecified,449.99,1089.99,58.7,Y
slumberland,Ashley,7069859,9056878592302,Culverbach Mirror,Driftwood,Other,Stationary,,Unspecified,99.99,169.99,41.2,Y
slumberland,Ashley,QK1085573,9795154805038,Cambeck Panel Storage Bed,Whitewash / Queen,Other,Stationary,,Unspecified,429.99,1089.99,60.6,Y
slumberland,Ashley,QK1085565,9795154805038,Cambeck Panel Storage Bed,Whitewash / Full,Other,Stationary,,Unspecified,429.99,1089.99,60.6,Y
slumberland,Flexsteel,QK1103801,10104326029614,Bryant Sofa,Shell,Sofa,Stationary,,Unspecified,2799.99,4199.98,33.3,Y
slumberland,Flexsteel,QK1103804,10104325931310,Bryant Ottoman,Shell,Ottoman,Stationary,,Unspecified,699.99,899.99,22.2,Y
slumberland,Flexsteel,QK1103802,10104325898542,Bryant Loveseat,Shell,Loveseat,Stationary,,Unspecified,2779.99,4169.98,33.3,Y
slumberland,Flexsteel,QK1103803,10104325636398,Bryant Chair,Shell,Chair,Stationary,,Unspecified,1799.99,2699.99,33.3,Y
slumberland,Flexsteel,QK1103822,10104325865774,Bryant Leather Sofa,Dark Stone,Sofa,Stationary,,Leather,4499.99,6749.98,33.3,Y
slumberland,Flexsteel,QK1103825,10104325833006,Bryant Leather Ottoman,Dark Stone,Ottoman,Stationary,,Leather,1399.99,2099.99,33.3,Y
slumberland,Flexsteel,QK1103823,10104325800238,Bryant Leather Loveseat,Dark Stone,Loveseat,Stationary,,Leather,4479.99,6719.98,33.3,Y
slumberland,Flexsteel,QK1103824,10104325701934,Bryant Leather Chair,Dark Stone,Chair,Stationary,,Leather,3399.99,5099.98,33.3,Y
slumberland,Flexsteel,QK1103842,10104325669166,Bryant Leather 2 Piece Left Sofa Sectional,Dark Stone,Sectional,Stationary,,Leather,8999.99,13499.99,33.3,Y
slumberland,Ashley,QK1055153,9059545809198,Valebeck Swivel Counter Stool,White,Chair,Stationary,,Leather,199.99,329.99,39.4,Y
slumberland,Ashley,QK1055151,9059545809198,Valebeck Swivel Counter Stool,Brown,Chair,Stationary,,Leather,199.99,329.99,39.4,Y
slumberland,Ashley,QK1107506,9059545809198,Valebeck Swivel Counter Stool,Black,Chair,Stationary,,Leather,199.99,329.99,39.4,Y
slumberland,Ashley,QK1055152,9059544400174,Valebeck Swivel Bar Stool,Brown,Chair,Stationary,,Leather,199.99,329.99,39.4,Y
slumberland,Ashley,QK1055144,9059544400174,Valebeck Swivel Bar Stool,White,Chair,Stationary,,Leather,199.99,329.99,39.4,Y
slumberland,Ashley,QK1107507,9059544400174,Valebeck Swivel Bar Stool,Black,Chair,Stationary,,Leather,199.99,329.99,39.4,Y
slumberland,Ashley,QK1099400,9840218505518,Gesthaven Counter Stool,Slate,Other,Stationary,,Unspecified,99.99,199.99,50.0,Y
slumberland,Ashley,QK1099392,9840218505518,Gesthaven Counter Stool,White,Other,Stationary,,Unspecified,99.99,199.99,50.0,Y
slumberland,Ashley,QK1099384,9840218505518,Gesthaven Counter Stool,Olive,Other,Stationary,,Unspecified,99.99,199.99,50.0,Y
slumberland,Ashley,QK1099376,9840218505518,Gesthaven Counter Stool,Brown,Other,Stationary,,Unspecified,99.99,199.99,50.0,Y
slumberland,Ashley,QK1107451,9840218505518,Gesthaven Counter Stool,Dove Gray,Other,Stationary,,Unspecified,99.99,199.99,50.0,Y
slumberland,Ashley,QK1099402,9840218603822,Gesthaven Round Drop Leaf Table,Slate,Other,Stationary,,Unspecified,199.99,399.99,50.0,Y
slumberland,Ashley,QK1099394,9840218603822,Gesthaven Round Drop Leaf Table,White,Other,Stationary,,Unspecified,199.99,399.99,50.0,Y
slumberland,Ashley,QK1099386,9840218603822,Gesthaven Round Drop Leaf Table,Olive,Other,Stationary,,Unspecified,199.99,399.99,50.0,Y
slumberland,Ashley,QK1099378,9840218603822,Gesthaven Round Drop Leaf Table,Brown,Other,Stationary,,Unspecified,199.99,399.99,50.0,Y
slumberland,Ashley,QK1107453,9840218603822,Gesthaven Round Drop Leaf Table,Dove Gray,Other,Stationary,,Unspecified,199.99,399.99,50.0,Y
slumberland,Ashley,QK1099406,9840218341678,Gesthaven 5 Piece Rectangular Counter Dining Set,Slate,Other,Stationary,,Unspecified,739.99,1199.99,38.3,Y
slumberland,Ashley,QK1099398,9840218341678,Gesthaven 5 Piece Rectangular Counter Dining Set,White,Other,Stationary,,Unspecified,739.99,1199.99,38.3,Y
slumberland,Ashley,QK1099390,9840218341678,Gesthaven 5 Piece Rectangular Counter Dining Set,Olive,Other,Stationary,,Unspecified,739.99,1199.99,38.3,Y
slumberland,Ashley,QK1099382,9840218341678,Gesthaven 5 Piece Rectangular Counter Dining Set,Brown,Other,Stationary,,Unspecified,739.99,1199.99,38.3,Y
slumberland,Ashley,QK1107457,9840218341678,Gesthaven 5 Piece Rectangular Counter Dining Set,Dove Gray,Other,Stationary,,Unspecified,739.99,1199.99,38.3,Y
slumberland,Ashley,QK1099380,9840218407214,Gesthaven 6 Piece Rectangular Dining Set,Brown,Other,Stationary,,Unspecified,488.99,899.99,45.7,Y
slumberland,Ashley,QK1099404,9840218407214,Gesthaven 6 Piece Rectangular Dining Set,Slate,Other,Stationary,,Unspecified,488.99,899.99,45.7,Y
slumberland,Ashley,QK1099396,9840218407214,Gesthaven 6 Piece Rectangular Dining Set,White,Other,Stationary,,Unspecified,488.99,899.99,45.7,Y
slumberland,Ashley,QK1099388,9840218407214,Gesthaven 6 Piece Rectangular Dining Set,Olive,Other,Stationary,,Unspecified,488.99,899.99,45.7,Y
slumberland,Ashley,QK1107455,9840218407214,Gesthaven 6 Piece Rectangular Dining Set,Dove Gray,Other,Stationary,,Unspecified,599.99,899.99,33.3,Y
slumberland,Ashley,QK1099377,9840218571054,Gesthaven Rectangle Counter Table,Brown,Other,Stationary,,Unspecified,349.99,599.99,41.7,Y
slumberland,Ashley,QK1099385,9840218571054,Gesthaven Rectangle Counter Table,Olive,Other,Stationary,,Unspecified,349.99,599.99,41.7,Y
slumberland,Ashley,QK1099393,9840218571054,Gesthaven Rectangle Counter Table,White,Other,Stationary,,Unspecified,349.99,599.99,41.7,Y
slumberland,Ashley,QK1099401,9840218571054,Gesthaven Rectangle Counter Table,Slate,Other,Stationary,,Unspecified,349.99,599.99,41.7,Y
slumberland,Ashley,QK1107452,9840218571054,Gesthaven Rectangle Counter Table,Dove Gray,Other,Stationary,,Unspecified,349.99,599.99,41.7,Y
slumberland,Ashley,QK1099383,9840218439982,Gesthaven Chair,Olive,Chair,Stationary,,Unspecified,99.99,179.99,44.4,Y
slumberland,Ashley,QK1099391,9840218439982,Gesthaven Chair,White,Chair,Stationary,,Unspecified,99.99,179.99,44.4,Y
slumberland,Ashley,QK1099399,9840218439982,Gesthaven Chair,Slate,Chair,Stationary,,Unspecified,99.99,179.99,44.4,Y
slumberland,Ashley,QK1099407,9840218439982,Gesthaven Chair,Brown,Chair,Stationary,,Unspecified,99.99,179.99,44.4,Y
slumberland,Ashley,QK1107450,9840218439982,Gesthaven Chair,Dove Gray,Chair,Stationary,,Unspecified,99.99,179.99,44.4,Y
slumberland,Ashley,QK1099379,9840218374446,Gesthaven 5 Piece Square Counter Dining Set,Brown,Other,Stationary,,Unspecified,539.99,799.99,32.5,Y
slumberland,Ashley,QK1099395,9840218374446,Gesthaven 5 Piece Square Counter Dining Set,White,Other,Stationary,,Unspecified,539.99,799.99,32.5,Y
slumberland,Ashley,QK1099387,9840218374446,Gesthaven 5 Piece Square Counter Dining Set,Olive,Other,Stationary,,Unspecified,539.99,799.99,32.5,Y
slumberland,Ashley,QK1099403,9840218374446,Gesthaven 5 Piece Square Counter Dining Set,Slate,Other,Stationary,,Unspecified,539.99,799.99,32.5,Y
slumberland,Ashley,QK1107454,9840218374446,Gesthaven 5 Piece Square Counter Dining Set,Dove Gray,Other,Stationary,,Unspecified,539.99,799.99,32.5,Y
slumberland,Ashley,QK1099381,9840218308910,Gesthaven 3 Piece Round Drop Leaf Dining Set,Brown,Other,Stationary,,Unspecified,389.99,699.99,44.3,Y
slumberland,Ashley,QK1099389,9840218308910,Gesthaven 3 Piece Round Drop Leaf Dining Set,Olive,Other,Stationary,,Unspecified,389.99,699.99,44.3,Y
slumberland,Ashley,QK1099397,9840218308910,Gesthaven 3 Piece Round Drop Leaf Dining Set,White,Other,Stationary,,Unspecified,389.99,699.99,44.3,Y
slumberland,Ashley,QK1099405,9840218308910,Gesthaven 3 Piece Round Drop Leaf Dining Set,Slate,Other,Stationary,,Unspecified,389.99,699.99,44.3,Y
slumberland,Ashley,QK1107456,9840218308910,Gesthaven 3 Piece Round Drop Leaf Dining Set,Dove Gray,Other,Stationary,,Unspecified,389.99,699.99,44.3,Y
slumberland,La-Z-Boy,QK1108338,10586043187502,Greyson Leather Tri-Power Rocker Recliner,Ice,Recliner,Motion,Power,Leather,1999.99,3699.0,45.9,Y
slumberland,La-Z-Boy,QK1108339,10586043187502,Greyson Leather Tri-Power Rocker Recliner,Chocolate,Recliner,Motion,Power,Leather,1999.99,3699.0,45.9,Y
slumberland,Ashley,QK1106244,10491241693486,Pearce-Pike 3 Piece Double Console Reclining Sectional,Birch,Sectional,Motion,,Leather,1999.99,2999.99,33.3,Y
slumberland,Ashley,QK1106242,10491241726254,Pearce-Pike 3 Piece Left Console Reclining Sectional,Birch,Sectional,Motion,,Leather,1799.99,2699.99,33.3,Y
slumberland,Ashley,QK1106243,10491241791790,Pearce-Pike 3 Piece Right Console Reclining Sectional,Birch,Sectional,Motion,,Leather,1799.99,2699.99,33.3,Y
slumberland,Ashley,QK1106236,10491241759022,Pearce-Pike 3 Piece Reclining Sectional,Birch,Sectional,Motion,,Leather,1699.99,2399.99,29.2,Y
slumberland,Flexsteel,QK1106084,10350757839150,Everest Power Reclining Console Loveseat,Oakridge,Loveseat,Motion,Power,Unspecified,3999.99,5999.98,33.3,Y
slumberland,Flexsteel,QK1106087,10350757839150,Everest Power Reclining Console Loveseat,Rustic Brown,Loveseat,Motion,Power,Unspecified,3999.99,5999.98,33.3,Y
slumberland,Flexsteel,QK1106083,10350757871918,Everest Power Reclining Sofa,Oakridge,Sofa,Motion,Power,Unspecified,3999.99,5999.98,33.3,Y
slumberland,Flexsteel,QK1106086,10350757871918,Everest Power Reclining Sofa,Rustic Brown,Sofa,Motion,Power,Unspecified,3999.99,5999.98,33.3,Y
slumberland,Flexsteel,QK1106088,10350757904686,Everest Power Swivel Glider Recliner,Rustic Brown,Recliner,Motion,Power,Leather,2999.99,4499.98,33.3,Y
slumberland,Flexsteel,QK1106085,10350757904686,Everest Power Swivel Glider Recliner,Oakridge,Recliner,Motion,Power,Leather,2999.99,4499.98,33.3,Y
slumberland,Flexsteel,QK1106561,10442101195054,Murph Leather Swivel Glider,Dark Stone,Chair,Motion,,Leather,2499.99,4999.99,50.0,Y
slumberland,Flexsteel,QK1106560,10442100506926,Kingman Swivel Glider,Blue,Chair,Motion,,Unspecified,1149.99,2299.99,50.0,Y
slumberland,Ashley,QK1103592,10080320520494,Danry Table Lamp,"Distressed Cream / Medium Lamps (20""-29"")",Other,Stationary,,Unspecified,119.99,319.99,62.5,Y
slumberland,Ashley,QK1106215,10599786185006,Dawthorne Table Lamp,"Cream / Medium Lamps (20""-29"")",Other,Stationary,,Unspecified,69.99,149.99,53.3,Y
slumberland,La-Z-Boy,QK1108334,10579344294190,Dutton Leather Rocker Recliner,Mocha,Recliner,Motion,,Leather,1199.99,1899.0,36.8,Y
slumberland,La-Z-Boy,QK1108335,10579344294190,Dutton Leather Rocker Recliner,Charcoal,Recliner,Motion,,Leather,1199.99,1899.0,36.8,Y
slumberland,Ashley,QK1107485,10529082016046,Rosswain Lift Top Coffee Table,Warm Brown,Other,Stationary,,Unspecified,399.99,599.99,33.3,Y
slumberland,Ashley,QK1107486,10529082114350,Rosswain Square End Table,Warm Brown,Other,Stationary,,Unspecified,229.99,349.99,34.3,Y
slumberland,Ashley,QK1106592,10476524798254,Juararo 4 Piece Poster Room Group,Dark Brown / Queen,Other,Stationary,,Unspecified,1459.99,2699.99,45.9,Y
slumberland,Ashley,QK1106593,10476524798254,Juararo 4 Piece Poster Room Group,Dark Brown / King,Other,Stationary,,Unspecified,1559.99,3199.99,51.3,Y
slumberland,Ashley,QK1106407,10425965609262,Broachmyn Chest,Gray,Other,Stationary,,Unspecified,289.99,379.99,23.7,Y
slumberland,Ashley,QK1106405,10425965642030,Broachmyn Dresser,Gray,Other,Stationary,,Unspecified,399.99,399.99,,Y
slumberland,Ashley,QK1106406,10425965674798,Broachmyn Mirror,Gray,Other,Stationary,,Unspecified,79.99,99.99,20.0,Y
slumberland,Ashley,QK1106410,10425965707566,Broachmyn Nightstand,Gray,Other,Stationary,,Unspecified,149.99,179.99,16.7,Y
slumberland,Ashley,QK1106413,10425965773102,Broachmyn Panel Bed,Gray / Queen,Other,Stationary,,Unspecified,299.99,399.99,25.0,Y
slumberland,Ashley,QK1106404,10425965773102,Broachmyn Panel Bed,Gray / King,Other,Stationary,,Unspecified,349.99,499.99,30.0,Y
slumberland,Ashley,QK1106214,10575588426030,Dellner Table Lamp,"Mocha / Medium Lamps (20""-29"")",Other,Stationary,,Unspecified,79.99,169.99,52.9,Y
slumberland,Ashley,QK1103587,10080320553262,Dreward Table Lamp,"Distressed Gray / Medium Lamps (20""-29"")",Other,Stationary,,Unspecified,124.99,259.99,51.9,Y
slumberland,Ashley,QK1089689,9783857021230,Bartner Accent Mirror,"Antique Gold / Large Wall Decor (33""-40"")",Chair,Stationary,,Unspecified,129.99,299.99,56.7,Y
slumberland,Ashley,QK1107484,10529082802478,Shylore Set of 3 Tables,Black,Other,Stationary,,Unspecified,339.99,499.99,32.0,Y
slumberland,Ashley,QK1106225,10575588688174,Haigwood Floor Lamp,"Gold / Floor Lamps (40""+)",Other,Stationary,,Unspecified,129.99,279.99,53.6,Y
slumberland,Ashley,QK1106219,10575588720942,Haigwood Table Lamp,"Gold / Large Lamps (29""-40"")",Other,Stationary,,Unspecified,59.99,129.99,53.9,Y
slumberland,Ashley,,10546121572654,Edenfield 3 Piece Right Chaise Sectional and Ottoman,Default Title,Sectional,Stationary,,Unspecified,1449.98,,,Y
slumberland,Ashley,QK1107483,10529065828654,Carlibrie Rectangular End Table,Warm Brown,Other,Stationary,,Unspecified,219.99,329.99,33.3,Y
slumberland,Ashley,QK1107482,10529065730350,Carlibrie Lift Top Coffee Table,Warm Brown,Other,Stationary,,Unspecified,379.99,569.99,33.3,Y
slumberland,Ashley,QK1107479,10529072218414,Kandinew Rectangular Coffee Table,Light Brown,Other,Stationary,,Unspecified,299.99,599.99,50.0,Y
slumberland,Ashley,QK1107478,10529072349486,Kandinew Square End Table,Light Brown,Other,Stationary,,Unspecified,219.99,399.99,45.0,Y
slumberland,La-Z-Boy,QK1081523,9060074422574,James Reclining Loveseat With Console,Silt,Loveseat,Motion,,Unspecified,1699.99,2549.99,33.3,Y
slumberland,Ashley,QK1107403,10501684822318,Modmax 5 Piece Dual Chaise Sectional with Audio Consoles,Ink,Sectional,Stationary,,Fabric,2899.99,3899.99,25.6,Y
slumberland,Ashley,QK1107382,10501684822318,Modmax 5 Piece Dual Chaise Sectional with Audio Consoles,Granite,Sectional,Stationary,,Fabric,2899.99,3899.99,25.6,Y
slumberland,Ashley,QK1107360,10501684822318,Modmax 5 Piece Dual Chaise Sectional with Audio Consoles,Spice,Sectional,Stationary,,Fabric,2899.99,3899.99,25.6,Y
slumberland,Ashley,QK1107338,10501684822318,Modmax 5 Piece Dual Chaise Sectional with Audio Consoles,Oyster,Sectional,Stationary,,Fabric,2899.99,3899.99,25.6,Y
slumberland,Ashley,QK1107331,10501685149998,Modmax Left Chair,Oyster,Chair,Stationary,,Fabric,449.99,599.99,25.0,Y
slumberland,Ashley,QK1107353,10501685149998,Modmax Left Chair,Spice,Chair,Stationary,,Fabric,449.99,599.99,25.0,Y
slumberland,Ashley,QK1107375,10501685149998,Modmax Left Chair,Granite,Chair,Stationary,,Fabric,449.99,599.99,25.0,Y
slumberland,Ashley,QK1107396,10501685149998,Modmax Left Chair,Ink,Chair,Stationary,,Fabric,449.99,599.99,25.0,Y
slumberland,Ashley,QK1107374,10501685379374,Modmax Storage Console,Granite,Other,Stationary,,Fabric,469.99,649.99,27.7,Y
slumberland,Ashley,QK1107395,10501685379374,Modmax Storage Console,Ink,Other,Stationary,,Fabric,469.99,649.99,27.7,Y
slumberland,Ashley,QK1107352,10501685379374,Modmax Storage Console,Spice,Other,Stationary,,Fabric,469.99,649.99,27.7,Y
slumberland,Ashley,QK1107330,10501685379374,Modmax Storage Console,Oyster,Other,Stationary,,Fabric,469.99,649.99,27.7,Y
slumberland,Ashley,QK1107354,10501685281070,Modmax Right Chair,Spice,Chair,Stationary,,Fabric,449.99,599.99,25.0,Y
slumberland,Ashley,QK1107332,10501685281070,Modmax Right Chair,Oyster,Chair,Stationary,,Fabric,449.99,599.99,25.0,Y
slumberland,Ashley,QK1107376,10501685281070,Modmax Right Chair,Granite,Chair,Stationary,,Fabric,449.99,599.99,25.0,Y
slumberland,Ashley,QK1107397,10501685281070,Modmax Right Chair,Ink,Chair,Stationary,,Fabric,449.99,599.99,25.0,Y
slumberland,Ashley,QK1107398,10501685117230,Modmax Corner Wedge,Ink,Other,Stationary,,Fabric,499.99,629.99,20.6,Y
slumberland,Ashley,QK1107355,10501685117230,Modmax Corner Wedge,Spice,Other,Stationary,,Fabric,499.99,629.99,20.6,Y
slumberland,Ashley,QK1107377,10501685117230,Modmax Corner Wedge,Granite,Other,Stationary,,Fabric,499.99,629.99,20.6,Y
slumberland,Ashley,QK1107333,10501685117230,Modmax Corner Wedge,Oyster,Other,Stationary,,Fabric,499.99,629.99,20.6,Y
slumberland,Ashley,QK1107334,10501685018926,Modmax 8 Piece Left Chaise Sectional,Oyster,Sectional,Stationary,,Fabric,3299.99,4799.99,31.3,Y
slumberland,Ashley,QK1107356,10501685018926,Modmax 8 Piece Left Chaise Sectional,Spice,Sectional,Stationary,,Fabric,3299.99,4799.99,31.3,Y
slumberland,Ashley,QK1107378,10501685018926,Modmax 8 Piece Left Chaise Sectional,Granite,Sectional,Stationary,,Fabric,3299.99,4799.99,31.3,Y
slumberland,Ashley,QK1107399,10501685018926,Modmax 8 Piece Left Chaise Sectional,Ink,Sectional,Stationary,,Fabric,3299.99,4799.99,31.3,Y
slumberland,Ashley,QK1107335,10501684625710,Modmax 2 Piece Loveseat,Oyster,Loveseat,Stationary,,Fabric,789.99,1179.99,33.1,Y
slumberland,Ashley,QK1107357,10501684625710,Modmax 2 Piece Loveseat,Spice,Loveseat,Stationary,,Fabric,789.99,1179.99,33.1,Y
slumberland,Ashley,QK1107379,10501684625710,Modmax 2 Piece Loveseat,Granite,Loveseat,Stationary,,Fabric,789.99,1179.99,33.1,Y
slumberland,Ashley,QK1107400,10501684625710,Modmax 2 Piece Loveseat,Ink,Loveseat,Stationary,,Fabric,789.99,1179.99,33.1,Y
slumberland,Ashley,QK1107336,10501684691246,Modmax 3 Piece Sofa,Oyster,Sofa,Stationary,,Fabric,1199.99,1499.99,20.0,Y
slumberland,Ashley,QK1107358,10501684691246,Modmax 3 Piece Sofa,Spice,Sofa,Stationary,,Fabric,1199.99,1499.99,20.0,Y
slumberland,Ashley,QK1107380,10501684691246,Modmax 3 Piece Sofa,Granite,Sofa,Stationary,,Fabric,1199.99,1499.99,20.0,Y
slumberland,Ashley,QK1107401,10501684691246,Modmax 3 Piece Sofa,Ink,Sofa,Stationary,,Fabric,1199.99,1499.99,20.0,Y
slumberland,Ashley,QK1107402,10501684658478,Modmax 3 Piece Audio Console Loveseat,Ink,Loveseat,Stationary,,Fabric,1299.99,1949.99,33.3,Y
slumberland,Ashley,QK1107381,10501684658478,Modmax 3 Piece Audio Console Loveseat,Granite,Loveseat,Stationary,,Fabric,1299.99,1949.99,33.3,Y
slumberland,Ashley,QK1107359,10501684658478,Modmax 3 Piece Audio Console Loveseat,Spice,Loveseat,Stationary,,Fabric,1299.99,1949.99,33.3,Y
slumberland,Ashley,QK1107337,10501684658478,Modmax 3 Piece Audio Console Loveseat,Oyster,Loveseat,Stationary,,Fabric,1299.99,1949.99,33.3,Y
slumberland,Ashley,QK1107339,10501684789550,Modmax 4 Piece Dual Chaise Sectional,Oyster,Sectional,Stationary,,Fabric,2199.99,2999.99,26.7,Y
slumberland,Ashley,QK1107361,10501684789550,Modmax 4 Piece Dual Chaise Sectional,Spice,Sectional,Stationary,,Fabric,2199.99,2999.99,26.7,Y
slumberland,Ashley,QK1107383,10501684789550,Modmax 4 Piece Dual Chaise Sectional,Granite,Sectional,Stationary,,Fabric,2199.99,2999.99,26.7,Y
slumberland,Ashley,QK1107404,10501684789550,Modmax 4 Piece Dual Chaise Sectional,Ink,Sectional,Stationary,,Fabric,2199.99,2999.99,26.7,Y
slumberland,Ashley,QK1107340,10501684855086,Modmax 5 Piece Sectional,Oyster,Sectional,Stationary,,Fabric,1399.99,2599.99,46.2,Y
slumberland,Ashley,QK1107362,10501684855086,Modmax 5 Piece Sectional,Spice,Sectional,Stationary,,Fabric,1399.99,2599.99,46.2,Y
slumberland,Ashley,QK1107384,10501684855086,Modmax 5 Piece Sectional,Granite,Sectional,Stationary,,Fabric,1399.99,2599.99,46.2,Y
slumberland,Ashley,QK1107405,10501684855086,Modmax 5 Piece Sectional,Ink,Sectional,Stationary,,Fabric,1399.99,2599.99,46.2,Y
slumberland,Ashley,QK1107406,10501684986158,Modmax 6 Piece Sectional with Audio Console,Ink,Sectional,Stationary,,Fabric,2399.99,3499.99,31.4,Y
slumberland,Ashley,QK1107385,10501684986158,Modmax 6 Piece Sectional with Audio Console,Granite,Sectional,Stationary,,Fabric,2399.99,3499.99,31.4,Y
slumberland,Ashley,QK1107363,10501684986158,Modmax 6 Piece Sectional with Audio Console,Spice,Sectional,Stationary,,Fabric,2399.99,3499.99,31.4,Y
slumberland,Ashley,QK1107341,10501684986158,Modmax 6 Piece Sectional with Audio Console,Oyster,Sectional,Stationary,,Fabric,2399.99,3499.99,31.4,Y
slumberland,Ashley,QK1107407,10501684887854,Modmax 6 Piece Left Chaise Sectional,Ink,Sectional,Stationary,,Fabric,2699.99,3599.99,25.0,Y
slumberland,Ashley,QK1107386,10501684887854,Modmax 6 Piece Left Chaise Sectional,Granite,Sectional,Stationary,,Fabric,2699.99,3599.99,25.0,Y
slumberland,Ashley,QK1107364,10501684887854,Modmax 6 Piece Left Chaise Sectional,Spice,Sectional,Stationary,,Fabric,2699.99,3599.99,25.0,Y
slumberland,Ashley,QK1107342,10501684887854,Modmax 6 Piece Left Chaise Sectional,Oyster,Sectional,Stationary,,Fabric,2699.99,3599.99,25.0,Y
slumberland,Ashley,QK1107408,10501684756782,Modmax 3 Piece Left Chaise Sofa,Ink,Sofa,Stationary,,Fabric,1399.99,1949.99,28.2,Y
slumberland,Ashley,QK1107387,10501684756782,Modmax 3 Piece Left Chaise Sofa,Granite,Sofa,Stationary,,Fabric,1399.99,1949.99,28.2,Y
slumberland,Ashley,QK1107365,10501684756782,Modmax 3 Piece Left Chaise Sofa,Spice,Sofa,Stationary,,Fabric,1399.99,1949.99,28.2,Y
slumberland,Ashley,QK1107343,10501684756782,Modmax 3 Piece Left Chaise Sofa,Oyster,Sofa,Stationary,,Fabric,1399.99,1949.99,28.2,Y
slumberland,Ashley,QK1107410,10501685248302,Modmax Ottoman,Ink,Ottoman,Stationary,,Fabric,289.99,429.99,32.6,Y
slumberland,Ashley,QK1107367,10501685248302,Modmax Ottoman,Spice,Ottoman,Stationary,,Fabric,289.99,429.99,32.6,Y
slumberland,Ashley,QK1107389,10501685248302,Modmax Ottoman,Granite,Ottoman,Stationary,,Fabric,279.99,429.99,34.9,Y
slumberland,Ashley,QK1107345,10501685248302,Modmax Ottoman,Oyster,Ottoman,Stationary,,Fabric,289.99,429.99,32.6,Y
slumberland,Ashley,QK1107411,10501685182766,Modmax Left Chaise,Ink,Other,Stationary,,Fabric,689.99,979.99,29.6,Y
slumberland,Ashley,QK1107390,10501685182766,Modmax Left Chaise,Granite,Other,Stationary,,Fabric,689.99,979.99,29.6,Y
slumberland,Ashley,QK1107368,10501685182766,Modmax Left Chaise,Spice,Other,Stationary,,Fabric,689.99,979.99,29.6,Y
slumberland,Ashley,QK1107346,10501685182766,Modmax Left Chaise,Oyster,Other,Stationary,,Fabric,689.99,979.99,29.6,Y
slumberland,Ashley,QK1107412,10501685313838,Modmax Right Chaise,Ink,Other,Stationary,,Fabric,689.99,979.99,29.6,Y
slumberland,Ashley,QK1107391,10501685313838,Modmax Right Chaise,Granite,Other,Stationary,,Fabric,689.99,979.99,29.6,Y
slumberland,Ashley,QK1107369,10501685313838,Modmax Right Chaise,Spice,Other,Stationary,,Fabric,689.99,979.99,29.6,Y
slumberland,Ashley,QK1107347,10501685313838,Modmax Right Chaise,Oyster,Other,Stationary,,Fabric,689.99,979.99,29.6,Y
slumberland,Ashley,QK1107348,10501685215534,Modmax Left Storage Chaise,Oyster,Other,Stationary,,Fabric,699.99,999.99,30.0,Y
slumberland,Ashley,QK1107370,10501685215534,Modmax Left Storage Chaise,Spice,Other,Stationary,,Fabric,699.99,999.99,30.0,Y
slumberland,Ashley,QK1107413,10501685215534,Modmax Left Storage Chaise,Ink,Other,Stationary,,Fabric,699.99,999.99,30.0,Y
slumberland,Ashley,QK1107392,10501685215534,Modmax Left Storage Chaise,Granite,Other,Stationary,,Fabric,699.99,999.99,30.0,Y
slumberland,Ashley,QK1107349,10501685346606,Modmax Right Storage Chaise,Oyster,Other,Stationary,,Fabric,699.99,999.99,30.0,Y
slumberland,Ashley,QK1107371,10501685346606,Modmax Right Storage Chaise,Spice,Other,Stationary,,Fabric,699.99,999.99,30.0,Y
slumberland,Ashley,QK1107414,10501685346606,Modmax Right Storage Chaise,Ink,Other,Stationary,,Fabric,699.99,999.99,30.0,Y
slumberland,Ashley,QK1107393,10501685346606,Modmax Right Storage Chaise,Granite,Other,Stationary,,Fabric,699.99,999.99,30.0,Y
slumberland,Ashley,QK1107350,10501685084462,Modmax Audio Console,Oyster,Other,Stationary,,Fabric,579.99,799.99,27.5,Y
slumberland,Ashley,QK1107372,10501685084462,Modmax Audio Console,Spice,Other,Stationary,,Fabric,579.99,799.99,27.5,Y
slumberland,Ashley,QK1107415,10501685084462,Modmax Audio Console,Ink,Other,Stationary,,Fabric,579.99,799.99,27.5,Y
slumberland,Ashley,QK1107394,10501685084462,Modmax Audio Console,Granite,Other,Stationary,,Fabric,579.99,799.99,27.5,Y
slumberland,Ashley,QK1107416,10501685051694,Modmax Armless Chair,Ink,Chair,Stationary,,Fabric,429.99,499.99,14.0,Y
slumberland,Ashley,QK1107373,10501685051694,Modmax Armless Chair,Granite,Chair,Stationary,,Fabric,429.99,499.99,14.0,Y
slumberland,Ashley,QK1107351,10501685051694,Modmax Armless Chair,Spice,Chair,Stationary,,Fabric,429.99,499.99,14.0,Y
slumberland,Ashley,QK1107329,10501685051694,Modmax Armless Chair,Oyster,Chair,Stationary,,Fabric,429.99,499.99,14.0,Y
slumberland,La-Z-Boy,QK1096563,9783857971502,Redwood Tri-Power Rocker Recliner,Ash,Recliner,Motion,Power,Unspecified,1769.99,3199.0,44.7,Y
slumberland,La-Z-Boy,QK1096564,9783857971502,Redwood Tri-Power Rocker Recliner,Mushroom,Recliner,Motion,Power,Unspecified,1769.99,3199.0,44.7,Y
slumberland,Ashley,QK1107427,10510707163438,Whitlock Loveseat,Caramel,Loveseat,Stationary,,Leather,489.99,729.99,32.9,Y
slumberland,Ashley,QK1107430,10510707163438,Whitlock Loveseat,Umber,Loveseat,Stationary,,Leather,489.99,729.99,32.9,Y
slumberland,Ashley,QK1107426,10510707196206,Whitlock Rocker Recliner,Caramel,Recliner,Motion,,Leather,479.99,719.99,33.3,Y
slumberland,Ashley,QK1107429,10510707196206,Whitlock Rocker Recliner,Umber,Recliner,Motion,,Leather,479.99,719.99,33.3,Y
slumberland,Ashley,QK1107428,10510707228974,Whitlock Sofa,Caramel,Sofa,Stationary,,Leather,499.99,749.99,33.3,Y
slumberland,Ashley,QK1107431,10510707228974,Whitlock Sofa,Umber,Sofa,Stationary,,Leather,499.99,749.99,33.3,Y
slumberland,Ashley,QK1107309,10499915645230,Loreo Sofa,Flint,Sofa,Stationary,,Fabric,449.99,899.99,50.0,Y
slumberland,Ashley,QK1107314,10499915645230,Loreo Sofa,Ebony,Sofa,Stationary,,Fabric,449.99,899.99,50.0,Y
slumberland,Ashley,QK1107319,10499915645230,Loreo Sofa,Truffle,Sofa,Stationary,,Fabric,449.99,899.99,50.0,Y
slumberland,Ashley,QK1107306,10499915579694,Loreo Ottoman,Flint,Ottoman,Stationary,,Fabric,329.99,494.99,33.3,Y
slumberland,Ashley,QK1107311,10499915579694,Loreo Ottoman,Ebony,Ottoman,Stationary,,Fabric,329.99,494.99,33.3,Y
slumberland,Ashley,QK1107316,10499915579694,Loreo Ottoman,Truffle,Ottoman,Stationary,,Fabric,329.99,494.99,33.3,Y
slumberland,Ashley,QK1107318,10499915546926,Loreo Loveseat,Truffle,Loveseat,Stationary,,Fabric,439.99,869.99,49.4,Y
slumberland,Ashley,QK1107313,10499915546926,Loreo Loveseat,Ebony,Loveseat,Stationary,,Fabric,439.99,869.99,49.4,Y
slumberland,Ashley,QK1107308,10499915546926,Loreo Loveseat,Flint,Loveseat,Stationary,,Fabric,439.99,869.99,49.4,Y
slumberland,Ashley,QK1107307,10499915514158,Loreo Chair,Flint,Chair,Stationary,,Fabric,389.99,584.99,33.3,Y
slumberland,Ashley,QK1107312,10499915514158,Loreo Chair,Ebony,Chair,Stationary,,Fabric,389.99,584.99,33.3,Y
slumberland,Ashley,QK1107317,10499915514158,Loreo Chair,Truffle,Chair,Stationary,,Fabric,389.99,584.99,33.3,Y
slumberland,Ashley,QK1107315,10499915612462,Loreo Sleeper,Ebony,Sleeper,Stationary,,Fabric,899.99,1349.98,33.3,Y
slumberland,Ashley,QK1107310,10499915612462,Loreo Sleeper,Flint,Sleeper,Stationary,,Fabric,899.99,1349.98,33.3,Y
slumberland,Ashley,QK1107305,10499915612462,Loreo Sleeper,Truffle,Sleeper,Stationary,,Fabric,899.99,1349.98,33.3,Y
slumberland,La-Z-Boy,QK1082413,9060102603054,Redwood Rocker Recliner,Mushroom,Recliner,Motion,,Unspecified,1169.99,1599.99,26.9,Y
slumberland,La-Z-Boy,QK1082414,9060102603054,Redwood Rocker Recliner,Ash,Recliner,Motion,,Unspecified,1169.99,1599.99,26.9,Y
slumberland,Best Home Furnishings,QK1104708,10248950710574,Novae Wing Chair,Cream,Chair,Stationary,,Unspecified,599.99,899.99,33.3,Y
slumberland,Ashley,QK1106224,10442103226670,Valo Arc Lamp,"Gold / Floor Lamps (40""+)",Other,Stationary,,Unspecified,249.99,549.99,54.5,Y
slumberland,Best Home Furnishings,QK1103775,10097482268974,Aubrey Swivel Chair,Sienna,Chair,Stationary,,Fabric,769.99,1499.99,48.7,Y
slumberland,La-Z-Boy,QK1097958,9787048362286,Liam Wall Recliner,Twilight,Recliner,Motion,,Unspecified,679.99,1199.0,43.3,Y
slumberland,La-Z-Boy,QK1097959,9787048362286,Liam Wall Recliner,Fawn,Recliner,Motion,,Unspecified,679.99,1199.0,43.3,Y
slumberland,Ashley,QK1094606,9719695966510,Erinslane Loveseat,Dusk,Loveseat,Stationary,,Unspecified,429.99,879.99,51.1,Y
slumberland,Ashley,QK1094607,9719696949550,Erinslane Sofa,Dusk,Sofa,Stationary,,Unspecified,449.99,899.99,50.0,Y
slumberland,Ashley,QK1106223,10498649424174,Yafe Floor Lamp,"Bronze / Floor Lamps (40""+)",Other,Stationary,,Unspecified,149.99,329.99,54.5,Y
slumberland,La-Z-Boy,QK1106081,10347138711854,Norton Rocker Recliner,Cocoa,Recliner,Motion,,Unspecified,599.99,1199.99,50.0,Y
slumberland,La-Z-Boy,QK1106082,10347138711854,Norton Rocker Recliner,Charcoal,Recliner,Motion,,Unspecified,599.99,1199.99,50.0,Y
slumberland,La-Z-Boy,QK1106089,10487905976622,Hawthorn Rocker Recliner,Storm,Recliner,Motion,,Unspecified,499.99,999.99,50.0,Y
slumberland,Ashley,QK1106226,10427461501230,Santiford Floor Lamp,"Gold / Floor Lamps (40""+)",Other,Stationary,,Unspecified,129.99,279.99,53.6,Y
slumberland,Ashley,QK1087964,9060641931566,Jorlaina End Table,Gray,Other,Stationary,,Unspecified,239.99,265.99,9.8,Y
slumberland,Ashley,QK1087963,9060641669422,Jorlaina Coffee Table,Gray,Other,Stationary,,Unspecified,419.99,489.99,14.3,Y
slumberland,Ashley,QK1094598,9699690479918,Santorine Loveseat,Dark Brown,Loveseat,Stationary,,Leather,779.99,1079.99,27.8,Y
slumberland,Ashley,,10420799144238,Foreside Sofa and Recliner,Default Title,Sofa,Motion,,Unspecified,1299.98,,,Y
slumberland,Ashley,QK1104796,10291551338798,Foreside Rocker Recliner,Charcoal,Recliner,Motion,,Unspecified,499.99,899.99,44.4,Y
slumberland,Ashley,QK1104797,10291551306030,Foreside Reclining Sofa,Charcoal,Sofa,Motion,,Unspecified,799.99,1349.98,40.7,Y
slumberland,Ashley,QK1104798,10291551273262,Foreside Reclining Console Loveseat,Charcoal,Loveseat,Motion,,Unspecified,799.99,1349.98,40.7,Y
slumberland,Ashley,QK1104803,10291861094702,Birkdale Court Oversized Ottoman,Gray,Ottoman,Stationary,,Unspecified,399.99,599.99,33.3,Y
slumberland,Ashley,QK1104807,10291861029166,Birkdale Court 3 Piece Right Chaise Sectional,Gray,Sectional,Stationary,,Unspecified,1499.99,2249.99,33.3,Y
slumberland,Ashley,QK1106222,10443800772910,Darlita Set of 2 Table Lamps,"Bronze / Medium Lamps (20""-29"")",Other,Stationary,,Unspecified,119.99,249.99,52.0,Y
slumberland,Ashley,QK1106216,10443306828078,Wimlow Table Lamp,"Gray / Medium Lamps (20""-29"")",Other,Stationary,,Unspecified,69.99,149.99,53.3,Y
slumberland,La-Z-Boy,QK1101745,10047915491630,Pinnacle Tri-Power Recliner,Brownstone,Recliner,Motion,Power,Unspecified,1499.99,2499.99,40.0,Y
slumberland,La-Z-Boy,QK1101746,10047915491630,Pinnacle Tri-Power Recliner,Gray,Recliner,Motion,Power,Unspecified,1499.99,2499.99,40.0,Y
slumberland,Ashley,QK1106122,10440695021870,Seyler Lane Rocker Recliner,Greystone,Recliner,Motion,,Unspecified,399.99,599.99,33.3,Y
slumberland,Ashley,QK1106121,10440694989102,Seyler Lane Ottoman,Greystone,Ottoman,Stationary,,Unspecified,349.99,524.99,33.3,Y
slumberland,Ashley,QK1106116,10440694956334,Seyler Lane 3 Piece Right Chaise Sleeper Sectional,Greystone / Full,Sectional,Stationary,,Unspecified,1699.99,2549.99,33.3,Y
slumberland,Ashley,QK1106123,10440694890798,Seyler Lane 3 Piece Left Chaise Sleeper Sectional,Greystone / Full,Sectional,Stationary,,Unspecified,1699.99,2549.99,33.3,Y
slumberland,Ashley,QK1106228,10427460583726,Ferrilby Table Lamp,"Beige / Medium Lamps (20""-29"")",Other,Stationary,,Unspecified,129.99,279.99,53.6,Y
slumberland,Ashley,QK1106221,10418698027310,Afener Set of 2 Table Lamps,"Blue / Medium Lamps (20""-29"")",Other,Stationary,,Unspecified,129.99,279.99,53.6,Y
slumberland,Ashley,QK1106217,10418922979630,Calbert Table Lamp,"Gray / Medium Lamps (20""-29"")",Other,Stationary,,Unspecified,119.99,249.99,52.0,Y
slumberland,Ashley,QK1104065,10117733318958,Triston-Peaks Chair and a Half,Suede,Chair,Stationary,,Unspecified,399.99,599.99,33.3,Y
slumberland,Ashley,QK1104066,10117733351726,Triston-Peaks Loveseat,Suede,Loveseat,Stationary,,Unspecified,429.99,779.99,44.9,Y
slumberland,Ashley,QK1104064,10117733384494,Triston-Peaks Ottoman,Suede,Ottoman,Stationary,,Unspecified,229.99,349.99,34.3,Y
slumberland,Flexsteel,QK1103794,10104327864622,Finley Chair,Timber,Chair,Stationary,,Unspecified,1599.99,1799.98,11.1,Y
slumberland,Flexsteel,QK1103795,10104328388910,Finley Ottoman,Timber,Ottoman,Stationary,,Unspecified,699.99,749.99,6.7,Y
slumberland,Flexsteel,QK1103793,10104328257838,Finley Loveseat,Timber,Loveseat,Stationary,,Unspecified,2179.99,2679.99,18.7,Y
slumberland,Flexsteel,QK1103792,10104328421678,Finley Sofa,Timber,Sofa,Stationary,,Unspecified,2199.99,2699.99,18.5,Y
slumberland,Flexsteel,QK1103791,10104328126766,Finley Leather Ottoman,Dark Brown,Ottoman,Stationary,,Leather,999.99,1129.99,11.5,Y
slumberland,Flexsteel,QK1103790,10104327930158,Finley Leather Chair,Dark Brown,Chair,Stationary,,Leather,2599.99,3599.99,27.8,Y
slumberland,Flexsteel,QK1103789,10104328061230,Finley Leather Loveseat,Dark Brown,Loveseat,Stationary,,Leather,3579.99,4469.98,19.9,Y
slumberland,Flexsteel,QK1103788,10104328192302,Finley Leather Sofa,Dark Brown,Sofa,Stationary,,Leather,3599.99,4499.98,20.0,Y
slumberland,Flexsteel,QK1103787,10104327766318,Finley 2 Piece Left Sofa Sectional,Timber,Sectional,Stationary,,Unspecified,4599.99,6899.98,33.3,Y
slumberland,Flexsteel,QK1103779,10104326488366,Eleanora Chair,Blue,Chair,Stationary,,Unspecified,1799.99,2099.99,14.3,Y
slumberland,Flexsteel,QK1103778,10104326553902,Eleanora Loveseat,Blue,Loveseat,Stationary,,Unspecified,2479.99,2979.99,16.8,Y
slumberland,Flexsteel,QK1103780,10104326619438,Eleanora Ottoman,Blue,Ottoman,Stationary,,Unspecified,899.99,1049.99,14.3,Y
slumberland,Flexsteel,QK1103777,10104326652206,Eleanora Sofa,Blue,Sofa,Stationary,,Unspecified,2499.99,2999.99,16.7,Y
slumberland,Ashley,QK1106218,10434729869614,Kerrbrook Table Lamp,"Black / Large Lamps (29""-40"")",Other,Stationary,,Unspecified,99.99,199.99,50.0,Y
slumberland,Ashley,QK1103589,10080320848174,Mette Table Lamp,"Brown / Medium Lamps (20""-29"")",Other,Stationary,,Unspecified,79.99,199.99,60.0,Y
slumberland,La-Z-Boy,QK1102326,10056927543598,Rheeves High Leg Reclining Chair,Oyster,Chair,Motion,,Unspecified,1099.99,1799.0,38.9,Y
slumberland,Ashley,QK1092498,9795157164334,Hambell Table Lamp,"Black / Medium Lamps (20""-29"")",Other,Stationary,,Unspecified,129.99,189.99,31.6,Y
slumberland,Ashley,QK1045699,9059280650542,Forestmin Chairside Table,Natural,Other,Stationary,,Unspecified,99.99,179.99,44.4,Y
slumberland,Ashley,QK1045453,9059230974254,Freedan End Table,Brown,Other,Stationary,,Unspecified,139.99,269.99,48.1,Y
slumberland,Ashley,QK1104067,10117733417262,Triston-Peaks Sofa,Suede,Sofa,Stationary,,Unspecified,449.99,799.99,43.8,Y
slumberland,Ashley,QK1041903,10046286168366,Sundown Adirondack Chair,Blue,Chair,Stationary,,Unspecified,219.99,429.99,48.8,Y
slumberland,Ashley,1189244,10046286168366,Sundown Adirondack Chair,White,Chair,Stationary,,Unspecified,219.99,429.99,48.8,Y
slumberland,Ashley,1189247,10046286168366,Sundown Adirondack Chair,Driftwood,Chair,Stationary,,Unspecified,219.99,429.99,48.8,Y
slumberland,Ashley,QK1104063,10117726732590,Gauntlet Rocker Recliner,Sterling,Recliner,Motion,,Unspecified,459.99,719.99,36.1,Y
slumberland,Ashley,QK1104061,10117726699822,Gauntlet Reclining Sofa,Sterling,Sofa,Motion,,Unspecified,699.99,1049.99,33.3,Y
slumberland,Ashley,QK1092340,9783855677742,Abanson Floor Lamp,"Black / Floor Lamps (40""+)",Other,Stationary,,Unspecified,96.99,215.99,55.1,Y
slumberland,Ashley,QK1092341,9783855677742,Abanson Floor Lamp,"Gold / Floor Lamps (40""+)",Other,Stationary,,Unspecified,96.99,191.99,49.5,Y
slumberland,Ashley,QK1085628,9438011490606,Edenfield 3 Piece Linen Left Chaise Sectional,Linen,Sectional,Stationary,,Fabric,1299.99,1949.98,33.3,Y
slumberland,Ashley,,10349374013742,Bolsena Sofa and Rocker Recliner,Default Title,Sofa,Motion,,Leather,1749.98,,,Y
slumberland,Ashley,QK1106117,10375191691566,Seyler Lane 3 Piece Left Chaise Sectional,Greystone,Sectional,Stationary,,Unspecified,1399.99,2099.99,33.3,Y
slumberland,Flexsteel,QK1104704,10248945369390,Kingman Leather Swivel Glider,Dark Stone,Chair,Motion,,Leather,2099.99,3999.99,47.5,Y
slumberland,Ashley,1170013,9057267024174,Sundown End Table,White,Other,Stationary,,Unspecified,99.99,199.99,50.0,Y
slumberland,Ashley,1170016,9057267024174,Sundown End Table,Driftwood,Other,Stationary,,Unspecified,89.99,199.99,55.0,Y
slumberland,Ashley,QK1041904,9057267024174,Sundown End Table,Blue,Other,Stationary,,Unspecified,89.99,199.99,55.0,Y
slumberland,Ashley,QK1104041,10117732303150,Stayfish Rocker Recliner,Chocolate,Recliner,Motion,,Unspecified,339.99,699.99,51.4,Y
slumberland,Ashley,QK1104042,10117732303150,Stayfish Rocker Recliner,Gunmetal,Recliner,Motion,,Unspecified,339.99,699.99,51.4,Y
slumberland,Ashley,QK1103586,10080320717102,Jossleigh Table Lamp,"Beige / Large Lamps (29""-40"")",Other,Stationary,,Unspecified,149.99,359.99,58.3,Y
slumberland,Best Home Furnishings,QK1098210,9835675156782,Brodi Swivel Accent Chair,Charcoal,Chair,Stationary,,Fabric,799.99,1459.99,45.2,Y
slumberland,Ashley,QK1106048,10344141160750,Noraluna End Table,Brown,Other,Stationary,,Unspecified,159.99,299.99,46.7,Y
slumberland,Ashley,QK1106047,10344141127982,Noraluna Coffee Table,Brown,Other,Stationary,,Unspecified,259.99,549.99,52.7,Y
slumberland,Ashley,QK1106046,10344140996910,Korestone Sofa Table,Dark Brown,Sofa,Stationary,,Unspecified,249.99,499.99,50.0,Y
slumberland,Ashley,QK1106045,10344140931374,Korestone End Table,Dark Brown,Other,Stationary,,Unspecified,169.99,299.99,43.3,Y
slumberland,Ashley,QK1106044,10344140898606,Korestone Coffee Table,Dark Brown,Other,Stationary,,Unspecified,229.99,399.99,42.5,Y
slumberland,Ashley,QK1104789,10291550880046,Ashbryn 3 Drawer Night Stand,White,Other,Stationary,,Unspecified,299.99,599.99,50.0,Y
slumberland,Ashley,QK1104788,10291550945582,Ashbryn 5 Drawer Chest,White,Other,Stationary,,Unspecified,799.99,1479.99,45.9,Y
slumberland,Ashley,QK1104787,10291551011118,Ashbryn Mirror,White,Other,Stationary,,Unspecified,149.99,299.99,50.0,Y
slumberland,Ashley,QK1104786,10291550978350,Ashbryn Dresser,White,Other,Stationary,,Unspecified,899.99,1899.99,52.6,Y
slumberland,Ashley,QK1104784,10291550912814,Ashbryn 4 Piece Room Group,White / Queen,Other,Stationary,,Unspecified,1999.99,4139.99,51.7,Y
slumberland,Ashley,QK1104785,10291550912814,Ashbryn 4 Piece Room Group,White / King,Other,Stationary,,Unspecified,2199.99,4419.99,50.2,Y
slumberland,Ashley,QK1104790,10291551043886,Ashbryn Panel Storage Bed,White / Queen,Other,Stationary,,Unspecified,599.99,1399.99,57.1,Y
slumberland,Ashley,QK1104781,10291551043886,Ashbryn Panel Storage Bed,White / King,Other,Stationary,,Unspecified,799.99,1679.99,52.4,Y
slumberland,Flexsteel,QK1104705,10248950579502,Murph Swivel Glider,Olive Brown,Chair,Motion,,Unspecified,1499.99,2899.99,48.3,Y
slumberland,Ashley,QK1104801,10291551109422,Brogliano Loveseat,Canyon,Loveseat,Stationary,,Leather,1279.99,1919.98,33.3,Y
slumberland,Ashley,QK1104799,10291551142190,Brogliano Ottoman,Canyon,Ottoman,Stationary,,Leather,399.99,589.99,32.2,Y
slumberland,Ashley,QK1104800,10291551174958,Brogliano Oversized Chair and a Half,Canyon,Chair,Stationary,,Leather,1089.99,1634.98,33.3,Y
slumberland,Ashley,QK1104802,10291551207726,Brogliano Sofa,Canyon,Sofa,Stationary,,Leather,1299.99,1949.98,33.3,Y
slumberland,Ashley,QK1103593,10080320487726,Ailsa Floor Lamp,"Natural Brown / Floor Lamps (40""+)",Other,Stationary,,Unspecified,229.99,579.99,60.3,Y
slumberland,Ashley,QK1103591,10080321437998,Willport Set of 2 Table Lamps,"White / Medium Lamps (20""-29"")",Other,Stationary,,Unspecified,134.99,349.99,61.4,Y
slumberland,Ashley,QK1103590,10080320422190,Aaleahya Table Lamp,"Rust / Medium Lamps (20""-29"")",Other,Stationary,,Unspecified,119.99,259.99,53.8,Y
slumberland,La-Z-Boy,QK1098747,9813995716910,Ava 5 Piece Sectional with 2 Tri-Power Ends and 1 Tri-Power Armless,Oyster,Sectional,Motion,Power,Unspecified,5699.99,8399.99,32.1,Y
slumberland,Ashley,QK1085989,9060539334958,Huey Vineyard Chest of Drawers,Black,Other,Stationary,,Unspecified,269.99,699.99,61.4,Y
slumberland,Ashley,QK1046419,9338253410606,Strumford Bar Stool,Black,Other,Stationary,,Unspecified,99.99,199.99,50.0,Y
slumberland,Ashley,QK1029104,9058412888366,Derekson 4 Drawer Storage Bed,Gray / Queen,Other,Stationary,,Unspecified,799.99,1139.98,29.8,Y
slumberland,Ashley,QK1029105,9058412888366,Derekson 4 Drawer Storage Bed,Gray / King,Other,Stationary,,Unspecified,739.99,1289.98,42.6,Y
slumberland,Ashley,QK1028656,9058390966574,Moriville Counter Stool,Nutmeg,Other,Stationary,,Fabric,124.99,219.99,43.2,Y
slumberland,Ashley,QK1104062,10117726667054,Gauntlet Reclining Console Loveseat,Sterling,Loveseat,Motion,,Unspecified,699.99,1099.99,36.4,Y
slumberland,Flexsteel,QK1104139,9846114517294,Zecliner Sleep Kit,Light Gray,Recliner,Motion,,Fabric,150.0,219.99,31.8,Y
slumberland,Flexsteel,QK1104137,10120318189870,Zecliner Model 3+ Petite Lift Recliner,Umber,Recliner,Motion,,Fabric,2799.99,3399.99,17.6,Y
slumberland,Flexsteel,QK1104138,10120318189870,Zecliner Model 3+ Petite Lift Recliner,Shell,Recliner,Motion,,Fabric,2799.99,3399.99,17.6,Y
slumberland,Flexsteel,QK1104140,10120318157102,Zecliner Chair Protector,White,Chair,Motion,,Fabric,130.0,199.99,35.0,Y
slumberland,Ashley,QK1097977,9779684868398,Top Tier 2 Piece Reclining Sofa,Chocolate,Sofa,Motion,,Fabric,999.99,1499.98,33.3,Y
slumberland,Flexsteel,QK1101559,9910815129902,Sophisticated Swivel Power Recliner,Marina,Recliner,Motion,Power,Unspecified,1299.99,1899.99,31.6,Y
slumberland,Flexsteel,QK1101560,9910815129902,Sophisticated Swivel Power Recliner,Marble,Recliner,Motion,Power,Unspecified,1299.99,1899.99,31.6,Y
slumberland,Ashley,QK1104732,10254238744878,SimpleJoy Sofa,Onyx,Sofa,Stationary,,Unspecified,399.99,749.99,46.7,Y
slumberland,Ashley,QK1104729,10254238744878,SimpleJoy Sofa,Sand,Sofa,Stationary,,Unspecified,399.99,749.99,46.7,Y
slumberland,Ashley,QK1104730,10254238712110,SimpleJoy Rocker Recliner,Onyx,Recliner,Motion,,Unspecified,379.99,704.99,46.1,Y
slumberland,Ashley,QK1104727,10254238712110,SimpleJoy Rocker Recliner,Sand,Recliner,Motion,,Unspecified,379.99,704.99,46.1,Y
slumberland,Ashley,QK1104731,10254238646574,SimpleJoy Loveseat,Onyx,Loveseat,Stationary,,Unspecified,389.99,734.99,46.9,Y
slumberland,Ashley,QK1104728,10254238646574,SimpleJoy Loveseat,Sand,Loveseat,Stationary,,Unspecified,389.99,734.99,46.9,Y
slumberland,Best Home Furnishings,QK1100898,9880541495598,Riley Ottoman,Cream,Ottoman,Stationary,,Unspecified,299.99,599.99,50.0,Y
slumberland,Flexsteel,QK1101561,9910747988270,Refined Swivel Power Recliner,Pewter,Recliner,Motion,Power,Leather,1599.99,2349.99,31.9,Y
slumberland,Flexsteel,QK1101562,9910747988270,Refined Swivel Power Recliner,Cocoa,Recliner,Motion,Power,Leather,1599.99,2349.99,31.9,Y
slumberland,Southern Motion,QK1103562,10080321339694,Primrose Hill Power Reclining Sofa,Silver,Sofa,Motion,Power,Leather,1899.99,2899.99,34.5,Y
slumberland,Southern Motion,QK1103563,10080321306926,Primrose Hill Power Reclining Loveseat,Silver,Loveseat,Motion,Power,Leather,1879.99,2879.99,34.7,Y
slumberland,Southern Motion,QK1103564,10080321274158,Primrose Hill Power Recliner,Silver,Recliner,Motion,Power,Leather,1299.99,1949.99,33.3,Y
slumberland,Southern Motion,QK1103567,10080321241390,Primrose Hill Leather Power Recliner,Toast,Recliner,Motion,Power,Leather,1799.99,2699.99,33.3,Y
slumberland,Southern Motion,QK1103565,10080321208622,Primrose Hill Leather Power Reclining Sofa,Toast,Sofa,Motion,Power,Leather,3199.99,4799.99,33.3,Y
slumberland,Southern Motion,QK1103566,10080321175854,Primrose Hill Leather Power Reclining Loveseat,Toast,Loveseat,Motion,Power,Leather,3179.99,4779.99,33.5,Y
slumberland,Ashley,QK1103588,10080321143086,Perringhill Table Lamp,"Distressed White / Large Lamps (29""-40"")",Other,Stationary,,Unspecified,119.99,319.99,62.5,Y
slumberland,Ashley,QK1105111,10327914840366,Heartcort Sofa,Quartz,Sofa,Stationary,,Unspecified,699.99,1049.98,33.3,Y
slumberland,Ashley,QK1105109,10327914807598,Heartcort Oversized Chair and a Half,Quartz,Chair,Stationary,,Unspecified,549.99,749.99,26.7,Y
slumberland,Ashley,QK1105108,10327914774830,Heartcort Ottoman,Quartz,Ottoman,Stationary,,Unspecified,349.99,524.99,33.3,Y
slumberland,Ashley,QK1105110,10327914742062,Heartcort Loveseat,Quartz,Loveseat,Stationary,,Unspecified,679.99,1019.99,33.3,Y
slumberland,Flexsteel,QK1103821,10104325570862,Bryant 2 Piece Left Sofa Sectional,Shell,Sectional,Stationary,,Unspecified,5599.99,8399.99,33.3,Y
slumberland,Ashley,QK1085665,10339388948782,Edenfield Linen Ottoman,Linen,Ottoman,Stationary,,Fabric,299.99,449.99,33.3,Y
slumberland,Ashley,QK1085629,10339388981550,Edenfield 3 Piece Linen Right Chaise Sectional,Linen,Sectional,Stationary,,Fabric,1299.99,1949.98,33.3,Y
slumberland,Ashley,QK1097974,9779684901166,Top Tier Oversized Rocker Recliner,Chocolate,Recliner,Motion,,Unspecified,699.99,1049.98,33.3,Y
slumberland,Ashley,QK1081582,9060076126510,Stairatt Sofa,Gravel,Sofa,Stationary,,Fabric,499.99,779.99,35.9,Y
slumberland,Ashley,QK1081574,9060076388654,Stairatt Ottoman,Gravel,Ottoman,Stationary,,Fabric,249.99,379.99,34.2,Y
slumberland,Ashley,QK1081572,9060076257582,Stairatt Loveseat,Gravel,Loveseat,Stationary,,Fabric,479.99,749.99,36.0,Y
slumberland,Ashley,QK1081573,9060076355886,Stairatt Chair,Gravel,Chair,Stationary,,Fabric,399.99,649.99,38.5,Y
slumberland,Ashley,QK1086603,9060574527790,First Base Rocker Recliner,Gray,Recliner,Motion,,Leather,549.99,789.99,30.4,Y
slumberland,Ashley,QK1086601,9060573937966,First Base Reclining Sofa,Gray,Sofa,Motion,,Leather,749.99,1499.99,50.0,Y
slumberland,Ashley,QK1086602,9060574232878,First Base Reclining Loveseat,Gray,Loveseat,Motion,,Leather,729.99,1479.99,50.7,Y
slumberland,Ashley,,10338995470638,Edenfield 3 Piece Linen Right Chaise Sectional and Ottoman,Default Title,Sectional,Stationary,,Fabric,1599.98,,,Y
slumberland,Ashley,,10338991571246,Gauntlet Reclining Sofa and Recliner,Default Title,Sofa,Motion,,Unspecified,1159.98,,,Y
slumberland,Ashley,QK1083509,10340526784814,Bradney Leather Swivel Accent Chair,Fossil,Chair,Stationary,,Leather,469.99,799.99,41.3,Y
slumberland,Ashley,QK1083510,10340526784814,Bradney Leather Swivel Accent Chair,Tumbleweed,Chair,Stationary,,Leather,469.99,799.99,41.3,Y
slumberland,Ashley,QK1099578,9856061145390,Greenbriar Ottoman,Smoke,Ottoman,Stationary,,Unspecified,239.99,499.99,52.0,Y
slumberland,Ashley,QK1098218,9795333652782,Ashley Peak 2.0 8 Inch Memory Foam Mattress,White / Twin,Other,Stationary,,Unspecified,219.99,519.99,57.7,Y
slumberland,Ashley,QK1098219,9795333652782,Ashley Peak 2.0 8 Inch Memory Foam Mattress,White / Full,Other,Stationary,,Unspecified,299.99,639.99,53.1,Y
slumberland,Ashley,QK1098220,9795333652782,Ashley Peak 2.0 8 Inch Memory Foam Mattress,White / Queen,Other,Stationary,,Unspecified,319.99,419.99,23.8,Y
slumberland,Ashley,QK1098221,9795333652782,Ashley Peak 2.0 8 Inch Memory Foam Mattress,White / King,Other,Stationary,,Unspecified,399.99,999.99,60.0,Y
slumberland,Ashley,QK1098226,9795162931502,Ashley Peak 2.0 12 Inch Memory Foam Mattress,White / Twin,Other,Stationary,,Unspecified,319.99,799.99,60.0,Y
slumberland,Ashley,QK1098227,9795162931502,Ashley Peak 2.0 12 Inch Memory Foam Mattress,White / Full,Other,Stationary,,Unspecified,399.99,919.99,56.5,Y
slumberland,Ashley,QK1098228,9795162931502,Ashley Peak 2.0 12 Inch Memory Foam Mattress,White / Queen,Other,Stationary,,Unspecified,429.99,999.99,57.0,Y
slumberland,Ashley,QK1098229,9795162931502,Ashley Peak 2.0 12 Inch Memory Foam Mattress,White / King,Other,Stationary,,Unspecified,549.99,1199.99,54.2,Y
slumberland,Ashley,QK1098222,9795162865966,Ashley Peak 2.0 10 Inch Memory Foam Mattress,White / Twin,Other,Stationary,,Unspecified,229.99,599.99,61.7,Y
slumberland,Ashley,QK1098223,9795162865966,Ashley Peak 2.0 10 Inch Memory Foam Mattress,White / Full,Other,Stationary,,Unspecified,309.99,719.99,56.9,Y
slumberland,Ashley,QK1098224,9795162865966,Ashley Peak 2.0 10 Inch Memory Foam Mattress,White / Queen,Other,Stationary,,Unspecified,329.99,799.99,58.8,Y
slumberland,Ashley,QK1098225,9795162865966,Ashley Peak 2.0 10 Inch Memory Foam Mattress,White / King,Other,Stationary,,Unspecified,449.99,1079.99,58.3,Y
slumberland,Ashley,QK1085631,9292192776494,Bradney Swivel Accent Chair,Linen,Chair,Stationary,,Fabric,429.99,699.99,38.6,Y
slumberland,La-Z-Boy,QK1102327,10056928231726,La-Z-Boy Sherman Rocker Recliner,Onyx,Recliner,Motion,,Unspecified,599.99,1199.99,50.0,Y
slumberland,La-Z-Boy,QK1102328,10056928231726,La-Z-Boy Sherman Rocker Recliner,Mocha,Recliner,Motion,,Unspecified,599.99,1199.99,50.0,Y
slumberland,La-Z-Boy,QK1060415,9059722821934,Arc Handle,Chrome,Recliner,Stationary,,Unspecified,39.99,49.99,20.0,Y
slumberland,La-Z-Boy,QK1103568,9059722821934,Arc Handle,Black,Recliner,Stationary,,Unspecified,39.99,49.99,20.0,Y
slumberland,Best Home Furnishings,QK1100897,9880541430062,Riley Accent Chair,Cream,Chair,Stationary,,Fabric,569.99,899.99,36.7,Y
slumberland,Ashley,QK1099579,9856061178158,Greenbriar Sofa Chaise,Smoke,Sofa,Stationary,,Unspecified,499.99,799.99,37.5,Y
slumberland,Ashley,QK1099583,9856061636910,Seyler Lane 3 Piece Right Chaise Sectional,Greystone,Sectional,Stationary,,Unspecified,1399.99,2099.99,33.3,Y
slumberland,La-Z-Boy,QK1064450,9793376289070,Morrison Power Plus Reclining Console Loveseat,Graphite,Loveseat,Motion,Power,Unspecified,1999.99,3599.99,44.4,Y
slumberland,La-Z-Boy,QK1064444,9793376289070,Morrison Power Plus Reclining Console Loveseat,Marble,Loveseat,Motion,Power,Unspecified,1999.99,3599.99,44.4,Y
slumberland,Ashley,QK1098230,9795333620014,Ashley Peak 2.0 8 Inch Innerspring Mattress,Light Blue / Twin,Other,Stationary,,Unspecified,169.99,399.99,57.5,Y
slumberland,Ashley,QK1098231,9795333620014,Ashley Peak 2.0 8 Inch Innerspring Mattress,Light Blue / Full,Other,Stationary,,Unspecified,229.99,519.99,55.8,Y
slumberland,Ashley,QK1098232,9795333620014,Ashley Peak 2.0 8 Inch Innerspring Mattress,Light Blue / Queen,Other,Stationary,,Unspecified,279.99,599.99,53.3,Y
slumberland,Ashley,QK1098233,9795333620014,Ashley Peak 2.0 8 Inch Innerspring Mattress,Light Blue / King,Other,Stationary,,Unspecified,369.99,879.99,58.0,Y
slumberland,La-Z-Boy,QK1101741,10047199314222,Belmont Rocker Recliner,Camel,Recliner,Motion,,Leather,1199.99,1999.0,40.0,Y
slumberland,La-Z-Boy,QK1101742,10047199314222,Belmont Rocker Recliner,Mineral,Recliner,Motion,,Leather,1199.99,1999.0,40.0,Y
slumberland,La-Z-Boy,QK1098743,9813995847982,Ava Rocker Recliner,Oyster,Recliner,Motion,,Unspecified,899.99,1259.98,28.6,Y
slumberland,La-Z-Boy,QK1098745,9813995749678,Ava 5 Piece Sectional,Oyster,Sectional,Stationary,,Unspecified,4399.99,6449.98,31.8,Y
slumberland,La-Z-Boy,QK1098744,9813995684142,Ava 5 Piece Sectional with 1 Tri-Power End,Oyster,Sectional,Motion,Power,Unspecified,4899.99,7049.98,30.5,Y
slumberland,La-Z-Boy,QK1101743,10047218483502,Kodie Rocker Recliner,Dove Gray,Recliner,Motion,,Unspecified,899.99,1499.0,40.0,Y
slumberland,La-Z-Boy,QK1101744,10047218483502,Kodie Rocker Recliner,Sable,Recliner,Motion,,Unspecified,899.99,1499.0,40.0,Y
slumberland,Ashley,,9741022789934,Grover Reclining Sectional and Recliner,Default Title,Sectional,Motion,,Leather,2349.98,4389.98,46.5,Y
slumberland,Ashley,,9794946531630,Edenfield 3 Piece Left Chaise Sectional with Ottoman,Default Title,Sectional,Stationary,,Unspecified,1599.98,3179.98,49.7,Y
slumberland,Ashley,,9831066009902,Cashton Sofa with Chair,Default Title,Sofa,Stationary,,Unspecified,1069.98,1409.98,24.1,Y
slumberland,La-Z-Boy,QK1064471,10065768907054,Astor Leather Rocker Recliner,Chestnut,Recliner,Motion,,Leather,1499.99,2499.99,40.0,Y
slumberland,Ashley,QK1100605,9875800064302,Wahida Table Lamp,"Distressed Black / Medium Lamps (20""-29"")",Other,Stationary,,Unspecified,89.99,189.99,52.6,Y
slumberland,Ashley,QK1100601,9875799998766,Wadeland Table Lamp,"Gold / Medium Lamps (20""-29"")",Other,Stationary,,Unspecified,79.99,229.99,65.2,Y
slumberland,Ashley,QK1100595,9875799965998,Veraleigh Table Lamp,"White / Medium Lamps (20""-29"")",Other,Stationary,,Unspecified,119.99,279.99,57.1,Y
slumberland,Ashley,QK1100609,9875799933230,Veraleigh Floor Lamp,"White / Floor Lamps (40""+)",Other,Stationary,,Unspecified,239.99,349.99,31.4,Y
slumberland,Ashley,QK1100599,9875799900462,Trentlen Table Lamp,"Cream / Medium Lamps (20""-29"")",Other,Stationary,,Unspecified,119.99,199.99,40.0,Y
slumberland,Ashley,QK1100603,9875799867694,Shawburg Table Lamp,"Blue / Medium Lamps (20""-29"")",Other,Stationary,,Unspecified,129.99,249.99,48.0,Y
slumberland,Ashley,QK1100608,9875796787502,Madsbrook Floor Lamp,"Antique White / Floor Lamps (40""+)",Other,Stationary,,Unspecified,149.99,299.99,50.0,Y
slumberland,Ashley,QK1100602,9875796754734,Linas Table Lamp,"Beige / Medium Lamps (20""-29"")",Other,Stationary,,Unspecified,119.99,229.99,47.8,Y
slumberland,Ashley,QK1100607,9875796623662,Jilton Table Lamp,"Black / Medium Lamps (20""-29"")",Other,Stationary,,Unspecified,79.99,179.99,55.6,Y
slumberland,Ashley,QK1100604,9875796590894,Imre Table Lamp,"White / Medium Lamps (20""-29"")",Other,Stationary,,Unspecified,64.99,139.99,53.6,Y
slumberland,Ashley,QK1100596,9875796525358,Gasparleigh Floor Lamp,"Brown / Floor Lamps (40""+)",Other,Stationary,,Unspecified,239.99,369.99,35.1,Y
slumberland,Ashley,QK1100597,9875796459822,Fainwell Floor Lamp,"Distressed Black / Floor Lamps (40""+)",Other,Stationary,,Unspecified,179.99,399.99,55.0,Y
slumberland,Ashley,QK1100606,9875796394286,Edselham Table Lamp,"Distressed Cream / Medium Lamps (20""-29"")",Other,Stationary,,Unspecified,129.99,229.99,43.5,Y
slumberland,Ashley,QK1092499,9795155919150,Danset Floor Lamp,"Brown / Floor Lamps (40""+)",Other,Stationary,,Unspecified,269.99,499.99,46.0,Y
slumberland,Ashley,7069858,9056878362926,Culverbach Dresser,Driftwood,Other,Stationary,,Fabric,379.99,749.99,49.3,Y
slumberland,Ashley,QK1100598,9875796197678,Bandile Table Lamp,"Black / Large Lamps (29""-40"")",Other,Stationary,,Unspecified,49.99,149.99,66.7,Y
slumberland,Ashley,QK1098234,9795162833198,Ashley Chime Peak 2.0 10 Inch Hybrid Mattress,Light Blue / Twin,Other,Stationary,,Unspecified,189.99,519.99,63.5,Y
slumberland,Ashley,QK1098235,9795162833198,Ashley Chime Peak 2.0 10 Inch Hybrid Mattress,Light Blue / Full,Other,Stationary,,Unspecified,239.99,639.99,62.5,Y
slumberland,Ashley,QK1098236,9795162833198,Ashley Chime Peak 2.0 10 Inch Hybrid Mattress,Light Blue / Queen,Other,Stationary,,Unspecified,289.99,719.99,59.7,Y
slumberland,Ashley,QK1098237,9795162833198,Ashley Chime Peak 2.0 10 Inch Hybrid Mattress,Light Blue / King,Other,Stationary,,Unspecified,379.99,999.99,62.0,Y
slumberland,Best Home Furnishings,QK1098084,9841738645806,Kacey Swivel Glider,Parchment,Chair,Motion,,Unspecified,719.99,1219.99,41.0,Y
slumberland,Best Home Furnishings,QK1098086,9056707215662,Kacey Glider Ottoman,Parchment,Chair,Motion,,Unspecified,299.99,519.99,42.3,Y
slumberland,Ashley,QK1100818,10066387992878,Wildenauer 76 Inch Console,Black,Other,Stationary,,Unspecified,699.0,949.0,26.3,Y
slumberland,Ashley,QK1082983,9060147986734,Draycoll Power Rocker Recliner,Slate,Recliner,Motion,Power,Fabric,589.99,1809.99,67.4,Y
slumberland,Ashley,QK1100900,9880464589102,Cayboni 71 Inch Fireplace TV Stand,Tan,Other,Stationary,,Unspecified,649.99,949.0,31.5,Y
slumberland,Ashley,QK1100902,9880464589102,Cayboni 71 Inch Fireplace TV Stand,Black,Other,Stationary,,Unspecified,649.99,949.0,31.5,Y
slumberland,Ashley,QK1100901,9880464556334,Cayboni 71 Inch TV Stand,Black,Other,Stationary,,Unspecified,399.0,599.0,33.4,Y
slumberland,Ashley,QK1100899,9880464556334,Cayboni 71 Inch TV Stand,Tan,Other,Stationary,,Unspecified,399.0,599.0,33.4,Y
slumberland,Ashley,QK1084664,9060137664814,Briarsboro Set of 2 Accent Tables,Gray,Chair,Stationary,,Unspecified,139.99,239.99,41.7,Y
slumberland,Ashley,QK1026449,9058193473838,Bolanburg End Table,White,Other,Stationary,,Unspecified,299.99,499.99,40.0,Y
slumberland,Ashley,QK1092343,9739237130542,Baronvale Floor Lamp,"Black / Floor Lamps (40""+)",Other,Stationary,,Fabric,119.99,239.99,50.0,Y
slumberland,Ashley,QK1100819,10066388025646,Wildenauer 76 Inch Fireplace Console,Black,Other,Stationary,,Unspecified,949.0,1249.0,24.0,Y
slumberland,Ashley,QK1098214,9795162898734,Ashley Peak 2.0 12 Inch Hybrid Mattress,Light Blue / Twin,Other,Stationary,,Unspecified,229.99,599.99,61.7,Y
slumberland,Ashley,QK1098215,9795162898734,Ashley Peak 2.0 12 Inch Hybrid Mattress,Light Blue / Full,Other,Stationary,,Unspecified,309.99,719.99,56.9,Y
slumberland,Ashley,QK1098216,9795162898734,Ashley Peak 2.0 12 Inch Hybrid Mattress,Light Blue / Queen,Other,Stationary,,Unspecified,389.99,799.99,51.3,Y
slumberland,Ashley,QK1098217,9795162898734,Ashley Peak 2.0 12 Inch Hybrid Mattress,Light Blue / King,Other,Stationary,,Unspecified,449.99,1079.99,58.3,Y
slumberland,Ashley,QK1085186,9060401611054,Upshur Swivel Glider Accent Chair,Taupe,Chair,Motion,,Fabric,489.99,899.99,45.6,Y
slumberland,Ashley,QK1053641,9059477455150,Huey Vineyard Sleigh Headboard,Black / Twin,Other,Stationary,,Unspecified,119.99,229.99,47.8,Y
slumberland,Ashley,QK1053642,9059477455150,Huey Vineyard Sleigh Headboard,Black / Full,Other,Stationary,,Unspecified,149.99,379.99,60.5,Y
slumberland,Ashley,QK1053643,9059477455150,Huey Vineyard Sleigh Headboard,Black / Queen,Other,Stationary,,Unspecified,169.99,379.99,55.3,Y
slumberland,Ashley,QK1053639,9059477160238,Huey Vineyard Nightstand,Black,Other,Stationary,,Unspecified,139.99,329.99,57.6,Y
slumberland,Ashley,QK1053638,9059477061934,Huey Vineyard Mirror,Black,Other,Stationary,,Unspecified,79.99,159.99,50.0,Y
slumberland,Ashley,QK1053637,9059476963630,Huey Vineyard Dresser,Black,Other,Stationary,,Unspecified,299.99,649.99,53.8,Y
slumberland,Ashley,QK1053633,9059476898094,Huey Vineyard Sleigh Bed,Black / Twin,Other,Stationary,,Unspecified,279.99,599.99,53.3,Y
slumberland,Ashley,QK1053634,9059476898094,Huey Vineyard Sleigh Bed,Black / Full,Other,Stationary,,Unspecified,339.99,824.99,58.8,Y
slumberland,Ashley,2675409,10054889177390,Willowton Headboard,Whitewash / Full,Other,Stationary,,Unspecified,179.99,399.99,55.0,Y
slumberland,Ashley,2675402,10054889177390,Willowton Headboard,Whitewash / Queen,Other,Stationary,,Unspecified,179.99,399.99,55.0,Y
slumberland,Ashley,2675408,10054889177390,Willowton Headboard,Whitewash / King,Other,Stationary,,Unspecified,299.99,489.99,38.8,Y
slumberland,Ashley,QK1019857,9057191493934,Grover Rocker Recliner,Gray,Recliner,Motion,,Leather,549.99,939.99,41.5,Y
slumberland,Ashley,QK1019856,9057103348014,Grover 2 Piece Reclining Sectional,Gray,Sectional,Motion,,Leather,1799.99,3449.99,47.8,Y
slumberland,La-Z-Boy,QK1100816,9879688282414,Armitage Dual Power Oversized Recliner,Marble,Recliner,Motion,Power,Unspecified,1799.99,2629.99,31.6,Y
slumberland,La-Z-Boy,QK1100817,9879688249646,Armitage 6 Piece Dual Power Reclining Sectional,Marble,Sectional,Motion,Power,Unspecified,6399.99,10999.99,41.8,Y
slumberland,Ashley,QK1094597,9699690512686,Santorine Chair,Dark Brown,Chair,Stationary,,Leather,649.99,799.99,18.8,Y
slumberland,Ashley,QK1061455,9059807461678,Chanlow Small Sculpture,"Gray / Table Top Decor (Under 12"")",Other,Stationary,,Unspecified,19.99,49.99,60.0,Y
slumberland,Ashley,QK1100591,9875796656430,Kierreys Swivel Chair,Caramel,Chair,Stationary,,Leather,499.99,899.99,44.4,Y
slumberland,Ashley,QK1100592,9875796656430,Kierreys Swivel Chair,Ocean,Chair,Stationary,,Leather,499.99,899.99,44.4,Y
slumberland,Ashley,QK1100593,9875796656430,Kierreys Swivel Chair,Midnight,Chair,Stationary,,Leather,499.99,899.99,44.4,Y
slumberland,Ashley,QK1100594,9875796656430,Kierreys Swivel Chair,Bone,Chair,Stationary,,Leather,499.99,899.99,44.4,Y
slumberland,La-Z-Boy,QK1100590,9875010093358,Liam Power Lift Recliner,Mushroom,Recliner,Motion,Power,Unspecified,1099.99,2249.99,51.1,Y
slumberland,Ashley,QK1020063,9057911865646,Marnina Set of 2 Table Lamps,"Taupe / Medium Lamps (20""-29"")",Other,Stationary,,Unspecified,129.99,249.99,48.0,Y
slumberland,La-Z-Boy,QK1062104,9793371275566,Brooks Reclining Loveseat,Muslin,Loveseat,Motion,,Unspecified,979.99,2379.99,58.8,Y
slumberland,Ashley,QK1087988,9794410348846,Cammen Tall Vase,Tan,Other,Stationary,,Unspecified,36.99,79.99,53.8,Y
slumberland,Ashley,QK1087987,9794410316078,Cammen Medium Vase,Tan,Other,Stationary,,Unspecified,33.99,71.99,52.8,Y
slumberland,Ashley,QK1089693,9783855612206,Aadeen Small Vase,"Distressed Brown / Table Top Decor (12""-25"")",Other,Stationary,,Unspecified,39.99,71.99,44.5,Y
slumberland,Ashley,QK1087981,9795157098798,Hadbury Set of 2 Table Lamps,"Blue / Medium Lamps (20""-29"")",Other,Stationary,,Unspecified,149.99,331.99,54.8,Y
slumberland,Ashley,QK1087982,9795157098798,Hadbury Set of 2 Table Lamps,"Moss Green / Medium Lamps (20""-29"")",Other,Stationary,,Unspecified,139.99,195.99,28.6,Y
slumberland,Ashley,QK1092333,9784820367662,Taylow Table Lamp,"Gray / Medium Lamps (20""-29"")",Other,Stationary,,Unspecified,75.99,167.99,54.8,Y
slumberland,Ashley,QK1092336,9795157688622,Kerbert Table Lamp,"Distressed Black / Large Lamps (29""-40"")",Other,Stationary,,Unspecified,119.99,279.99,57.1,Y
slumberland,Ashley,QK1092331,9795156574510,Ferrison Table Lamp,"Gold / Medium Lamps (20""-29"")",Other,Stationary,,Unspecified,54.99,119.99,54.2,Y
slumberland,Ashley,QK1092335,9783856955694,Baronvale Accent Table Lamp,"Black / Medium Lamps (20""-29"")",Chair,Stationary,,Unspecified,79.99,169.99,52.9,Y
slumberland,Best Home Furnishings,QK1097007,9837224689966,Ava Accent Chair,Beige,Chair,Stationary,,Fabric,499.99,1299.99,61.5,Y
slumberland,Ashley,QK1087977,9795154411822,Ashber Accent Table,White,Chair,Stationary,,Unspecified,149.99,199.99,25.0,Y
slumberland,Ashley,QK1087973,9795154903342,Ceilby Accent End Table,Black,Chair,Stationary,,Unspecified,159.99,195.99,18.4,Y
slumberland,Ashley,QK1087974,9856061079854,Ceilby Accent Side Table,Natural,Chair,Stationary,,Unspecified,229.99,279.99,17.9,Y
slumberland,Ashley,QK1086616,9784786714926,Cabalynn Sofa Table,Light Brown,Sofa,Stationary,,Unspecified,349.99,519.99,32.7,Y
slumberland,Ashley,QK1086615,9795154673966,Cabalynn End Table,Light Brown,Other,Stationary,,Unspecified,259.99,379.99,31.6,Y
slumberland,Ashley,QK1086614,9795154641198,Cabalynn Coffee Table,Light Brown,Other,Stationary,,Unspecified,349.99,519.99,32.7,Y
slumberland,Ashley,QK1098212,9795157000494,Gardiner Sofa Chaise,Pewter,Sofa,Stationary,,Unspecified,899.99,1349.98,33.3,Y
slumberland,Ashley,QK1098213,9795156967726,Gardiner Oversized Chair,Pewter,Chair,Stationary,,Unspecified,529.99,794.99,33.3,Y
slumberland,Ashley,QK1098211,9795156934958,Gardiner Ottoman,Pewter,Ottoman,Stationary,,Fabric,249.99,349.99,28.6,Y
slumberland,Ashley,QK1085784,9060492280110,Bales 8 Piece Modular Seating,Taupe,Sectional,Stationary,,Fabric,2699.99,5689.99,52.5,Y
slumberland,Ashley,QK1085783,9060491919662,Bales 7 Piece Modular Seating,Taupe,Sectional,Stationary,,Fabric,2399.99,4999.99,52.0,Y
slumberland,Ashley,QK1085782,9060491526446,Bales 6 Piece Modular Seating,Taupe,Sectional,Stationary,,Unspecified,1999.99,4299.99,53.5,Y
slumberland,Ashley,QK1085781,9060491198766,Bales 5 Piece Modular Seating,Taupe,Sectional,Stationary,,Fabric,1649.99,3599.99,54.2,Y
slumberland,Ashley,QK1085780,9060490805550,Bales 4 Piece Modular Seating,Taupe,Sectional,Stationary,,Unspecified,1349.99,2899.99,53.4,Y
slumberland,Ashley,QK1085779,9060490346798,Bales 3 Piece Modular Seating,Taupe,Sectional,Stationary,,Fabric,999.99,1699.99,41.2,Y
slumberland,Ashley,QK1085778,9060489822510,Bales 2 Piece Modular Seating,Taupe,Sectional,Stationary,,Fabric,699.99,1499.99,53.3,Y
slumberland,Ashley,QK1099347,9837224722734,Freybourne Nuvella Swivel Chair,Pewter,Chair,Stationary,,Fabric,399.99,729.99,45.2,Y
slumberland,Ashley,QK1099348,9837224722734,Freybourne Nuvella Swivel Chair,Twill,Chair,Stationary,,Fabric,399.99,729.99,45.2,Y
slumberland,Ashley,QK1098703,9813996601646,Cayboni Panel Bed,White / Twin,Other,Stationary,,Unspecified,179.99,289.99,37.9,Y
slumberland,Ashley,QK1098704,9813996601646,Cayboni Panel Bed,White / Full,Other,Stationary,,Unspecified,179.99,349.99,48.6,Y
slumberland,Ashley,QK1098705,9813996601646,Cayboni Panel Bed,White / Queen,Other,Stationary,,Unspecified,269.99,399.99,32.5,Y
slumberland,Ashley,QK1098716,9813996601646,Cayboni Panel Bed,Charcoal / Twin,Other,Stationary,,Unspecified,179.99,289.99,37.9,Y
slumberland,Ashley,QK1098717,9813996601646,Cayboni Panel Bed,Charcoal / Full,Other,Stationary,,Unspecified,179.99,349.99,48.6,Y
slumberland,Ashley,QK1098718,9813996601646,Cayboni Panel Bed,Charcoal / Queen,Other,Stationary,,Unspecified,269.99,399.99,32.5,Y
slumberland,Ashley,QK1098696,9813996568878,Cayboni Nightstand,White,Other,Stationary,,Unspecified,129.99,199.99,35.0,Y
slumberland,Ashley,QK1098709,9813996568878,Cayboni Nightstand,Charcoal,Other,Stationary,,Unspecified,129.99,199.99,35.0,Y
slumberland,Ashley,QK1098694,9813996503342,Cayboni Mirror,White,Other,Stationary,,Unspecified,59.99,89.99,33.3,Y
slumberland,Ashley,QK1098707,9813996503342,Cayboni Mirror,Charcoal,Other,Stationary,,Unspecified,59.99,89.99,33.3,Y
slumberland,Ashley,QK1098693,9813996437806,Cayboni Dresser,White,Other,Stationary,,Fabric,279.99,439.99,36.4,Y
slumberland,Ashley,QK1098706,9813996437806,Cayboni Dresser,Charcoal,Other,Stationary,,Fabric,279.99,439.99,36.4,Y
slumberland,Ashley,QK1098695,9813996405038,Cayboni Chest,White,Other,Stationary,,Fabric,279.99,439.99,36.4,Y
slumberland,Ashley,QK1098708,9813996405038,Cayboni Chest,Charcoal,Other,Stationary,,Fabric,279.99,439.99,36.4,Y
slumberland,La-Z-Boy,QK1098746,9813995651374,Ava 3 Piece Sectional,Oyster,Sectional,Stationary,,Unspecified,3399.99,4949.98,31.3,Y
slumberland,Ashley,QK1087969,9060639342894,Burkhaus Sofa Table,White,Sofa,Stationary,,Unspecified,289.99,379.99,23.7,Y
slumberland,Ashley,QK1085559,9060438573358,Burkhaus End Table,White,Other,Stationary,,Unspecified,239.99,569.99,57.9,Y
slumberland,Ashley,QK1085558,9060438049070,Burkhaus Coffee Table,White,Other,Stationary,,Unspecified,399.99,799.99,50.0,Y
slumberland,Ashley,QK1092337,9795155951918,Danset Table Lamp,"Brown / Large Lamps (29""-40"")",Other,Stationary,,Fabric,124.99,239.99,47.9,Y
slumberland,Ashley,QK1098759,9814026092846,Rannis Sleeper,Pewter / Twin,Sleeper,Stationary,,Fabric,699.99,949.99,26.3,Y
slumberland,Ashley,QK1098762,9814026092846,Rannis Sleeper,Snow / Twin,Sleeper,Stationary,,Fabric,699.99,949.99,26.3,Y
slumberland,Ashley,QK1098758,9814026092846,Rannis Sleeper,Pewter / Full,Sleeper,Stationary,,Fabric,799.99,1049.99,23.8,Y
slumberland,Ashley,QK1098761,9814026092846,Rannis Sleeper,Snow / Full,Sleeper,Stationary,,Fabric,799.99,1049.99,23.8,Y
slumberland,Ashley,QK1098760,9814026092846,Rannis Sleeper,Pewter / Queen,Sleeper,Stationary,,Fabric,899.99,1149.99,21.7,Y
slumberland,Ashley,QK1098763,9814026092846,Rannis Sleeper,Snow / Queen,Sleeper,Stationary,,Fabric,899.99,1149.99,21.7,Y
slumberland,Ashley,QK1087958,9060640227630,Loyaska Sofa Table,Gray,Sofa,Stationary,,Unspecified,429.99,489.99,12.2,Y
slumberland,Ashley,QK1087957,9060639965486,Loyaska End Table,Gray,Other,Stationary,,Unspecified,219.99,269.99,18.5,Y
slumberland,Ashley,QK1087956,9060639703342,Loyaska Coffee Table,Gray,Other,Stationary,,Unspecified,549.99,699.99,21.4,Y
slumberland,Ashley,QK1098113,9786622181678,Nenana Swivel Glider Chair,Denim,Chair,Motion,,Fabric,399.99,649.99,38.5,Y
slumberland,Flexsteel,QK1091049,9460381778222,Dylan Power Rocking Recliner,Smoke,Recliner,Motion,Power,Unspecified,1899.99,2499.99,24.0,Y
slumberland,Flexsteel,QK1091050,9460381778222,Dylan Power Rocking Recliner,Cappuccino,Recliner,Motion,Power,Unspecified,1899.99,2499.99,24.0,Y
slumberland,Flexsteel,QK1091051,9460381909294,Dylan Power Recliner,Smoke,Recliner,Motion,Power,Fabric,1699.99,2199.99,22.7,Y
slumberland,Flexsteel,QK1091052,9460381909294,Dylan Power Recliner,Cappuccino,Recliner,Motion,Power,Fabric,1699.99,2199.99,22.7,Y
slumberland,Ashley,QK1029072,9058410529070,Derekson Mirror,Gray,Other,Stationary,,Unspecified,59.99,139.99,57.1,Y
slumberland,Ashley,QK1096411,9780442595630,Cashton Sofa,Blue,Sofa,Stationary,,Fabric,699.99,899.99,22.2,Y
slumberland,Ashley,QK1096408,9780442530094,Cashton Ottoman,Blue,Ottoman,Stationary,,Fabric,289.99,299.99,3.3,Y
slumberland,Ashley,QK1096410,9780442497326,Cashton Loveseat,Blue,Loveseat,Stationary,,Fabric,679.99,879.99,22.7,Y
slumberland,Ashley,QK1096409,9780442431790,Cashton Chair,Blue,Chair,Stationary,,Fabric,369.99,509.99,27.5,Y
slumberland,La-Z-Boy,QK1094553,9779684049198,Kennedy Tempur Foam Sleeper,Oyster / Queen,Sleeper,Stationary,,Fabric,2399.99,3599.99,33.3,Y
slumberland,Ashley,QK1097702,9779683787054,Frohn Rocker Recliner,Graphite,Recliner,Motion,,Unspecified,539.99,809.99,33.3,Y
slumberland,Ashley,QK1097705,9779683787054,Frohn Rocker Recliner,Chocolate,Recliner,Motion,,Unspecified,539.99,809.99,33.3,Y
slumberland,Ashley,QK1097700,9779683524910,Frohn Reclining Sofa,Graphite,Sofa,Motion,,Fabric,649.99,1049.98,38.1,Y
slumberland,Ashley,QK1097703,9779683524910,Frohn Reclining Sofa,Chocolate,Sofa,Motion,,Fabric,649.99,1049.98,38.1,Y
slumberland,Ashley,QK1097701,9779683262766,Frohn Console Reclining Loveseat,Graphite,Loveseat,Motion,,Fabric,699.99,1049.98,33.3,Y
slumberland,Ashley,QK1097704,9779683262766,Frohn Console Reclining Loveseat,Chocolate,Loveseat,Motion,,Fabric,699.99,1049.98,33.3,Y
slumberland,La-Z-Boy,QK1094552,9779683983662,Kennedy Sleeper,Oyster / Queen,Sleeper,Stationary,,Fabric,1899.99,2849.99,33.3,Y
slumberland,Ashley,QK1089674,9771753013550,Malthace Table Lamp,"Patina / Medium Lamps (20""-29"")",Other,Stationary,,Unspecified,134.99,239.99,43.8,Y
slumberland,La-Z-Boy,,9767756071214,Brooks Reclining Sofa and Recliner,Default Title,Sofa,Motion,,Unspecified,1649.98,3599.98,54.2,Y
slumberland,La-Z-Boy,,9762242855214,Trouper Leather Tri Power Reclining Sofa and Loveseat,Default Title,Loveseat,Motion,Power,Leather,6579.98,12779.98,48.5,Y
slumberland,Ashley,,9762236170542,Stonemeade Sofa Chaise and Recliner,Default Title,Sofa,Motion,,Fabric,1299.98,1359.98,4.4,Y
slumberland,La-Z-Boy,,9762195013934,Morrison Reclining Sofa and Power Recliner,Marble / Marble,Sofa,Motion,Power,Unspecified,2499.98,4079.98,38.7,Y
slumberland,La-Z-Boy,,9762195013934,Morrison Reclining Sofa and Power Recliner,Marble / Graphite,Sofa,Motion,Power,Unspecified,2499.98,4079.98,38.7,Y
slumberland,La-Z-Boy,,9762195013934,Morrison Reclining Sofa and Power Recliner,Graphite / Marble,Sofa,Motion,Power,Unspecified,2499.98,4079.98,38.7,Y
slumberland,La-Z-Boy,,9762195013934,Morrison Reclining Sofa and Power Recliner,Graphite / Graphite,Sofa,Motion,Power,Unspecified,2499.98,4079.98,38.7,Y
slumberland,Flexsteel,,9762192949550,Hayley Power Reclining Sofa and Loveseat,Default Title,Loveseat,Motion,Power,Leather,6599.98,8699.98,24.1,Y
slumberland,Flexsteel,,9762139177262,Amelia Power Reclining Console Sofa and Recliner,Default Title,Sofa,Motion,Power,Unspecified,6199.98,7695.98,19.4,Y
slumberland,Ashley,,9762137604398,Albar Place Sectional and Ottoman,Default Title,Sectional,Stationary,,Unspecified,1549.98,1769.98,12.4,Y
slumberland,Ashley,,9753602097454,Kent Reclining Sofa and Loveseat with Recliner,Default Title,Loveseat,Motion,,Fabric,2129.97,3279.97,35.1,Y
slumberland,Ashley,QK1095650,9751341498670,Midnight-Madness 4 Piece Modular Sectional with Left Chaise,Onyx,Sectional,Stationary,,Unspecified,2599.99,3539.99,26.6,Y
slumberland,Ashley,,9750190555438,Mahoney Right Chaise Sectional and Ottoman,Pebble / Pebble,Sectional,Stationary,,Unspecified,1479.98,2409.97,38.6,Y
slumberland,Ashley,,9750190555438,Mahoney Right Chaise Sectional and Ottoman,Pebble / Chocolate,Sectional,Stationary,,Unspecified,1139.98,2409.97,52.7,Y
slumberland,Ashley,,9750190555438,Mahoney Right Chaise Sectional and Ottoman,Chocolate / Pebble,Sectional,Stationary,,Unspecified,1139.98,2409.97,52.7,Y
slumberland,Ashley,,9750190555438,Mahoney Right Chaise Sectional and Ottoman,Chocolate / Chocolate,Sectional,Stationary,,Unspecified,1139.98,2409.97,52.7,Y
slumberland,Ashley,,9750177743150,Mahoney Left Chaise Sectional and Ottoman,Chocolate / Pebble,Sectional,Stationary,,Unspecified,1479.98,2409.97,38.6,Y
slumberland,Ashley,,9750177743150,Mahoney Left Chaise Sectional and Ottoman,Chocolate / Chocolate,Sectional,Stationary,,Unspecified,1139.98,2409.97,52.7,Y
slumberland,Ashley,,9750177743150,Mahoney Left Chaise Sectional and Ottoman,Pebble / Pebble,Sectional,Stationary,,Unspecified,1139.98,2409.97,52.7,Y
slumberland,Ashley,,9750177743150,Mahoney Left Chaise Sectional and Ottoman,Pebble / Chocolate,Sectional,Stationary,,Unspecified,1139.98,2409.97,52.7,Y
slumberland,Ashley,QK1092496,9741464568110,Bales Accent Chair,Navy,Chair,Stationary,,Unspecified,329.99,469.99,29.8,Y
slumberland,Ashley,QK1092497,9741464568110,Bales Accent Chair,Taupe,Chair,Stationary,,Unspecified,329.99,469.99,29.8,Y
slumberland,Ashley,QK1091061,9462932013358,Magalie Table Lamp,"Antique Silver / Medium Lamps (20""-29"")",Other,Stationary,,Unspecified,134.99,239.99,43.8,Y
slumberland,Ashley,,9741042319662,Kent Reclining Loveseat and Recliner,Default Title,Loveseat,Motion,,Fabric,1329.98,2039.98,34.8,Y
slumberland,Ashley,,9741027770670,Riles Left Chaise Sectional and Ottoman,Alloy / Alloy,Sectional,Stationary,,Unspecified,1549.98,2519.97,38.5,Y
slumberland,Ashley,,9741027770670,Riles Left Chaise Sectional and Ottoman,Alloy / Slate,Sectional,Stationary,,Unspecified,1549.98,2519.97,38.5,Y
slumberland,Ashley,,9741027770670,Riles Left Chaise Sectional and Ottoman,Slate / Alloy,Sectional,Stationary,,Unspecified,1549.98,2519.97,38.5,Y
slumberland,Ashley,,9741027770670,Riles Left Chaise Sectional and Ottoman,Slate / Slate,Sectional,Stationary,,Unspecified,1549.98,2519.97,38.5,Y
slumberland,Ashley,,9741020234030,Riles Right Chaise Sectional and Ottoman,Alloy / Alloy,Sectional,Stationary,,Unspecified,1549.98,2519.97,38.5,Y
slumberland,Ashley,,9741020234030,Riles Right Chaise Sectional and Ottoman,Alloy / Slate,Sectional,Stationary,,Unspecified,1549.98,2519.97,38.5,Y
slumberland,Ashley,,9741020234030,Riles Right Chaise Sectional and Ottoman,Slate / Alloy,Sectional,Stationary,,Unspecified,1549.98,2519.97,38.5,Y
slumberland,Ashley,,9741020234030,Riles Right Chaise Sectional and Ottoman,Slate / Slate,Sectional,Stationary,,Unspecified,1549.98,2519.97,38.5,Y
slumberland,Ashley,,9741025149230,Kent Reclining Sofa and Recliner,Default Title,Sofa,Motion,,Fabric,1349.98,2069.98,34.8,Y
slumberland,Ashley,,9741011484974,Kent Reclining Sofa and Loveseat,Default Title,Loveseat,Motion,,Fabric,1579.98,2449.98,35.5,Y
slumberland,Ashley,QK1097747,9735037780270,Boyington Power Reclining Sofa and Recliner,Gray,Sofa,Motion,Power,Unspecified,4499.98,5669.98,20.6,Y
slumberland,Ashley,QK1097748,9735037780270,Boyington Power Reclining Sofa and Recliner,Black,Sofa,Motion,Power,Unspecified,4499.98,5669.98,20.6,Y
slumberland,Ashley,QK1097745,9735037583662,Boyington Power Reclining Sofa and Loveseat,Gray,Loveseat,Motion,Power,Unspecified,5599.98,7179.98,22.0,Y
slumberland,Ashley,QK1097746,9735037583662,Boyington Power Reclining Sofa and Loveseat,Black,Loveseat,Motion,Power,Unspecified,5599.98,7179.98,22.0,Y
slumberland,Ashley,QK1089675,9737369551150,Mari Table Lamp,"Gold / Medium Lamps (20""-29"")",Other,Stationary,,Unspecified,149.99,263.99,43.2,Y
slumberland,Ashley,QK1090742,9735037714734,Lindyn 3 Piece Modular Sofa with Left Chaise,Ivory,Sofa,Stationary,,Fabric,1999.99,3199.99,37.5,Y
slumberland,Ashley,QK1090745,9735037714734,Lindyn 3 Piece Modular Sofa with Left Chaise,Fog,Sofa,Stationary,,Fabric,1999.99,3199.99,37.5,Y
slumberland,Ashley,QK1090743,9735037518126,Lindyn 5 Piece Modular Sectional with Left Chaise,Ivory,Sectional,Stationary,,Unspecified,3399.99,5199.99,34.6,Y
slumberland,Ashley,QK1090744,9735037518126,Lindyn 5 Piece Modular Sectional with Left Chaise,Fog,Sectional,Stationary,,Unspecified,3399.99,5199.99,34.6,Y
slumberland,Ashley,QK1088112,9060650647854,Henfield Accent Table,Brown,Chair,Stationary,,Unspecified,229.99,279.99,17.9,Y
slumberland,Ashley,QK1097015,9316259037486,Cadmori Upholstered Bed,Gray/Natural / Full,Other,Stationary,,Fabric,429.99,599.99,28.3,Y
slumberland,Ashley,QK1097016,9316259037486,Cadmori Upholstered Bed,Gray/Natural / Queen,Other,Stationary,,Fabric,299.99,669.99,55.2,Y
slumberland,Ashley,QK1097017,9316259037486,Cadmori Upholstered Bed,Gray/Natural / King,Other,Stationary,,Fabric,539.99,739.99,27.0,Y
slumberland,La-Z-Boy,QK1096559,9724714680622,Pinnacle Tri-Power Leather Rocker Recliner,Stone,Recliner,Motion,Power,Leather,1749.99,2899.0,39.6,Y
slumberland,La-Z-Boy,QK1096560,9724714680622,Pinnacle Tri-Power Leather Rocker Recliner,Umber,Recliner,Motion,Power,Leather,1749.99,2899.0,39.6,Y
slumberland,Ashley,QK1094605,9719696687406,Erinslane Chair,Dusk,Chair,Stationary,,Unspecified,349.99,529.99,34.0,Y
slumberland,Ashley,QK1094604,9719696654638,Erinslane Ottoman,Dusk,Ottoman,Stationary,,Unspecified,229.99,349.99,34.3,Y
slumberland,Ashley,QK1089790,9719696097582,Cadmori Upholstered Panel Bed,Gray/Natural / Full,Other,Stationary,,Fabric,399.99,599.99,33.3,Y
slumberland,Ashley,QK1089788,9719696097582,Cadmori Upholstered Panel Bed,Gray/Natural / Queen,Other,Stationary,,Fabric,499.99,799.99,37.5,Y
slumberland,Ashley,QK1089789,9719696097582,Cadmori Upholstered Panel Bed,Gray/Natural / King,Other,Stationary,,Fabric,599.99,899.99,33.3,Y
slumberland,La-Z-Boy,QK1096561,9058601992494,Pinnacle Leather Rocker Recliner,Stone,Recliner,Motion,,Leather,1099.99,1699.0,35.3,Y
slumberland,La-Z-Boy,QK1096562,9058601992494,Pinnacle Leather Rocker Recliner,Umber,Recliner,Motion,,Leather,1099.99,1699.0,35.3,Y
slumberland,Ashley,QK1096172,9719697113390,Cadmori 4 Piece Upholstered Room Group,Natural / Queen,Other,Stationary,,Fabric,1499.99,2699.99,44.4,Y
slumberland,Ashley,QK1096173,9719697113390,Cadmori 4 Piece Upholstered Room Group,Natural / King,Other,Stationary,,Fabric,1599.99,2799.99,42.9,Y
slumberland,La-Z-Boy,QK1096557,9719696326958,Fulton Rocker Recliner,Mushroom,Recliner,Motion,,Unspecified,899.99,1399.0,35.7,Y
slumberland,Ashley,QK1095652,9715183845678,Midnight-Madness 3 Piece Sectional,Onyx,Sectional,Stationary,,Fabric,1999.99,2879.99,30.6,Y
slumberland,Ashley,QK1095653,9715183812910,Midnight-Madness Oversized Accent Ottoman,Onyx,Chair,Stationary,,Fabric,349.99,479.99,27.1,Y
slumberland,Ashley,QK1095651,9715183780142,Midnight-Madness 3 Piece Sectional with Dual Chaise,Onyx,Sectional,Stationary,,Fabric,1799.99,2559.99,29.7,Y
slumberland,Ashley,QK1095654,9715183747374,Midnight-Madness Oversized Chaise,Onyx,Other,Stationary,,Unspecified,1149.99,1599.99,28.1,Y
slumberland,Ashley,QK1095647,9715183681838,Midnight-Madness 2 Piece Modular Sectional with Left Chaise,Onyx,Sectional,Stationary,,Unspecified,1399.99,1929.99,27.5,Y
slumberland,Ashley,QK1095649,9715183649070,Midnight-Madness 4 Piece Modular Sectional with Right Chaise,Onyx,Sectional,Stationary,,Unspecified,2599.99,3539.99,26.6,Y
slumberland,Ashley,QK1095648,9715183550766,Midnight-Madness 2 Piece Modular Sectional with Right Chaise,Onyx,Sectional,Stationary,,Fabric,1399.99,1929.99,27.5,Y
slumberland,Flexsteel,QK1091046,9460381647150,Zecliner Model 2+ Power Lift Recliner,Umber,Recliner,Motion,Power,Fabric,2899.99,3599.99,19.4,Y
slumberland,Flexsteel,QK1091047,9460381647150,Zecliner Model 2+ Power Lift Recliner,Shell,Recliner,Motion,Power,Fabric,2899.99,3599.99,19.4,Y
slumberland,Ashley,QK1094599,9699690447150,Santorine Sofa,Dark Brown,Sofa,Stationary,,Leather,799.99,1099.99,27.3,Y
slumberland,Ashley,QK1094596,9699690414382,Santorine Ottoman,Dark Brown,Ottoman,Stationary,,Leather,289.99,389.99,25.6,Y
slumberland,Ashley,QK1094025,9699690381614,Bunchly Washable Rug,Tan / 5'x8' Rugs,Other,Stationary,,Unspecified,89.99,191.99,53.1,Y
slumberland,Ashley,QK1094024,9699690381614,Bunchly Washable Rug,Tan / 8'x10' Rugs,Other,Stationary,,Unspecified,189.99,407.99,53.4,Y
slumberland,Ashley,QK1088842,9438007230766,Stonemeade Sofa Chaise,Nutmeg,Sofa,Stationary,,Fabric,799.99,1199.99,33.3,Y
slumberland,Ashley,QK1088844,9438007329070,Stonemeade Recliner,Nutmeg,Recliner,Motion,,Unspecified,499.99,799.99,37.5,Y
slumberland,Ashley,QK1087960,9060640817454,Roanhowe End Table,Brown,Other,Stationary,,Unspecified,199.99,249.99,20.0,Y
slumberland,Ashley,QK1087959,9060640522542,Roanhowe Coffee Table,Brown,Other,Stationary,,Unspecified,329.99,409.99,19.5,Y
slumberland,Ashley,QK1083488,9060250288430,Navi Sofa Sleeper,Smoke / Queen,Sleeper,Stationary,,Leather,849.99,2419.99,64.9,Y
slumberland,La-Z-Boy,QK1064441,9645789282606,Morrison Reclining Console Loveseat,Marble,Loveseat,Motion,,Unspecified,1399.99,2299.99,39.1,Y
slumberland,La-Z-Boy,QK1064447,9645789282606,Morrison Reclining Console Loveseat,Graphite,Loveseat,Motion,,Unspecified,1399.99,2299.99,39.1,Y
slumberland,Ashley,QK1094623,9645789249838,Lindyn Oversized Chaise,Ivory,Other,Stationary,,Fabric,799.99,949.99,15.8,Y
slumberland,Ashley,QK1094624,9645789249838,Lindyn Oversized Chaise,Fog,Other,Stationary,,Fabric,799.99,949.99,15.8,Y
slumberland,La-Z-Boy,QK1064403,9645789217070,Trouper Reclining Console Loveseat,Sable,Loveseat,Motion,,Unspecified,1999.99,3099.99,35.5,Y
slumberland,La-Z-Boy,QK1064412,9645789217070,Trouper Reclining Console Loveseat,Mink,Loveseat,Motion,,Unspecified,1999.99,3099.99,35.5,Y
slumberland,Ashley,QK1090754,9629534748974,Albar Place Ottoman,Cobalt,Ottoman,Stationary,,Unspecified,349.99,469.99,25.5,Y
slumberland,Ashley,QK1090753,9629534716206,Albar Place 2 Piece Left Sofa Chaise Sectional,Cobalt,Sectional,Stationary,,Unspecified,1199.99,1799.99,33.3,Y
slumberland,Flexsteel,QK1093263,9641330704686,Dylan Power Reclining Console Loveseat,Smoke,Loveseat,Motion,Power,Fabric,2899.99,4349.98,33.3,Y
slumberland,Flexsteel,QK1093264,9641330704686,Dylan Power Reclining Console Loveseat,Cappuccino,Loveseat,Motion,Power,Fabric,2899.99,4349.98,33.3,Y
slumberland,Flexsteel,QK1093261,9641330606382,Dylan Power Reclining Sofa,Smoke,Sofa,Motion,Power,Fabric,2899.99,4349.98,33.3,Y
slumberland,Flexsteel,QK1093262,9641330606382,Dylan Power Reclining Sofa,Cappuccino,Sofa,Motion,Power,Fabric,2899.99,4349.98,33.3,Y
slumberland,Ashley,QK1089170,9621576745262,Wolfridge Power Reclining Sofa,Brindle,Sofa,Motion,Power,Unspecified,1199.99,1469.99,18.4,Y
slumberland,Ashley,QK1089172,9621576646958,Wolfridge Power Recliner,Brindle,Recliner,Motion,Power,Unspecified,899.99,1189.99,24.4,Y
slumberland,Ashley,QK1089171,9621576483118,Wolfridge Power Reclining Loveseat,Brindle,Loveseat,Motion,Power,Unspecified,1199.99,1449.99,17.2,Y
slumberland,Ashley,QK1088037,9615274344750,Lindyn Oversized Accent Ottoman,Fog,Chair,Stationary,,Fabric,629.99,899.99,30.0,Y
slumberland,Ashley,QK1088029,9615274344750,Lindyn Oversized Accent Ottoman,Ivory,Chair,Stationary,,Fabric,599.99,899.99,33.3,Y
slumberland,La-Z-Boy,QK1082412,9060102439214,Roman Leather Tri-Power Reclining Oversize Chair,Chocolate,Chair,Motion,Power,Leather,2299.99,3349.99,31.3,Y
slumberland,Southern Motion,QK1054856,9059528114478,Kish Power Plus Reclining Loveseat,Charcoal,Loveseat,Motion,Power,Unspecified,1979.99,3199.99,38.1,Y
slumberland,La-Z-Boy,QK1082408,9060103651630,Roman Leather Reclining Oversize Chair,Chocolate,Chair,Motion,,Leather,1899.99,2549.99,25.5,Y
slumberland,La-Z-Boy,QK1082410,9060102340910,Roman Leather Power Plus Reclining Oversize Chair,Chocolate,Chair,Motion,Power,Leather,2099.99,2949.99,28.8,Y
slumberland,Southern Motion,QK1054853,9059528605998,Kish Reclining Loveseat,Charcoal,Loveseat,Motion,,Unspecified,1479.99,2219.99,33.3,Y
slumberland,La-Z-Boy,QK1087077,9060608049454,Neo Tri-Power Rocker Recliner,Ash,Recliner,Motion,Power,Unspecified,1969.99,3099.0,36.4,Y
slumberland,Best Home Furnishings,QK1084619,9338253869358,Kersey Swivel Glide Recliner,Linen,Recliner,Motion,,Fabric,799.99,1299.99,38.5,Y
slumberland,Ashley,QK1087980,9589770977582,Chadrich Set of 2 Table Lamps,"Antique Beige / Medium Lamps (20""-29"")",Other,Stationary,,Unspecified,112.99,239.99,52.9,Y
slumberland,Ashley,QK1092543,9568373506350,Boyington Power Reclining Loveseat,Gray,Loveseat,Motion,Power,Unspecified,2799.99,3589.99,22.0,Y
slumberland,Ashley,QK1092546,9568373506350,Boyington Power Reclining Loveseat,Black,Loveseat,Motion,Power,Unspecified,2799.99,3589.99,22.0,Y
slumberland,Ashley,QK1092544,9568373440814,Boyington Power Recliner,Gray,Recliner,Motion,Power,Unspecified,1699.99,2079.99,18.3,Y
slumberland,Ashley,QK1092547,9568373440814,Boyington Power Recliner,Black,Recliner,Motion,Power,Unspecified,1699.99,2079.99,18.3,Y
slumberland,Ashley,QK1092545,9568373408046,Boyington Power Reclining Sofa,Black,Sofa,Motion,Power,Unspecified,2799.99,3589.99,22.0,Y
slumberland,Ashley,QK1092542,9568373408046,Boyington Power Reclining Sofa,Gray,Sofa,Motion,Power,Unspecified,2799.99,3589.99,22.0,Y
slumberland,La-Z-Boy,QK1090839,9558088778030,Riley High Leg Reclining Chair,Teal,Chair,Motion,,Unspecified,1099.99,1679.0,34.5,Y
slumberland,La-Z-Boy,QK1090830,9558088614190,Scarlett High Leg Reclining Chair,Mineral,Chair,Motion,,Unspecified,729.99,1389.0,47.4,Y
slumberland,Ashley,QK1088098,9060651499822,Ladgate Accent Table,Black,Chair,Stationary,,Unspecified,159.99,194.99,17.9,Y
slumberland,Ashley,QK1088102,9060648845614,Scarbot Set of 2 Table Lamps,"Black / Medium Lamps (20""-29"")",Other,Stationary,,Unspecified,124.99,239.99,47.9,Y
slumberland,Ashley,QK1088101,9060648681774,Danacy Table Lamp,"Black / Medium Lamps (20""-29"")",Other,Stationary,,Unspecified,99.99,191.99,47.9,Y
slumberland,Ashley,QK1088107,9060649632046,Meadie Bowl,"Distressed Blue / Table Top Decor (Under 12"")",Other,Stationary,,Unspecified,59.99,139.99,57.1,Y
slumberland,Ashley,QK1088104,9060649271598,Arthrow Sculpture,"Off White / Table Top Decor (Under 12"")",Other,Stationary,,Unspecified,24.99,49.99,50.0,Y
slumberland,Ashley,QK1088105,9060649271598,Arthrow Sculpture,"Off White / Table Top Decor (12""-25"")",Other,Stationary,,Unspecified,27.99,54.99,49.1,Y
slumberland,Ashley,QK1088103,9060648943918,Hallburg Floor Lamp,"Black / Floor Lamps (40""+)",Other,Stationary,,Unspecified,199.99,399.99,50.0,Y
slumberland,Best Home Furnishings,QK1084622,9060307468590,Brianna Gliding Ottoman,Gray,Ottoman,Stationary,,Unspecified,299.99,409.99,26.8,Y
slumberland,Ashley,QK1088097,9060651270446,Joville Accent Table,Brown,Chair,Stationary,,Unspecified,139.99,169.99,17.6,Y
slumberland,Ashley,QK1028105,9058325823790,Trinell 63 Inch Fireplace Wall Unit,Brown,Other,Stationary,,Unspecified,1039.99,1964.98,47.1,Y
slumberland,Ashley,QK1091065,9462932308270,Kristiland End Table,Light Brown,Other,Stationary,,Unspecified,249.99,339.99,26.5,Y
slumberland,La-Z-Boy,QK1090832,9438170972462,Sparrow Rocker Recliner,Ash,Recliner,Motion,,Unspecified,669.99,1499.0,55.3,Y
slumberland,La-Z-Boy,QK1090833,9438170972462,Sparrow Rocker Recliner,Bluestone,Recliner,Motion,,Unspecified,669.99,1499.0,55.3,Y
slumberland,La-Z-Boy,QK1090834,9438170972462,Sparrow Rocker Recliner,Nutmeg,Recliner,Motion,,Unspecified,669.99,1499.0,55.3,Y
slumberland,La-Z-Boy,QK1090831,9438170972462,Sparrow Rocker Recliner,Moss,Recliner,Motion,,Unspecified,669.99,1499.0,55.3,Y
slumberland,Ashley,QK1091066,9462932439342,Kristiland Coffee Table,Light Brown,Other,Stationary,,Unspecified,399.99,519.99,23.1,Y
slumberland,Ashley,QK1029107,9058413216046,Derekson Storage Bed,Gray / Twin,Other,Stationary,,Unspecified,559.99,809.99,30.9,Y
slumberland,La-Z-Boy,QK1090836,9438171037998,Joshua Rocker Recliner,Midnight,Recliner,Motion,,Unspecified,699.99,1298.99,46.1,Y
slumberland,La-Z-Boy,QK1090835,9438171037998,Joshua Rocker Recliner,Pebble,Recliner,Motion,,Unspecified,699.99,1298.99,46.1,Y
slumberland,Ashley,QK989807,9057426964782,Drystan Panel Bed,Brown / Twin,Other,Stationary,,Unspecified,279.99,644.99,56.6,Y
slumberland,Ashley,QK989806,9057426964782,Drystan Panel Bed,Brown / Full,Other,Stationary,,Unspecified,339.99,824.99,58.8,Y
slumberland,Ashley,QK989808,9057426964782,Drystan Panel Bed,Brown / Queen,Other,Stationary,,Unspecified,339.99,824.99,58.8,Y
slumberland,Ashley,QK1014147,9057426964782,Drystan Panel Bed,Brown / King,Other,Stationary,,Unspecified,599.99,1099.99,45.5,Y
slumberland,La-Z-Boy,QK1040725,9510499156270,Astor Rocker Recliner,Mushroom,Recliner,Motion,,Unspecified,999.99,1399.99,28.6,Y
slumberland,La-Z-Boy,QK1040726,9510499156270,Astor Rocker Recliner,Ash,Recliner,Motion,,Unspecified,999.99,1399.99,28.6,Y
slumberland,Ashley,QK1029249,9058420687150,Drystan 2 Drawer Bookcase Storage Bed,Brown / Full,Other,Stationary,,Unspecified,699.99,1319.98,47.0,Y
slumberland,Ashley,QK1084647,9329185325358,Paxberry Mirror,Whitewash,Other,Stationary,,Unspecified,59.99,99.99,40.0,Y
slumberland,Ashley,QK1020676,9057931854126,Paxberry Panel Headboard,Whitewash / Twin,Other,Stationary,,Unspecified,189.99,379.99,50.0,Y
slumberland,Ashley,QK1020677,9057931854126,Paxberry Panel Headboard,Whitewash / Full,Other,Stationary,,Unspecified,289.99,569.99,49.1,Y
slumberland,Ashley,QK1020678,9057931854126,Paxberry Panel Headboard,Whitewash / Queen,Other,Stationary,,Unspecified,439.99,789.99,44.3,Y
slumberland,Ashley,QK1024601,9057931854126,Paxberry Panel Headboard,Whitewash / King,Other,Stationary,,Unspecified,789.99,1349.99,41.5,Y
slumberland,Ashley,QK1020681,9057932280110,Paxberry Dressing Chest,Whitewash,Other,Stationary,,Unspecified,639.99,1239.99,48.4,Y
slumberland,Ashley,QK1020685,9068932759854,Paxberry Bed,Whitewash / Twin,Other,Stationary,,Unspecified,289.99,674.99,57.0,Y
slumberland,Ashley,QK1020673,9068932759854,Paxberry Bed,Whitewash / Full,Other,Stationary,,Unspecified,419.99,899.99,53.3,Y
slumberland,Ashley,QK1020674,9068932759854,Paxberry Bed,Whitewash / Queen,Other,Stationary,,Unspecified,449.99,1124.98,60.0,Y
slumberland,Ashley,QK1024602,9068932759854,Paxberry Bed,Whitewash / King,Other,Stationary,,Unspecified,999.99,1799.98,44.4,Y
slumberland,La-Z-Boy,QK1064422,9059911893294,Trouper Leather Power Plus Reclining Sofa,Walnut,Sofa,Motion,Power,Leather,2999.99,5899.99,49.2,Y
slumberland,La-Z-Boy,QK1064433,9059911958830,Trouper Leather Power Plus Reclining Loveseat,Gray,Loveseat,Motion,Power,Leather,2979.99,5879.99,49.3,Y
slumberland,La-Z-Boy,8812391,9057089847598,Swivel Base,Swivel,Chair,Stationary,,Unspecified,159.99,199.99,20.0,Y
slumberland,Ashley,QK1084646,9316231512366,Trinell Dresser,Rustic Plank,Other,Stationary,,Unspecified,399.0,849.99,53.1,Y
slumberland,La-Z-Boy,QK1042206,9058206548270,Bennett DUO Reclining Sofa,Pewter,Sofa,Motion,,Unspecified,2599.99,5029.99,48.3,Y
slumberland,Ashley,QK1029156,9058417213742,Juararo Panel Headboard,Dark Brown / Queen,Other,Stationary,,Unspecified,239.99,429.99,44.2,Y
slumberland,Ashley,QK1029157,9058417213742,Juararo Panel Headboard,Dark Brown / King/California King,Other,Stationary,,Unspecified,329.99,549.99,40.0,Y
slumberland,Ashley,QK1054753,9059526115630,Nashburg Metal Bed,Black / Twin,Other,Stationary,,Unspecified,229.99,419.99,45.2,Y
slumberland,Ashley,QK1054754,9059526115630,Nashburg Metal Bed,Black / Full,Other,Stationary,,Unspecified,269.99,499.99,46.0,Y
slumberland,Ashley,QK1054755,9059526115630,Nashburg Metal Bed,Black / Queen,Other,Stationary,,Unspecified,299.99,529.99,43.4,Y
slumberland,Flexsteel,QK1086646,9060576231726,Dylan 6 Piece Sectional with 2 Power Ends and 1 Power Armless,Cappuccino,Sectional,Motion,Power,Unspecified,5199.99,7799.98,33.3,Y
slumberland,Flexsteel,QK1086625,9060576231726,Dylan 6 Piece Sectional with 2 Power Ends and 1 Power Armless,Smoke,Sectional,Motion,Power,Unspecified,5199.99,7799.98,33.3,Y
slumberland,Ashley,QK1029244,9058421408046,Drystan Bookcase Storage Bed,Brown / Queen,Other,Stationary,,Unspecified,539.99,1099.99,50.9,Y
slumberland,Ashley,QK1029245,9058421408046,Drystan Bookcase Storage Bed,Brown / King,Other,Stationary,,Unspecified,769.99,1399.99,45.0,Y
slumberland,Ashley,QK1029239,9058420228398,Drystan Bookcase Bed,Brown / Queen,Other,Stationary,,Unspecified,399.99,799.99,50.0,Y
slumberland,Ashley,QK1029254,9058420228398,Drystan Bookcase Bed,Brown / King,Other,Stationary,,Unspecified,599.99,1199.99,50.0,Y
slumberland,Ashley,QK987530,9058420228398,Drystan Bookcase Bed,Brown / Full,Other,Stationary,,Unspecified,399.99,779.99,48.7,Y
slumberland,La-Z-Boy,QK1081520,9060074651950,James Leather Tri-Power Reclining Console Loveseat,Charcoal,Loveseat,Motion,Power,Leather,3499.99,5549.99,36.9,Y
slumberland,La-Z-Boy,QK1081510,9060074488110,James Leather Tri-Power Reclining Loveseat,Walnut,Loveseat,Motion,Power,Leather,3379.99,5379.99,37.2,Y
slumberland,La-Z-Boy,QK1081503,9060073242926,James Leather Reclining Sofa,Walnut,Sofa,Motion,,Leather,2599.99,3799.99,31.6,Y
slumberland,La-Z-Boy,QK1081507,9060073603374,James Leather Power Plus Reclining Loveseat,Walnut,Loveseat,Motion,Power,Leather,3179.99,4579.99,30.6,Y
slumberland,La-Z-Boy,QK1081517,9060073767214,James Leather Power Plus Reclining Console Loveseat,Charcoal,Loveseat,Motion,Power,Leather,3299.99,4749.99,30.5,Y
slumberland,La-Z-Boy,QK1081508,9060073767214,James Leather Power Plus Reclining Console Loveseat,Walnut,Loveseat,Motion,Power,Leather,3299.99,4749.99,30.5,Y
slumberland,Best Home Furnishings,QK1042866,9058566177070,Gemily Glide Ottoman,Brown,Ottoman,Motion,,Unspecified,279.99,519.99,46.2,Y
slumberland,Flexsteel,QK1086645,9060576166190,Dylan 6 Piece Sectional with 2 Power Ends and 2 Power Armless,Cappuccino,Sectional,Motion,Power,Fabric,5499.99,8249.99,33.3,Y
slumberland,Flexsteel,QK1086624,9060576166190,Dylan 6 Piece Sectional with 2 Power Ends and 2 Power Armless,Smoke,Sectional,Motion,Power,Fabric,5499.99,8249.99,33.3,Y
slumberland,La-Z-Boy,QK1064417,9059911467310,Trouper Tri-Power Reclining Loveseat,Mink,Loveseat,Motion,Power,Unspecified,2679.99,4779.99,43.9,Y
slumberland,La-Z-Boy,QK1064436,9059912089902,Trouper Leather Tri-Power Reclining Loveseat,Gray,Loveseat,Motion,Power,Leather,3279.99,6379.99,48.6,Y
slumberland,Flexsteel,QK1086644,9060576067886,Dylan 6 Piece Sectional with 2 Power Ends,Cappuccino,Sectional,Motion,Power,Unspecified,4799.99,7199.98,33.3,Y
slumberland,Flexsteel,QK1086623,9060576067886,Dylan 6 Piece Sectional with 2 Power Ends,Smoke,Sectional,Motion,Power,Unspecified,4799.99,7199.98,33.3,Y
slumberland,Ashley,QK1014877,9504897794350,Cambeck Panel Bed,Whitewash / Twin,Other,Stationary,,Unspecified,349.99,644.99,45.7,Y
slumberland,Ashley,QK1014879,9504897794350,Cambeck Panel Bed,Whitewash / Full,Other,Stationary,,Unspecified,399.99,824.99,51.5,Y
slumberland,Ashley,QK1014883,9504897794350,Cambeck Panel Bed,Whitewash / Queen,Other,Stationary,,Unspecified,399.99,824.99,51.5,Y
slumberland,Ashley,QK1014885,9504897794350,Cambeck Panel Bed,Whitewash / King,Other,Stationary,,Unspecified,599.99,1019.99,41.2,Y
slumberland,Ashley,QK1020679,9057932673326,Paxberry 2 Drawer Nightstand,Whitewash,Other,Stationary,,Unspecified,209.99,439.99,52.3,Y
slumberland,Ashley,QK1014880,9057666597166,Cambeck Storage Bed,Whitewash / Full,Other,Stationary,,Unspecified,519.99,1079.98,51.9,Y
slumberland,Ashley,QK1014884,9057666597166,Cambeck Storage Bed,Whitewash / Queen,Other,Stationary,,Unspecified,699.99,1094.98,36.1,Y
slumberland,Best Home Furnishings,QK1042865,9068966904110,Gemily Swivel Glider,Brown,Chair,Motion,,Unspecified,729.99,1289.99,43.4,Y
slumberland,La-Z-Boy,QK1081504,9060073308462,James Leather Reclining Loveseat,Walnut,Loveseat,Motion,,Leather,2579.99,3779.99,31.7,Y
slumberland,La-Z-Boy,QK1081514,9060073406766,James Leather Reclining Console Loveseat,Charcoal,Loveseat,Motion,,Leather,2699.99,3949.99,31.6,Y
slumberland,La-Z-Boy,QK1081505,9060073406766,James Leather Reclining Console Loveseat,Walnut,Loveseat,Motion,,Leather,2699.99,3949.99,31.6,Y
slumberland,La-Z-Boy,QK1081506,9060073472302,James Leather Power Plus Reclining Sofa,Walnut,Sofa,Motion,Power,Leather,3199.99,4599.99,30.4,Y
slumberland,La-Z-Boy,QK1042207,9058205860142,Bennett DUO Reclining Loveseat,Pewter,Loveseat,Motion,,Unspecified,2579.99,4909.99,47.5,Y
slumberland,Flexsteel,QK1086114,9069103546670,Stewart Lift Recliner,Mossy Gray,Recliner,Motion,,Unspecified,1699.99,2249.99,24.4,Y
slumberland,Flexsteel,QK1086115,9069103546670,Stewart Lift Recliner,Amber Brown,Recliner,Motion,,Unspecified,1699.99,2249.99,24.4,Y
slumberland,Best Home Furnishings,QK1066079,9291909300526,Sebra Counter Stool,Pepper Gray,Other,Stationary,,Unspecified,499.99,899.99,44.4,Y
slumberland,Best Home Furnishings,QK1066049,9291909333294,Odellum Counter Stool,Mudcloth Linen,Other,Stationary,,Fabric,499.99,949.99,47.4,Y
slumberland,Ashley,QK1016368,9057791181102,Marcy Chair,Cobblestone,Chair,Stationary,,Fabric,429.99,839.99,48.8,Y
slumberland,Ashley,QK1016365,9057791181102,Marcy Chair,Black,Chair,Stationary,,Fabric,429.99,839.99,48.8,Y
slumberland,Ashley,QK1089699,9313387053358,Kegler Rocker Recliner,Putty,Recliner,Motion,,Unspecified,379.99,749.99,49.3,Y
slumberland,Ashley,QK1089700,9313387053358,Kegler Rocker Recliner,Briar,Recliner,Motion,,Unspecified,379.99,749.99,49.3,Y
slumberland,Southern Motion,QK1087502,9060626825518,Daisy Swivel Glider,Cork,Chair,Motion,,Leather,969.99,1799.99,46.1,Y
slumberland,Ashley,QK1025901,9058158084398,Centiar Bar Stool,Black,Other,Stationary,,Leather,129.99,219.99,40.9,Y
slumberland,Ashley,QK1025902,9058158084398,Centiar Bar Stool,Brown,Other,Stationary,,Leather,129.99,214.99,39.5,Y
slumberland,Ashley,QK1038023,9338252460334,Bolanburg Upholstered Dining Chair,Antique White,Chair,Stationary,,Fabric,219.99,389.99,43.6,Y
slumberland,Best Home Furnishings,QK1061689,9291895079214,Arrick Accent Chair,Cream,Chair,Stationary,,Unspecified,679.99,1169.99,41.9,Y
slumberland,Ashley,QK1052627,9059446554926,Porter Panel Bed,Rustic Brown / Queen,Other,Stationary,,Unspecified,829.99,1699.99,51.2,Y
slumberland,Ashley,QK1052628,9059446554926,Porter Panel Bed,Rustic Brown / King,Other,Stationary,,Unspecified,999.99,1999.99,50.0,Y
slumberland,Ashley,QK1085908,9059446554926,Porter Panel Bed,Rustic Brown / California King,Other,Stationary,,Unspecified,1069.99,2139.99,50.0,Y
slumberland,Ashley,QK1036807,9058876064046,Culverbach Panel Bed,Driftwood / Queen,Other,Stationary,,Unspecified,349.99,699.99,50.0,Y
slumberland,La-Z-Boy,8812463,9057090142510,Tall Swivel Base,Tall,Chair,Stationary,,Unspecified,159.99,199.99,20.0,Y
slumberland,La-Z-Boy,QK1081509,9060073865518,James Leather Tri-Power Reclining Sofa,Walnut,Sofa,Motion,Power,Leather,3399.99,5399.99,37.0,Y
slumberland,La-Z-Boy,QK1081521,9060074127662,James Reclining Sofa,Silt,Sofa,Motion,,Unspecified,1599.99,2399.99,33.3,Y
slumberland,La-Z-Boy,QK1088082,9060647141678,Morrison Rocker Recliner,Graphite,Recliner,Motion,,Unspecified,629.99,1079.99,41.7,Y
slumberland,La-Z-Boy,1076653,9060647141678,Morrison Rocker Recliner,Silver,Recliner,Motion,,Unspecified,629.99,1079.99,41.7,Y
slumberland,La-Z-Boy,1076676,9060647141678,Morrison Rocker Recliner,Cappuccino,Recliner,Motion,,Unspecified,629.99,1079.99,41.7,Y
slumberland,La-Z-Boy,QK1088081,9060647141678,Morrison Rocker Recliner,Marble,Recliner,Motion,,Unspecified,629.99,1079.99,41.7,Y
slumberland,La-Z-Boy,QK1082401,9058537799982,Rowan Rocker Recliner,Waterfall,Recliner,Motion,,Unspecified,799.99,1199.99,33.3,Y
slumberland,Ashley,QK1089800,9316259234094,Cadmori Chest,Natural,Other,Stationary,,Unspecified,599.99,899.99,33.3,Y
slumberland,Ashley,QK1089798,9316259201326,Cadmori Nightstand,Natural,Other,Stationary,,Unspecified,349.99,599.99,41.7,Y
slumberland,Ashley,QK1089796,9316259168558,Cadmori Mirror,Natural,Other,Stationary,,Unspecified,89.99,139.99,35.7,Y
slumberland,Ashley,QK1089794,9316259103022,Cadmori Dresser,Natural,Other,Stationary,,Unspecified,599.99,739.99,18.9,Y
slumberland,La-Z-Boy,QK1087078,9060608114990,Jean Power Lift Recliner,Dove,Recliner,Motion,Power,Unspecified,849.99,1349.0,37.0,Y
slumberland,Ashley,QK1090395,9314951823662,Hanneforth Coffee Table,Warm Brown,Other,Stationary,,Unspecified,339.99,599.99,43.3,Y
slumberland,Ashley,QK1090394,9314951758126,Hanneforth End Table,Warm Brown,Other,Stationary,,Unspecified,199.99,399.99,50.0,Y
slumberland,Ashley,QK1024600,9057932083502,Paxberry Dresser,Whitewash,Other,Stationary,,Unspecified,449.99,799.99,43.8,Y
slumberland,La-Z-Boy,QK1090807,9438163108142,Trouper 3 Piece Reclining Sectional,Sable,Sectional,Motion,,Fabric,3699.99,5719.99,35.3,Y
slumberland,Flexsteel,QK1086637,9060582523182,Hayley Power Reclining Console Loveseat with Power Headrests,Burnt Umber,Loveseat,Motion,Power,Leather,3299.99,4949.98,33.3,Y
slumberland,Flexsteel,QK1086636,9060581966126,Hayley Power Reclining Sofa with Power Headrests,Burnt Umber,Sofa,Motion,Power,Leather,3299.99,4949.98,33.3,Y
slumberland,Flexsteel,QK1086634,9060581081390,Hayley Power Recliner with Power Headrest,Burnt Umber,Recliner,Motion,Power,Leather,2299.99,3449.99,33.3,Y
slumberland,Flexsteel,QK1086629,9060577902894,Amelia Power Reclining Console Loveseat with Power Headrests & Lumbar,Charcoal,Loveseat,Motion,Power,Leather,3599.99,5399.98,33.3,Y
slumberland,Flexsteel,QK1096397,9060577902894,Amelia Power Reclining Console Loveseat with Power Headrests & Lumbar,Caramel,Loveseat,Motion,Power,Leather,3599.99,5399.98,33.3,Y
slumberland,La-Z-Boy,QK1085427,9060430872878,Tall Swivel Base Assembly Kit,Mahogany,Chair,Stationary,,Unspecified,159.99,199.99,20.0,Y
slumberland,Flexsteel,QK1086628,9060577378606,Amelia Power Reclining Console Sofa with Power Headrests and Lumbar,Charcoal,Sofa,Motion,Power,Unspecified,3599.99,5399.98,33.3,Y
slumberland,Flexsteel,QK1096396,9060577378606,Amelia Power Reclining Console Sofa with Power Headrests and Lumbar,Caramel,Sofa,Motion,Power,Unspecified,3599.99,5399.98,33.3,Y
slumberland,Flexsteel,QK1086626,9060576756014,Amelia Power Recliner with Power Headrest and Lumbar,Charcoal,Recliner,Motion,Power,Leather,2599.99,3899.99,33.3,Y
slumberland,Flexsteel,QK1096395,9060576756014,Amelia Power Recliner with Power Headrest and Lumbar,Caramel,Recliner,Motion,Power,Leather,2599.99,3899.99,33.3,Y
slumberland,Ashley,QK1085627,9060461248814,Edenfield 3 Piece Left Chaise Sectional,Charcoal,Sectional,Stationary,,Unspecified,1299.99,1949.98,33.3,Y
slumberland,Flexsteel,QK1086112,9069103972654,Shaw Lift Recliner,Driftwood,Recliner,Motion,,Unspecified,1899.99,2549.99,25.5,Y
slumberland,Flexsteel,QK1086113,9069103972654,Shaw Lift Recliner,Russett,Recliner,Motion,,Unspecified,1899.99,2549.99,25.5,Y
slumberland,La-Z-Boy,QK1087907,9056941998382,Vail Rocker Recliner,Desert,Recliner,Motion,,Unspecified,499.99,1129.0,55.7,Y
slumberland,La-Z-Boy,QK1087908,9056941998382,Vail Rocker Recliner,Graystone,Recliner,Motion,,Unspecified,499.99,1129.0,55.7,Y
slumberland,La-Z-Boy,QK1082405,9060103422254,Morrison Tri-Power Rocker Recliner,Marble,Recliner,Motion,Power,Unspecified,1199.99,1879.99,36.2,Y
slumberland,La-Z-Boy,QK1082406,9060103422254,Morrison Tri-Power Rocker Recliner,Graphite,Recliner,Motion,Power,Unspecified,1199.99,1879.99,36.2,Y
slumberland,Ashley,QK1088051,9060645536046,Lindyn 5 Piece Modular Sectional with Right Chaise,Fog,Sectional,Stationary,,Fabric,3399.99,5199.99,34.6,Y
slumberland,Ashley,QK1088048,9060645536046,Lindyn 5 Piece Modular Sectional with Right Chaise,Ivory,Sectional,Stationary,,Fabric,3399.99,5199.99,34.6,Y
slumberland,Ashley,QK1088047,9060645208366,Lindyn 5 Piece Modular Sectional,Ivory,Sectional,Stationary,,Fabric,3199.99,4759.99,32.8,Y
slumberland,Ashley,QK1088050,9060645208366,Lindyn 5 Piece Modular Sectional,Fog,Sectional,Stationary,,Fabric,3199.99,4759.99,32.8,Y
slumberland,Ashley,QK1088046,9060644815150,Lindyn 3 Piece Modular Sofa with Right Chaise,Ivory,Sofa,Stationary,,Fabric,1999.99,3199.99,37.5,Y
slumberland,Ashley,QK1088052,9060644815150,Lindyn 3 Piece Modular Sofa with Right Chaise,Fog,Sofa,Stationary,,Fabric,1999.99,3199.99,37.5,Y
slumberland,Ashley,QK1088045,9060644487470,Lindyn 2 Piece Modular Loveseat,Ivory,Loveseat,Stationary,,Fabric,1299.99,2059.99,36.9,Y
slumberland,Ashley,QK1088049,9060644487470,Lindyn 2 Piece Modular Loveseat,Fog,Loveseat,Stationary,,Fabric,1299.99,2059.99,36.9,Y
slumberland,Ashley,QK1088032,9060646125870,Lindyn Oversized Swivel Accent Chair,Ivory,Chair,Stationary,,Fabric,899.99,1359.99,33.8,Y
slumberland,Ashley,QK1088040,9060646125870,Lindyn Oversized Swivel Accent Chair,Fog,Chair,Stationary,,Fabric,899.99,1359.99,33.8,Y
slumberland,La-Z-Boy,QK1062105,9437993468206,Brooks Rocker Recliner,Muslin,Recliner,Motion,,Unspecified,649.99,1199.99,45.8,Y
slumberland,Ashley,QK1082749,9060130652462,Lavenhorne Rocker Recliner,Granite,Recliner,Motion,,Leather,679.99,1019.99,33.3,Y
slumberland,Ashley,QK1082748,9060130357550,Lavenhorne Reclining Console Loveseat,Granite,Loveseat,Motion,,Leather,1149.99,1699.99,32.4,Y
slumberland,Ashley,QK1082747,9060129341742,Lavenhorne Reclining Drop Table Sofa,Granite,Sofa,Motion,,Leather,1149.99,1699.99,32.4,Y
slumberland,Ashley,7069860,9056580206894,Culverbach Chest,Driftwood,Other,Stationary,,Fabric,349.99,729.99,52.1,Y
slumberland,Ashley,7069864,9056878690606,Culverbach Nightstand,Driftwood,Other,Stationary,,Fabric,199.99,389.99,48.7,Y
slumberland,Ashley,3189243,9056879018286,Deidra Set of 2 Table Lamps,Rubbed Black,Other,Stationary,,Fabric,129.99,299.99,56.7,Y
slumberland,Ashley,7527003,9056886096174,Hamlyn Chairside Table,Brown/Beige,Other,Stationary,,Unspecified,99.99,299.99,66.7,Y
slumberland,Ashley,9860686,9056888750382,Kent Reclining Loveseat,Gray,Loveseat,Motion,,Fabric,779.99,1169.98,33.3,Y
slumberland,Ashley,9860688,9056889471278,Kent Reclining Sofa,Gray,Sofa,Motion,,Fabric,799.99,1199.98,33.3,Y
slumberland,Ashley,9860625,9056889766190,Kent Rocker Recliner,Gray,Recliner,Motion,,Fabric,549.99,824.99,33.3,Y
slumberland,Ashley,4462258,9056905527598,Trinell Chest,Rustic Plank,Other,Stationary,,Unspecified,389.99,719.99,45.8,Y
slumberland,Ashley,QK987963,9056901595438,Trinell Bookcase Headboard,Rustic Plank / Twin,Other,Stationary,,Unspecified,279.99,569.99,50.9,Y
slumberland,Ashley,QK987964,9056901595438,Trinell Bookcase Headboard,Rustic Plank / Full,Other,Stationary,,Unspecified,309.99,679.99,54.4,Y
slumberland,Ashley,4462252,9056906117422,Trinell Nightstand,Rustic Plank,Other,Stationary,,Unspecified,199.99,399.99,50.0,Y
slumberland,Ashley,4462251,9056905986350,Trinell Mirror,Rustic Plank,Other,Stationary,,Unspecified,88.99,179.99,50.6,Y
slumberland,Ashley,4465374,9056906412334,Trinell Panel Headboard,Rustic Plank / Twin,Other,Stationary,,Unspecified,189.99,309.99,38.7,Y
slumberland,Ashley,4468780,9056906412334,Trinell Panel Headboard,Rustic Plank / Full,Other,Stationary,,Unspecified,199.0,379.99,47.6,Y
slumberland,Ashley,4465761,9056906412334,Trinell Panel Headboard,Rustic Plank / Queen,Other,Stationary,,Unspecified,199.99,379.99,47.4,Y
slumberland,Ashley,4812942,9056908149038,Watson End Table,Dark Brown Ash,Other,Stationary,,Unspecified,179.99,269.99,33.3,Y
slumberland,Ashley,4811720,9056908116270,Watson Coffee Table,Dark Brown Ash,Other,Stationary,,Unspecified,339.99,499.99,32.0,Y
slumberland,Ashley,2675407,9056908345646,Willowton Chest,Whitewash,Other,Stationary,,Unspecified,399.99,679.99,41.2,Y
slumberland,Ashley,4814984,9056908214574,Watson Console Table,Dark Brown Ash,Other,Stationary,,Unspecified,279.99,419.99,33.3,Y
slumberland,Ashley,2675404,9056908542254,Willowton Dresser,Whitewash,Other,Stationary,,Unspecified,499.99,869.99,42.5,Y
slumberland,Ashley,2675406,9056908837166,Willowton Mirror,Whitewash,Other,Stationary,,Unspecified,79.99,159.99,50.0,Y
slumberland,Ashley,2675405,9056908935470,Willowton Nightstand,Whitewash,Other,Stationary,,Unspecified,199.99,459.99,56.5,Y
slumberland,La-Z-Boy,QK1095671,9056928727342,Collage Rocker Recliner,Fudge,Recliner,Motion,,Unspecified,399.99,999.0,60.0,Y
slumberland,La-Z-Boy,QK1095672,9056928727342,Collage Rocker Recliner,Navy,Recliner,Motion,,Unspecified,399.99,999.0,60.0,Y
slumberland,La-Z-Boy,QK1028986,9056936984878,Jasper Rocker Recliner,Mocha,Recliner,Motion,,Fabric,649.99,1079.99,39.8,Y
slumberland,La-Z-Boy,QK1028987,9056936984878,Jasper Rocker Recliner,Ice,Recliner,Motion,,Fabric,649.99,1079.99,39.8,Y
slumberland,La-Z-Boy,5211865,9056935674158,James Rocker Recliner,Silt,Recliner,Motion,,Leather,599.99,1349.99,55.6,Y
slumberland,Ashley,PASH008,9057044660526,Culverbach 4 Piece Room,Driftwood / Queen,Other,Stationary,,Fabric,999.99,1799.99,44.4,Y
slumberland,Ashley,PASH443,9057050362158,Trinell Bookcase Bed,Rustic Plank / Twin,Other,Stationary,,Unspecified,449.99,974.99,53.8,Y
slumberland,Ashley,PASH440,9057051050286,Trinell Panel Bed,Rustic Plank / Twin,Other,Stationary,,Unspecified,299.99,659.99,54.5,Y
slumberland,Ashley,PASH441,9057051050286,Trinell Panel Bed,Rustic Plank / Full,Other,Stationary,,Unspecified,359.99,794.99,54.7,Y
slumberland,Ashley,PASH447,9057051050286,Trinell Panel Bed,Rustic Plank / Queen,Other,Stationary,,Unspecified,359.99,809.99,55.6,Y
slumberland,Ashley,QK1029295,9057051050286,Trinell Panel Bed,Rustic Plank / King,Other,Stationary,,Unspecified,479.99,914.99,47.5,Y
slumberland,Ashley,PASH269,9057051902254,Willowton Bed,Whitewash / Full,Other,Stationary,,Unspecified,379.99,799.99,52.5,Y
slumberland,Ashley,PASH267,9057051902254,Willowton Bed,Whitewash / Queen,Other,Stationary,,Unspecified,449.99,799.99,43.8,Y
slumberland,Ashley,PASH268,9057051902254,Willowton Bed,Whitewash / King,Other,Stationary,,Unspecified,699.99,1099.99,36.4,Y
slumberland,La-Z-Boy,8826649,9057088373038,Tall Wall Base,Tall,Recliner,Stationary,,Unspecified,69.99,99.99,30.0,Y
slumberland,La-Z-Boy,8821049,9057090044206,Tall Base,Tall,Recliner,Stationary,,Unspecified,69.99,99.99,30.0,Y
slumberland,Ashley,QK1016445,9057122779438,Riles Loveseat,Alloy,Loveseat,Stationary,,Unspecified,389.99,734.99,46.9,Y
slumberland,Ashley,QK988426,9057122779438,Riles Loveseat,Slate,Loveseat,Stationary,,Unspecified,389.99,734.99,46.9,Y
slumberland,Ashley,QK988425,9057121993006,Riles Chair,Slate,Chair,Stationary,,Unspecified,379.99,674.99,43.7,Y
slumberland,Ashley,QK1016444,9057121993006,Riles Chair,Alloy,Chair,Stationary,,Unspecified,379.99,674.99,43.7,Y
slumberland,Ashley,QK1016453,9057124417838,Riles Sofa,Alloy,Sofa,Stationary,,Fabric,399.99,749.99,46.7,Y
slumberland,Ashley,QK988427,9057124417838,Riles Sofa,Slate,Sofa,Stationary,,Fabric,399.99,749.99,46.7,Y
slumberland,Ashley,QK1016440,9057123631406,Riles Ottoman,Alloy,Ottoman,Stationary,,Unspecified,299.99,449.99,33.3,Y
slumberland,Ashley,QK988424,9057123631406,Riles Ottoman,Slate,Ottoman,Stationary,,Unspecified,299.99,449.99,33.3,Y
slumberland,Ashley,QK986581,9057210171694,Realyn Chest,Chipped White,Other,Stationary,,Unspecified,739.99,989.99,25.3,Y
slumberland,Ashley,QK986587,9057214398766,Realyn Daybed with Storage,Chipped White / Twin,Other,Stationary,,Unspecified,999.99,1499.99,33.3,Y
slumberland,Ashley,QK986585,9057212006702,Realyn Bed,Chipped White / Twin,Other,Stationary,,Unspecified,499.99,799.99,37.5,Y
slumberland,Ashley,QK986586,9057212006702,Realyn Bed,Chipped White / Full,Other,Stationary,,Unspecified,629.99,899.99,30.0,Y
slumberland,Ashley,QK986580,9057215021358,Realyn Dresser,Chipped White,Other,Stationary,,Unspecified,799.99,1069.99,25.2,Y
slumberland,Ashley,QK986584,9057216495918,Realyn Nightstand,Chipped White,Other,Stationary,,Unspecified,299.99,419.99,28.6,Y
slumberland,Ashley,QK986572,9057215414574,Realyn Mirror,Chipped White,Other,Stationary,,Unspecified,199.99,269.99,25.9,Y
slumberland,Ashley,QK986582,9057217282350,Realyn Vanity,Chipped White,Other,Stationary,,Fabric,649.99,879.99,26.1,Y
slumberland,Ashley,PASH270,9057268793646,Willowton 4 Piece Room Package,Whitewash / Queen,Other,Stationary,,Unspecified,1149.99,2199.99,47.7,Y
slumberland,Ashley,PASH272,9057268793646,Willowton 4 Piece Room Package,Whitewash / King,Other,Stationary,,Unspecified,1259.99,2499.99,49.6,Y
slumberland,Ashley,QK987524,9057316700462,Drystan Dresser,Brown,Other,Stationary,,Fabric,359.99,609.99,41.0,Y
slumberland,Ashley,QK1018409,9057316372782,Drystan Lingerie Chest,Brown,Other,Stationary,,Fabric,289.99,599.99,51.7,Y
slumberland,Ashley,QK987520,9057316962606,Drystan Mirror,Brown,Other,Stationary,,Unspecified,59.99,119.99,50.0,Y
slumberland,Ashley,QK987910,9057336295726,Drystan Nightstand,Brown,Other,Stationary,,Fabric,199.99,399.99,50.0,Y
slumberland,Ashley,QK988462,9057364082990,Trinell Captains Bed,Rustic Plank / Twin,Other,Stationary,,Unspecified,639.99,1454.98,56.0,Y
slumberland,Ashley,QK988463,9057364082990,Trinell Captains Bed,Rustic Plank / Full,Other,Stationary,,Unspecified,749.99,1619.98,53.7,Y
slumberland,Ashley,QK989803,9057425031470,Drystan Headboard,Brown / Twin,Other,Stationary,,Unspecified,239.99,409.99,41.5,Y
slumberland,Ashley,QK989802,9057425031470,Drystan Headboard,Brown / Full,Other,Stationary,,Unspecified,339.99,599.99,43.3,Y
slumberland,Ashley,QK989804,9057425031470,Drystan Headboard,Brown / Queen,Other,Stationary,,Unspecified,389.99,599.99,35.0,Y
slumberland,Ashley,QK1014148,9057425031470,Drystan Headboard,Brown / King,Other,Stationary,,Unspecified,429.99,699.99,38.6,Y
slumberland,Ashley,QK1012111,9057468285230,Todoe Lift Top Coffee Table,Dark Gray,Other,Stationary,,Unspecified,579.99,1059.99,45.3,Y
slumberland,Ashley,QK1012112,9057468907822,Rosa Chairside Table,White,Other,Stationary,,Unspecified,199.99,299.99,33.3,Y
slumberland,Ashley,QK1012110,9057468547374,Todoe End Table,Dark Gray,Other,Stationary,,Unspecified,229.99,419.99,45.2,Y
slumberland,Ashley,QK1012114,9057469530414,Rosa End Table,White,Other,Stationary,,Unspecified,279.99,459.99,39.1,Y
slumberland,Ashley,QK1012115,9057470185774,Rosa Storage Coffee Table,White,Other,Stationary,,Unspecified,489.99,789.99,38.0,Y
slumberland,Ashley,QK1012359,9057478934830,Wynnlow Bed,Gray / Queen,Other,Stationary,,Unspecified,599.99,999.99,40.0,Y
slumberland,Ashley,QK1012360,9057478934830,Wynnlow Bed,Gray / King,Other,Stationary,,Unspecified,749.99,1199.99,37.5,Y
slumberland,Ashley,QK1012354,9057479131438,Wynnlow Chest,Gray,Other,Stationary,,Unspecified,429.99,699.99,38.6,Y
slumberland,Ashley,QK1012347,9057480048942,Wynnlow Mirror,Gray,Other,Stationary,,Unspecified,79.99,199.99,60.0,Y
slumberland,Ashley,QK1012355,9057479491886,Wynnlow Dresser,Gray,Other,Stationary,,Unspecified,399.99,799.99,50.0,Y
slumberland,Ashley,QK1012353,9057480343854,Wynnlow Nightstand,Gray,Other,Stationary,,Unspecified,199.99,399.99,50.0,Y
slumberland,Ashley,QK1013132,9057521533230,Nerviano Wall Hugging Recliner,Chocolate,Recliner,Motion,,Unspecified,269.99,629.99,57.1,Y
slumberland,Ashley,QK1013133,9057521533230,Nerviano Wall Hugging Recliner,Gray,Recliner,Motion,,Unspecified,269.99,629.99,57.1,Y
slumberland,Ashley,QK1013134,9057521533230,Nerviano Wall Hugging Recliner,Mocha,Recliner,Motion,,Unspecified,269.99,629.99,57.1,Y
slumberland,Ashley,QK1013117,9057519370542,McGann Rocker Recliner,Saddle,Recliner,Motion,,Leather,399.99,789.99,49.4,Y
slumberland,Ashley,QK1013118,9057519370542,McGann Rocker Recliner,Walnut,Recliner,Motion,,Leather,399.99,789.99,49.4,Y
slumberland,Ashley,PASH448,9057526579502,Trinell Panel Bed with Twin Trundle,Rustic Plank / Twin,Other,Stationary,,Unspecified,539.99,1229.98,56.1,Y
slumberland,Ashley,PASH449,9057526579502,Trinell Panel Bed with Twin Trundle,Rustic Plank / Full,Other,Stationary,,Unspecified,599.99,1334.98,55.1,Y
slumberland,Ashley,QK1013414,9057554956590,Caitbrook Backless Counter Stool,Gray,Other,Stationary,,Unspecified,79.99,139.99,42.9,Y
slumberland,Ashley,QK1013415,9057555153198,Caitbrook X Back Counter Stool,Gray,Other,Stationary,,Unspecified,119.99,199.99,40.0,Y
slumberland,Ashley,QK1013417,9057555513646,Caitbrook 5 Piece X Back Counter Dining Set,Gray,Other,Stationary,,Unspecified,749.99,1424.98,47.4,Y
slumberland,Ashley,QK1013416,9057555317038,Caitbrook 5 Piece Backless Counter Dining Set,Gray,Other,Stationary,,Unspecified,599.99,1199.98,50.0,Y
slumberland,Ashley,QK1013418,9057555775790,Caitbrook Counter Height Table,Gray,Other,Stationary,,Unspecified,369.99,649.99,43.1,Y
slumberland,Ashley,QK1013459,9057560002862,Roybeck Accent Cabinet,Light Brown,Chair,Stationary,,Unspecified,379.99,609.99,37.7,Y
slumberland,Ashley,QK1013463,9057559642414,Roybeck Set of 3 Tables,Light Brown,Other,Stationary,,Unspecified,489.99,789.99,38.0,Y
slumberland,Ashley,QK1013462,9057560330542,Tarrin Set of 3 Tables,Black,Other,Stationary,,Unspecified,339.99,609.99,44.3,Y
slumberland,Best Home Furnishings,QK1013796,9057575993646,Cass Swivel Glider Accent Chair,Graphite,Chair,Motion,,Unspecified,539.99,1099.99,50.9,Y
slumberland,Ashley,QK1014871,9057658994990,Cambeck Chest,Whitewash,Other,Stationary,,Unspecified,349.99,609.99,42.6,Y
slumberland,Ashley,QK1014872,9057660961070,Cambeck 5 Drawer Chest,Whitewash,Other,Stationary,,Unspecified,349.99,609.99,42.6,Y
slumberland,Ashley,QK1014870,9057660141870,Cambeck Dresser,Whitewash,Other,Stationary,,Unspecified,379.99,609.99,37.7,Y
slumberland,Ashley,QK1014862,9057661518126,Cambeck Mirror,Whitewash,Other,Stationary,,Unspecified,79.99,119.99,33.3,Y
slumberland,Ashley,QK1014864,9057665253678,Cambeck Panel Headboard,Whitewash / Twin,Other,Stationary,,Unspecified,249.99,409.99,39.0,Y
slumberland,Ashley,QK1014863,9057665253678,Cambeck Panel Headboard,Whitewash / Full,Other,Stationary,,Unspecified,289.99,599.99,51.7,Y
slumberland,Ashley,QK1014865,9057665253678,Cambeck Panel Headboard,Whitewash / Queen,Other,Stationary,,Unspecified,389.99,599.99,35.0,Y
slumberland,Ashley,QK1014866,9057665253678,Cambeck Panel Headboard,Whitewash / King,Other,Stationary,,Unspecified,439.99,679.99,35.3,Y
slumberland,Ashley,QK1014869,9057662402862,Cambeck Nightstand,Whitewash,Other,Stationary,,Unspecified,249.99,399.99,37.5,Y
slumberland,La-Z-Boy,QK1015065,9057677803822,Randell Rocker Recliner,Mocha,Recliner,Motion,,Unspecified,1099.99,1599.99,31.3,Y
slumberland,La-Z-Boy,QK1015066,9057677803822,Randell Rocker Recliner,Storm,Recliner,Motion,,Unspecified,1099.99,1599.99,31.3,Y
slumberland,Ashley,QK1015864,9057723285806,Aniela Set of 2 Table Lamps,"Silver / Large Lamps (29""-40"")",Other,Stationary,,Unspecified,129.99,311.99,58.3,Y
slumberland,Ashley,QK1015866,9057724039470,Laurentia Table Lamp,"Champagne / Medium Lamps (20""-29"")",Other,Stationary,,Unspecified,79.99,167.99,52.4,Y
slumberland,Ashley,QK1015872,9057724563758,Shianne Floor Lamp,"Black / Floor Lamps (40""+)",Other,Stationary,,Fabric,139.99,349.99,60.0,Y
slumberland,La-Z-Boy,QK1016034,9057762312494,Trouper Rocker Recliner,Stucco,Recliner,Motion,,Unspecified,749.99,1349.99,44.4,Y
slumberland,La-Z-Boy,1072465,9057762312494,Trouper Rocker Recliner,Sable,Recliner,Motion,,Unspecified,749.99,1349.99,44.4,Y
slumberland,La-Z-Boy,1072467,9057762312494,Trouper Rocker Recliner,Mink,Recliner,Motion,,Unspecified,749.99,1349.99,44.4,Y
slumberland,Ashley,QK1016302,9057787707694,Marcy Ottoman,Black,Ottoman,Stationary,,Fabric,349.99,649.99,46.2,Y
slumberland,Ashley,QK1016305,9057787707694,Marcy Ottoman,Cobblestone,Ottoman,Stationary,,Fabric,349.99,649.99,46.2,Y
slumberland,Ashley,QK1016392,9057789903150,Marcy Rocker Recliner,Black,Recliner,Motion,,Fabric,469.99,759.99,38.2,Y
slumberland,Ashley,QK1016395,9057789903150,Marcy Rocker Recliner,Cobblestone,Recliner,Motion,,Fabric,469.99,759.99,38.2,Y
slumberland,Ashley,QK1016441,9057798750510,Riles Oversized Ottoman,Alloy,Ottoman,Stationary,,Unspecified,349.99,524.99,33.3,Y
slumberland,Ashley,QK1016443,9057798750510,Riles Oversized Ottoman,Slate,Ottoman,Stationary,,Unspecified,349.99,524.99,33.3,Y
slumberland,Ashley,QK1016374,9057795637550,Marcy Loveseat,Black,Loveseat,Stationary,,Fabric,479.99,849.99,43.5,Y
slumberland,Ashley,QK1016377,9057795637550,Marcy Loveseat,Cobblestone,Loveseat,Stationary,,Fabric,479.99,849.99,43.5,Y
slumberland,Ashley,QK1016455,9057799373102,Riles Rocker Recliner,Alloy,Recliner,Motion,,Fabric,449.99,704.99,36.2,Y
slumberland,Ashley,QK1016457,9057799373102,Riles Rocker Recliner,Slate,Recliner,Motion,,Fabric,449.99,704.99,36.2,Y
slumberland,Ashley,QK1016469,9057800847662,Riles Left Chaise Sleeper Sectional,Slate / Full,Sectional,Stationary,,Unspecified,1299.99,2849.99,54.4,Y
slumberland,Ashley,QK1016465,9057800847662,Riles Left Chaise Sleeper Sectional,Alloy / Full,Sectional,Stationary,,Unspecified,1299.99,2849.99,54.4,Y
slumberland,Ashley,QK1016464,9057800323374,Riles Left Chaise Sectional,Alloy,Sectional,Stationary,,Fabric,1199.99,1799.98,33.3,Y
slumberland,Ashley,QK1016468,9057800323374,Riles Left Chaise Sectional,Slate,Sectional,Stationary,,Fabric,1199.99,1799.98,33.3,Y
slumberland,Ashley,QK1016470,9057801371950,Riles Right Chaise Sectional,Slate,Sectional,Stationary,,Fabric,1199.99,1799.98,33.3,Y
slumberland,Ashley,QK1016466,9057801371950,Riles Right Chaise Sectional,Alloy,Sectional,Stationary,,Fabric,1199.99,1799.98,33.3,Y
slumberland,Ashley,QK1016452,9057802322222,Riles Sleeper,Alloy / Queen,Sleeper,Stationary,,Unspecified,899.99,1349.98,33.3,Y
slumberland,Ashley,QK1016454,9057802322222,Riles Sleeper,Slate / Queen,Sleeper,Stationary,,Unspecified,899.99,1349.98,33.3,Y
slumberland,Ashley,QK1016471,9057801863470,Riles Right Chaise Sleeper Sectional,Slate / Full,Sectional,Stationary,,Unspecified,1299.99,2849.99,54.4,Y
slumberland,Ashley,QK1016467,9057801863470,Riles Right Chaise Sleeper Sectional,Alloy / Full,Sectional,Stationary,,Unspecified,1299.99,2849.99,54.4,Y
slumberland,Ashley,QK1017552,9057826308398,Aniela Table Lamp,"Bronze / Large Lamps (29""-40"")",Other,Stationary,,Unspecified,119.99,299.99,60.0,Y
slumberland,Ashley,QK1017702,9057840070958,Baldridge Printer Stand,Rustic Brown,Other,Stationary,,Unspecified,199.99,379.99,47.4,Y
slumberland,Ashley,QK1028988,9057861632302,Drystan Storage Bed,Brown / Full,Other,Stationary,,Unspecified,519.99,1079.98,51.9,Y
slumberland,Ashley,QK1018410,9057861632302,Drystan Storage Bed,Brown / Queen,Other,Stationary,,Unspecified,539.99,1099.99,50.9,Y
slumberland,Ashley,QK1018411,9057861632302,Drystan Storage Bed,Brown / King,Other,Stationary,,Unspecified,779.99,1364.98,42.9,Y
slumberland,Ashley,QK1020065,9057911800110,Maire Table Lamp,"Black and Gold / Medium Lamps (20""-29"")",Other,Stationary,,Unspecified,129.99,287.99,54.9,Y
slumberland,Ashley,QK1020062,9057912324398,Norbert Set of 2 Table Lamps,"Gray / Medium Lamps (20""-29"")",Other,Stationary,,Fabric,129.99,287.99,54.9,Y
slumberland,Ashley,QK987525,9057933328686,Drystan 5 Drawer Chest,Brown,Other,Stationary,,Fabric,299.99,609.99,50.8,Y
slumberland,Ashley,QK1022835,9058055323950,Puckman Leather Accent Chair,Brown,Chair,Stationary,,Leather,599.99,1099.99,45.5,Y
slumberland,Ashley,QK1022836,9058055323950,Puckman Leather Accent Chair,Black,Chair,Stationary,,Leather,599.99,1099.99,45.5,Y
slumberland,Ashley,QK1029049,9058058895662,Alisdair Sleigh Bed,Dark Brown / Twin,Other,Stationary,,Unspecified,319.99,499.99,36.0,Y
slumberland,Ashley,QK1029048,9058058895662,Alisdair Sleigh Bed,Dark Brown / Full,Other,Stationary,,Unspecified,349.99,599.99,41.7,Y
slumberland,Ashley,QK1029047,9058058895662,Alisdair Sleigh Bed,Dark Brown / Queen,Other,Stationary,,Unspecified,399.99,699.99,42.9,Y
slumberland,Ashley,QK1029050,9058058895662,Alisdair Sleigh Bed,Dark Brown / King,Other,Stationary,,Unspecified,499.99,999.99,50.0,Y
slumberland,Ashley,QK1029051,9058058895662,Alisdair Sleigh Bed,Dark Brown / California King,Other,Stationary,,Unspecified,499.99,999.99,50.0,Y
slumberland,Ashley,QK1024923,9058134589742,Wynnlow Panel Headboard,Gray / Queen,Other,Stationary,,Unspecified,249.99,439.99,43.2,Y
slumberland,Ashley,QK1024924,9058134589742,Wynnlow Panel Headboard,Gray / King,Other,Stationary,,Unspecified,299.99,599.99,50.0,Y
slumberland,Ashley,QK1024925,9058134556974,Wynnlow Panel Bed,Gray / Queen,Other,Stationary,,Unspecified,399.99,899.99,55.6,Y
slumberland,Ashley,QK1024926,9058134556974,Wynnlow Panel Bed,Gray / King,Other,Stationary,,Unspecified,549.99,999.99,45.0,Y
slumberland,Ashley,3721234,9058158608686,Centiar Counter Stool,Brown,Other,Stationary,,Leather,99.99,199.99,50.0,Y
slumberland,Ashley,QK1025899,9058158608686,Centiar Counter Stool,Gray,Other,Stationary,,Leather,99.99,199.99,50.0,Y
slumberland,Ashley,QK1025897,9058158608686,Centiar Counter Stool,Black,Other,Stationary,,Leather,99.99,199.99,50.0,Y
slumberland,Ashley,QK1025900,9058158608686,Centiar Counter Stool,White,Other,Stationary,,Leather,129.99,199.99,35.0,Y
slumberland,Ashley,QK1026420,9058185314606,Realyn 2 Piece Lift Top Desk,White,Other,Stationary,,Unspecified,739.99,1289.98,42.6,Y
slumberland,Ashley,QK1026416,9058185085230,Realyn 2 Piece Desk,White,Other,Stationary,,Unspecified,679.99,1184.98,42.6,Y
slumberland,Ashley,QK1026409,9058185707822,Realyn 60 Inch Desk,White,Other,Stationary,,Unspecified,429.99,829.99,48.2,Y
slumberland,Ashley,QK1026408,9058186363182,Realyn Lift Top Desk,White,Other,Stationary,,Unspecified,499.99,939.99,46.8,Y
slumberland,Ashley,QK1026427,9058186002734,Realyn Bookcase,White,Other,Stationary,,Unspecified,429.99,829.99,48.2,Y
slumberland,Ashley,QK1026437,9058188886318,Valebeck Lift Top Coffee Table,Black,Other,Stationary,,Unspecified,469.99,829.99,43.4,Y
slumberland,Ashley,QK1026430,9058188656942,Valebeck End Table,Black,Other,Stationary,,Unspecified,269.99,459.99,41.3,Y
slumberland,Ashley,QK1026439,9058189934894,Valebeck Chairside Table,Black,Other,Stationary,,Unspecified,179.99,309.99,41.9,Y
slumberland,Ashley,QK1045530,9058190721326,Carynhurst End Table,Whitewash,Other,Stationary,,Unspecified,229.99,419.99,45.2,Y
slumberland,Ashley,QK1026450,9058191278382,Tyler Creek End Table,Black,Other,Stationary,,Unspecified,299.99,499.99,40.0,Y
slumberland,Ashley,QK1026454,9058191147310,Tyler Creek Console Table,Black,Other,Stationary,,Unspecified,439.99,759.99,42.1,Y
slumberland,Ashley,QK1026456,9058192359726,Bolanburg Chairside Table,White,Other,Stationary,,Unspecified,249.99,459.99,45.7,Y
slumberland,Ashley,QK1026459,9058191442222,Tyler Creek Lift Top Coffee Table,Black,Other,Stationary,,Unspecified,629.99,1129.99,44.2,Y
slumberland,Ashley,QK1026458,9058192621870,Bolanburg Lift Top Coffee Table,White,Other,Stationary,,Unspecified,629.99,1129.99,44.2,Y
slumberland,Ashley,QK1026453,9058193178926,Bolanburg Console Table,White,Other,Stationary,,Unspecified,419.99,759.99,44.7,Y
slumberland,Ashley,QK1026455,9058192851246,Tyler Creek Chairside Table,Black,Other,Stationary,,Unspecified,249.99,459.99,45.7,Y
slumberland,Ashley,QK1026935,9058219622702,Todoe 65 Inch TV Stand,Gray,Other,Stationary,,Unspecified,549.99,1059.99,48.1,Y
slumberland,Southern Motion,QK1027394,9058262647086,Contour Leather Reclining Console Loveseat,Fossil,Loveseat,Motion,,Leather,2199.99,4279.99,48.6,Y
slumberland,Southern Motion,QK1027400,9058262909230,Contour Leather Reclining Sofa,Fossil,Sofa,Motion,,Leather,2199.99,4279.99,48.6,Y
slumberland,Southern Motion,QK1027419,9058262778158,Contour Leather Reclining Loveseat,Fossil,Loveseat,Motion,,Leather,2179.99,4249.99,48.7,Y
slumberland,Southern Motion,QK1027412,9058263073070,Contour Leather Rocker Recliner,Fossil,Recliner,Motion,,Leather,1399.99,2399.99,41.7,Y
slumberland,Southern Motion,QK1027391,9058264219950,Contour Reclining Loveseat,Vintage,Loveseat,Motion,,Unspecified,1679.99,2519.99,33.3,Y
slumberland,Southern Motion,QK1027395,9058264056110,Contour Reclining Console Loveseat,Vintage,Loveseat,Motion,,Unspecified,1699.99,2549.99,33.3,Y
slumberland,Southern Motion,QK1027401,9058264416558,Contour Reclining Sofa,Vintage,Sofa,Motion,,Unspecified,1699.99,2549.99,33.3,Y
slumberland,Southern Motion,QK1027413,9058264613166,Contour Rocker Recliner,Vintage,Recliner,Motion,,Unspecified,999.99,1599.99,37.5,Y
slumberland,Southern Motion,QK1027416,9058264744238,Contour Leather Power+ Next Level Recliner,Fossil,Recliner,Motion,Power,Leather,1799.99,2699.99,33.3,Y
slumberland,Southern Motion,QK1027406,9058265006382,Contour Leather Power+ Reclining Console Loveseat,Fossil,Loveseat,Motion,Power,Leather,2699.99,5079.99,46.9,Y
slumberland,Southern Motion,QK1027396,9058265170222,Contour Leather Power+ Reclining Loveseat,Fossil,Loveseat,Motion,Power,Leather,2679.99,5049.99,46.9,Y
slumberland,Southern Motion,QK1027397,9058265465134,Contour Leather Power+ Reclining Next Level Loveseat,Fossil,Loveseat,Motion,Power,Leather,2779.99,5249.99,47.0,Y
slumberland,Southern Motion,QK1027407,9058265301294,Contour Leather Power+ Reclining Next Level Console Loveseat,Fossil,Loveseat,Motion,Power,Leather,2799.99,5279.99,47.0,Y
slumberland,Southern Motion,QK1027410,9058265727278,Contour Leather Power+ Reclining Sofa,Fossil,Sofa,Motion,Power,Leather,2699.99,5079.99,46.9,Y
slumberland,Southern Motion,QK1027409,9058265563438,Contour Leather Power+ Reclining Next Level Sofa,Fossil,Sofa,Motion,Power,Leather,2799.99,5279.99,47.0,Y
slumberland,Southern Motion,QK1027418,9058266054958,Contour Power+ Next Level Recliner,Vintage,Recliner,Motion,Power,Unspecified,1399.99,2099.99,33.3,Y
slumberland,Southern Motion,QK1027417,9058265858350,Contour Leather Power+ Rocker Recliner,Fossil,Recliner,Motion,Power,Leather,1799.99,2949.99,39.0,Y
slumberland,Southern Motion,QK1027408,9058266186030,Contour Power+ Reclining Console Loveseat,Vintage,Loveseat,Motion,Power,Unspecified,1999.99,2999.99,33.3,Y
slumberland,Southern Motion,QK1026216,9058266415406,Contour Power+ Reclining Next Level Console Loveseat,Vintage,Loveseat,Motion,Power,Unspecified,2099.99,3149.99,33.3,Y
slumberland,Southern Motion,QK1027398,9058266349870,Contour Power+ Reclining Loveseat,Vintage,Loveseat,Motion,Power,Unspecified,1979.99,2969.99,33.3,Y
slumberland,Southern Motion,QK1027399,9058267005230,Contour Power+ Reclining Next Level Loveseat,Vintage,Loveseat,Motion,Power,Unspecified,2079.99,3119.99,33.3,Y
slumberland,Southern Motion,QK1026217,9058267431214,Contour Power+ Reclining Sofa,Vintage,Sofa,Motion,Power,Leather,1999.99,2999.99,33.3,Y
slumberland,Southern Motion,QK1027411,9058267234606,Contour Power+ Reclining Next Level Sofa,Vintage,Sofa,Motion,Power,Unspecified,2199.99,3299.99,33.3,Y
slumberland,Southern Motion,QK1026215,9058267627822,Contour Power+ Rocker Recliner,Vintage,Recliner,Motion,Power,Unspecified,1399.99,2099.99,33.3,Y
slumberland,Ashley,QK1027830,9058289778990,Wynnlow 63 Inch TV Stand,Gray,Other,Stationary,,Unspecified,289.99,599.99,51.7,Y
slumberland,Ashley,QK1027833,9058290336046,Bolanburg 74 Inch TV Stand,White,Other,Stationary,,Unspecified,679.99,1349.99,49.6,Y
slumberland,Ashley,QK1027847,9058291679534,Allmaxx Sofa,Gray,Sofa,Stationary,,Unspecified,599.99,999.99,40.0,Y
slumberland,Ashley,QK1027846,9058291384622,Allmaxx Loveseat,Gray,Loveseat,Stationary,,Unspecified,579.99,929.99,37.6,Y
slumberland,Ashley,QK1027911,9058304033070,Bovarian Storage Ottoman,Stone,Ottoman,Stationary,,Unspecified,479.99,759.99,36.8,Y
slumberland,Ashley,QK1027918,9058311799086,Bovarian 3 Piece Left Sectional,Stone,Sectional,Stationary,,Unspecified,1799.99,3499.99,48.6,Y
slumberland,Ashley,QK1027917,9058311405870,Bovarian 2 Piece Left Sectional,Stone,Sectional,Stationary,,Unspecified,1399.99,2054.99,31.9,Y
slumberland,Ashley,QK1027920,9058312356142,Bovarian 3 Piece Right Sectional,Stone,Sectional,Stationary,,Unspecified,1799.99,3499.99,48.6,Y
slumberland,Ashley,QK1027919,9058312061230,Bovarian 2 Piece Right Sectional,Stone,Sectional,Stationary,,Unspecified,1399.99,2054.99,31.9,Y
slumberland,Ashley,QK1028100,9058323726638,Willowton 64 Inch Fireplace TV Stand,White,Other,Stationary,,Unspecified,529.99,1319.98,59.8,Y
slumberland,Ashley,QK1028093,9058324185390,Willowton 64 Inch Infrared Fireplace TV Stand,White,Other,Stationary,,Unspecified,549.99,1319.98,58.3,Y
slumberland,Ashley,QK1028109,9058325430574,Trinell 63 Inch Infrared Fireplace TV Stand,Rustic Plank,Other,Stationary,,Unspecified,549.99,989.99,44.4,Y
slumberland,Ashley,4466235,9058325037358,Trinell 63 Inch TV Stand,Rustic Plank,Other,Stationary,,Unspecified,299.99,599.99,50.0,Y
slumberland,Ashley,QK1028099,9058324840750,Willowton 64 Inch TV Stand,White,Other,Stationary,,Unspecified,299.99,599.99,50.0,Y
slumberland,Ashley,QK1028106,9058326020398,Trinell 4 Piece Entertainment Center,Rustic Plank,Other,Stationary,,Unspecified,789.99,1514.98,47.9,Y
slumberland,Ashley,QK1028108,9058325594414,Trinell 4 Piece Infrared Fireplace Entertainment Center,Rustic Plank,Other,Stationary,,Unspecified,1039.99,1964.98,47.1,Y
slumberland,Ashley,QK1048466,9058329854254,Stoneland Power Reclining Sofa,Chocolate,Sofa,Motion,Power,Leather,1299.99,1999.99,35.0,Y
slumberland,Ashley,QK1028244,9058329854254,Stoneland Power Reclining Sofa,Fossil,Sofa,Motion,Power,Leather,1299.99,1999.99,35.0,Y
slumberland,Ashley,QK1048465,9058329526574,Stoneland Rocker Recliner,Chocolate,Recliner,Motion,,Leather,789.99,1189.99,33.6,Y
slumberland,Ashley,QK1028243,9058329526574,Stoneland Rocker Recliner,Fossil,Recliner,Motion,,Leather,789.99,1189.99,33.6,Y
slumberland,Ashley,QK1028246,9058330345774,Stoneland Reclining Console Loveseat,Fossil,Loveseat,Motion,,Leather,1199.99,1799.99,33.3,Y
slumberland,Ashley,QK1048468,9058330345774,Stoneland Reclining Console Loveseat,Chocolate,Loveseat,Motion,,Leather,1199.99,1799.99,33.3,Y
slumberland,Ashley,QK1028245,9058330149166,Stoneland Reclining Sofa,Fossil,Sofa,Motion,,Leather,1199.99,1799.99,33.3,Y
slumberland,Ashley,QK1048467,9058330149166,Stoneland Reclining Sofa,Chocolate,Sofa,Motion,,Leather,1199.99,1799.99,33.3,Y
slumberland,Ashley,QK1048470,9058330870062,Stoneland Power Rocker Recliner,Chocolate,Recliner,Motion,Power,Leather,889.99,1369.99,35.0,Y
slumberland,Ashley,QK1028248,9058330870062,Stoneland Power Rocker Recliner,Fossil,Recliner,Motion,Power,Leather,889.99,1369.99,35.0,Y
slumberland,Ashley,QK1028247,9058330542382,Stoneland Power Reclining Console Loveseat,Fossil,Loveseat,Motion,Power,Leather,1299.99,1999.99,35.0,Y
slumberland,Ashley,QK1048469,9058330542382,Stoneland Power Reclining Console Loveseat,Chocolate,Loveseat,Motion,Power,Leather,1299.99,1999.99,35.0,Y
slumberland,Ashley,QK1028584,9058379333934,Bennox 5 Piece Counter Dining Set,Brown,Other,Stationary,,Leather,449.99,899.99,50.0,Y
slumberland,Ashley,QK1028585,9058379530542,Bennox 6 Piece Dining Set,Brown,Other,Stationary,,Unspecified,649.99,1199.99,45.8,Y
slumberland,Ashley,QK1028593,9058381300014,Bolanburg Dining Chair,Antique White,Chair,Stationary,,Fabric,139.99,149.99,6.7,Y
slumberland,Ashley,QK1028591,9058380972334,Bolanburg Dining Bench,Antique White,Other,Stationary,,Fabric,239.99,349.99,31.4,Y
slumberland,Ashley,QK1028596,9058381824302,Bolanburg Counter Dining Bench,Antique White,Other,Stationary,,Fabric,229.99,399.99,42.5,Y
slumberland,Ashley,QK1028598,9058382151982,Bolanburg Dining Table,Antique White,Other,Stationary,,Unspecified,639.99,1299.99,50.8,Y
slumberland,Ashley,QK1028601,9058382643502,Bolanburg Server,Antique White,Other,Stationary,,Unspecified,999.99,1429.99,30.1,Y
slumberland,Ashley,QK1028599,9058382283054,Bolanburg Counter Dining Table,Antique White,Other,Stationary,,Unspecified,769.99,1599.99,51.9,Y
slumberland,Ashley,QK1028603,9058383036718,Bridson 5 Piece Counter Dining Set,Gray,Other,Stationary,,Unspecified,489.99,899.99,45.6,Y
slumberland,Ashley,QK1028602,9058382872878,Bolanburg Display Cabinet,Antique White,Other,Stationary,,Unspecified,599.99,1399.99,57.1,Y
slumberland,Ashley,QK1028604,9058383233326,Bridson 6 Piece Dining Set,Gray,Other,Stationary,,Unspecified,649.99,1199.99,45.8,Y
slumberland,Ashley,QK1040472,9058383626542,Caitbrook 7 Piece Dining Set,Gray,Other,Stationary,,Fabric,849.99,1299.99,34.6,Y
slumberland,Ashley,QK1028653,9058390704430,Moriville Dining Bench,Nutmeg,Other,Stationary,,Fabric,149.99,229.99,34.8,Y
slumberland,Ashley,QK1028658,9058391163182,Moriville Counter Dining Table,Nutmeg,Other,Stationary,,Unspecified,879.99,1319.99,33.3,Y
slumberland,Ashley,QK1028655,9058390868270,Moriville Counter Dining Bench,Nutmeg,Other,Stationary,,Fabric,199.99,399.99,50.0,Y
slumberland,Ashley,QK1028660,9058391425326,Moriville Server,Nutmeg,Other,Stationary,,Unspecified,1139.99,2499.99,54.4,Y
slumberland,Ashley,QK1028659,9058391261486,Moriville Dining Table,Nutmeg,Other,Stationary,,Unspecified,739.99,1129.99,34.5,Y
slumberland,Ashley,QK1028677,9058393129262,Realyn Round Dining Table,Chipped White,Other,Stationary,,Unspecified,629.99,1299.99,51.5,Y
slumberland,Ashley,QK1028680,9058393424174,Realyn Server,Chipped White,Other,Stationary,,Unspecified,999.99,2099.99,52.4,Y
slumberland,Ashley,QK1028690,9058394439982,Skempton Storage Bench,White,Other,Stationary,,Unspecified,199.99,399.99,50.0,Y
slumberland,Ashley,QK1028693,9058394702126,Skempton 3 Piece Counter Dining Set,White,Other,Stationary,,Unspecified,469.99,999.99,53.0,Y
slumberland,Ashley,QK1028696,9058395062574,Skempton Dining Table,White,Other,Stationary,,Unspecified,499.99,999.99,50.0,Y
slumberland,Ashley,QK1028698,9058395357486,Skempton 7 Piece Dining Set,White,Other,Stationary,,Unspecified,739.99,1499.99,50.7,Y
slumberland,Ashley,QK1028697,9058395226414,Skempton Counter Dining Table,White,Other,Stationary,,Unspecified,429.99,899.99,52.2,Y
slumberland,Ashley,QK1029035,9058408825134,Alisdair Mirror,Dark Brown,Other,Stationary,,Unspecified,99.99,159.99,37.5,Y
slumberland,Ashley,QK1029034,9058408694062,Alisdair Dresser,Dark Brown,Other,Stationary,,Unspecified,299.99,699.99,57.1,Y
slumberland,Ashley,QK1029043,9058409120046,Alisdair Nightstand,Dark Brown,Other,Stationary,,Unspecified,139.99,349.99,60.0,Y
slumberland,Ashley,QK1029036,9058408988974,Alisdair Chest,Dark Brown,Other,Stationary,,Unspecified,249.99,679.99,63.2,Y
slumberland,Ashley,QK1029073,9058410627374,Derekson Chest,Gray,Other,Stationary,,Unspecified,299.99,629.99,52.4,Y
slumberland,Ashley,QK1029071,9058410332462,Derekson Dresser,Gray,Other,Stationary,,Unspecified,299.99,629.99,52.4,Y
slumberland,Ashley,QK1029076,9058410889518,Derekson Panel Headboard,Gray / Twin,Other,Stationary,,Unspecified,109.99,229.99,52.2,Y
slumberland,Ashley,QK1029092,9058410889518,Derekson Panel Headboard,Gray / Full,Other,Stationary,,Unspecified,149.99,309.99,51.6,Y
slumberland,Ashley,QK1029081,9058410889518,Derekson Panel Headboard,Gray / Queen,Other,Stationary,,Unspecified,159.99,309.99,48.4,Y
slumberland,Ashley,QK1029082,9058410889518,Derekson Panel Headboard,Gray / King,Other,Stationary,,Unspecified,189.99,379.99,50.0,Y
slumberland,Ashley,QK1029098,9058412200238,Derekson 6 Drawer Storage Bed,Gray / Full,Other,Stationary,,Unspecified,729.99,1319.98,44.7,Y
slumberland,Ashley,QK1029117,9058412200238,Derekson 6 Drawer Storage Bed,Gray / Queen,Other,Stationary,,Unspecified,799.99,1334.98,40.1,Y
slumberland,Ashley,QK1029100,9058412200238,Derekson 6 Drawer Storage Bed,Gray / King,Other,Stationary,,Unspecified,899.99,1484.98,39.4,Y
slumberland,Ashley,QK1029094,9058411938094,Derekson Nightstand,Gray,Other,Stationary,,Unspecified,189.99,379.99,50.0,Y
slumberland,Ashley,QK1029103,9058412724526,Derekson 2 Drawer Storage Bed,Gray / Full,Other,Stationary,,Unspecified,449.99,809.99,44.4,Y
slumberland,Ashley,QK1029101,9058412724526,Derekson 2 Drawer Storage Bed,Gray / Queen,Other,Stationary,,Unspecified,499.99,824.99,39.4,Y
slumberland,Ashley,QK1029102,9058412724526,Derekson 2 Drawer Storage Bed,Gray / King,Other,Stationary,,Unspecified,549.99,974.99,43.6,Y
slumberland,Ashley,QK1029106,9058412527918,Derekson Bed,Gray / Twin,Other,Stationary,,Unspecified,239.99,404.99,40.7,Y
slumberland,Ashley,QK1029115,9058412527918,Derekson Bed,Gray / Full,Other,Stationary,,Unspecified,279.99,509.99,45.1,Y
slumberland,Ashley,QK1029116,9058412527918,Derekson Bed,Gray / Queen,Other,Stationary,,Unspecified,279.99,509.99,45.1,Y
slumberland,Ashley,QK1029099,9058412527918,Derekson Bed,Gray / King,Other,Stationary,,Unspecified,369.99,674.99,45.2,Y
slumberland,Ashley,QK1029147,9058416492846,Juararo Cabinet Dresser,Dark Brown,Other,Stationary,,Unspecified,599.99,979.99,38.8,Y
slumberland,Ashley,QK1029148,9058416558382,Juararo Mirror,Dark Brown,Other,Stationary,,Unspecified,99.99,199.99,50.0,Y
slumberland,Ashley,QK1029171,9058417672494,Juararo Two Drawer Nightstand,Dark Brown,Other,Stationary,,Unspecified,199.99,399.99,50.0,Y
slumberland,Ashley,QK1029150,9058416820526,Juararo Chest,Dark Brown,Other,Stationary,,Unspecified,429.99,799.99,46.3,Y
slumberland,Ashley,QK1029182,9058418032942,Juararo Poster Bed,Dark Brown / Queen,Other,Stationary,,Unspecified,599.99,899.99,33.3,Y
slumberland,Ashley,QK1029175,9058418032942,Juararo Poster Bed,Dark Brown / King,Other,Stationary,,Unspecified,699.99,1199.99,41.7,Y
slumberland,Ashley,QK1029177,9058418032942,Juararo Poster Bed,Dark Brown / California King,Other,Stationary,,Unspecified,749.99,1299.99,42.3,Y
slumberland,Ashley,QK1029184,9058418688302,Juararo Panel Bed,Dark Brown / Queen,Other,Stationary,,Unspecified,389.99,799.99,51.3,Y
slumberland,Ashley,QK1029185,9058418688302,Juararo Panel Bed,Dark Brown / King,Other,Stationary,,Unspecified,599.99,999.99,40.0,Y
slumberland,Ashley,QK1029179,9058418688302,Juararo Panel Bed,Dark Brown / California King,Other,Stationary,,Unspecified,649.99,1099.99,40.9,Y
slumberland,Ashley,QK1029235,9058419900718,Drystan 4 Drawer Storage Bed,Brown / Twin,Other,Stationary,,Unspecified,699.99,1469.98,52.4,Y
slumberland,Ashley,QK1029236,9058419900718,Drystan 4 Drawer Storage Bed,Brown / Full,Other,Stationary,,Unspecified,759.99,1709.98,55.6,Y
slumberland,Ashley,QK1029237,9058419900718,Drystan 4 Drawer Storage Bed,Brown / Queen,Other,Stationary,,Unspecified,799.99,1724.98,53.6,Y
slumberland,Ashley,QK1029255,9058419900718,Drystan 4 Drawer Storage Bed,Brown / King,Other,Stationary,,Unspecified,899.99,1899.99,52.6,Y
slumberland,Ashley,QK1029256,9058419474734,Drystan 2 Drawer Storage Bed,Brown / Twin,Other,Stationary,,Unspecified,549.99,1079.98,49.1,Y
slumberland,Ashley,QK1029257,9058419474734,Drystan 2 Drawer Storage Bed,Brown / Full,Other,Stationary,,Unspecified,599.99,1319.98,54.5,Y
slumberland,Ashley,QK1029234,9058419474734,Drystan 2 Drawer Storage Bed,Brown / Queen,Other,Stationary,,Unspecified,699.99,1299.99,46.2,Y
slumberland,Ashley,QK1029238,9058419474734,Drystan 2 Drawer Storage Bed,Brown / King,Other,Stationary,,Unspecified,829.99,1599.99,48.1,Y
slumberland,Ashley,QK1029250,9058421113134,Drystan 4 Drawer Bookcase Storage Bed,Brown / Full,Other,Stationary,,Unspecified,759.99,1709.98,55.6,Y
slumberland,Ashley,QK1029241,9058421113134,Drystan 4 Drawer Bookcase Storage Bed,Brown / Queen,Other,Stationary,,Unspecified,799.99,1569.99,49.0,Y
slumberland,Ashley,QK1029253,9058421113134,Drystan 4 Drawer Bookcase Storage Bed,Brown / King,Other,Stationary,,Unspecified,999.99,1999.99,50.0,Y
slumberland,Ashley,QK1029288,9058423243054,Trinell 2 Drawer Nightstand,Rustic Plank,Other,Stationary,,Unspecified,199.99,439.99,54.5,Y
slumberland,Ashley,QK1029293,9058423374126,Trinell Storage Panel Bed,Rustic Plank / Twin,Other,Stationary,,Unspecified,519.99,974.99,46.7,Y
slumberland,Ashley,QK1029292,9058423374126,Trinell Storage Panel Bed,Rustic Plank / Full,Other,Stationary,,Unspecified,599.99,1109.98,45.9,Y
slumberland,Ashley,QK1029294,9058423603502,Trinell Trundle Bookcase Bed,Rustic Plank / Twin,Other,Stationary,,Unspecified,659.99,1244.98,47.0,Y
slumberland,Ashley,QK1029299,9058424389934,Trinell Poster Bed,Rustic Plank / Queen,Other,Stationary,,Unspecified,549.99,1049.98,47.6,Y
slumberland,Ashley,QK1029301,9058424389934,Trinell Poster Bed,Rustic Plank / King,Other,Stationary,,Unspecified,649.99,1244.98,47.8,Y
slumberland,Southern Motion,QK1029376,9058427502894,Contour SoCozi Power+ Next Level Recliner,Vintage,Recliner,Motion,Power,Unspecified,1699.99,2549.99,33.3,Y
slumberland,Southern Motion,QK1029375,9058427306286,Contour SoCozi Power+ Rocker Recliner,Vintage,Recliner,Motion,Power,Unspecified,1699.99,2549.99,33.3,Y
slumberland,Southern Motion,QK1029367,9058427928878,Contour Leather SoCozi Power+ Rocker Recliner,Fossil,Recliner,Motion,Power,Leather,1999.99,2999.99,33.3,Y
slumberland,Southern Motion,QK1029368,9058428125486,Contour Leather SoCozi Power+ Next Level Recliner,Fossil,Recliner,Motion,Power,Leather,1999.99,3469.99,42.4,Y
slumberland,Ashley,QK1029888,9058480685358,Realyn 7 Drawer Dresser,White,Other,Stationary,,Unspecified,999.99,1499.99,33.3,Y
slumberland,Ashley,QK1029889,9058480914734,Realyn Large Mirror,White,Other,Stationary,,Unspecified,299.99,419.99,28.6,Y
slumberland,Ashley,QK1029890,9058481176878,Realyn Tall Chest,White,Other,Stationary,,Unspecified,1049.99,1619.99,35.2,Y
slumberland,Ashley,QK1029891,9058481471790,Realyn 3 Drawer Nightstand,White,Other,Stationary,,Unspecified,399.99,679.99,41.2,Y
slumberland,Ashley,QK1029885,9058481996078,Realyn Upholstered Panel Bed,White / Queen,Other,Stationary,,Unspecified,839.99,1154.98,27.3,Y
slumberland,Ashley,QK1029886,9058481996078,Realyn Upholstered Panel Bed,White / King,Other,Stationary,,Unspecified,999.99,1349.98,25.9,Y
slumberland,Ashley,QK1029887,9058481996078,Realyn Upholstered Panel Bed,White / California King,Other,Stationary,,Unspecified,1099.99,1349.98,18.5,Y
slumberland,Ashley,QK1030127,9058493825326,Makara Set of 2 Table Lamps,Black,Other,Stationary,,Unspecified,109.99,311.99,64.7,Y
slumberland,La-Z-Boy,QK1031491,9058602615086,Pinnacle Wall Recliner,Marble,Recliner,Motion,,Unspecified,849.99,1349.99,37.0,Y
slumberland,La-Z-Boy,QK1031467,9058603073838,Trouper Leather Rocker Recliner,Gray,Recliner,Motion,,Leather,999.99,1879.99,46.8,Y
slumberland,La-Z-Boy,QK1031494,9058603073838,Trouper Leather Rocker Recliner,Walnut,Recliner,Motion,,Leather,999.99,1879.99,46.8,Y
slumberland,Ashley,QK1031930,9058616738094,Bernadate Floor Lamp,"Whitewash / Floor Lamps (40""+)",Other,Stationary,,Unspecified,179.99,399.99,55.0,Y
slumberland,Ashley,QK1031914,9058617917742,Malise Table Lamp,"White / Medium Lamps (20""-29"")",Other,Stationary,,Unspecified,99.99,229.99,56.5,Y
slumberland,La-Z-Boy,QK1032028,9058638430510,Pinnacle Power Plus Rocker Recliner,Espresso,Recliner,Motion,Power,Unspecified,1279.99,1949.99,34.4,Y
slumberland,La-Z-Boy,QK1032034,9058639413550,Astor Tri-Power Rocker Recliner,Mocha,Recliner,Motion,Power,Unspecified,1579.99,2279.99,30.7,Y
slumberland,La-Z-Boy,QK1032014,9058640363822,James Leather TriPower Recliner,Charcoal,Recliner,Motion,,Leather,1699.99,2949.99,42.4,Y
slumberland,La-Z-Boy,QK1032015,9058640363822,James Leather TriPower Recliner,Walnut,Recliner,Motion,,Leather,1699.99,2949.99,42.4,Y
slumberland,Ashley,QK1032526,9058689286446,Noorbrook Set of 3 Tables,Black,Other,Stationary,,Unspecified,349.99,599.99,41.7,Y
slumberland,La-Z-Boy,QK1034223,9058782544174,James Leather Rocker Recliner,Charcoal,Recliner,Motion,,Leather,1099.99,1879.99,41.5,Y
slumberland,La-Z-Boy,4452162,9058782544174,James Leather Rocker Recliner,Walnut,Recliner,Motion,,Leather,1099.99,1879.99,41.5,Y
slumberland,Ashley,QK1037775,9058947072302,Tarica Set of 3 Tables,White,Other,Stationary,,Unspecified,339.99,609.99,44.3,Y
slumberland,Ashley,QK1037780,9058948153646,Wadeworth Set of 3 Tables,Two Tone,Other,Stationary,,Unspecified,149.99,299.99,50.0,Y
slumberland,Ashley,QK1038017,9058974400814,Bolanburg Backless Counter Stool,Antique White,Other,Stationary,,Fabric,79.99,169.99,52.9,Y
slumberland,Ashley,QK1038049,9058979021102,Moriville Dining Chair,Nutmeg,Chair,Stationary,,Fabric,124.99,199.99,37.5,Y
slumberland,Ashley,QK1038065,9058980888878,Realyn Ladder Back Side Chair,Chipped White,Chair,Stationary,,Unspecified,169.99,299.99,43.3,Y
slumberland,Ashley,QK1038076,9058982297902,Skempton Backless Counter Stool,White,Other,Stationary,,Unspecified,79.99,139.99,42.9,Y
slumberland,Ashley,QK1038078,9058982560046,Skempton Dining Chair,White,Chair,Stationary,,Unspecified,119.99,249.99,52.0,Y
slumberland,Ashley,QK1038077,9058982461742,Skempton Counter Stool,White,Other,Stationary,,Unspecified,99.99,199.99,50.0,Y
slumberland,La-Z-Boy,QK1040720,9059075359022,Jay Rocker Recliner,Granite,Recliner,Motion,,Fabric,699.99,1449.99,51.7,Y
slumberland,La-Z-Boy,QK1040712,9059075359022,Jay Rocker Recliner,Mushroom,Recliner,Motion,,Fabric,699.99,1449.99,51.7,Y
slumberland,La-Z-Boy,QK1040716,9059077095726,Jay Power Plus Rocker Recliner,Mushroom,Recliner,Motion,Power,Unspecified,1229.99,2149.99,42.8,Y
slumberland,La-Z-Boy,QK1040724,9059077095726,Jay Power Plus Rocker Recliner,Granite,Recliner,Motion,Power,Unspecified,1249.99,2149.99,41.9,Y
slumberland,La-Z-Boy,QK1040728,9059076669742,Randell Leather Rocker Recliner,Harvest,Recliner,Motion,,Leather,1599.99,2349.99,31.9,Y
slumberland,La-Z-Boy,QK1041689,9059120841006,Pinnacle Reclining Loveseat,Marble,Loveseat,Motion,,Fabric,1779.99,3319.99,46.4,Y
slumberland,La-Z-Boy,QK1041685,9059121299758,Pinnacle Reclining Sofa,Marble,Sofa,Motion,,Fabric,1799.99,3439.99,47.7,Y
slumberland,La-Z-Boy,QK1041690,9059121004846,Pinnacle Power Reclining Loveseat,Marble,Loveseat,Motion,Power,Fabric,2679.99,4019.99,33.3,Y
slumberland,La-Z-Boy,QK1041686,9059121463598,Pinnacle Power Reclining Sofa,Marble,Sofa,Motion,Power,Fabric,2699.99,4049.99,33.3,Y
slumberland,Southern Motion,QK1043925,9059168485678,Kish Rocker Recliner,Charcoal,Recliner,Motion,,Unspecified,999.99,1599.99,37.5,Y
slumberland,Ashley,QK1045455,9059231957294,Freedan Lift Top Coffee Table,Brown,Other,Stationary,,Unspecified,249.99,379.99,34.2,Y
slumberland,Ashley,QK1045529,9059248144686,Carynhurst Coffee Table,Whitewash,Other,Stationary,,Unspecified,439.99,759.99,42.1,Y
slumberland,Ashley,QK1026446,9059250536750,Carynhurst Power End Table,White,Other,Motion,Power,Unspecified,249.99,459.99,45.7,Y
slumberland,Ashley,QK1045794,9059292479790,Realyn 74 Inch Console,Chipped White,Other,Stationary,,Unspecified,599.99,1209.99,50.4,Y
slumberland,Ashley,QK1045770,9059293364526,Dorrinson 54 Inch Console,Antique White,Other,Stationary,,Unspecified,289.99,569.99,49.1,Y
slumberland,Ashley,QK1045771,9059293528366,Dorrinson 60 Inch Console,Antique White,Other,Stationary,,Unspecified,289.99,569.99,49.1,Y
slumberland,Ashley,QK1045779,9059294904622,Havalance 67 Inch Console,Antique White,Other,Stationary,,Unspecified,569.99,1129.99,49.6,Y
slumberland,Ashley,QK1045784,9059295527214,Havalance 74 Inch Console,Antique White,Other,Stationary,,Unspecified,689.99,1429.99,51.7,Y
slumberland,Ashley,QK1046608,9059337961774,Trinell 60 Inch Fireplace Console,Rustic Plank,Other,Stationary,,Unspecified,549.99,1120.48,50.9,Y
slumberland,Ashley,QK1046607,9059337896238,Trinell 60 Inch Console,Rustic Plank,Other,Stationary,,Unspecified,159.99,529.99,69.8,Y
slumberland,Ashley,QK1047440,9059363586350,Centiar Side Chair,Brown,Chair,Stationary,,Leather,129.99,199.99,35.0,Y
slumberland,Ashley,QK1047441,9059363586350,Centiar Side Chair,Black,Chair,Stationary,,Leather,129.99,199.99,35.0,Y
slumberland,Ashley,QK1047443,9059363586350,Centiar Side Chair,Gray,Chair,Stationary,,Leather,129.99,199.99,35.0,Y
slumberland,Ashley,QK1048701,9059412738350,Ashley Sleep Foundation,Black / Twin,Other,Stationary,,Unspecified,189.95,309.99,38.7,Y
slumberland,Ashley,QK1048702,9059412738350,Ashley Sleep Foundation,Black / Full,Other,Stationary,,Unspecified,219.95,349.99,37.2,Y
slumberland,Ashley,QK1048703,9059412738350,Ashley Sleep Foundation,Black / Queen,Other,Stationary,,Unspecified,249.95,409.99,39.0,Y
slumberland,Ashley,QK1048704,9059412738350,Ashley Sleep Foundation,Black / King,Other,Stationary,,Unspecified,349.95,549.99,36.4,Y
slumberland,Ashley,QK1052637,9059446391086,Porter Headboard,Rustic Brown / Queen,Other,Stationary,,Unspecified,419.99,799.99,47.5,Y
slumberland,Ashley,QK1052626,9059446391086,Porter Headboard,Rustic Brown / King,Other,Stationary,,Unspecified,499.99,899.99,44.4,Y
slumberland,Ashley,QK1052629,9059446620462,Porter Dresser,Rustic Brown,Other,Stationary,,Unspecified,999.99,1989.99,49.7,Y
slumberland,Ashley,QK1052631,9059446685998,Porter Chest,Rustic Brown,Other,Stationary,,Unspecified,999.99,1999.99,50.0,Y
slumberland,Ashley,QK1052630,9059446653230,Porter Mirror,Rustic Brown,Other,Stationary,,Unspecified,199.99,399.99,50.0,Y
slumberland,Ashley,QK1052632,9059446751534,Porter Nightstand,Rustic Brown,Other,Stationary,,Unspecified,399.99,799.99,50.0,Y
slumberland,Ashley,QK1053407,9059471720750,Anarasia Chest,White,Other,Stationary,,Unspecified,269.99,529.99,49.1,Y
slumberland,Ashley,QK1053406,9059471622446,Anarasia Nightstand,White,Other,Stationary,,Unspecified,139.99,329.99,57.6,Y
slumberland,Ashley,QK1053395,9059471982894,Anarasia Sleigh Bed,White / Twin,Other,Stationary,,Unspecified,329.99,599.99,45.0,Y
slumberland,Ashley,QK1053396,9059471982894,Anarasia Sleigh Bed,White / Full,Other,Stationary,,Unspecified,359.99,824.99,56.4,Y
slumberland,Ashley,QK1053397,9059471982894,Anarasia Sleigh Bed,White / Queen,Other,Stationary,,Unspecified,399.99,824.99,51.5,Y
slumberland,Ashley,QK1053392,9059471851822,Anarasia Sleigh Headboard,White / Twin,Other,Stationary,,Unspecified,99.99,229.99,56.5,Y
slumberland,Ashley,QK1053394,9059471851822,Anarasia Sleigh Headboard,White / Queen,Other,Stationary,,Unspecified,119.99,379.99,68.4,Y
slumberland,Ashley,QK1053405,9059472212270,Anarasia Mirror,White,Other,Stationary,,Unspecified,99.99,159.99,37.5,Y
slumberland,Ashley,QK1053404,9059472113966,Anarasia Dresser,White,Other,Stationary,,Unspecified,299.99,649.99,53.8,Y
slumberland,Ashley,QK1054251,9059510485294,Bellaby Panel Bed,Whitewash / Queen,Other,Stationary,,Unspecified,299.99,599.99,50.0,Y
slumberland,Ashley,QK1054252,9059510485294,Bellaby Panel Bed,Whitewash / King,Other,Stationary,,Unspecified,499.99,999.99,50.0,Y
slumberland,Ashley,QK1054249,9059510452526,Bellaby Panel Headboard,Whitewash / Queen,Other,Stationary,,Unspecified,99.99,299.99,66.7,Y
slumberland,Ashley,QK1054250,9059510452526,Bellaby Panel Headboard,Whitewash / King,Other,Stationary,,Unspecified,199.99,499.99,60.0,Y
slumberland,Ashley,QK1054255,9059510714670,Bellaby Platform Storage Bed,Whitewash / Queen,Other,Stationary,,Unspecified,539.99,1099.99,50.9,Y
slumberland,Ashley,QK1054256,9059510714670,Bellaby Platform Storage Bed,Whitewash / King,Other,Stationary,,Unspecified,749.99,1399.99,46.4,Y
slumberland,Ashley,QK1054253,9059510649134,Bellaby Cross Buck Panel Bed,Whitewash / Queen,Other,Stationary,,Unspecified,399.99,799.99,50.0,Y
slumberland,Ashley,QK1054254,9059510649134,Bellaby Cross Buck Panel Bed,Whitewash / King,Other,Stationary,,Unspecified,599.99,1099.99,45.5,Y
slumberland,Ashley,QK1054258,9059511107886,Bellaby Mirror,Whitewash,Other,Stationary,,Unspecified,99.99,159.99,37.5,Y
slumberland,Ashley,QK1054257,9059510812974,Bellaby Dresser,Whitewash,Other,Stationary,,Fabric,549.99,979.99,43.9,Y
slumberland,Ashley,QK1054260,9059511370030,Bellaby Chest,Whitewash,Other,Stationary,,Fabric,439.99,699.99,37.1,Y
slumberland,Ashley,QK1054259,9059511304494,Bellaby Nightstand,Whitewash,Other,Stationary,,Fabric,229.99,419.99,45.2,Y
slumberland,Ashley,QK1054654,9059521364270,Pinnadel Upholstered Swivel Bar Stool,Brown,Chair,Stationary,,Leather,179.99,329.99,45.5,Y
slumberland,Southern Motion,QK1043924,9059528081710,Kish Reclining Console Loveseat,Charcoal,Loveseat,Motion,,Unspecified,1499.99,2249.99,33.3,Y
slumberland,Southern Motion,QK1043923,9059527983406,Kish Reclining Sofa,Charcoal,Sofa,Motion,,Unspecified,1499.99,2249.99,33.3,Y
slumberland,Southern Motion,QK1054854,9059528737070,Kish Power Plus Reclining Sofa,Charcoal,Sofa,Motion,Power,Unspecified,1999.99,3349.99,40.3,Y
slumberland,Southern Motion,QK1054857,9059528147246,Kish Power Plus Rocker Recliner,Charcoal,Recliner,Motion,Power,Unspecified,1299.99,2149.99,39.5,Y
slumberland,Southern Motion,QK1054855,9059528835374,Kish Power Plus Reclining Console Loveseat,Charcoal,Loveseat,Motion,Power,Unspecified,1999.99,3349.99,40.3,Y
slumberland,Ashley,QK1055146,9059544760622,Valebeck Dining Table,White,Other,Stationary,,Unspecified,869.99,1279.99,32.0,Y
slumberland,Ashley,QK1055145,9059544564014,Valebeck Server,White,Other,Stationary,,Unspecified,999.99,2099.99,52.4,Y
slumberland,Ashley,QK1055149,9059545219374,Valebeck Backless Swivel Counter Stool,Brown,Chair,Stationary,,Unspecified,129.99,219.99,40.9,Y
slumberland,Ashley,QK1055148,9059545088302,Valebeck Counter Table,White,Other,Stationary,,Unspecified,529.99,829.99,36.1,Y
slumberland,Ashley,QK1055147,9059544957230,Valebeck Side Chair,White,Chair,Stationary,,Fabric,124.99,219.99,43.2,Y
slumberland,Ashley,QK1057266,9059584508206,Kanwyn Panel Bed,Whitewash / Queen,Other,Stationary,,Unspecified,699.99,1199.99,41.7,Y
slumberland,Ashley,QK1057267,9059584508206,Kanwyn Panel Bed,Whitewash / King,Other,Stationary,,Unspecified,849.99,1299.99,34.6,Y
slumberland,Ashley,QK1057264,9059584180526,Kanwyn Upholstered Panel Bed,Whitewash / Queen,Other,Stationary,,Unspecified,799.99,1299.99,38.5,Y
slumberland,Ashley,QK1057265,9059584180526,Kanwyn Upholstered Panel Bed,Whitewash / King,Other,Stationary,,Unspecified,899.99,1399.99,35.7,Y
slumberland,Ashley,QK1057270,9059584934190,Kanwyn Dresser,Whitewash,Other,Stationary,,Unspecified,899.99,1399.99,35.7,Y
slumberland,Ashley,QK1057268,9059584803118,Kanwyn Storage Panel Bed,Whitewash / Queen,Other,Stationary,,Unspecified,999.99,1599.99,37.5,Y
slumberland,Ashley,QK1057269,9059584803118,Kanwyn Storage Panel Bed,Whitewash / King,Other,Stationary,,Unspecified,1199.99,1999.99,40.0,Y
slumberland,Ashley,QK1057272,9059585130798,Kanwyn Nightstand,Whitewash,Other,Stationary,,Unspecified,399.99,699.99,42.9,Y
slumberland,Ashley,QK1057271,9059585065262,Kanwyn Mirror,Whitewash,Other,Stationary,,Unspecified,199.99,399.99,50.0,Y
slumberland,Ashley,QK1057273,9059585196334,Kanwyn Chest,Whitewash,Other,Stationary,,Unspecified,999.99,1599.99,37.5,Y
slumberland,Ashley,QK1083344,9059595256110,Bellaby 63 Inch Console,Whitewash,Other,Stationary,,Unspecified,289.99,1149.99,74.8,Y
slumberland,Ashley,QK1057869,9059601613102,Todoe 65 Inch Fireplace Console,Gray,Other,Stationary,,Unspecified,999.99,2084.99,52.0,Y
slumberland,Ashley,QK1057870,9059601711406,Tyler Creek 74 Inch Console,Black,Other,Stationary,,Unspecified,699.99,1349.99,48.1,Y
slumberland,Ashley,QK1058375,9059627761966,Hyanna Dresser,Tan,Other,Stationary,,Unspecified,399.99,699.99,42.9,Y
slumberland,Ashley,QK1058382,9059627532590,Hyanna Panel Storage Bed,Tan / Queen,Other,Stationary,,Unspecified,649.99,1795.45,63.8,Y
slumberland,Ashley,QK1058377,9059628056878,Hyanna Chest,Tan,Other,Stationary,,Fabric,399.99,699.99,42.9,Y
slumberland,Ashley,QK1058376,9059627827502,Hyanna Mirror,Tan,Other,Stationary,,Unspecified,99.99,119.99,16.7,Y
slumberland,Ashley,QK1058378,9059628253486,Hyanna Nightstand,Tan,Other,Stationary,,Unspecified,199.99,379.99,47.4,Y
slumberland,Ashley,QK1058850,9059647881518,Jamon Table Lamp,"Beige / Medium Lamps (20""-29"")",Other,Stationary,,Unspecified,139.99,309.99,54.8,Y
slumberland,Ashley,QK1058856,9059648078126,Shavon Table Lamp,"Beige / Medium Lamps (20""-29"")",Other,Stationary,,Unspecified,114.99,229.99,50.0,Y
slumberland,Ashley,QK1058857,9059648176430,Joyelle Table Lamp,"Gray / Medium Lamps (20""-29"")",Other,Stationary,,Unspecified,149.99,359.99,58.3,Y
slumberland,Ashley,QK1059307,9059675636014,Realyn Chairside End Table,White,Other,Stationary,,Unspecified,249.99,479.99,47.9,Y
slumberland,Ashley,QK1059308,9059675668782,Realyn Lift Top Coffee Table,White,Other,Stationary,,Unspecified,399.99,679.99,41.2,Y
slumberland,Ashley,QK1059312,9059676291374,Realyn 74 Inch Fireplace Console,Chipped White,Other,Stationary,,Unspecified,979.99,1724.98,43.2,Y
slumberland,Ashley,QK1059650,9059688775982,Harif Table Lamp,"Beige / Medium Lamps (20""-29"")",Other,Stationary,,Unspecified,134.99,239.99,43.8,Y
slumberland,Ashley,QK1059604,9059688841518,Taliya Floor Lamp,"Champagne / Floor Lamps (40""+)",Other,Stationary,,Unspecified,289.99,647.99,55.2,Y
slumberland,Ashley,QK1059606,9059689070894,Hannela Vase,"Antique Tan / Table Top Decor (12""-25"")",Other,Stationary,,Unspecified,69.99,149.99,53.3,Y
slumberland,Ashley,QK1059611,9059689234734,Drice Panther Sculpture,"Mirror / Table Top Decor (Under 12"")",Other,Stationary,,Unspecified,199.99,399.99,50.0,Y
slumberland,Ashley,QK1059623,9059690316078,Galice Ottoman,Light Gray,Ottoman,Stationary,,Unspecified,279.99,699.99,60.0,Y
slumberland,La-Z-Boy,QK1059651,9059693297966,Clayton Gold Lux-Lift Heat and Massage Recliner,Charcoal,Recliner,Motion,,Unspecified,2199.99,5162.06,57.4,Y
slumberland,La-Z-Boy,QK1060416,9059722854702,Swivel Power Base Assembly Kit,Brown Mahogany,Chair,Motion,Power,Unspecified,159.99,199.99,20.0,Y
slumberland,La-Z-Boy,QK1060420,9059723149614,Dorian Reclining Loveseat,Sand,Loveseat,Motion,,Unspecified,1979.99,3049.99,35.1,Y
slumberland,La-Z-Boy,QK1060419,9059722953006,Dorian Reclining Sofa,Sand,Sofa,Motion,,Unspecified,1999.99,3079.99,35.1,Y
slumberland,La-Z-Boy,QK1060418,9059723870510,Liam Rocker Recliner,Twilight,Recliner,Motion,,Unspecified,629.99,1079.99,41.7,Y
slumberland,La-Z-Boy,QK1060417,9059723870510,Liam Rocker Recliner,Fawn,Recliner,Motion,,Unspecified,629.99,1079.99,41.7,Y
slumberland,La-Z-Boy,QK1060421,9059723346222,Dorian Rocker Recliner,Sand,Recliner,Motion,,Fabric,999.99,1579.99,36.7,Y
slumberland,Ashley,QK1061777,9059818766638,Edenfield Ottoman,Charcoal,Ottoman,Stationary,,Unspecified,299.99,449.99,33.3,Y
slumberland,Ashley,QK1061781,9059819094318,Edenfield 3 Piece Right Chaise Sectional,Charcoal,Sectional,Stationary,,Unspecified,1299.99,1949.98,33.3,Y
slumberland,La-Z-Boy,QK1062102,9059834265902,Brooks Reclining Sofa,Muslin,Sofa,Motion,,Unspecified,999.99,2399.99,58.3,Y
slumberland,Ashley,QK1059607,9059893641518,Hannela Large Vase,"Antique Tan / Table Top Decor (12""-25"")",Other,Stationary,,Unspecified,99.99,199.99,50.0,Y
slumberland,La-Z-Boy,QK1064407,9059911401774,Trouper Tri-Power Reclining Sofa,Sable,Sofa,Motion,Power,Unspecified,2699.99,4799.99,43.8,Y
slumberland,La-Z-Boy,QK1064416,9059911401774,Trouper Tri-Power Reclining Sofa,Mink,Sofa,Motion,Power,Unspecified,2699.99,4799.99,43.8,Y
slumberland,La-Z-Boy,QK1064413,9059911139630,Trouper Power Plus Reclining Sofa,Mink,Sofa,Motion,Power,Unspecified,2499.99,4299.99,41.9,Y
slumberland,La-Z-Boy,QK1064404,9059911139630,Trouper Power Plus Reclining Sofa,Sable,Sofa,Motion,Power,Unspecified,2499.99,4299.99,41.9,Y
slumberland,La-Z-Boy,QK1064419,9059911565614,Trouper Leather Reclining Sofa,Walnut,Sofa,Motion,,Leather,2299.99,4499.99,48.9,Y
slumberland,La-Z-Boy,QK1064429,9059911565614,Trouper Leather Reclining Sofa,Gray,Sofa,Motion,,Leather,2299.99,4499.99,48.9,Y
slumberland,La-Z-Boy,QK1064401,9059911729454,Trouper Reclining Sofa,Sable,Sofa,Motion,,Unspecified,1899.99,2999.99,36.7,Y
slumberland,La-Z-Boy,QK1064410,9059911729454,Trouper Reclining Sofa,Mink,Sofa,Motion,,Unspecified,1899.99,2999.99,36.7,Y
slumberland,La-Z-Boy,QK1064430,9059911598382,Trouper Leather Reclining Loveseat,Gray,Loveseat,Motion,,Leather,2279.99,4479.99,49.1,Y
slumberland,La-Z-Boy,QK1064420,9059911598382,Trouper Leather Reclining Loveseat,Walnut,Loveseat,Motion,,Leather,2279.99,4479.99,49.1,Y
slumberland,La-Z-Boy,QK1064411,9059911762222,Trouper Reclining Loveseat,Mink,Loveseat,Motion,,Unspecified,1879.99,2979.99,36.9,Y
slumberland,La-Z-Boy,QK1064402,9059911762222,Trouper Reclining Loveseat,Sable,Loveseat,Motion,,Unspecified,1879.99,2979.99,36.9,Y
slumberland,La-Z-Boy,QK1064435,9059912024366,Trouper Leather Tri-Power Reclining Sofa,Gray,Sofa,Motion,Power,Leather,3299.99,6399.99,48.4,Y
slumberland,La-Z-Boy,QK1064425,9059912024366,Trouper Leather Tri-Power Reclining Sofa,Walnut,Sofa,Motion,Power,Leather,3299.99,6399.99,48.4,Y
slumberland,La-Z-Boy,QK1064439,9059912450350,Morrison Reclining Sofa,Marble,Sofa,Motion,,Unspecified,1299.99,2199.99,40.9,Y
slumberland,La-Z-Boy,QK1064445,9059912450350,Morrison Reclining Sofa,Graphite,Sofa,Motion,,Unspecified,1299.99,2199.99,40.9,Y
slumberland,La-Z-Boy,QK1064438,9059912286510,Trouper Leather Tri-Power Rocker Recliner,Gray,Recliner,Motion,Power,Leather,1699.99,2899.99,41.4,Y
slumberland,La-Z-Boy,QK1064428,9059912286510,Trouper Leather Tri-Power Rocker Recliner,Walnut,Recliner,Motion,Power,Leather,1699.99,2899.99,41.4,Y
slumberland,La-Z-Boy,QK1064446,9059912548654,Morrison Reclining Loveseat,Graphite,Loveseat,Motion,,Unspecified,1279.99,2179.99,41.3,Y
slumberland,La-Z-Boy,QK1064440,9059912548654,Morrison Reclining Loveseat,Marble,Loveseat,Motion,,Unspecified,1279.99,2179.99,41.3,Y
slumberland,La-Z-Boy,QK1064443,9059912843566,Morrison Power Plus Reclining Loveseat,Marble,Loveseat,Motion,Power,Unspecified,1879.99,3479.99,46.0,Y
slumberland,La-Z-Boy,QK1064449,9059912843566,Morrison Power Plus Reclining Loveseat,Graphite,Loveseat,Motion,Power,Unspecified,1879.99,3479.99,46.0,Y
slumberland,La-Z-Boy,QK1064448,9059912679726,Morrison Power Plus Reclining Sofa,Graphite,Sofa,Motion,Power,Unspecified,1899.99,3499.99,45.7,Y
slumberland,La-Z-Boy,QK1064442,9059912679726,Morrison Power Plus Reclining Sofa,Marble,Sofa,Motion,Power,Unspecified,1899.99,3499.99,45.7,Y
slumberland,La-Z-Boy,QK1064461,9059913204014,Jay Reclining Loveseat,Mushroom,Loveseat,Motion,,Unspecified,1379.99,2379.99,42.0,Y
slumberland,La-Z-Boy,QK1064452,9059913204014,Jay Reclining Loveseat,Granite,Loveseat,Motion,,Unspecified,1379.99,2379.99,42.0,Y
slumberland,La-Z-Boy,QK1064451,9059913040174,Jay Reclining Sofa,Granite,Sofa,Motion,,Unspecified,1399.99,2399.99,41.7,Y
slumberland,La-Z-Boy,QK1064460,9059913040174,Jay Reclining Sofa,Mushroom,Sofa,Motion,,Unspecified,1399.99,2399.99,41.7,Y
slumberland,La-Z-Boy,QK1064453,9059913367854,Jay Reclining Console Loveseat,Granite,Loveseat,Motion,,Unspecified,1499.99,2499.99,40.0,Y
slumberland,La-Z-Boy,QK1064462,9059913367854,Jay Reclining Console Loveseat,Mushroom,Loveseat,Motion,,Unspecified,1499.99,2499.99,40.0,Y
slumberland,La-Z-Boy,QK1064455,9059913564462,Jay Power Plus Reclining Loveseat,Granite,Loveseat,Motion,Power,Unspecified,1979.99,3479.99,43.1,Y
slumberland,La-Z-Boy,QK1064464,9059913564462,Jay Power Plus Reclining Loveseat,Mushroom,Loveseat,Motion,Power,Unspecified,1979.99,3479.99,43.1,Y
slumberland,La-Z-Boy,QK1064463,9059913466158,Jay Power Plus Reclining Sofa,Mushroom,Sofa,Motion,Power,Unspecified,1999.99,3499.99,42.9,Y
slumberland,La-Z-Boy,QK1064454,9059913466158,Jay Power Plus Reclining Sofa,Granite,Sofa,Motion,Power,Unspecified,1999.99,3499.99,42.9,Y
slumberland,La-Z-Boy,QK1064456,9059913662766,Jay Power Plus Reclining Console Loveseat,Granite,Loveseat,Motion,Power,Unspecified,2099.99,3599.99,41.7,Y
slumberland,La-Z-Boy,QK1064465,9059913662766,Jay Power Plus Reclining Console Loveseat,Mushroom,Loveseat,Motion,Power,Unspecified,2099.99,3599.99,41.7,Y
slumberland,La-Z-Boy,QK1064458,9059914088750,Jay Tri-Power Reclining Loveseat,Granite,Loveseat,Motion,Power,Unspecified,2179.99,3979.99,45.2,Y
slumberland,La-Z-Boy,QK1064467,9059914088750,Jay Tri-Power Reclining Loveseat,Mushroom,Loveseat,Motion,Power,Unspecified,2179.99,3979.99,45.2,Y
slumberland,La-Z-Boy,QK1064466,9059913892142,Jay Tri-Power Reclining Sofa,Mushroom,Sofa,Motion,Power,Unspecified,2199.99,3999.99,45.0,Y
slumberland,La-Z-Boy,QK1064457,9059913892142,Jay Tri-Power Reclining Sofa,Granite,Sofa,Motion,Power,Unspecified,2199.99,3999.99,45.0,Y
slumberland,La-Z-Boy,QK1064459,9059914219822,Jay Tri-Power Reclining Console Loveseat,Granite,Loveseat,Motion,Power,Unspecified,2299.99,4099.99,43.9,Y
slumberland,La-Z-Boy,QK1064468,9059914219822,Jay Tri-Power Reclining Console Loveseat,Mushroom,Loveseat,Motion,Power,Unspecified,2299.99,4099.99,43.9,Y
slumberland,Ashley,QK1066120,9060000203054,Mahoney Oversized Ottoman,Chocolate,Ottoman,Stationary,,Unspecified,279.99,419.99,33.3,Y
slumberland,Ashley,QK1066135,9060000203054,Mahoney Oversized Ottoman,Pebble,Ottoman,Stationary,,Unspecified,279.99,419.99,33.3,Y
slumberland,Ashley,QK1066119,9059999973678,Mahoney Sofa Sleeper,Chocolate / Full,Sleeper,Stationary,,Unspecified,799.99,1389.99,42.4,Y
slumberland,Ashley,QK1066134,9059999973678,Mahoney Sofa Sleeper,Pebble / Full,Sleeper,Stationary,,Unspecified,799.99,1389.99,42.4,Y
slumberland,Ashley,QK1066113,9060000432430,Mahoney Right Chaise Sectional,Pebble,Sectional,Stationary,,Unspecified,1199.99,1799.98,33.3,Y
slumberland,Ashley,QK1066128,9060000432430,Mahoney Right Chaise Sectional,Chocolate,Sectional,Stationary,,Unspecified,1199.99,1799.98,33.3,Y
slumberland,Ashley,QK1066112,9060000334126,Mahoney Left Chaise Sectional,Pebble,Sectional,Stationary,,Unspecified,1199.99,1799.98,33.3,Y
slumberland,Ashley,QK1066127,9060000334126,Mahoney Left Chaise Sectional,Chocolate,Sectional,Stationary,,Unspecified,1199.99,1799.98,33.3,Y
slumberland,Ashley,QK1066130,9060000563502,Mahoney Right Chaise Sleeper Sectional,Chocolate / Full,Sectional,Stationary,,Unspecified,1399.99,2099.99,33.3,Y
slumberland,Ashley,QK1066115,9060000563502,Mahoney Right Chaise Sleeper Sectional,Pebble / Full,Sectional,Stationary,,Unspecified,1399.99,2099.99,33.3,Y
slumberland,Ashley,QK1066114,9060000497966,Mahoney Left Chaise Sleeper Sectional,Pebble / Full,Sectional,Stationary,,Unspecified,1399.99,2099.99,33.3,Y
slumberland,Ashley,QK1066129,9060000497966,Mahoney Left Chaise Sleeper Sectional,Chocolate / Full,Sectional,Stationary,,Unspecified,1399.99,2099.99,33.3,Y
slumberland,Ashley,QK1066131,9060000694574,Mahoney Sofa,Pebble,Sofa,Stationary,,Unspecified,499.99,749.99,33.3,Y
slumberland,Ashley,QK1066116,9060000694574,Mahoney Sofa,Chocolate,Sofa,Stationary,,Unspecified,499.99,749.99,33.3,Y
slumberland,Ashley,QK1066118,9060000923950,Mahoney Chaise,Chocolate,Other,Stationary,,Unspecified,449.99,674.99,33.3,Y
slumberland,Ashley,QK1066133,9060000923950,Mahoney Chaise,Pebble,Other,Stationary,,Unspecified,449.99,674.99,33.3,Y
slumberland,Ashley,QK1066117,9060000825646,Mahoney Loveseat,Chocolate,Loveseat,Stationary,,Unspecified,489.99,734.99,33.3,Y
slumberland,Ashley,QK1066132,9060000825646,Mahoney Loveseat,Pebble,Loveseat,Stationary,,Unspecified,489.99,734.99,33.3,Y
slumberland,Ashley,QK1081381,9060065837358,Ellford Table Lamp,"Black / Medium Lamps (20""-29"")",Other,Stationary,,Unspecified,134.99,299.99,55.0,Y
slumberland,Ashley,QK1081410,9060070424878,Arloman Washable Black Rug,Black / 5'x8' Rugs,Other,Stationary,,Fabric,139.99,335.99,58.3,Y
slumberland,Ashley,QK1081414,9060070981934,Gregmoore Black Rug,Black / 5'x8' Rugs,Other,Stationary,,Unspecified,89.99,215.99,58.3,Y
slumberland,Ashley,QK1081415,9060070981934,Gregmoore Black Rug,Black / 8'x10' Rugs,Other,Stationary,,Unspecified,174.99,407.99,57.1,Y
slumberland,Ashley,QK1081971,9060087988526,Braxmore Accent Table,Brown,Chair,Stationary,,Unspecified,169.99,311.99,45.5,Y
slumberland,La-Z-Boy,QK1082411,9060102406446,Roman Leather Tri-Power Reclining Sofa,Chocolate,Sofa,Motion,Power,Leather,2999.99,4599.99,34.8,Y
slumberland,La-Z-Boy,QK1082415,9060102963502,Reed Rocker Recliner,Walnut,Recliner,Motion,,Unspecified,699.99,1399.99,50.0,Y
slumberland,La-Z-Boy,QK1082416,9060102963502,Reed Rocker Recliner,Beige,Recliner,Motion,,Unspecified,699.99,1399.99,50.0,Y
slumberland,La-Z-Boy,QK1082407,9060103618862,Roman Leather Reclining Sofa,Chocolate,Sofa,Motion,,Leather,2199.99,3199.99,31.3,Y
slumberland,La-Z-Boy,QK1082409,9060103782702,Roman Leather Power Plus Reclining Sofa,Chocolate,Sofa,Motion,Power,Leather,2799.99,3899.99,28.2,Y
slumberland,Ashley,QK1082719,9060118987054,Brinstead Chairside End Table,Light Brown,Other,Stationary,,Unspecified,159.0,269.99,41.1,Y
slumberland,Ashley,QK1082720,9060119183662,Deanlee Set of 3 Tables,Gray,Other,Stationary,,Unspecified,249.99,399.99,37.5,Y
slumberland,Ashley,QK1082938,9060142350638,Mirimyn Bar Stool,Teal,Other,Stationary,,Unspecified,89.99,259.99,65.4,Y
slumberland,Ashley,QK1082991,9060152443182,Galtbury Bookcase,Brown,Other,Stationary,,Unspecified,229.99,599.99,61.7,Y
slumberland,Ashley,QK1083024,9060159652142,Bolsena Loveseat,Caramel,Loveseat,Stationary,,Leather,979.99,1469.98,33.3,Y
slumberland,Ashley,QK1083026,9060160078126,Bolsena Rocker Recliner,Caramel,Recliner,Motion,,Leather,749.99,1124.98,33.3,Y
slumberland,Ashley,QK1083025,9060159947054,Bolsena Sofa Sleeper,Caramel / Queen,Sleeper,Stationary,,Leather,1399.99,2099.99,33.3,Y
slumberland,Ashley,QK1083027,9060160340270,Bolsena Sofa,Caramel,Sofa,Stationary,,Leather,999.99,1499.98,33.3,Y
slumberland,Ashley,QK1057575,9060224106798,Bellaby 60 Inch Console,Whitewash,Other,Stationary,,Unspecified,169.99,529.99,67.9,Y
slumberland,Ashley,QK1083294,9060228038958,Sharstorm Set of 3 Tables,Gray,Other,Stationary,,Unspecified,349.99,599.99,41.7,Y
slumberland,Ashley,QK1083527,9060256055598,Dorrinson Set of 3 Tables,Antique White,Other,Stationary,,Unspecified,269.99,549.99,50.9,Y
slumberland,Ashley,QK1084367,9060275814702,Realyn Mirror Chairside End Table,White,Other,Stationary,,Unspecified,269.99,599.99,55.0,Y
slumberland,Best Home Furnishings,QK1084621,9060307435822,Brianna Swivel Glide Chair,Gray,Chair,Motion,,Unspecified,739.99,999.99,26.0,Y
slumberland,Ashley,QK1084661,9060316479790,Dorrinson 60 Inch Infrared Electric Fireplace Console,Antique White,Other,Stationary,,Unspecified,549.99,1349.99,59.3,Y
slumberland,Ashley,QK1084660,9060316283182,Dorrinson 60 Inch Electric Fireplace Console,Antique White,Other,Stationary,,Unspecified,549.99,1349.99,59.3,Y
slumberland,Ashley,QK1084676,9060320837934,Bovarian 4 Piece Right Sofa Sectional,Stone,Sectional,Stationary,,Unspecified,1999.99,4339.99,53.9,Y
slumberland,Ashley,QK1084677,9060321067310,Bovarian 4 Piece Left Sofa Sectional,Stone,Sectional,Stationary,,Unspecified,1999.99,4339.99,53.9,Y
slumberland,Ashley,QK1084719,9060328145198,Boardernest End Table,Brown,Other,Stationary,,Unspecified,259.99,369.99,29.7,Y
slumberland,Ashley,QK1084718,9060327751982,Boardernest Nesting Stool Coffee Table,Brown,Other,Stationary,,Unspecified,529.99,699.99,24.3,Y
slumberland,La-Z-Boy,QK1084748,9060330111278,James 5 Piece Tri-Power Right Chaise Reclining Sectional,Fawn,Sectional,Motion,Power,Fabric,6299.99,8999.99,30.0,Y
slumberland,Ashley,QK1084769,9060331389230,Oliah Shelf Wall Mounted Coat Rack,Natural,Other,Stationary,,Unspecified,59.99,189.99,68.4,Y
slumberland,Ashley,QK1084957,9060355178798,Robin Ridge Accent Cabinet,Two-tone Brown,Chair,Stationary,,Unspecified,739.99,1699.99,56.5,Y
slumberland,Ashley,QK1085547,9060435099950,Bolanburg 5 Piece Dining Set,Two-tone,Other,Stationary,,Fabric,1079.99,2199.99,50.9,Y
slumberland,Ashley,QK1016383,9068925845806,Marcy Sofa,Black,Sofa,Stationary,,Fabric,499.99,919.99,45.7,Y
slumberland,Ashley,QK1016386,9068925845806,Marcy Sofa,Cobblestone,Sofa,Stationary,,Fabric,499.99,919.99,45.7,Y
slumberland,Ashley,QK1040895,9059092136238,Ashley Chime 12 Inch Hybrid Mattress,White / Twin,Other,Stationary,,Unspecified,229.99,619.99,62.9,Y
slumberland,Ashley,QK1040896,9059092136238,Ashley Chime 12 Inch Hybrid Mattress,White / Full,Other,Stationary,,Unspecified,309.99,699.99,55.7,Y
slumberland,Ashley,QK1040898,9059092136238,Ashley Chime 12 Inch Hybrid Mattress,White / Queen,Other,Stationary,,Unspecified,339.99,789.99,57.0,Y
slumberland,Ashley,QK1040897,9059092136238,Ashley Chime 12 Inch Hybrid Mattress,White / King,Other,Stationary,,Unspecified,429.99,1049.99,59.0,Y
slumberland,Ashley,QK1040899,9059090366766,Ashley Chime 8 Inch Innerspring Mattress,White / Twin,Other,Stationary,,Unspecified,149.99,419.99,64.3,Y
slumberland,Ashley,QK1040900,9059090366766,Ashley Chime 8 Inch Innerspring Mattress,White / Full,Other,Stationary,,Unspecified,209.99,469.99,55.3,Y
slumberland,Ashley,QK1040902,9059090366766,Ashley Chime 8 Inch Innerspring Mattress,White / Queen,Other,Stationary,,Unspecified,229.99,529.99,56.6,Y
slumberland,Ashley,QK1040901,9059090366766,Ashley Chime 8 Inch Innerspring Mattress,White / King,Other,Stationary,,Unspecified,319.99,799.99,60.0,Y
slumberland,Ashley,QK1040903,9056580469038,Ashley Chime 8 Inch Memory Foam Mattress,White / Twin,Other,Stationary,,Unspecified,219.99,499.99,56.0,Y
slumberland,Ashley,QK1040904,9056580469038,Ashley Chime 8 Inch Memory Foam Mattress,White / Full,Other,Stationary,,Unspecified,279.99,619.99,54.8,Y
slumberland,Ashley,QK1040882,9056580469038,Ashley Chime 8 Inch Memory Foam Mattress,White / Queen,Other,Stationary,,Unspecified,299.99,709.99,57.7,Y
slumberland,Ashley,QK1040905,9056580469038,Ashley Chime 8 Inch Memory Foam Mattress,White / King,Other,Stationary,,Unspecified,399.99,899.99,55.6,Y
slumberland,La-Z-Boy,QK1031489,9058602352942,Pinnacle Rocker Recliner,Graphite,Recliner,Motion,,Fabric,749.99,1199.99,37.5,Y
slumberland,La-Z-Boy,QK1031490,9058602352942,Pinnacle Rocker Recliner,Navy,Recliner,Motion,,Fabric,749.99,1199.99,37.5,Y
steinhafels,Ashley,605P32314,15513821446515,"Monarch 72-108"" Dining Table",Default Title,Other,Stationary,,Unspecified,1199.69,1332.99,10.0,Y
steinhafels,Ashley,640304481,15513820135795,Monarch Upholstered Storage Bench,Default Title,Other,Stationary,,Unspecified,449.99,499.99,10.0,Y
steinhafels,Ashley,271810143,15513818923379,Erin Loveseat,Kanlow/Dusk,Loveseat,Stationary,,Unspecified,449.99,499.99,10.0,Y
steinhafels,Flexsteel,496680888,15513818890611,Flexsteel Wrenn Leather Fully Loaded Zero Gravity Reclining Loveseat,Raven,Loveseat,Motion,,Leather,1299.99,3399.99,61.8,Y
steinhafels,Ashley,105Z18337,15513818726771,Erin Sofa,Kanlow/Dusk,Sofa,Stationary,,Unspecified,499.99,555.54,10.0,Y
steinhafels,Ashley,425PKG892,15513818694003,Dante Panel Bed,King,Other,Stationary,,Unspecified,559.79,621.99,10.0,Y
steinhafels,Ashley,406UTP353,15513818595699,Colette Upholstered Bed,Twin / No Storage,Other,Stationary,,Unspecified,279.89,310.99,10.0,Y
steinhafels,Flexsteel,414UQ5771,15513818530163,Midtown Upholstered Bed,Queen,Other,Stationary,,Unspecified,1999.79,2221.99,10.0,Y
steinhafels,Flexsteel,425UK5590,15513818530163,Midtown Upholstered Bed,King,Other,Stationary,,Unspecified,2059.19,2287.99,10.0,Y
steinhafels,Ashley,603688189,15513818300787,Colton 5-Pc. Counter Height Dining Set,Gray,Other,Stationary,,Leather,399.59,665.99,40.0,N
steinhafels,Ashley,410236335,15513817514355,Logan Headboard,Matte White / Queen,Other,Stationary,,Unspecified,159.29,176.99,10.0,N
steinhafels,Ashley,410773726,15513817514355,Logan Headboard,Matte White / Full,Other,Stationary,,Unspecified,149.39,165.99,10.0,Y
steinhafels,Ashley,400299425,15513817514355,Logan Headboard,Honey / Twin,Other,Stationary,,Unspecified,129.59,143.99,10.0,Y
steinhafels,Ashley,410931035,15513817514355,Logan Headboard,Honey / Queen,Other,Stationary,,Unspecified,159.29,176.99,10.0,Y
steinhafels,Ashley,410514012,15513817514355,Logan Headboard,Honey / Full,Other,Stationary,,Unspecified,149.39,165.99,10.0,Y
steinhafels,Bassett,414UQ0504,15513817022835,Eden Upholstered Bed,Queen,Other,Stationary,,Unspecified,2199.59,2443.99,10.0,Y
steinhafels,La-Z-Boy,177426562,15513816957299,Pinnacle Rocker Recliner,D209562 Marble,Recliner,Motion,,Fabric,899.99,999.99,10.0,Y
steinhafels,La-Z-Boy,147550223,15513816957299,Pinnacle Rocker Recliner,D209574 Hazel,Recliner,Motion,,Fabric,899.99,999.99,10.0,Y
steinhafels,La-Z-Boy,773Z57754,15513816957299,Pinnacle Rocker Recliner,D209586 Midnight,Recliner,Motion,,Fabric,999.99,999.99,,Y
steinhafels,Ashley,500094409,15513816662387,Essentials Chest,White,Other,Stationary,,Unspecified,299.69,332.99,10.0,Y
steinhafels,Ashley,500572148,15513816662387,Essentials Chest,Charcoal,Other,Stationary,,Unspecified,299.69,332.99,10.0,Y
steinhafels,Ashley,425PKG572,15513816629619,Dante Slat Bed,King,Other,Stationary,,Unspecified,629.09,698.99,10.0,Y
steinhafels,Ashley,414PQP605,15513816465779,Logan Bed,Matte White / Queen,Other,Stationary,,Unspecified,399.59,443.99,10.0,Y
steinhafels,Ashley,414PFP277,15513816465779,Logan Bed,Honey / Full,Other,Stationary,,Unspecified,359.09,398.99,10.0,Y
steinhafels,Ashley,406PTP141,15513816465779,Logan Bed,Honey / Twin,Other,Stationary,,Unspecified,299.69,332.99,10.0,Y
steinhafels,Ashley,414PQP187,15513816465779,Logan Bed,Honey / Queen,Other,Stationary,,Unspecified,399.59,443.99,10.0,Y
steinhafels,Ashley,623220134,15513816400243,Pine Ridge Backless Swivel Stool,"Brown / Linen / 24"" Tall",Chair,Stationary,,Fabric,159.29,176.99,10.0,Y
steinhafels,Ashley,623290651,15513816400243,Pine Ridge Backless Swivel Stool,"Vintage White / Linen / 24"" Tall",Chair,Stationary,,Fabric,159.29,176.99,10.0,Y
steinhafels,Ashley,403318573,15513816236403,Logan Platform Bed,Honey / Queen,Other,Stationary,,Unspecified,259.19,287.99,10.0,Y
steinhafels,Ashley,403040495,15513816236403,Logan Platform Bed,Honey / Full,Other,Stationary,,Unspecified,229.49,254.99,10.0,Y
steinhafels,Ashley,403415931,15513816236403,Logan Platform Bed,Honey / Twin,Other,Stationary,,Unspecified,189.89,210.99,10.0,Y
steinhafels,Ashley,403930423,15513816236403,Logan Platform Bed,Matte White / Twin,Other,Stationary,,Unspecified,189.89,210.99,10.0,Y
steinhafels,Ashley,403993143,15513816236403,Logan Platform Bed,Matte White / Queen,Other,Stationary,,Unspecified,259.19,287.99,10.0,N
steinhafels,Ashley,450805889,15513815974259,Essentials 6 Drawer Dresser,Charcoal,Other,Stationary,,Unspecified,329.39,365.99,10.0,Y
steinhafels,Ashley,450061648,15513815974259,Essentials 6 Drawer Dresser,White,Other,Stationary,,Unspecified,329.39,365.99,10.0,Y
steinhafels,Ashley,414Q78088,15513815941491,Essentials Panel Bed,White / Queen,Other,Stationary,,Unspecified,239.39,265.99,10.0,Y
steinhafels,Ashley,425K36185,15513815941491,Essentials Panel Bed,White / King,Other,Stationary,,Unspecified,379.79,421.99,10.0,Y
steinhafels,Ashley,406TPK647,15513815941491,Essentials Panel Bed,White / Twin,Other,Stationary,,Unspecified,189.89,210.99,10.0,Y
steinhafels,Ashley,414F11691,15513815941491,Essentials Panel Bed,White / Full,Other,Stationary,,Unspecified,239.39,265.99,10.0,Y
steinhafels,Ashley,425K25092,15513815941491,Essentials Panel Bed,Charcoal / King,Other,Stationary,,Unspecified,379.79,421.99,10.0,Y
steinhafels,Ashley,414Q85247,15513815941491,Essentials Panel Bed,Charcoal / Queen,Other,Stationary,,Unspecified,239.39,265.99,10.0,Y
steinhafels,Ashley,406TPK072,15513815941491,Essentials Panel Bed,Charcoal / Twin,Other,Stationary,,Unspecified,189.89,210.99,10.0,Y
steinhafels,Ashley,414F54763,15513815941491,Essentials Panel Bed,Charcoal / Full,Other,Stationary,,Unspecified,239.39,265.99,10.0,Y
steinhafels,Ashley,425PKP948,15513815941491,Essentials Panel Bed,Grey / King,Other,Stationary,,Unspecified,299.69,421.99,29.0,Y
steinhafels,Ashley,414PQP248,15513815941491,Essentials Panel Bed,Grey / Queen,Other,Stationary,,Unspecified,199.79,265.99,24.9,Y
steinhafels,Ashley,414QPK107,15513815908723,Rian Panel Bed,White / Queen,Other,Stationary,,Unspecified,339.29,376.99,10.0,Y
steinhafels,Ashley,425KPK592,15513815908723,Rian Panel Bed,White / King,Other,Stationary,,Unspecified,429.29,476.99,10.0,Y
steinhafels,Ashley,406TPK023,15513815908723,Rian Panel Bed,White / Twin,Other,Stationary,,Unspecified,239.39,265.99,10.0,Y
steinhafels,Ashley,414FPK078,15513815908723,Rian Panel Bed,White / Full,Other,Stationary,,Unspecified,289.79,321.99,10.0,Y
steinhafels,Ashley,425PKP106,15513815908723,Rian Panel Bed,Charcoal Brown / King,Other,Stationary,,Unspecified,429.29,476.99,10.0,Y
steinhafels,Ashley,414PFP983,15513815908723,Rian Panel Bed,Charcoal Brown / Full,Other,Stationary,,Unspecified,289.79,321.99,10.0,Y
steinhafels,Ashley,406PTP477,15513815908723,Rian Panel Bed,Charcoal Brown / Twin,Other,Stationary,,Unspecified,239.39,265.99,10.0,Y
steinhafels,Ashley,414PQP076,15513815908723,Rian Panel Bed,Charcoal Brown / Queen,Other,Stationary,,Unspecified,339.29,376.99,10.0,Y
steinhafels,Ashley,414PFP995,15513815908723,Rian Panel Bed,Tan / Full,Other,Stationary,,Unspecified,289.79,321.99,10.0,Y
steinhafels,Ashley,421076841,15513815777651,Dante Slat Panel Headboard,King,Other,Stationary,,Unspecified,341.09,378.99,10.0,N
steinhafels,Ashley,421427296,15513815712115,Dante Panel Headboard,Tan / King,Other,Stationary,,Unspecified,156.59,287.99,45.6,Y
steinhafels,Ashley,421601086,15513815712115,Dante Panel Headboard,Black / King,Other,Stationary,,Unspecified,270.89,300.99,10.0,N
steinhafels,Ashley,470554265,15513815449971,Logan Nightstand,Honey,Other,Stationary,,Unspecified,129.59,143.99,10.0,Y
steinhafels,Bassett,849AND340,15496004403571,Andora End Table,Chestnut,Other,Stationary,,Unspecified,944.43,944.43,,Y
steinhafels,Bassett,849AND845,15496004403571,Andora End Table,Natural,Other,Stationary,,Unspecified,944.43,944.43,,Y
steinhafels,Bassett,848AND051,15496004370803,Andora Cocktail,Chestnut,Other,Stationary,,Unspecified,1999.99,1999.99,,Y
steinhafels,Bassett,848AND347,15496004370803,Andora Cocktail,Natural,Other,Stationary,,Unspecified,1999.99,1999.99,,Y
steinhafels,Bassett,859AND212,15496004206963,Andora Chairside Table,Chestnut,Other,Stationary,,Unspecified,833.32,833.32,,Y
steinhafels,Bassett,859AND953,15496004206963,Andora Chairside Table,Natural,Other,Stationary,,Unspecified,833.32,833.32,,Y
steinhafels,Ashley,885ASHE43,15507485360499,Ashe Console Bar Set,Default Title,Other,Stationary,,Unspecified,699.99,777.77,10.0,Y
steinhafels,Ashley,606151394,15507427164531,Melissa Loveseat,Aviemore Spice,Loveseat,Stationary,,Unspecified,476.99,529.99,10.0,Y
steinhafels,Ashley,715198063,15507427164531,Melissa Loveseat,Aviemore Ink,Loveseat,Stationary,,Unspecified,529.99,529.99,,Y
steinhafels,Ashley,387Z26718,15507427164531,Melissa Loveseat,Aviemore Stone,Loveseat,Stationary,,Unspecified,476.99,529.99,10.0,Y
steinhafels,Jackson/Catnapper,683PKG283,15507419234675,Snuggler 3-Pc. Sectional,49 Chocolate,Sectional,Stationary,,Fabric,2837.99,2837.99,,Y
steinhafels,Jackson/Catnapper,498PKG715,15507419234675,Snuggler 3-Pc. Sectional,58 Smoke,Sectional,Stationary,,Fabric,2554.19,2837.99,10.0,Y
steinhafels,Ashley,905Z68806,15507418906995,Melissa Rocker Recliner,Aviemore Ink,Recliner,Motion,,Unspecified,479.99,479.99,,Y
steinhafels,Ashley,319543536,15507418906995,Melissa Rocker Recliner,Aviemore Spice,Recliner,Motion,,Unspecified,431.99,479.99,10.0,Y
steinhafels,Ashley,251772782,15507418906995,Melissa Rocker Recliner,Aviemore Stone,Recliner,Motion,,Unspecified,431.99,479.99,10.0,Y
steinhafels,Ashley,495MTO026,15507415662963,Melissa Queen Sleeper,Aviemore Spice,Sofa,Stationary,,Unspecified,999.99,1111.1,10.0,Y
steinhafels,Ashley,151MTO329,15507415662963,Melissa Queen Sleeper,Aviemore Ink,Sofa,Stationary,,Unspecified,999.99,1111.1,10.0,Y
steinhafels,Ashley,501MTO144,15507415662963,Melissa Queen Sleeper,Aviemore Stone,Sofa,Stationary,,Unspecified,999.99,1111.1,10.0,Y
steinhafels,Ashley,369Z81254,15507412943219,Melissa Sofa,Aviemore Ink,Sofa,Stationary,,Unspecified,499.99,555.54,10.0,Y
steinhafels,Ashley,227615496,15507412943219,Melissa Sofa,Aviemore Stone,Sofa,Stationary,,Unspecified,499.99,555.54,10.0,Y
steinhafels,Ashley,477Z32549,15507412943219,Melissa Sofa,Aviemore Spice,Sofa,Stationary,,Unspecified,499.99,555.54,10.0,Y
steinhafels,Ashley,280MPK097,15507411075443,Melissa 2-Pc. Sectional,Aviemore Spice / Left-Facing,Sectional,Stationary,,Unspecified,1099.99,1222.21,10.0,Y
steinhafels,Ashley,369MPK390,15507411075443,Melissa 2-Pc. Sectional,Aviemore Spice / Right-Facing,Sectional,Stationary,,Unspecified,1099.99,1222.21,10.0,Y
steinhafels,Ashley,733MPK926,15507411075443,Melissa 2-Pc. Sectional,Aviemore Ink / Left-Facing,Sectional,Stationary,,Unspecified,1222.21,1222.21,,Y
steinhafels,Ashley,376MPK799,15507411075443,Melissa 2-Pc. Sectional,Aviemore Ink / Right-Facing,Sectional,Stationary,,Unspecified,1099.99,1222.21,10.0,Y
steinhafels,Ashley,721MPK056,15507411075443,Melissa 2-Pc. Sectional,Aviemore Stone / Right-Facing,Sectional,Stationary,,Unspecified,1222.21,1222.21,,Y
steinhafels,Ashley,623MPK635,15507411075443,Melissa 2-Pc. Sectional,Aviemore Stone / Left-Facing,Sectional,Stationary,,Unspecified,1222.21,1222.21,,Y
steinhafels,Ashley,101MTO467,15507381387635,Melissa Oversized Ottoman,Aviemore Ink,Ottoman,Stationary,,Unspecified,314.99,349.99,10.0,Y
steinhafels,Ashley,315MTO490,15507381387635,Melissa Oversized Ottoman,Aviemore Stone,Ottoman,Stationary,,Unspecified,314.99,349.99,10.0,Y
steinhafels,Ashley,700MTO702,15507381387635,Melissa Oversized Ottoman,Aviemore Spice,Ottoman,Stationary,,Unspecified,349.99,349.99,,Y
steinhafels,Flexsteel,849ECL191,15481715130739,Eclipse End Table,Blue Stone,Other,Stationary,,Unspecified,722.21,722.21,,Y
steinhafels,Flexsteel,849ECL512,15481715130739,Eclipse End Table,Travertine,Other,Stationary,,Unspecified,722.21,722.21,,Y
steinhafels,Flexsteel,560Z83830,15481713918323,Shawna Power Headrest Swivel Glider Recliner,386-70 Brown,Recliner,Motion,Power,Unspecified,1628.99,1809.99,10.0,Y
steinhafels,Flexsteel,377Z78149,15481713918323,Shawna Power Headrest Swivel Glider Recliner,549-01 Silver Lining,Recliner,Motion,Power,Unspecified,1628.99,1809.99,10.0,Y
steinhafels,Flexsteel,848ECL414,15481713590643,Eclipse Cocktail Table,Travertine,Other,Stationary,,Unspecified,1555.54,1555.54,,Y
steinhafels,Flexsteel,848ECL910,15481713590643,Eclipse Cocktail Table,Blue Stone,Other,Stationary,,Unspecified,1555.54,1555.54,,Y
steinhafels,Flexsteel,347Z63949,15481710870899,Shawna Power Headrest Reclining Sofa With Drop Down Table,549-01 Silver Lining,Sofa,Motion,Power,Unspecified,2399.99,2666.65,10.0,Y
steinhafels,Flexsteel,958123024,15481710870899,Shawna Power Headrest Reclining Sofa With Drop Down Table,386-70 Brown,Sofa,Motion,Power,Unspecified,2666.65,2666.65,,Y
steinhafels,La-Z-Boy,567751209,15481710805363,Jasper Rocker Recliner,D210062 Taupe,Recliner,Motion,,Fabric,729.99,811.1,10.0,Y
steinhafels,La-Z-Boy,395Z97977,15481710805363,Jasper Rocker Recliner,D210031 Sugarshow,Recliner,Motion,,Fabric,729.99,811.1,10.0,Y
steinhafels,Flexsteel,906Z73837,15481710772595,Shawna Power Headrest Reclining Console Loveseat,549-01 Silver Lining,Loveseat,Motion,Power,Unspecified,2699.99,2699.99,,Y
steinhafels,Flexsteel,717169290,15481710772595,Shawna Power Headrest Reclining Console Loveseat,386-70 Brown,Loveseat,Motion,Power,Unspecified,2699.99,2699.99,,Y
steinhafels,Flexsteel,800ECL179,15481708904819,"Eclipse 76"" Console",Travertine,Other,Stationary,,Unspecified,2777.77,2777.77,,Y
steinhafels,Flexsteel,800ECL596,15481708904819,"Eclipse 76"" Console",Blue Stone,Other,Stationary,,Unspecified,2777.77,2777.77,,Y
steinhafels,Flexsteel,435068800,15481707921779,Shawna Power Headrest Reclining Loveseat,386-70 Brown,Loveseat,Motion,Power,Unspecified,2285.99,2539.99,10.0,Y
steinhafels,Flexsteel,141446695,15481707921779,Shawna Power Headrest Reclining Loveseat,549-01 Silver Lining,Loveseat,Motion,Power,Unspecified,2285.99,2539.99,10.0,Y
steinhafels,La-Z-Boy,156556607,15468180636019,Olympic Power Headrest Zero Gravity Reclining Loveseat,E191765 i-Adario Taupe,Loveseat,Motion,Power,Unspecified,2060.99,2289.99,10.0,Y
steinhafels,La-Z-Boy,918426741,15468179554675,Olympic Power Headrest Zero Gravity Reclining Sofa,E191765 i-Adario Taupe,Sofa,Motion,Power,Unspecified,2332.99,2332.99,,Y
steinhafels,La-Z-Boy,124Z19080,15468179456371,Olympic Power Headrest Zero Gravity Recliner,E191765 i-Adario Taupe,Recliner,Motion,Power,Unspecified,1299.99,1444.43,10.0,Y
steinhafels,La-Z-Boy,173309451,15468178538867,Wynne Rocker Recliner With Contour Seat Cushion,D209631 Bone,Recliner,Motion,,Fabric,999.99,1111.1,10.0,Y
steinhafels,La-Z-Boy,905Z36334,15468178538867,Wynne Rocker Recliner With Contour Seat Cushion,D209669 Latte,Recliner,Motion,,Fabric,1111.1,1111.1,,Y
steinhafels,Southern Motion,844414726,15467415077235,Aubrey Fully Loaded Zero Gravity Reclining Loveseat With SoCozi,Default Title,Loveseat,Motion,,Unspecified,2429.99,2699.99,10.0,Y
steinhafels,Southern Motion,496Z52188,15467410948467,Aubrey Fully Loaded Wall Saver Recliner With SoCozi,Default Title,Recliner,Motion,,Unspecified,1412.99,1569.99,10.0,Y
steinhafels,Bassett,271Z12224,15467409801587,True Custom Leather Swivel Chair,Default Title,Chair,Stationary,,Leather,2564.99,2849.99,10.0,Y
steinhafels,Bassett,860Z11276,15467408425331,True Custom Classic Sofa,Default Title,Sofa,Stationary,,Leather,3599.99,3999.99,10.0,Y
steinhafels,Bassett,893Z38913,15467408261491,True Custom Great Room Sofa,Default Title,Sofa,Stationary,,Leather,3199.99,3555.54,10.0,Y
steinhafels,Ashley,464925654,15467407016307,Waylon Mirror,Default Title,Other,Stationary,,Unspecified,199.79,221.99,10.0,Y
steinhafels,Southern Motion,351Z46284,15467406295411,Aubrey Fully Loaded Zero Gravity Console Reclining Loveseat With SoCozi,Default Title,Loveseat,Motion,,Unspecified,2599.98,2888.87,10.0,Y
steinhafels,Ashley,500413311,15467405967731,Waylon Chest,Default Title,Other,Stationary,,Unspecified,949.49,1054.99,10.0,Y
steinhafels,Bassett,409093517,15467401314675,True Custom Chair Standard Depth,Default Title,Chair,Stationary,,Leather,1889.99,2099.99,10.0,Y
steinhafels,Flexsteel,947Z09665,15467401019763,Flexsteel Digby Chair,Default Title,Chair,Stationary,,Unspecified,1249.99,1388.88,10.0,Y
steinhafels,Flexsteel,848BLL799,15467399414131,Bellevue Round Cocktail Table,Default Title,Other,Stationary,,Unspecified,749.99,833.32,10.0,Y
steinhafels,Ashley,470753140,15467393745267,Waylon Nightstand,Default Title,Other,Stationary,,Unspecified,549.89,610.99,10.0,Y
steinhafels,Flexsteel,815440822,15467393057139,Flexsteel Digby Loveseat,Default Title,Loveseat,Stationary,,Unspecified,2099.99,2333.32,10.0,Y
steinhafels,Flexsteel,669Z19339,15467382899059,Flexsteel Digby Sofa,Default Title,Sofa,Stationary,,Unspecified,2199.99,2444.43,10.0,Y
steinhafels,Bassett,885GRN352,15467382309235,Grain Console Table,Default Title,Other,Stationary,,Unspecified,1722.21,1722.21,,Y
steinhafels,Flexsteel,849BLL356,15467380310387,Bellevue End Table,Default Title,Other,Stationary,,Unspecified,449.99,499.99,10.0,Y
steinhafels,Flexsteel,801BLL261,15467380048243,"Bellevue 68"" Console",Default Title,Other,Stationary,,Unspecified,1799.99,1999.99,10.0,Y
steinhafels,Bassett,105387335,15467376968051,True Custom Chair Deep Depth,Default Title,Chair,Stationary,,Leather,2204.99,2449.99,10.0,Y
steinhafels,La-Z-Boy,501Z94530,15467376574835,Scout Storage Cocktail Ottoman,Default Title,Ottoman,Stationary,,Unspecified,377.99,419.99,10.0,Y
steinhafels,Southern Motion,858Z96297,15467375296883,Aubrey Fully Loaded Zero Gravity Reclining Sofa With SoCozi,Default Title,Sofa,Motion,,Unspecified,2499.99,2777.77,10.0,Y
steinhafels,Ashley,470763982,15467371135347,Hanna Nightstand,Default Title,Other,Stationary,,Unspecified,269.99,299.99,10.0,Y
steinhafels,Flexsteel,859BLL983,15467370938739,Bellevue Chairside Table,Default Title,Other,Stationary,,Unspecified,444.43,444.43,,Y
steinhafels,Flexsteel,848VRN847,15467369857395,Verona Cocktail Table,Default Title,Other,Stationary,,Fabric,722.21,722.21,,Y
steinhafels,Flexsteel,849VRN889,15467369628019,Verona End Table,Default Title,Other,Stationary,,Unspecified,277.77,277.77,,Y
steinhafels,Ashley,859409065,15467369267571,Two Tone Door Chairside Table,Default Title,Other,Stationary,,Unspecified,388.88,388.88,,Y
steinhafels,Flexsteel,859VRN750,15467368644979,Verona Accent Table,Default Title,Chair,Stationary,,Unspecified,555.54,555.54,,Y
steinhafels,Ashley,406TP4301,15467365663091,Hanna Bed,Twin,Other,Stationary,,Unspecified,349.19,387.99,10.0,Y
steinhafels,Ashley,414FP3867,15467365663091,Hanna Bed,Full,Other,Stationary,,Unspecified,449.99,499.99,10.0,Y
steinhafels,Ashley,414QP3472,15467365663091,Hanna Bed,Queen,Other,Stationary,,Unspecified,579.59,643.99,10.0,Y
steinhafels,Flexsteel,733PKG370,15467364057459,Hank Leather 7-Pc. Fully Loaded Zero Gravity Reclining Modula,946-70 Burnt Umber,Sectional,Motion,,Leather,9331.99,9331.99,,Y
steinhafels,Flexsteel,329PKG121,15467364057459,Hank Leather 7-Pc. Fully Loaded Zero Gravity Reclining Modula,946-00 Black,Sectional,Motion,,Leather,8398.79,9331.99,10.0,Y
steinhafels,Flexsteel,773PKG630,15467362976115,Hank Leather 3-Pc. Fully Loaded Zero Gravity Reclining Console Loveseat,946-70 Burnt Umber,Sectional,Motion,,Leather,4136.99,4136.99,,Y
steinhafels,Flexsteel,117PKG418,15467362976115,Hank Leather 3-Pc. Fully Loaded Zero Gravity Reclining Console Loveseat,946-00 Black,Sectional,Motion,,Leather,3723.29,4136.99,10.0,Y
steinhafels,Flexsteel,237PKG574,15467362845043,Hank Leather 6-Pc. Fully Loaded Zero Gravity Reclining Modular,946-00 Black,Sectional,Motion,,Leather,7914.59,8793.99,10.0,Y
steinhafels,Flexsteel,434PKG205,15467362845043,Hank Leather 6-Pc. Fully Loaded Zero Gravity Reclining Modular,946-70 Burnt Umber,Sectional,Motion,,Leather,7914.59,8793.99,10.0,Y
steinhafels,Flexsteel,498Z13474,15467359502707,"Zen Cove Leather Fully Loaded Swivel Recliner with Heat, Massage, Storage Console and Wireless Remote",896-80 Dune,Recliner,Motion,,Leather,3199.99,3555.54,10.0,Y
steinhafels,Flexsteel,604722889,15467359502707,"Zen Cove Leather Fully Loaded Swivel Recliner with Heat, Massage, Storage Console and Wireless Remote",896-74 Autumn,Recliner,Motion,,Leather,3199.99,3555.54,10.0,Y
steinhafels,Ashley,414UQP504,15467359371635,Waylon Upholstered Storage Bed,Queen,Other,Stationary,,Fabric,1099.79,1221.99,10.0,Y
steinhafels,Ashley,425UKP009,15467359371635,Waylon Upholstered Storage Bed,King,Other,Stationary,,Fabric,1249.19,1387.99,10.0,Y
steinhafels,Flexsteel,878Z57608,15467358912883,Pouf Ottoman,650-72 Silt,Ottoman,Stationary,,Unspecified,388.88,388.88,,Y
steinhafels,Flexsteel,344Z05695,15467358912883,Pouf Ottoman,194-80 Dove,Ottoman,Stationary,,Unspecified,499.99,555.54,10.0,Y
steinhafels,Flexsteel,529Z79291,15467358912883,Pouf Ottoman,007-80 Sand,Ottoman,Stationary,,Unspecified,349.99,388.88,10.0,Y
steinhafels,Flexsteel,729839672,15467358159219,"Zen Haven Leather Power Swivel Recliner with Power Headrest, Heat, Massage, Ventilation and Wireless Remote",367-72 Brown,Recliner,Motion,Power,Leather,4111.1,4111.1,,Y
steinhafels,Flexsteel,953Z46887,15467358159219,"Zen Haven Leather Power Swivel Recliner with Power Headrest, Heat, Massage, Ventilation and Wireless Remote",367-40 Blue,Recliner,Motion,Power,Leather,4111.1,4111.1,,Y
steinhafels,Ashley,406TP9970,15467355177331,Tahoe Panel Bed,Twin,Other,Stationary,,Unspecified,339.5,377.22,10.0,Y
steinhafels,Ashley,414FP7182,15467355177331,Tahoe Panel Bed,Full,Other,Stationary,,Unspecified,389.69,432.99,10.0,Y
steinhafels,Ashley,414QP1868,15467355177331,Tahoe Panel Bed,Queen,Other,Stationary,,Unspecified,389.69,432.99,10.0,Y
steinhafels,Ashley,425KP4488,15467355177331,Tahoe Panel Bed,King,Other,Stationary,,Unspecified,479.69,532.99,10.0,Y
steinhafels,Flexsteel,542PKG487,15467354653043,Hank Leather 5-Pc. Fully Loaded Zero Gravity Reclining Modular,946-00 Black,Sectional,Motion,,Leather,7186.49,7984.99,10.0,Y
steinhafels,Flexsteel,875PKG642,15467354653043,Hank Leather 5-Pc. Fully Loaded Zero Gravity Reclining Modular,946-70 Burnt Umber,Sectional,Motion,,Leather,7984.99,7984.99,,Y
steinhafels,Flexsteel,134PKG172,15467354456435,Hank Leather 2-Pc. Fully Loaded Zero Gravity Reclining Loveseat,946-70 Burnt Umber,Sectional,Motion,,Leather,3239.09,3598.99,10.0,Y
steinhafels,Flexsteel,794PKG825,15467354456435,Hank Leather 2-Pc. Fully Loaded Zero Gravity Reclining Loveseat,946-00 Black,Sectional,Motion,,Leather,3598.99,3598.99,,Y
steinhafels,Flexsteel,361Z76226,15462480740723,Flexsteel Morgan Power Recliner,Default Title,Recliner,Motion,Power,Unspecified,1549.99,1722.21,10.0,Y
steinhafels,Bassett,848GRN854,15462478086515,Grain Rectangle Cocktail Table,Default Title,Other,Stationary,,Unspecified,1599.99,1777.77,10.0,Y
steinhafels,Flexsteel,823Z55227,15462452167027,Atticus Power Headrest Rocker Recliner,Default Title,Recliner,Motion,Power,Fabric,1849.99,2055.54,10.0,Y
steinhafels,Flexsteel,848BLL688,15462451609971,Bellevue Rectangle Cocktail Table,Default Title,Other,Stationary,,Unspecified,749.99,833.32,10.0,Y
steinhafels,Flexsteel,404Z94086,15462447776115,Briar Swivel Glider Recliner,Default Title,Recliner,Motion,,Unspecified,1399.99,1555.54,10.0,Y
steinhafels,Southern Motion,155Z42871,15460077109619,Marilyn Wall Saver Recliner,Default Title,Recliner,Motion,,Fabric,899.99,999.99,10.0,Y
steinhafels,Southern Motion,761Z80809,15460076585331,Saturn Leather Power Headrest Zero Gravity Recliner With SoCozi,Default Title,Recliner,Motion,Power,Leather,1399.99,1944.43,28.0,Y
steinhafels,Flexsteel,414PQ5383,15460057055603,Midtown Panel Bed,Queen,Other,Stationary,,Unspecified,1299.59,1443.99,10.0,Y
steinhafels,Flexsteel,425PK1218,15460057055603,Midtown Panel Bed,King,Other,Stationary,,Unspecified,1399.49,1554.99,10.0,Y
steinhafels,La-Z-Boy,907Z28983,15456751026547,Ace Fully Loaded Wall Saver Rclnr w Wireless Remote,Default Title,Recliner,Motion,,Leather,1849.99,2055.54,10.0,Y
steinhafels,Bassett,638Z75833,15456747258227,Pippa Accent Chair,Default Title,Chair,Stationary,,Unspecified,1849.99,2055.54,10.0,Y
steinhafels,Bassett,385Z48137,15456746865011,Maris Push Back Recliner,Default Title,Recliner,Motion,,Unspecified,1889.99,2099.99,10.0,Y
steinhafels,Bassett,355Z75192,15456746373491,Recline Your Way Leather Power Headrest Tall Back Recliner,Default Title,Recliner,Motion,Power,Leather,3878.99,4309.99,10.0,Y
steinhafels,La-Z-Boy,408Z89797,15456739950963,Jean Lift Chair,Default Title,Recliner,Motion,,Fabric,929.99,1033.32,10.0,Y
steinhafels,La-Z-Boy,851Z73615,15456739885427,James Leather Swivel Rocker Recliner,Default Title,Recliner,Motion,,Leather,1249.99,1388.88,10.0,Y
steinhafels,La-Z-Boy,193Z77078,15456732414323,Trouper Leather Fully Loaded Rocker Recliner with Wireless Remote,Default Title,Recliner,Motion,,Leather,1699.99,1888.88,10.0,Y
steinhafels,Ashley,176Z86802,15453901521267,Warrior Reclining Console Loveseat,Default Title,Loveseat,Motion,,Unspecified,799.99,888.88,10.0,Y
steinhafels,Ashley,650673796,15453898670451,Adeline Upholstered Side Chair,Default Title,Chair,Stationary,,Unspecified,189.89,210.99,10.0,Y
steinhafels,Ashley,605820691,15453897851251,"Adeline 84-108"" Dining Table",Default Title,Other,Stationary,,Unspecified,849.59,943.99,10.0,Y
steinhafels,Ashley,450796292,15453896671603,Tahoe Dresser,Default Title,Other,Stationary,,Unspecified,499.49,554.99,10.0,Y
steinhafels,Ashley,650973872,15453891559795,Marion Side Chair,Default Title,Chair,Stationary,,Unspecified,149.39,165.99,10.0,Y
steinhafels,Flexsteel,500952722,15453891068275,Midtown Chest,Default Title,Other,Stationary,,Unspecified,1249.19,1387.99,10.0,Y
steinhafels,Ashley,450927326,15453888184691,Waylon Dresser,Default Title,Other,Stationary,,Unspecified,1149.29,1276.99,10.0,Y
steinhafels,Ashley,500703500,15453888053619,Tahoe Chest,Default Title,Other,Stationary,,Unspecified,479.69,532.99,10.0,Y
steinhafels,Ashley,470109321,15453888020851,Tahoe Nightstand,Default Title,Other,Stationary,,Unspecified,239.39,265.99,10.0,Y
steinhafels,Ashley,660P56849,15453886251379,Monarch Buffet and Hutch,Default Title,Other,Stationary,,Unspecified,2729.69,3032.99,10.0,Y
steinhafels,Ashley,655846871,15453882876275,Monarch Upholstered Arm Chair,Default Title,Chair,Stationary,,Unspecified,259.19,287.99,10.0,Y
steinhafels,Ashley,849CRR504,15453879566707,Carrara Brown End Table,Default Title,Other,Stationary,,Unspecified,299.99,333.32,10.0,Y
steinhafels,Flexsteel,450141726,15453879107955,Midtown Dresser,Default Title,Other,Stationary,,Unspecified,1399.49,1554.99,10.0,Y
steinhafels,Flexsteel,464125967,15453878845811,Midtown Mirror,Default Title,Other,Stationary,,Unspecified,299.69,332.99,10.0,Y
steinhafels,Ashley,650879130,15453878780275,Monarch Upholstered Side Chair,Default Title,Chair,Stationary,,Unspecified,199.79,221.99,10.0,Y
steinhafels,Ashley,640688251,15453877469555,Marion Bench,Default Title,Other,Stationary,,Unspecified,189.89,210.99,10.0,Y
steinhafels,Ashley,660215097,15453877371251,Adeline Server,Default Title,Other,Stationary,,Unspecified,929.69,1032.99,10.0,Y
steinhafels,Ashley,464537143,15453876584819,Tahoe Mirror,Default Title,Other,Stationary,,Unspecified,99.89,110.99,10.0,Y
steinhafels,Ashley,605948774,15453874717043,"Marion 60-78"" Dining Table",Default Title,Other,Stationary,,Unspecified,589.49,654.99,10.0,Y
steinhafels,Flexsteel,470410698,15453873570163,Midtown Nightstand,Default Title,Other,Stationary,,Unspecified,499.49,554.99,10.0,Y
steinhafels,Ashley,885TWT628,15453873340787,Two Tone Console Bar Set,Default Title,Other,Stationary,,Unspecified,611.1,611.1,,Y
steinhafels,Ashley,848CRR277,15453873078643,Carrara Brown Cocktail Table,Default Title,Other,Stationary,,Unspecified,833.32,833.32,,Y
steinhafels,Ashley,300Z93396,15453872292211,Brandt Leather Swivel Accent Chair,Saloon Tumbleweed,Chair,Stationary,,Leather,549.99,611.1,10.0,Y
steinhafels,Ashley,451233482,15453872292211,Brandt Leather Swivel Accent Chair,Saloon Fossil,Chair,Stationary,,Leather,549.99,611.1,10.0,Y
steinhafels,Ashley,350990676,15453872193907,Honey Full Sleeper Sofa,Mahoney Chocolate,Sofa,Stationary,,Unspecified,863.99,959.99,10.0,Y
steinhafels,Ashley,860266443,15453872193907,Honey Full Sleeper Sofa,Mahoney Pebble,Sofa,Stationary,,Unspecified,949.99,949.99,,Y
steinhafels,Jackson/Catnapper,608911836,15453872128371,Snuggler Cocktail Ottoman,58 Smoke / Large,Ottoman,Stationary,,Fabric,558.89,620.99,10.0,Y
steinhafels,Jackson/Catnapper,374417167,15453872128371,Snuggler Cocktail Ottoman,58 Smoke / Medium,Ottoman,Stationary,,Fabric,474.29,526.99,10.0,Y
steinhafels,Jackson/Catnapper,823259358,15453872128371,Snuggler Cocktail Ottoman,49 Chocolate / Large,Ottoman,Stationary,,Fabric,620.99,620.99,,Y
steinhafels,Jackson/Catnapper,723892000,15453872128371,Snuggler Cocktail Ottoman,49 Chocolate / Medium,Ottoman,Stationary,,Fabric,474.29,526.99,10.0,Y
steinhafels,Ashley,579316208,15453871964531,Counsell Cocktail Ottoman,Gray,Ottoman,Stationary,,Fabric,302.39,335.99,10.0,Y
steinhafels,Ashley,944Z07993,15453871964531,Counsell Cocktail Ottoman,Denim,Ottoman,Stationary,,Fabric,335.99,335.99,,Y
steinhafels,Flexsteel,848CRP539,15453871931763,Carpenter Square Cocktail,DARK BROWN / EXPOSED BOLT HEADS,Other,Stationary,,Unspecified,833.32,833.32,,Y
steinhafels,Flexsteel,848CRP161,15453871931763,Carpenter Square Cocktail,LIGHT BROWN / EXPOSED BOLT HEADS,Other,Stationary,,Unspecified,833.32,833.32,,Y
steinhafels,Ashley,635387036,15453871800691,"Pine Ridge 60"" Counter Island Table",Default Title,Other,Stationary,,Unspecified,869.39,965.99,10.0,Y
steinhafels,Ashley,442Z14603,15453871767923,Honey Sofa,Mahoney Pebble,Sofa,Stationary,,Unspecified,499.99,555.54,10.0,Y
steinhafels,Ashley,622955200,15453871767923,Honey Sofa,Mahoney Chocolate,Sofa,Stationary,,Unspecified,499.99,555.54,10.0,Y
steinhafels,Jackson/Catnapper,302457408,15453871440243,Playproof Ottoman,19 Taupe,Ottoman,Stationary,,Fabric,386.99,429.99,10.0,Y
steinhafels,Jackson/Catnapper,804MTO573,15453871440243,Playproof Ottoman,28 Smoke,Ottoman,Stationary,,Fabric,429.99,429.99,,Y
steinhafels,Ashley,387Z46083,15453871243635,Skylar Rocker Recliner,Seyler/Greystone,Recliner,Motion,,Unspecified,449.99,499.99,10.0,Y
steinhafels,Ashley,647431591,15453871243635,Skylar Rocker Recliner,Seyler/Hemp,Recliner,Motion,,Unspecified,449.99,499.99,10.0,Y
steinhafels,Ashley,577Z91244,15453870850419,Marina Power Headrest Recliner,Olcotte Tideon,Recliner,Motion,Power,Unspecified,849.99,944.43,10.0,Y
steinhafels,Ashley,667640583,15453870850419,Marina Power Headrest Recliner,Olcotte Canvas,Recliner,Motion,Power,Unspecified,944.43,944.43,,Y
steinhafels,Jackson/Catnapper,624PKG159,15453870489971,Camden 4-Pc. Leather Sectional,09 Chocolate,Sectional,Stationary,,Leather,4799.69,5332.99,10.0,Y
steinhafels,Jackson/Catnapper,242PK7716,15453870489971,Camden 4-Pc. Leather Sectional,28 Steel,Sectional,Stationary,,Leather,4799.69,5332.99,10.0,Y
steinhafels,Ashley,990256381,15453869506931,Hudson Metal Bed,Twin,Other,Stationary,,Unspecified,365.99,365.99,,Y
steinhafels,Ashley,991499099,15453869506931,Hudson Metal Bed,Full,Other,Stationary,,Unspecified,432.99,432.99,,Y
steinhafels,Ashley,992860137,15453869506931,Hudson Metal Bed,Queen,Other,Stationary,,Unspecified,465.99,465.99,,Y
steinhafels,Jackson/Catnapper,355PKG142,15453869146483,Camden 3-Pc. Leather Sectional,09 Chocolate,Sectional,Stationary,,Leather,3969.89,4410.99,10.0,Y
steinhafels,Jackson/Catnapper,242PK9722,15453869146483,Camden 3-Pc. Leather Sectional,28 Steel,Sectional,Stationary,,Leather,3969.89,4410.99,10.0,Y
steinhafels,Jackson/Catnapper,164MTO727,15453869080947,Playproof Chair,28 Smoke,Chair,Stationary,,Fabric,719.99,799.99,10.0,Y
steinhafels,Jackson/Catnapper,903Z01071,15453869080947,Playproof Chair,19 Taupe,Chair,Stationary,,Fabric,799.99,799.99,,Y
steinhafels,Flexsteel,599Z83993,15453869015411,Zecliner Model 3 Petite Fully Loaded Lift With Heat And Massage,358-11 Ceramic,Recliner,Motion,,Fabric,3111.1,3111.1,,Y
steinhafels,Flexsteel,471210531,15453869015411,Zecliner Model 3 Petite Fully Loaded Lift With Heat And Massage,358-04 Umber,Recliner,Motion,,Fabric,2799.99,3111.1,10.0,Y
steinhafels,Ashley,195MTO885,15453868884339,Ronan Leather Swivel Accent Chair,Kierreys Bone,Chair,Stationary,,Leather,599.99,666.65,10.0,Y
steinhafels,Ashley,329MTO301,15453868884339,Ronan Leather Swivel Accent Chair,Kierreys Midnight,Chair,Stationary,,Leather,599.99,666.65,10.0,Y
steinhafels,Ashley,993MTO950,15453868884339,Ronan Leather Swivel Accent Chair,Kierreys Caramel,Chair,Stationary,,Leather,666.65,666.65,,Y
steinhafels,Ashley,406Z75943,15453868884339,Ronan Leather Swivel Accent Chair,Kierreys Ocean,Chair,Stationary,,Leather,599.99,666.65,10.0,Y
steinhafels,Jackson/Catnapper,253MTO841,15453868851571,Playproof Gliding Loveseat,28 Smoke,Loveseat,Stationary,,Fabric,999.99,1111.1,10.0,Y
steinhafels,Jackson/Catnapper,309Z16322,15453868851571,Playproof Gliding Loveseat,19 Taupe,Loveseat,Stationary,,Fabric,999.99,1111.1,10.0,Y
steinhafels,Jackson/Catnapper,220Z55487,15453868786035,Playproof Sofa With Drop Down Table,19 Taupe,Sofa,Stationary,,Fabric,999.99,1111.1,10.0,Y
steinhafels,Jackson/Catnapper,523MTO729,15453868786035,Playproof Sofa With Drop Down Table,28 Smoke,Sofa,Stationary,,Fabric,999.99,1111.1,10.0,Y
steinhafels,Ashley,182556783,15453868491123,Skylar Ottoman,Seyler/Greystone,Ottoman,Stationary,,Unspecified,296.99,329.99,10.0,Y
steinhafels,Ashley,339168082,15453868491123,Skylar Ottoman,Seyler/Hemp,Ottoman,Stationary,,Unspecified,296.99,329.99,10.0,Y
steinhafels,La-Z-Boy,422Z04048,15453868228979,Clybourn Leather Power Headrest Zero Gravity High Leg Recliner,LB206077 Cognac,Recliner,Motion,Power,Leather,1899.99,2111.1,10.0,Y
steinhafels,La-Z-Boy,948360912,15453868228979,Clybourn Leather Power Headrest Zero Gravity High Leg Recliner,LB206087 Navy,Recliner,Motion,Power,Leather,2111.1,2111.1,,Y
steinhafels,Jackson/Catnapper,242PK5243,15453868097907,Camden 2-Pc. Leather Sectional,28 Steel,Sectional,Stationary,,Leather,3459.59,3843.99,10.0,Y
steinhafels,Jackson/Catnapper,121PKG061,15453868097907,Camden 2-Pc. Leather Sectional,09 Chocolate,Sectional,Stationary,,Leather,3459.59,3843.99,10.0,Y
steinhafels,Jackson/Catnapper,351MTO910,15453868130675,Playproof Loveseat,28 Smoke,Loveseat,Stationary,,Fabric,944.99,1049.99,10.0,Y
steinhafels,Jackson/Catnapper,107273579,15453868130675,Playproof Loveseat,19 Taupe,Loveseat,Stationary,,Fabric,944.99,1049.99,10.0,Y
steinhafels,Best Home Furnishings,114Z78882,15452452323699,Riviera Power Wall Saver Recliner,Default Title,Recliner,Motion,Power,Unspecified,779.99,866.66,10.0,Y
steinhafels,Best Home Furnishings,815Z78878,15452446589299,Baxter Leather Rocker Recliner,Default Title,Recliner,Motion,,Leather,949.99,1055.54,10.0,Y
steinhafels,Ashley,539Z05069,15452440428915,Warrior Reclining Sofa,Default Title,Sofa,Motion,,Unspecified,799.99,888.88,10.0,Y
steinhafels,Ashley,696Z39078,15452435448179,Warrior Recliner,Default Title,Recliner,Motion,,Unspecified,539.99,599.99,10.0,Y
steinhafels,Best Home Furnishings,220Z28191,15450890207603,Emelia Accent Chair,Default Title,Chair,Stationary,,Unspecified,849.99,944.43,10.0,Y
steinhafels,Ashley,605P32314,15450889978227,"Monarch 72-108"" Dining Table",Default Title,Other,Stationary,,Unspecified,1332.99,1332.99,,Y
steinhafels,Ashley,640304481,15450886209907,Monarch Upholstered Storage Bench,Default Title,Other,Stationary,,Unspecified,499.99,499.99,,Y
steinhafels,Ashley,500812699,15447508582771,Logan Chest In Honey,Default Title,Other,Stationary,,Unspecified,349.19,387.99,10.0,Y
steinhafels,Ashley,450374750,15447503995251,Logan Dresser In Honey,Default Title,Other,Stationary,,Unspecified,449.09,498.99,10.0,Y
steinhafels,Ashley,692Z61795,15447485350259,Berlin Cocktail Ottoman in Carbon,Default Title,Ottoman,Stationary,,Leather,323.99,359.99,10.0,Y
steinhafels,Jackson/Catnapper,737PKG988,15440746873203,Snuggler 5-Pc. Console Sectional,58 Smoke,Sectional,Stationary,,Fabric,4388.99,4388.99,,Y
steinhafels,Jackson/Catnapper,516PKG785,15440746873203,Snuggler 5-Pc. Console Sectional,49 Chocolate,Sectional,Stationary,,Fabric,3950.09,4388.99,10.0,Y
steinhafels,Ashley,552QPKG04,15440746742131,Lakeside 2-Pc. Sectional,Right-Facing,Sectional,Stationary,,Unspecified,1499.99,1666.65,10.0,Y
steinhafels,Ashley,664ZPKG74,15440746742131,Lakeside 2-Pc. Sectional,Left-Facing,Sectional,Stationary,,Unspecified,1499.99,1666.65,10.0,Y
steinhafels,Ashley,249452611,15440745988467,Gerald Fully Loaded Lift Chair w Heat and Massage,DuraPella Slate,Recliner,Motion,,Leather,1669.99,1855.54,10.0,Y
steinhafels,Ashley,798Z18564,15440745988467,Gerald Fully Loaded Lift Chair w Heat and Massage,DuraPella Sand,Recliner,Motion,,Leather,1855.54,1855.54,,Y
steinhafels,Ashley,030037143,15425770717555,"Floral Lady Embellished Framed Painting 50""W x 40""H",Default Title,Other,Stationary,,Unspecified,224.99,249.99,10.0,Y
steinhafels,Ashley,064096323,15425769865587,"Beige and Grey Textured Pouf 23""W x 14""H",Default Title,Other,Stationary,,Unspecified,197.99,219.99,10.0,N
steinhafels,Ashley,030050871,15425768587635,"Brown, Black, and Grey Abstract Hand Painted Framed Canvas 48""W x 72""H",Default Title,Other,Stationary,,Unspecified,386.99,429.99,10.0,N
steinhafels,Ashley,032080511,15425768325491,"Black and White Dude Wall Art 24""W x 30""H",Default Title,Other,Stationary,,Unspecified,71.99,79.99,10.0,N
steinhafels,Ashley,004052229,15425765310835,"Bronze Metal Urban Pulley Desk Lamp 29.5""H",Default Title,Other,Stationary,,Unspecified,224.99,249.99,10.0,N
steinhafels,Ashley,032092171,15425765081459,"Black and White Periodic Table Framed Canvas Wall Art 48""W x 36""H",Default Title,Other,Stationary,,Unspecified,134.99,149.99,10.0,N
steinhafels,Ashley,032043875,15425764360563,"Black and White Highland Cow Framed Canvas Art 48""W x 36""H",Default Title,Other,Stationary,,Unspecified,179.99,199.99,10.0,N
steinhafels,Ashley,006020031,15425764491635,"Cream Textured Paper Composite Table Lamp 27""H",Default Title,Other,Stationary,,Unspecified,161.99,179.99,10.0,N
steinhafels,Ashley,064029335,15425763869043,"Blue and Tan Pouf 16""W x 16""H",Default Title,Other,Stationary,,Unspecified,143.99,159.99,10.0,Y
steinhafels,Ashley,030066208,15425763836275,"Tranquil Green Trees Hand Embellished Framed Canvas 48""W x 36""H",Default Title,Other,Stationary,,Unspecified,134.99,149.99,10.0,N
steinhafels,Ashley,064053362,15425763377523,"Grey Textured Pouf 16""W x 16""H",Default Title,Other,Stationary,,Unspecified,143.99,159.99,10.0,N
steinhafels,Ashley,064007076,15425762951539,"Blue and White Geo Pouf 22.25""W x 14.5""H",Default Title,Other,Stationary,,Unspecified,89.99,99.99,10.0,N
steinhafels,Ashley,006085005,15425761018227,"Beige and White Ceramic Table Lamp 26.5""H",Default Title,Other,Stationary,,Unspecified,179.99,199.99,10.0,Y
steinhafels,Ashley,007071046,15425760592243,"Amber Glass Table Lamp 27""H",Default Title,Other,Stationary,,Unspecified,152.99,169.99,10.0,N
steinhafels,Ashley,007062015,15425758986611,"Gold Mercury Glass Table Lamp 27.75""H",Default Title,Other,Stationary,,Unspecified,179.99,199.99,10.0,N
steinhafels,Ashley,032017815,15425758167411,"Black and White Warehouse Wall Art 48""W x 36""H",Default Title,Other,Stationary,,Unspecified,224.99,249.99,10.0,N
steinhafels,Ashley,001050784,15425757675891,"Bronze Metal Dome Floor Lamp 61.5""H",Default Title,Other,Stationary,,Unspecified,269.99,299.99,10.0,Y
steinhafels,Ashley,043051114,15425754988915,"Wood Arch Floor Mirror 38""W x 77""H",Default Title,Other,Stationary,,Unspecified,449.99,499.99,10.0,Y
steinhafels,Ashley,006073275,15425754300787,"Alabaster and Brass Nitelite Table Lamp 29""H",Default Title,Other,Stationary,,Unspecified,161.99,179.99,10.0,Y
steinhafels,Ashley,032012495,15425753317747,"Set of 3 Geometric Framed Art 20""W x 20""H",Default Title,Other,Stationary,,Unspecified,143.99,159.99,10.0,N
steinhafels,Ashley,041065473,15425751384435,"Multi-Colored Curved Plank Design Art 20""W x 50""H",Default Title,Other,Stationary,,Unspecified,224.99,249.99,10.0,N
steinhafels,Ashley,004014227,15425751613811,"Black Metal Table Lamp 34""H",Default Title,Other,Stationary,,Unspecified,152.99,169.99,10.0,N
steinhafels,Ashley,030085378,15425750335859,"Cream, Charcoal, Blue, and Tan Butterfly Hand Painted Framed Canvas 60""W x 36""H",Default Title,Other,Stationary,,Unspecified,224.99,249.99,10.0,Y
steinhafels,Ashley,004030835,15425748566387,"Antique Black Metal Table Lamp 35""H",Default Title,Other,Stationary,,Unspecified,269.99,299.99,10.0,N
steinhafels,Ashley,004083314,15425748468083,"Bronze Metal and Marble Adjustable Desk Lamp 30""H",Default Title,Other,Stationary,,Unspecified,116.99,129.99,10.0,Y
steinhafels,Ashley,064029385,15425746862451,"Orange and White Geo Pouf 22.25""W x 14.5""H",Default Title,Other,Stationary,,Unspecified,89.99,99.99,10.0,N
steinhafels,Ashley,005034630,15425746469235,"Honey Wood Table Lamp 30""H",Default Title,Other,Stationary,,Unspecified,152.99,169.99,10.0,Y
steinhafels,Ashley,064033556,15425745420659,"Tan and Ivory Geo Pouf 22.25""W x 14.5""H",Default Title,Other,Stationary,,Unspecified,89.99,99.99,10.0,N
steinhafels,Ashley,064007278,15425745191283,"Earthy Multi Stripe Pouf 16""W x 16""H",Default Title,Other,Stationary,,Unspecified,143.99,159.99,10.0,Y
steinhafels,Ashley,043004935,15425744601459,"Black Metal Arch Leaner Mirror 30""W x 68""H",Default Title,Other,Stationary,,Unspecified,269.99,299.99,10.0,Y
steinhafels,Ashley,004041839,15425744077171,"Brass and Glass Shade Table Lamp 22.25""H",Default Title,Other,Stationary,,Unspecified,89.99,99.99,10.0,N
steinhafels,Ashley,032015889,15425742504307,"Black and White Let's Be Awesome Wall Art 24""W x 16""H",Default Title,Other,Stationary,,Unspecified,31.49,34.99,10.0,N
steinhafels,Ashley,001080011,15425741586803,"Black Metal Urban 3-Light Arc Lamp 83""H",Default Title,Other,Stationary,,Unspecified,359.99,399.99,10.0,N
steinhafels,Ashley,030047118,15425739620723,"Odyssey Tan Framed Canvas 40""W x 30""H",Default Title,Other,Stationary,,Unspecified,116.99,129.99,10.0,Y
steinhafels,Ashley,032036001,15425737752947,"Black and White Field Sunrise Framed Print 86""W x 47""H",Default Title,Other,Stationary,,Unspecified,422.99,469.99,10.0,Y
steinhafels,Ashley,007090052,15425737261427,"Clear Glass and Black Table Lamp 30.75""H",Default Title,Other,Stationary,,Unspecified,107.99,119.99,10.0,Y
steinhafels,Ashley,045081055,15425737097587,"Antique Silver Roman Numeral Metal Wall Clock 36""",Default Title,Other,Stationary,,Unspecified,152.99,169.99,10.0,Y
steinhafels,Ashley,030004960,15425735950707,"Black, Silver, and Orange Tree Framed Painting 72""W x 48""H",Default Title,Other,Stationary,,Unspecified,314.99,349.99,10.0,Y
steinhafels,Ashley,001034630,15425735655795,"Honey Wood Floor Lamp 58""H",Default Title,Other,Stationary,,Unspecified,269.99,299.99,10.0,Y
steinhafels,Ashley,054014082,15425735164275,"Cream and Gold Metal Tray With Handles 28""W x 31""H",Default Title,Other,Stationary,,Unspecified,143.99,159.99,10.0,N
steinhafels,Ashley,064096973,15425735033203,"Natural and White Jute-Cotton Pouf 19""W x 18""H",Default Title,Other,Stationary,,Unspecified,143.99,159.99,10.0,Y
steinhafels,Ashley,030031941,15425734836595,"Moody Abstract Framed Painting 48""W x 72""H",Default Title,Other,Stationary,,Unspecified,314.99,349.99,10.0,N
steinhafels,Ashley,0040SET21,15425733853555,"Pair of Open Bronze Metal Table Lamps 30""H",Default Title,Other,Stationary,,Fabric,197.99,219.99,10.0,N
steinhafels,Ashley,030080094,15425732149619,"Crashing Waves Hand Embellished Canvas 50""W x 40""H",Default Title,Other,Stationary,,Unspecified,197.99,219.99,10.0,N
steinhafels,Ashley,045055558,15425730675059,"Black and Gold Metal Gears Wall Clock 32"" Round",Default Title,Other,Stationary,,Unspecified,206.99,229.99,10.0,Y
steinhafels,Ashley,064017466,15425730281843,"Navy Cotton-Velvet Pouf 16.5""W x 17.5""H",Default Title,Other,Stationary,,Fabric,143.99,159.99,10.0,N
steinhafels,Ashley,001077506,15425729855859,"Black Metal Floor Lamp 66""H",Default Title,Other,Stationary,,Unspecified,179.99,199.99,10.0,Y
steinhafels,Ashley,0520SET02,15425727857011,"Set of 3 Mercury Glass Candleholders 9.5/12.5/15.5""H",Default Title,Other,Stationary,,Unspecified,71.99,79.99,10.0,N
steinhafels,Ashley,001069690,15425727299955,"Bling Double Globe Silver Floor Lamp 59""H",Default Title,Other,Stationary,,Unspecified,179.99,199.99,10.0,N
steinhafels,Ashley,030712334,15425726579059,"Blue, Grey, and White Misty Forest Trees Framed Wall Art 47""W x 37""H",Default Title,Other,Stationary,,Unspecified,242.99,269.99,10.0,N
steinhafels,Ashley,001059100,15425724776819,"Natural Wood Floor Lamp 60""H",Default Title,Other,Stationary,,Unspecified,242.99,269.99,10.0,Y
steinhafels,Ashley,004097753,15425724678515,"Brass with Black Shade Table Lamp 33""H",Default Title,Other,Stationary,,Unspecified,161.99,179.99,10.0,Y
steinhafels,Ashley,001075329,15425724514675,"Bronze Metal and Marble Adjustable Floor Lamp 59""H",Default Title,Other,Stationary,,Unspecified,152.99,169.99,10.0,Y
steinhafels,Ashley,007045297,15425723269491,"Bronze Glass Table Lamp 28.25""H",Default Title,Other,Stationary,,Unspecified,107.99,119.99,10.0,Y
steinhafels,Ashley,064010538,15425722941811,"Natural and Black Jute Pouf 16""W x 16""H",Default Title,Other,Stationary,,Unspecified,143.99,159.99,10.0,N
steinhafels,Ashley,042034658,15425722581363,"Bison Glass Wall Art 48""W x 36""H",Default Title,Other,Stationary,,Unspecified,197.99,219.99,10.0,Y
steinhafels,Ashley,004PAIR47,15425721500019,"Pair of Black and Gold Rectangle Table Lamps 27""H",Default Title,Other,Stationary,,Fabric,179.99,199.99,10.0,Y
steinhafels,Ashley,001041839,15425721106803,"Brass and Glass Shade Floor Lamp 61.5""H",Default Title,Other,Stationary,,Unspecified,116.99,129.99,10.0,Y
steinhafels,Ashley,064066045,15425720320371,"Ivory Storage Pouf 18""W x 17""H",Default Title,Other,Stationary,,Fabric,143.99,159.99,10.0,N
steinhafels,Ashley,030088931,15425718157683,"Vibrant Woman Hand Embellished Framed Canvas 48""W x 48""H",Default Title,Other,Stationary,,Unspecified,197.99,219.99,10.0,N
steinhafels,Ashley,030013194,15425717567859,"Black and Tan Framed Canvas 40""W x 40""H",Default Title,Other,Stationary,,Unspecified,161.99,179.99,10.0,Y
steinhafels,Ashley,030022326,15425717371251,"Motorcycle Hand Painted Canvas Art 39""W x 49""H",Default Title,Other,Stationary,,Unspecified,179.99,199.99,10.0,N
steinhafels,Ashley,001051523,15425716683123,"Black Textured Floor Lamp 69.5""H",Default Title,Other,Stationary,,Unspecified,242.99,269.99,10.0,Y
steinhafels,Ashley,001021442,15425716191603,"Bronze Metal Floor Lamp 65.5""H",Default Title,Other,Stationary,,Unspecified,242.99,269.99,10.0,N
steinhafels,Ashley,007079759,15425714454899,"Glass and Bronze Table Lamp 30""H",Default Title,Other,Stationary,,Unspecified,134.99,149.99,10.0,N
steinhafels,Ashley,064022436,15425714422131,"Black Cotton-Velvet Pouf 16.5""W x 17.5""H",Default Title,Other,Stationary,,Fabric,143.99,159.99,10.0,N
steinhafels,Ashley,042074853,15425713242483,"Charcoal, Brown, and Cream Mosaic Stone Print Framed Wall Decor 87""W x 47""H",Default Title,Other,Stationary,,Unspecified,359.99,399.99,10.0,N
steinhafels,Ashley,030002680,15425711571315,"Motion Teal, Orange, and Black Framed Canvas 47""W x 71""H",Default Title,Other,Motion,,Unspecified,296.99,329.99,10.0,N
steinhafels,Ashley,051022873,15425711440243,"Black Wood Bowl 12""W x 6""H",Default Title,Other,Stationary,,Unspecified,71.99,79.99,10.0,N
steinhafels,Ashley,054016491,15425711014259,"Champagne Twist Metal Sculpture 7""W x 4""D x 21""H",Default Title,Other,Stationary,,Unspecified,71.99,79.99,10.0,N
steinhafels,Ashley,009PR9524,15425710031219,"Pair of Two Tone Table Lamps 29""H",Default Title,Other,Stationary,,Unspecified,152.99,169.99,10.0,N
steinhafels,Ashley,004015045,15425709867379,"Brown Marble and Black Shade Table Lamp 27""H",Default Title,Other,Stationary,,Unspecified,107.99,119.99,10.0,N
steinhafels,Ashley,051077653,15425709179251,"Wood Bowl 14""W x 3.5""H",Default Title,Other,Stationary,,Unspecified,71.99,79.99,10.0,N
steinhafels,Ashley,004035647,15425706525043,"Bronze Metal Dome Table Lamp 24""H",Default Title,Other,Stationary,,Unspecified,134.99,149.99,10.0,N
steinhafels,Ashley,032048251,15425704034675,"Airplane Canvas Wall Art 48""W x 18""H",Default Title,Other,Stationary,,Unspecified,134.99,149.99,10.0,Y
steinhafels,Ashley,064001982,15425702723955,"Green and White Geo Pouf 22.25""W x 14.5""H",Default Title,Other,Stationary,,Unspecified,89.99,99.99,10.0,N
steinhafels,Ashley,0530SET05,15425702625651,"Set of 2 Antique White Crackle Apple and Pear Sculpture 10/14""H",Default Title,Other,Stationary,,Unspecified,71.99,79.99,10.0,N
steinhafels,Ashley,004002402,15425701839219,"Antique Brown Metal Table Lamp 29""H",Default Title,Other,Stationary,,Unspecified,224.99,249.99,10.0,Y
steinhafels,Ashley,030050238,15425699316083,"Horizon Black, Brown, and Orange Framed Canvas 35""W x 60""H",Default Title,Other,Stationary,,Unspecified,197.99,219.99,10.0,N
steinhafels,Ashley,045064516,15425697841523,"Champaign Metal Gears Wall Clock 27.5"" Round",Default Title,Other,Stationary,,Unspecified,197.99,219.99,10.0,Y
steinhafels,Ashley,001041495,15425697448307,"Black Metal Arc Floor Lamp 58""H",Default Title,Other,Stationary,,Unspecified,152.99,169.99,10.0,N
steinhafels,Ashley,434Z61508,15411936264563,Lakeside Cocktail Ottoman,Default Title,Ottoman,Stationary,,Unspecified,269.99,299.99,10.0,Y
steinhafels,Ashley,623332701,15403954307443,Pine Ridge Swivel Stool,"Antique Black / Black / 30"" Tall",Chair,Stationary,,Unspecified,229.49,254.99,10.0,Y
steinhafels,Ashley,623885171,15403954307443,Pine Ridge Swivel Stool,"Antique Black / Black / 24"" Tall",Chair,Stationary,,Unspecified,229.49,254.99,10.0,Y
steinhafels,Ashley,623100512,15403954307443,Pine Ridge Swivel Stool,"Brown / Linen / 30"" Tall",Chair,Stationary,,Fabric,229.49,254.99,10.0,Y
steinhafels,Ashley,623250820,15403954307443,Pine Ridge Swivel Stool,"Brown / Linen / 24"" Tall",Chair,Stationary,,Fabric,229.49,254.99,10.0,Y
steinhafels,Ashley,623661529,15403954307443,Pine Ridge Swivel Stool,"Vintage White / Linen / 30"" Tall",Chair,Stationary,,Fabric,229.49,254.99,10.0,Y
steinhafels,Ashley,623501123,15403954307443,Pine Ridge Swivel Stool,"Vintage White / Linen / 24"" Tall",Chair,Stationary,,Fabric,229.49,254.99,10.0,Y
steinhafels,Ashley,623618578,15403954307443,Pine Ridge Swivel Stool,"Light Brown / Brown / 24"" Tall",Chair,Stationary,,Unspecified,229.49,254.99,10.0,Y
steinhafels,Ashley,623277404,15403954307443,Pine Ridge Swivel Stool,"Light Brown / Brown / 30"" Tall",Chair,Stationary,,Unspecified,229.49,254.99,10.0,Y
steinhafels,Flexsteel,998PKG883,15403945656691,Hank Leather 3-Pc. Fully Loaded Zero Gravity Reclining Sofa,946-00 Black / 3 Reclining Seats,Sectional,Motion,,Leather,5081.99,5081.99,,Y
steinhafels,Flexsteel,238PKG844,15403945656691,Hank Leather 3-Pc. Fully Loaded Zero Gravity Reclining Sofa,946-00 Black / 2 Reclining Seats,Sectional,Motion,,Leather,4329.89,4810.99,10.0,Y
steinhafels,Flexsteel,735PKG421,15403945656691,Hank Leather 3-Pc. Fully Loaded Zero Gravity Reclining Sofa,946-70 Burnt Umber / 2 Reclining Seats,Sectional,Motion,,Leather,4810.99,4810.99,,Y
steinhafels,Flexsteel,669PKG995,15403945656691,Hank Leather 3-Pc. Fully Loaded Zero Gravity Reclining Sofa,946-71 Burnt Umber / 3 Reclining Seats,Sectional,Motion,,Leather,5081.99,5081.99,,Y
steinhafels,Ashley,623406965,15403944051059,Leigh Upholstered Stool,"Gray / Black / 24"" Tall",Other,Stationary,,Leather,149.39,165.99,10.0,Y
steinhafels,Ashley,623540475,15403944051059,Leigh Upholstered Stool,"Gray / Black / 30"" Tall",Other,Stationary,,Leather,149.39,165.99,10.0,Y
steinhafels,Ashley,623460412,15403944051059,Leigh Upholstered Stool,"Black / Black / 24"" Tall",Other,Stationary,,Leather,149.39,165.99,10.0,Y
steinhafels,Ashley,623698443,15403944051059,Leigh Upholstered Stool,"Black / Black / 30"" Tall",Other,Stationary,,Leather,165.99,165.99,,Y
steinhafels,Ashley,623853601,15403944051059,Leigh Upholstered Stool,"Brown / Black / 30"" Tall",Other,Stationary,,Leather,149.39,165.99,10.0,Y
steinhafels,Ashley,623466118,15403944051059,Leigh Upholstered Stool,"Brown / Black / 24"" Tall",Other,Stationary,,Leather,149.39,165.99,10.0,Y
steinhafels,Best Home Furnishings,444937570,15396794630515,Darby Swivel Gliding Chair,19503 Silver,Chair,Stationary,,Fabric,854.99,949.99,10.0,Y
steinhafels,Best Home Furnishings,422623903,15396794630515,Darby Swivel Gliding Chair,20229 Khaki,Chair,Stationary,,Fabric,881.99,979.99,10.0,Y
steinhafels,Best Home Furnishings,744857875,15396794630515,Darby Swivel Gliding Chair,23579 Pashmina,Chair,Stationary,,Fabric,949.99,949.99,,Y
steinhafels,Best Home Furnishings,567135201,15396794630515,Darby Swivel Gliding Chair,20227 Blanco,Chair,Stationary,,Fabric,881.99,979.99,10.0,Y
steinhafels,Best Home Furnishings,193180314,15396794630515,Darby Swivel Gliding Chair,20747 Canvas,Chair,Stationary,,Fabric,836.99,929.99,10.0,Y
steinhafels,Best Home Furnishings,165884859,15396794630515,Darby Swivel Gliding Chair,20869 Beige,Chair,Stationary,,Fabric,836.99,929.99,10.0,Y
steinhafels,Best Home Furnishings,928889900,15396794630515,Darby Swivel Gliding Chair,20223 Grey,Chair,Stationary,,Fabric,979.99,979.99,,Y
steinhafels,Best Home Furnishings,108041798,15396794630515,Darby Swivel Gliding Chair,28423 Dove,Chair,Stationary,,Fabric,926.99,1029.99,10.0,Y
steinhafels,Best Home Furnishings,609543394,15396794630515,Darby Swivel Gliding Chair,23573 Pelican,Chair,Stationary,,Fabric,854.99,949.99,10.0,Y
steinhafels,Best Home Furnishings,762946212,15396794630515,Darby Swivel Gliding Chair,23572 Indigo,Chair,Stationary,,Fabric,949.99,949.99,,Y
steinhafels,Best Home Furnishings,054786591,15396794630515,Darby Swivel Gliding Chair,25612 Lapis,Chair,Stationary,,Fabric,881.99,979.99,10.0,Y
steinhafels,Best Home Furnishings,247526200,15396794630515,Darby Swivel Gliding Chair,21713B Graphite,Chair,Stationary,,Fabric,836.99,929.99,10.0,Y
steinhafels,Best Home Furnishings,686830941,15396794630515,Darby Swivel Gliding Chair,21712 Blue,Chair,Stationary,,Fabric,836.99,929.99,10.0,Y
steinhafels,Best Home Furnishings,281885767,15396794630515,Darby Swivel Gliding Chair,20743B Stone,Chair,Stationary,,Fabric,836.99,929.99,10.0,Y
steinhafels,Best Home Furnishings,365990125,15396794630515,Darby Swivel Gliding Chair,20221 Slate,Chair,Stationary,,Fabric,881.99,979.99,10.0,Y
steinhafels,Best Home Furnishings,675915104,15396794630515,Darby Swivel Gliding Chair,19508 Scarlet,Chair,Stationary,,Fabric,854.99,949.99,10.0,Y
steinhafels,Best Home Furnishings,662873616,15396794630515,Darby Swivel Gliding Chair,21713C Charcoal,Chair,Stationary,,Fabric,929.99,929.99,,Y
steinhafels,Best Home Furnishings,173465972,15396794630515,Darby Swivel Gliding Chair,25613 Wallstreet,Chair,Stationary,,Fabric,881.99,979.99,10.0,Y
steinhafels,Best Home Furnishings,635852749,15396794630515,Darby Swivel Gliding Chair,28613 Driftwood,Chair,Stationary,,Fabric,881.99,979.99,10.0,Y
steinhafels,Best Home Furnishings,519462639,15396794630515,Darby Swivel Gliding Chair,31027 Ivory,Chair,Stationary,,Fabric,917.99,1019.99,10.0,Y
steinhafels,Best Home Furnishings,378595419,15396794630515,Darby Swivel Gliding Chair,20742 Denim,Chair,Stationary,,Fabric,836.99,929.99,10.0,Y
steinhafels,Best Home Furnishings,172548793,15396794630515,Darby Swivel Gliding Chair,19505 Curry,Chair,Stationary,,Fabric,854.99,949.99,10.0,Y
steinhafels,Best Home Furnishings,529Z66756,15396794630515,Darby Swivel Gliding Chair,26099 Hickory,Chair,Stationary,,Fabric,799.99,888.88,10.0,Y
steinhafels,Best Home Furnishings,118591030,15396794630515,Darby Swivel Gliding Chair,20228 Cranberry,Chair,Stationary,,Fabric,881.99,979.99,10.0,Y
steinhafels,Best Home Furnishings,229049733,15396794630515,Darby Swivel Gliding Chair,19501 Peacock,Chair,Stationary,,Fabric,854.99,949.99,10.0,Y
steinhafels,Ashley,623362918,15400745238899,"Caden 24"" Counter Ladder Back Stools",Natural Green,Other,Stationary,,Unspecified,132.99,132.99,,Y
steinhafels,Ashley,623076144,15400745238899,"Caden 24"" Counter Ladder Back Stools",Natural Dark Brown,Other,Stationary,,Unspecified,132.99,132.99,,Y
steinhafels,Ashley,623454063,15400745238899,"Caden 24"" Counter Ladder Back Stools",Natural Blue,Other,Stationary,,Unspecified,132.99,132.99,,Y
steinhafels,Ashley,623627162,15400745238899,"Caden 24"" Counter Ladder Back Stools",Natural White,Other,Stationary,,Unspecified,119.69,132.99,10.0,Y
steinhafels,Bassett,383337183,15400745566579,Farwell Wide Chair,FC Stone,Chair,Stationary,,Unspecified,1529.99,1699.99,10.0,Y
steinhafels,Bassett,151627292,15400745566579,Farwell Wide Chair,FC Oyster,Chair,Stationary,,Unspecified,1529.99,1699.99,10.0,Y
steinhafels,Ashley,468PKG354,15400745894259,Alexa 3-Pc. Leather Chaise Sofa,Left-Facing,Sofa,Stationary,,Leather,2726.99,3029.99,10.0,Y
steinhafels,Ashley,366PKG010,15400745894259,Alexa 3-Pc. Leather Chaise Sofa,Right-Facing,Sofa,Stationary,,Leather,2726.99,3029.99,10.0,Y
steinhafels,Jackson/Catnapper,399MTO057,15400746320243,Avoni Loveseat,2350-19 Burlap,Loveseat,Stationary,,Fabric,1061.99,1179.99,10.0,Y
steinhafels,Jackson/Catnapper,368654023,15400746320243,Avoni Loveseat,2350-28 Grey,Loveseat,Stationary,,Fabric,1061.99,1179.99,10.0,Y
steinhafels,Natuzzi,266241306,15400746484083,Gabriel Leather Power Headrest Recliner,Cream,Recliner,Motion,Power,Leather,1699.99,3299.99,48.5,Y
steinhafels,Ashley,767488414,15400746713459,Honey Ottoman,Mahoney Chocolate,Ottoman,Stationary,,Unspecified,329.99,329.99,,Y
steinhafels,Ashley,812138047,15400746713459,Honey Ottoman,Mahoney Pebble,Ottoman,Stationary,,Unspecified,329.99,329.99,,Y
steinhafels,Ashley,113PKG512,15400746844531,Honey 2-Pc. Full Sleep Sectional,Mahoney Pebble / Left-Facing,Sectional,Stationary,,Unspecified,1529.09,1698.99,10.0,Y
steinhafels,Ashley,685PKG757,15400746844531,Honey 2-Pc. Full Sleep Sectional,Mahoney Pebble / Right-Facing,Sectional,Stationary,,Unspecified,1698.99,1698.99,,Y
steinhafels,Ashley,292PKG440,15400746844531,Honey 2-Pc. Full Sleep Sectional,Mahoney Chocolate / Right-Facing,Sectional,Stationary,,Unspecified,1529.09,1698.99,10.0,Y
steinhafels,Ashley,784PKG467,15400746844531,Honey 2-Pc. Full Sleep Sectional,Mahoney Chocolate / Left-Facing,Sectional,Stationary,,Unspecified,1698.99,1698.99,,Y
steinhafels,Ashley,258PKG622,15400747073907,Millennial 5-Pc. Power Headrest Zero Gravity Wall Console Reclining Modular With Next-Gen Durapella,Sand,Sectional,Motion,Power,Leather,2761.19,3067.99,10.0,Y
steinhafels,Ashley,802PKG296,15400747073907,Millennial 5-Pc. Power Headrest Zero Gravity Wall Console Reclining Modular With Next-Gen Durapella,Slate,Sectional,Motion,Power,Leather,3067.99,3067.99,,Y
steinhafels,Ashley,714PKG244,15400747467123,Millennial 3-Pc. Power Headrest Zero Gravity Wall Saver Reclining Sofa With Next-Gen Durapella,Slate,Sectional,Motion,Power,Leather,1976.99,1976.99,,Y
steinhafels,Ashley,351PKG061,15400747467123,Millennial 3-Pc. Power Headrest Zero Gravity Wall Saver Reclining Sofa With Next-Gen Durapella,Sand,Sectional,Motion,Power,Leather,1779.29,1976.99,10.0,Y
steinhafels,La-Z-Boy,377Z32456,15400747630963,Acadia Leather Power Headrest Zero Gravity Reclining Sofa,LB206376 Dean Chestnut,Sofa,Motion,Power,Leather,3299.99,3666.66,10.0,Y
steinhafels,La-Z-Boy,149039691,15400747630963,Acadia Leather Power Headrest Zero Gravity Reclining Sofa,LB206379 Dean Shitake,Sofa,Motion,Power,Leather,3299.99,3666.66,10.0,Y
steinhafels,Ashley,4064TPB68,15400747827571,Trinell Panel Bed,Twin,Other,Stationary,,Unspecified,389.69,432.99,10.0,Y
steinhafels,Ashley,4144FB765,15400747827571,Trinell Panel Bed,Full,Other,Stationary,,Unspecified,459.89,510.99,10.0,Y
steinhafels,Ashley,4144QPB03,15400747827571,Trinell Panel Bed,Queen,Other,Stationary,,Unspecified,459.89,510.99,10.0,Y
steinhafels,Ashley,4254KPB24,15400747827571,Trinell Panel Bed,King,Other,Stationary,,Unspecified,619.19,687.99,10.0,Y
steinhafels,Ashley,293PKG349,15400747925875,Dream 2 3-Pc. Chaise Sofa,Right-Facing,Sofa,Stationary,,Unspecified,1998.89,2220.99,10.0,Y
steinhafels,Ashley,950PKG334,15400747925875,Dream 2 3-Pc. Chaise Sofa,Left-Facing,Sofa,Stationary,,Unspecified,2220.99,2220.99,,Y
steinhafels,Flexsteel,784378885,15400748646771,Flexsteel Zecliner Model 3 Fully Loaded Rocker Recliner With Heat And Massage,358-04 Nanobionic Umber,Recliner,Motion,,Fabric,2999.99,2999.99,,Y
steinhafels,Flexsteel,823374323,15400748646771,Flexsteel Zecliner Model 3 Fully Loaded Rocker Recliner With Heat And Massage,358-11 Nanobionic Ceramic,Recliner,Motion,,Fabric,2999.99,2999.99,,Y
steinhafels,Flexsteel,822QPKG91,15400748679539,Flexsteel London 3-Pc. Sectional,Right-Facing,Sectional,Stationary,,Fabric,6222.21,6222.21,,Y
steinhafels,Flexsteel,209ZPKG20,15400748679539,Flexsteel London 3-Pc. Sectional,Left-Facing,Sectional,Stationary,,Fabric,5599.99,6222.21,10.0,Y
steinhafels,Jackson/Catnapper,455PKG172,15400748810611,Domino 2-Pc. Loveseat,41 Greystone,Loveseat,Stationary,,Fabric,1485.89,1650.99,10.0,Y
steinhafels,Jackson/Catnapper,806MPK501,15400748810611,Domino 2-Pc. Loveseat,46 Henna,Loveseat,Stationary,,Fabric,1650.99,1650.99,,Y
steinhafels,Ashley,825PKG773,15400749302131,Honey 2-Pc. Sectional,Mahoney Pebble / Left-Facing,Sectional,Stationary,,Unspecified,1298.99,1298.99,,Y
steinhafels,Ashley,659PKG723,15400749302131,Honey 2-Pc. Sectional,Mahoney Pebble / Right-Facing,Sectional,Stationary,,Unspecified,1298.99,1298.99,,Y
steinhafels,Ashley,617PKG688,15400749302131,Honey 2-Pc. Sectional,Mahoney Chocolate / Left-Facing,Sectional,Stationary,,Unspecified,1298.99,1298.99,,Y
steinhafels,Ashley,801PKG658,15400749302131,Honey 2-Pc. Sectional,Mahoney Chocolate / Right-Facing,Sectional,Stationary,,Unspecified,1298.99,1298.99,,Y
steinhafels,Ashley,364PKG793,15400749400435,Millennial 7-Pc. Power Headrest Zero Gravity Wall Saver Reclining Modular With Next-Gen Durapella,Sand,Sectional,Motion,Power,Leather,3526.19,3917.99,10.0,Y
steinhafels,Ashley,573PKG919,15400749400435,Millennial 7-Pc. Power Headrest Zero Gravity Wall Saver Reclining Modular With Next-Gen Durapella,Slate,Sectional,Motion,Power,Leather,3917.99,3917.99,,Y
steinhafels,Ashley,150Z64192,15400750023027,Harvey Rocker Recliner,Harvey Taupe,Recliner,Motion,,Unspecified,485.99,539.99,10.0,Y
steinhafels,Ashley,140731935,15400750023027,Harvey Rocker Recliner,Harvey Nutmeg,Recliner,Motion,,Unspecified,485.99,539.99,10.0,Y
steinhafels,Ashley,277497087,15400750088563,Harvey Loveseat,Harvey Nutmeg,Loveseat,Stationary,,Unspecified,563.39,625.99,10.0,Y
steinhafels,Ashley,358068665,15400750088563,Harvey Loveseat,Harvey Taupe,Loveseat,Stationary,,Unspecified,563.39,625.99,10.0,Y
steinhafels,Ashley,414171643,15400750154099,Naples Upholstered Bed,Full,Other,Stationary,,Fabric,479.69,532.99,10.0,Y
steinhafels,Ashley,414038245,15400750154099,Naples Upholstered Bed,Queen,Other,Stationary,,Fabric,479.69,532.99,10.0,Y
steinhafels,Ashley,425365544,15400750154099,Naples Upholstered Bed,King,Other,Stationary,,Fabric,559.79,621.99,10.0,Y
steinhafels,La-Z-Boy,375PKG657,15400750383475,Ava 6-Pc. Power Headrest Reclining Chaise Modular With Wireless Remote,Right-Facing / 2 Reclining Seats,Sectional,Motion,Power,Unspecified,3697.19,6193.32,40.3,Y
steinhafels,La-Z-Boy,491ZPKG41,15400750383475,Ava 6-Pc. Power Headrest Reclining Chaise Modular With Wireless Remote,Right-Facing / 3 Reclining Seats,Sectional,Motion,Power,Unspecified,3759.99,6333.32,40.6,Y
steinhafels,La-Z-Boy,481QPKG32,15400750383475,Ava 6-Pc. Power Headrest Reclining Chaise Modular With Wireless Remote,Left-Facing / 3 Reclining Seats,Sectional,Motion,Power,Unspecified,3759.99,6333.32,40.6,Y
steinhafels,La-Z-Boy,639PKG980,15400750383475,Ava 6-Pc. Power Headrest Reclining Chaise Modular With Wireless Remote,Left-Facing / 2 Reclining Seats,Sectional,Motion,Power,Unspecified,3704.39,6193.32,40.2,Y
steinhafels,Ashley,406P25578,15400750416243,Alexa Upholstered Panel Bed,Twin,Other,Stationary,,Unspecified,299.69,499.99,40.1,Y
steinhafels,Ashley,425K19793,15400750416243,Alexa Upholstered Panel Bed,King,Other,Stationary,,Unspecified,499.49,754.99,33.8,Y
steinhafels,Best Home Furnishings,243Z79678,15400750547315,Attica Swivel Chair,20559 Flax / Dark Walnut,Chair,Stationary,,Unspecified,679.99,755.54,10.0,Y
steinhafels,Best Home Furnishings,899350751,15400750547315,Attica Swivel Chair,20742 Denim / Dark Walnut,Chair,Stationary,,Unspecified,833.32,833.32,,Y
steinhafels,Best Home Furnishings,821028379,15400750547315,Attica Swivel Chair,20742 Denim / Espresso,Chair,Stationary,,Unspecified,833.32,833.32,,Y
steinhafels,Best Home Furnishings,939249098,15400750547315,Attica Swivel Chair,20799 Flaxseed / Dark Walnut,Chair,Stationary,,Unspecified,833.32,833.32,,Y
steinhafels,Best Home Furnishings,012170306,15400750547315,Attica Swivel Chair,20799 Flaxseed / Espresso,Chair,Stationary,,Unspecified,749.99,833.32,10.0,Y
steinhafels,Best Home Furnishings,806863008,15400750547315,Attica Swivel Chair,28423 Dove / Espresso,Chair,Stationary,,Unspecified,944.43,944.43,,Y
steinhafels,Best Home Furnishings,426931561,15400750547315,Attica Swivel Chair,28423 Dove / Dark Walnut,Chair,Stationary,,Unspecified,849.99,944.43,10.0,Y
steinhafels,Best Home Furnishings,960087097,15400750547315,Attica Swivel Chair,25613 Wallstreet / Espresso,Chair,Stationary,,Unspecified,888.88,888.88,,Y
steinhafels,Best Home Furnishings,828041991,15400750547315,Attica Swivel Chair,25613 Wallstreet / Dark Walnut,Chair,Stationary,,Unspecified,888.88,888.88,,Y
steinhafels,Best Home Furnishings,935566290,15400750547315,Attica Swivel Chair,20747 Canvas / Espresso,Chair,Stationary,,Unspecified,833.32,833.32,,Y
steinhafels,Best Home Furnishings,678850389,15400750547315,Attica Swivel Chair,20747 Canvas / Dark Walnut,Chair,Stationary,,Unspecified,833.32,833.32,,Y
steinhafels,Best Home Furnishings,236613060,15400750547315,Attica Swivel Chair,21712 Blue / Espresso,Chair,Stationary,,Unspecified,749.99,833.32,10.0,Y
steinhafels,Best Home Furnishings,159148951,15400750547315,Attica Swivel Chair,21712 Blue / Dark Walnut,Chair,Stationary,,Unspecified,749.99,833.32,10.0,Y
steinhafels,Best Home Furnishings,490858948,15400750547315,Attica Swivel Chair,25612 Lapis / Dark Walnut,Chair,Stationary,,Unspecified,799.99,888.88,10.0,Y
steinhafels,Best Home Furnishings,213509174,15400750547315,Attica Swivel Chair,25612 Lapis / Espresso,Chair,Stationary,,Unspecified,799.99,888.88,10.0,Y
steinhafels,Best Home Furnishings,278641328,15400750547315,Attica Swivel Chair,31027 Ivory / Dark Walnut,Chair,Stationary,,Unspecified,799.99,888.88,10.0,Y
steinhafels,Best Home Furnishings,893142008,15400750547315,Attica Swivel Chair,31027 Ivory / Espresso,Chair,Stationary,,Unspecified,888.88,888.88,,Y
steinhafels,Best Home Furnishings,782Z93667,15400750547315,Attica Swivel Chair,20551 Pine / Dark Walnut,Chair,Stationary,,Unspecified,755.54,755.54,,Y
steinhafels,Best Home Furnishings,774486319,15400750547315,Attica Swivel Chair,19503 Silver / Dark Walnut,Chair,Stationary,,Unspecified,722.21,722.21,,Y
steinhafels,Best Home Furnishings,618091433,15400750547315,Attica Swivel Chair,19503 Silver / Espresso,Chair,Stationary,,Unspecified,722.21,722.21,,Y
steinhafels,Best Home Furnishings,549267456,15400750547315,Attica Swivel Chair,28613 Driftwood / Espresso,Chair,Stationary,,Unspecified,888.88,888.88,,Y
steinhafels,Best Home Furnishings,130465078,15400750547315,Attica Swivel Chair,28613 Driftwood / Dark Walnut,Chair,Stationary,,Unspecified,799.99,888.88,10.0,Y
steinhafels,Best Home Furnishings,719146629,15400750547315,Attica Swivel Chair,21713C Charcoal / Dark Walnut,Chair,Stationary,,Unspecified,833.32,833.32,,Y
steinhafels,Best Home Furnishings,501795940,15400750547315,Attica Swivel Chair,21713C Charcoal / Espresso,Chair,Stationary,,Unspecified,749.99,833.32,10.0,Y
steinhafels,Best Home Furnishings,814914075,15400750547315,Attica Swivel Chair,23573 Pelican / Dark Walnut,Chair,Stationary,,Unspecified,833.32,833.32,,Y
steinhafels,Best Home Furnishings,183808073,15400750547315,Attica Swivel Chair,23573 Pelican / Espresso,Chair,Stationary,,Unspecified,749.99,833.32,10.0,Y
steinhafels,Best Home Furnishings,351950534,15400750547315,Attica Swivel Chair,20228 Cranberry / Espresso,Chair,Stationary,,Unspecified,799.99,888.88,10.0,Y
steinhafels,Best Home Furnishings,117554519,15400750547315,Attica Swivel Chair,20228 Cranberry / Dark Walnut,Chair,Stationary,,Unspecified,799.99,888.88,10.0,Y
steinhafels,Best Home Furnishings,703743755,15400750547315,Attica Swivel Chair,20743B Stone / Dark Walnut,Chair,Stationary,,Unspecified,833.32,833.32,,Y
steinhafels,Best Home Furnishings,685709059,15400750547315,Attica Swivel Chair,20743B Stone / Espresso,Chair,Stationary,,Unspecified,833.32,833.32,,Y
steinhafels,Best Home Furnishings,355745608,15400750547315,Attica Swivel Chair,20229 Khaki / Espresso,Chair,Stationary,,Unspecified,799.99,888.88,10.0,Y
steinhafels,Best Home Furnishings,277806990,15400750547315,Attica Swivel Chair,20229 Khaki / Dark Walnut,Chair,Stationary,,Unspecified,799.99,888.88,10.0,Y
steinhafels,Best Home Furnishings,773456046,15400750547315,Attica Swivel Chair,20221 Slate / Dark Walnut,Chair,Stationary,,Unspecified,888.88,888.88,,Y
steinhafels,Best Home Furnishings,770451721,15400750547315,Attica Swivel Chair,20221 Slate / Espresso,Chair,Stationary,,Unspecified,888.88,888.88,,Y
steinhafels,Best Home Furnishings,444401174,15400750547315,Attica Swivel Chair,21713B Graphite / Dark Walnut,Chair,Stationary,,Unspecified,749.99,833.32,10.0,Y
steinhafels,Best Home Furnishings,758226098,15400750547315,Attica Swivel Chair,21713B Graphite / Espresso,Chair,Stationary,,Unspecified,833.32,833.32,,Y
steinhafels,Best Home Furnishings,446Z31743,15400750547315,Attica Swivel Chair,20558 Clay / Dark Walnut,Chair,Stationary,,Unspecified,679.99,755.54,10.0,Y
steinhafels,Best Home Furnishings,257824551,15400750547315,Attica Swivel Chair,23579 Pashmina / Dark Walnut,Chair,Stationary,,Unspecified,749.99,833.32,10.0,Y
steinhafels,Best Home Furnishings,909808209,15400750547315,Attica Swivel Chair,23579 Pashmina / Espresso,Chair,Stationary,,Unspecified,833.32,833.32,,Y
steinhafels,Best Home Furnishings,195Z95942,15400750547315,Attica Swivel Chair,20552 Nile / Dark Walnut,Chair,Stationary,,Unspecified,679.99,755.54,10.0,Y
steinhafels,Best Home Furnishings,214138799,15400750547315,Attica Swivel Chair,20223 Grey / Espresso,Chair,Stationary,,Unspecified,799.99,888.88,10.0,Y
steinhafels,Best Home Furnishings,604386253,15400750547315,Attica Swivel Chair,20223 Grey / Dark Walnut,Chair,Stationary,,Unspecified,799.99,888.88,10.0,Y
steinhafels,Best Home Furnishings,170228914,15400750547315,Attica Swivel Chair,23572 Indigo / Espresso,Chair,Stationary,,Unspecified,749.99,833.32,10.0,Y
steinhafels,Best Home Furnishings,127830135,15400750547315,Attica Swivel Chair,23572 Indigo / Dark Walnut,Chair,Stationary,,Unspecified,749.99,833.32,10.0,Y
steinhafels,Best Home Furnishings,133781875,15400750547315,Attica Swivel Chair,20227 Blanco / Dark Walnut,Chair,Stationary,,Unspecified,799.99,888.88,10.0,Y
steinhafels,Best Home Furnishings,299139934,15400750547315,Attica Swivel Chair,20227 Blanco / Espresso,Chair,Stationary,,Unspecified,799.99,888.88,10.0,Y
steinhafels,Best Home Furnishings,374351889,15400750547315,Attica Swivel Chair,20869 Beige / Espresso,Chair,Stationary,,Unspecified,749.99,833.32,10.0,Y
steinhafels,Best Home Furnishings,389285825,15400750547315,Attica Swivel Chair,20869 Beige / Dark Walnut,Chair,Stationary,,Unspecified,749.99,833.32,10.0,Y
steinhafels,Ashley,650622920,15400751530355,Caden Side Chairs,Natural Green,Other,Stationary,,Unspecified,121.99,121.99,,Y
steinhafels,Ashley,650841775,15400751530355,Caden Side Chairs,Natural White,Other,Stationary,,Unspecified,121.99,121.99,,Y
steinhafels,Ashley,650947145,15400751530355,Caden Side Chairs,Natural Dark Brown,Other,Stationary,,Unspecified,121.99,121.99,,Y
steinhafels,Ashley,650139867,15400751530355,Caden Side Chairs,Natural Blue,Other,Stationary,,Unspecified,121.99,121.99,,Y
steinhafels,La-Z-Boy,605616782,15400751563123,Pinnacle Leather Rocker Recliner,Opulence Stone,Recliner,Motion,,Leather,1249.99,1388.88,10.0,Y
steinhafels,La-Z-Boy,236Z95485,15400751563123,Pinnacle Leather Rocker Recliner,Opulence Umber,Recliner,Motion,,Leather,1249.99,1388.88,10.0,Y
steinhafels,La-Z-Boy,869PKG031,15400751694195,Ava 3-Pc. Power Headrest Reclining Chaise Sofa,Right-Facing,Sectional,Motion,Power,Unspecified,2229.29,3733.35,40.3,Y
steinhafels,La-Z-Boy,867PKG192,15400751694195,Ava 3-Pc. Power Headrest Reclining Chaise Sofa,Left-Facing,Sectional,Motion,Power,Unspecified,2229.29,3733.35,40.3,Y
steinhafels,Ashley,442MTO619,15400751661427,Colorado Queen Sleeper,Erinsburg Stone,Sofa,Stationary,,Unspecified,899.99,999.99,10.0,Y
steinhafels,Ashley,240MTO953,15400751661427,Colorado Queen Sleeper,Erinsburg Iron,Sofa,Stationary,,Unspecified,899.99,999.99,10.0,Y
steinhafels,Flexsteel,848WRF855,15400752120179,Flexsteel Waterfall Round Cocktail Table,Waterfall Brown,Other,Stationary,,Unspecified,555.54,555.54,,Y
steinhafels,Flexsteel,848WRF881,15400752120179,Flexsteel Waterfall Round Cocktail Table,Waterfall Ebony,Other,Stationary,,Unspecified,555.54,555.54,,Y
steinhafels,Flexsteel,848WRF905,15400752120179,Flexsteel Waterfall Round Cocktail Table,Waterfall Oak,Other,Stationary,,Unspecified,555.54,555.54,,Y
steinhafels,Ashley,500008341,15400752087411,Rian Chest,Charcoal Brown,Other,Stationary,,Fabric,379.79,421.99,10.0,Y
steinhafels,Ashley,500532768,15400752087411,Rian Chest,White,Other,Stationary,,Fabric,379.79,421.99,10.0,Y
steinhafels,Ashley,197PKG605,15400752251251,Mae 2-Pc. Chaise Sofa With Next-Gen Nuvella Performance Fabric,Left-Facing,Sofa,Stationary,,Fabric,1494.89,1660.99,10.0,Y
steinhafels,Ashley,693PKG722,15400752251251,Mae 2-Pc. Chaise Sofa With Next-Gen Nuvella Performance Fabric,Right-Facing,Sofa,Stationary,,Fabric,1660.99,1660.99,,Y
steinhafels,Bassett,676598478,15400752611699,Farwell Sofa,FC Stone,Sofa,Stationary,,Unspecified,2444.43,2444.43,,Y
steinhafels,Bassett,925111105,15400752611699,Farwell Sofa,FC Oyster,Sofa,Stationary,,Unspecified,2444.43,2444.43,,Y
steinhafels,Ashley,443QPKG99,15400753070451,Berlin 2-Pc. Sectional,Right-Facing,Sectional,Stationary,,Leather,1199.99,1333.32,10.0,Y
steinhafels,Ashley,331ZPKG00,15400753070451,Berlin 2-Pc. Sectional,Left-Facing,Sectional,Stationary,,Leather,1199.99,1333.32,10.0,Y
steinhafels,Natuzzi,299513034,15400753332595,Turin Leather Loveseat,Grey,Loveseat,Stationary,,Leather,1543.49,2885.99,46.5,Y
steinhafels,Natuzzi,234426395,15400753332595,Turin Leather Loveseat,Brown,Loveseat,Stationary,,Leather,2112.29,2885.99,26.8,Y
steinhafels,Ashley,406PTP348,15400753299827,Morgan Panel Bed,Twin,Other,Stationary,,Unspecified,449.99,499.99,10.0,Y
steinhafels,Ashley,414PFP543,15400753299827,Morgan Panel Bed,Full,Other,Stationary,,Unspecified,549.89,610.99,10.0,Y
steinhafels,Ashley,414PQP112,15400753299827,Morgan Panel Bed,Queen,Other,Stationary,,Unspecified,629.99,699.99,10.0,Y
steinhafels,Flexsteel,848CRP240,15400753561971,Carpenter Rectangle Cocktail,DARK BROWN / EXPOSED BOLT HEADS,Other,Stationary,,Unspecified,777.77,777.77,,Y
steinhafels,Flexsteel,848CRP506,15400753561971,Carpenter Rectangle Cocktail,LIGHT BROWN / EXPOSED BOLT HEADS,Other,Stationary,,Unspecified,777.77,777.77,,Y
steinhafels,Ashley,438Z65343,15400753791347,Honey Loveseat,Mahoney Pebble,Loveseat,Stationary,,Unspecified,476.99,529.99,10.0,Y
steinhafels,Ashley,112492687,15400753791347,Honey Loveseat,Mahoney Chocolate,Loveseat,Stationary,,Unspecified,476.99,529.99,10.0,Y
steinhafels,Flexsteel,713437194,15400754020723,Flexsteel Zecliner Model 3 Fully Loaded Lift Chair With Heat And Massage,358-11 Nanobionic Ceramic,Recliner,Motion,,Fabric,3222.21,3222.21,,Y
steinhafels,Flexsteel,774Z35746,15400754020723,Flexsteel Zecliner Model 3 Fully Loaded Lift Chair With Heat And Massage,886-02 Cappricio/Smoke,Recliner,Motion,,Fabric,3222.21,3222.21,,Y
steinhafels,Flexsteel,540795983,15400754020723,Flexsteel Zecliner Model 3 Fully Loaded Lift Chair With Heat And Massage,Nanobionic Umber,Recliner,Motion,,Fabric,2899.99,3222.21,10.0,Y
steinhafels,Flexsteel,848WRF280,15400754348403,Flexsteel Waterfall Leg Cocktail Table,Waterfall Brown,Other,Stationary,,Unspecified,722.21,722.21,,Y
steinhafels,Flexsteel,848WRF232,15400754348403,Flexsteel Waterfall Leg Cocktail Table,Waterfall Ebony,Other,Stationary,,Unspecified,722.21,722.21,,Y
steinhafels,Flexsteel,848WRF140,15400754348403,Flexsteel Waterfall Leg Cocktail Table,Waterfall Oak,Other,Stationary,,Unspecified,722.21,722.21,,Y
steinhafels,Best Home Furnishings,775939130,15400754315635,Kacey Glider Ottoman,19501 Peacock,Chair,Motion,,Unspecified,399.99,399.99,,Y
steinhafels,Best Home Furnishings,648025549,15400754315635,Kacey Glider Ottoman,20229 Khaki,Chair,Motion,,Unspecified,399.99,399.99,,Y
steinhafels,Best Home Furnishings,593577807,15400754315635,Kacey Glider Ottoman,20619 Tan,Chair,Motion,,Unspecified,388.88,388.88,,Y
steinhafels,Best Home Furnishings,487725054,15400754315635,Kacey Glider Ottoman,19503 Silver,Chair,Motion,,Unspecified,359.99,399.99,10.0,Y
steinhafels,Best Home Furnishings,861257853,15400754315635,Kacey Glider Ottoman,25612 Lapis,Chair,Motion,,Unspecified,399.99,399.99,,Y
steinhafels,Best Home Furnishings,614500528,15400754315635,Kacey Glider Ottoman,28423 Dove,Chair,Motion,,Unspecified,399.99,399.99,,Y
steinhafels,Best Home Furnishings,876878554,15400754315635,Kacey Glider Ottoman,28613 Driftwood,Chair,Motion,,Unspecified,399.99,399.99,,Y
steinhafels,Best Home Furnishings,731406284,15400754315635,Kacey Glider Ottoman,19508 Scarlet,Chair,Motion,,Unspecified,399.99,399.99,,Y
steinhafels,Best Home Furnishings,304650938,15400754315635,Kacey Glider Ottoman,21713C Charcoal,Chair,Motion,,Unspecified,359.99,399.99,10.0,Y
steinhafels,Best Home Furnishings,755525012,15400754315635,Kacey Glider Ottoman,20742 Denim,Chair,Motion,,Unspecified,399.99,399.99,,Y
steinhafels,Best Home Furnishings,275178923,15400754315635,Kacey Glider Ottoman,31027 Ivory,Chair,Motion,,Unspecified,359.99,399.99,10.0,Y
steinhafels,Best Home Furnishings,672293707,15400754315635,Kacey Glider Ottoman,20221 Slate,Chair,Motion,,Unspecified,399.99,399.99,,Y
steinhafels,Best Home Furnishings,530790429,15400754315635,Kacey Glider Ottoman,20743B Stone,Chair,Motion,,Unspecified,359.99,399.99,10.0,Y
steinhafels,Best Home Furnishings,585361302,15400754315635,Kacey Glider Ottoman,23573 Pelican,Chair,Motion,,Unspecified,359.99,399.99,10.0,Y
steinhafels,Best Home Furnishings,166563823,15400754315635,Kacey Glider Ottoman,23579 Pashmina,Chair,Motion,,Unspecified,359.99,399.99,10.0,Y
steinhafels,Best Home Furnishings,375685946,15400754315635,Kacey Glider Ottoman,25613 Wallstreet,Chair,Motion,,Unspecified,359.99,399.99,10.0,Y
steinhafels,Best Home Furnishings,879906371,15400754315635,Kacey Glider Ottoman,20747 Canvas,Chair,Motion,,Unspecified,399.99,399.99,,Y
steinhafels,Best Home Furnishings,434833130,15400754315635,Kacey Glider Ottoman,20227 Blanco,Chair,Motion,,Unspecified,359.99,399.99,10.0,Y
steinhafels,Best Home Furnishings,384970223,15400754315635,Kacey Glider Ottoman,19505 Curry,Chair,Motion,,Unspecified,359.99,399.99,10.0,Y
steinhafels,Best Home Furnishings,740980955,15400754315635,Kacey Glider Ottoman,23572 Indigo,Chair,Motion,,Unspecified,399.99,399.99,,Y
steinhafels,Best Home Furnishings,150380699,15400754315635,Kacey Glider Ottoman,20869 Beige,Chair,Motion,,Unspecified,359.99,399.99,10.0,Y
steinhafels,Best Home Furnishings,823186570,15400754315635,Kacey Glider Ottoman,20799 Flaxseed,Chair,Motion,,Unspecified,399.99,399.99,,Y
steinhafels,Best Home Furnishings,963579720,15400754315635,Kacey Glider Ottoman,21712 Blue,Chair,Motion,,Unspecified,399.99,399.99,,Y
steinhafels,Best Home Furnishings,150299708,15400754315635,Kacey Glider Ottoman,21713B Graphite,Chair,Motion,,Unspecified,359.99,399.99,10.0,Y
steinhafels,Best Home Furnishings,407777764,15400754315635,Kacey Glider Ottoman,20223 Grey,Chair,Motion,,Unspecified,359.99,399.99,10.0,Y
steinhafels,Best Home Furnishings,246Z84935,15400754315635,Kacey Glider Ottoman,25027 Cotton,Chair,Motion,,Unspecified,369.99,411.1,10.0,Y
steinhafels,Best Home Furnishings,290008220,15400754315635,Kacey Glider Ottoman,20228 Cranberry,Chair,Motion,,Unspecified,359.99,399.99,10.0,Y
steinhafels,Jackson/Catnapper,363ZPK212,15400754282867,Snuggler 3-Pc. Sectional,58 Smoke / Right-Facing,Sectional,Stationary,,Fabric,2999.99,3333.32,10.0,Y
steinhafels,Jackson/Catnapper,364QPK936,15400754282867,Snuggler 3-Pc. Sectional,58 Smoke / Left-Facing,Sectional,Stationary,,Fabric,2999.99,3333.32,10.0,Y
steinhafels,Jackson/Catnapper,628PKG693,15400754282867,Snuggler 3-Pc. Sectional,49 Chocolate / Right-Facing,Sectional,Stationary,,Fabric,3333.32,3333.32,,Y
steinhafels,Jackson/Catnapper,778PKG681,15400754282867,Snuggler 3-Pc. Sectional,49 Chocolate / Left-Facing,Sectional,Stationary,,Fabric,3333.32,3333.32,,Y
steinhafels,Ashley,605941854,15400754643315,Skylar 7-Pc. Dining Set,Dining Height,Other,Stationary,,Unspecified,965.99,965.99,,Y
steinhafels,Ashley,603681212,15400754643315,Skylar 7-Pc. Dining Set,Counter Height,Other,Stationary,,Unspecified,1076.99,1076.99,,Y
steinhafels,Ashley,177Z64185,15400755036531,Bronx Chaise,Bixler Navy,Other,Stationary,,Unspecified,584.99,649.99,10.0,Y
steinhafels,Ashley,216291071,15400755036531,Bronx Chaise,Bixler Olive,Other,Stationary,,Unspecified,584.99,649.99,10.0,Y
steinhafels,Flexsteel,929995603,15400755233139,Flexsteel Landon Leather Zero Gravity Fully Loaded Recliner,Homerun Dark Brown,Recliner,Motion,,Leather,2249.99,2249.99,,Y
steinhafels,Flexsteel,874449121,15400755233139,Flexsteel Landon Leather Zero Gravity Fully Loaded Recliner,Homerun Caramel,Recliner,Motion,,Leather,2249.99,2249.99,,Y
steinhafels,Flexsteel,670Z37426,15400755233139,Flexsteel Landon Leather Zero Gravity Fully Loaded Recliner,Homerun Charcoal,Recliner,Motion,,Leather,2024.99,2249.99,10.0,Y
steinhafels,Ashley,445507575,15400755200371,Harvey Ottoman,Harvey Taupe,Ottoman,Stationary,,Unspecified,278.99,309.99,10.0,Y
steinhafels,Ashley,389Z45971,15400755200371,Harvey Ottoman,Harvey Nutmeg,Ottoman,Stationary,,Unspecified,278.99,309.99,10.0,Y
steinhafels,Jackson/Catnapper,476ZPKG13,15400755626355,Ike 2-Pc. Sectional,Right-Facing,Sectional,Stationary,,Fabric,1899.99,2111.1,10.0,Y
steinhafels,Jackson/Catnapper,856QPKG25,15400755626355,Ike 2-Pc. Sectional,Left-Facing,Sectional,Stationary,,Fabric,2111.1,2111.1,,Y
steinhafels,Jackson/Catnapper,921MTO401,15400755888499,Avoni Sofa,2350-19 Burlap,Sofa,Stationary,,Fabric,1222.21,1222.21,,Y
steinhafels,Jackson/Catnapper,857Z34485,15400755888499,Avoni Sofa,2350-28 Grey,Sofa,Stationary,,Fabric,1222.21,1222.21,,Y
steinhafels,Ashley,615799728,15400756281715,"Caden 42"" Drop Leaf Table",Natural White,Other,Stationary,,Unspecified,265.99,265.99,,Y
steinhafels,Ashley,615736701,15400756281715,"Caden 42"" Drop Leaf Table",Natural Blue,Other,Stationary,,Unspecified,239.39,265.99,10.0,Y
steinhafels,Ashley,615352826,15400756281715,"Caden 42"" Drop Leaf Table",Natural Dark Brown,Other,Stationary,,Unspecified,265.99,265.99,,Y
steinhafels,Ashley,615265217,15400756281715,"Caden 42"" Drop Leaf Table",Natural Green,Other,Stationary,,Unspecified,239.39,265.99,10.0,Y
steinhafels,Ashley,623227264,15400756806003,Emma Upholstered Counter Stool,Emma Mustard,Other,Stationary,,Unspecified,132.99,132.99,,Y
steinhafels,Ashley,623165201,15400756806003,Emma Upholstered Counter Stool,Emma Charcoal,Other,Stationary,,Unspecified,132.99,132.99,,Y
steinhafels,Ashley,623856298,15400756806003,Emma Upholstered Counter Stool,Emma Blue,Other,Stationary,,Unspecified,119.69,132.99,10.0,Y
steinhafels,Ashley,623591823,15400756806003,Emma Upholstered Counter Stool,Emma Light Gray,Other,Stationary,,Unspecified,132.99,132.99,,Y
steinhafels,Jackson/Catnapper,602PKG064,15400756773235,Dixie 3-Pc. Chaise Sectional,Right-Facing,Sectional,Stationary,,Fabric,2999.99,3333.32,10.0,Y
steinhafels,Jackson/Catnapper,307PKG595,15400756773235,Dixie 3-Pc. Chaise Sectional,Left-Facing,Sectional,Stationary,,Fabric,2999.99,3333.32,10.0,Y
steinhafels,Ashley,414UPF958,15400756871539,Hudson Upholstered Panel Bed,OG Black / Full,Other,Stationary,,Fabric,439.19,487.99,10.0,Y
steinhafels,Ashley,414UPQ926,15400756871539,Hudson Upholstered Panel Bed,OG Black / Queen,Other,Stationary,,Fabric,469.79,521.99,10.0,Y
steinhafels,Ashley,425UKP132,15400756871539,Hudson Upholstered Panel Bed,OG Natural / King,Other,Stationary,,Fabric,619.19,687.99,10.0,Y
steinhafels,Ashley,414UFP833,15400756871539,Hudson Upholstered Panel Bed,OG Natural / Full,Other,Stationary,,Fabric,439.19,487.99,10.0,Y
steinhafels,Ashley,414UQP471,15400756871539,Hudson Upholstered Panel Bed,OG Natural / Queen,Other,Stationary,,Fabric,469.79,521.99,10.0,Y
steinhafels,Ashley,406PTP703,15400756969843,Tessa Panel Platform Bed,Twin,Other,Stationary,,Unspecified,379.79,421.99,10.0,Y
steinhafels,Ashley,414PFP181,15400756969843,Tessa Panel Platform Bed,Full,Other,Stationary,,Unspecified,449.09,498.99,10.0,Y
steinhafels,Ashley,414PQP437,15400756969843,Tessa Panel Platform Bed,Queen,Other,Stationary,,Unspecified,479.69,532.99,10.0,Y
steinhafels,Ashley,425PKP443,15400756969843,Tessa Panel Platform Bed,King,Other,Stationary,,Unspecified,599.39,665.99,10.0,Y
steinhafels,La-Z-Boy,591787465,15400757395827,Astor Rocker Recliner,Mushroom,Recliner,Motion,,Unspecified,1099.99,1222.21,10.0,Y
steinhafels,La-Z-Boy,949Z72003,15400757395827,Astor Rocker Recliner,Granite,Recliner,Motion,,Unspecified,1222.21,1222.21,,Y
steinhafels,Ashley,110PKG364,15400757494131,Millennial 5-Pc. Power Headrest Zero Gravity Wall Saver Reclining Modular With Next-Gen Durapella,Sand,Sectional,Motion,Power,Leather,3088.79,3431.99,10.0,Y
steinhafels,Ashley,323PKG491,15400757494131,Millennial 5-Pc. Power Headrest Zero Gravity Wall Saver Reclining Modular With Next-Gen Durapella,Slate,Sectional,Motion,Power,Leather,3088.79,3431.99,10.0,Y
steinhafels,Jackson/Catnapper,726MTO984,15400757592435,Domino Cocktail Ottoman,46 Henna,Ottoman,Stationary,,Fabric,541.99,541.99,,Y
steinhafels,Jackson/Catnapper,271Z57499,15400757592435,Domino Cocktail Ottoman,41 Greystone,Ottoman,Stationary,,Fabric,487.79,541.99,10.0,Y
steinhafels,Jackson/Catnapper,285Z46562,15400757559667,Bennett Wide Chair,1504-29 Stone,Chair,Stationary,,Fabric,800.99,889.99,10.0,Y
steinhafels,Jackson/Catnapper,266MTO976,15400757559667,Bennett Wide Chair,1504-01 Natural,Chair,Stationary,,Fabric,800.99,889.99,10.0,Y
steinhafels,Ashley,486601978,15400757526899,Harvey Sofa,Harvey Taupe,Sofa,Stationary,,Unspecified,599.99,666.66,10.0,Y
steinhafels,Ashley,555Z25622,15400757526899,Harvey Sofa,Harvey Nutmeg,Sofa,Stationary,,Unspecified,599.99,666.66,10.0,Y
steinhafels,Ashley,500635524,15400757625203,Hudson Chest,OG Black,Other,Stationary,,Unspecified,699.29,776.99,10.0,Y
steinhafels,Ashley,500058979,15400757625203,Hudson Chest,OG Natural,Other,Stationary,,Unspecified,699.29,776.99,10.0,Y
steinhafels,Flexsteel,423393395,15400758116723,Flexsteel Dutchess Leather Fully Loaded Reclining Sofa With Drop Down Table,Floretine 562-80 Cortado,Sofa,Motion,,Leather,3699.99,4111.1,10.0,Y
steinhafels,Flexsteel,617Z35138,15400758116723,Flexsteel Dutchess Leather Fully Loaded Reclining Sofa With Drop Down Table,Floretine 562-82 Desert,Sofa,Motion,,Leather,4111.1,4111.1,,Y
steinhafels,Ashley,284Z71727,15400758968691,Olsen Sofa,Olten Graphite,Sofa,Stationary,,Unspecified,599.99,666.65,10.0,Y
steinhafels,Ashley,221Z93639,15400758968691,Olsen Sofa,Olten Mocha,Sofa,Stationary,,Unspecified,599.99,666.65,10.0,Y
steinhafels,Flexsteel,849WRF448,15400759296371,Flexsteel Waterfall Round End Table,Waterfall Oak,Other,Stationary,,Unspecified,444.43,444.43,,Y
steinhafels,Flexsteel,849WTR954,15400759296371,Flexsteel Waterfall Round End Table,Waterfall Ebony,Other,Stationary,,Unspecified,388.88,388.88,,Y
steinhafels,Flexsteel,849WRF389,15400759296371,Flexsteel Waterfall Round End Table,Waterfall Brown,Other,Stationary,,Unspecified,388.88,388.88,,Y
steinhafels,Jackson/Catnapper,917PKG079,15400760377715,Camden 2-Pc. Leather Sectional with Chaise,09 Chocolate / Right-Facing,Sectional,Stationary,,Leather,3221.99,3221.99,,Y
steinhafels,Jackson/Catnapper,458PKG460,15400760377715,Camden 2-Pc. Leather Sectional with Chaise,09 Chocolate / Left-Facing,Sectional,Stationary,,Leather,2899.79,3221.99,10.0,Y
steinhafels,Jackson/Catnapper,243PK5092,15400760377715,Camden 2-Pc. Leather Sectional with Chaise,28 Steel / Right-Facing,Sectional,Stationary,,Leather,2899.79,3221.99,10.0,Y
steinhafels,Jackson/Catnapper,546PKG029,15400760377715,Camden 2-Pc. Leather Sectional with Chaise,28 Steel / Left-Facing,Sectional,Stationary,,Leather,2899.79,3221.99,10.0,Y
steinhafels,La-Z-Boy,954PKG000,15400760344947,Ava 7-Pc. Power Headrest Reclining Modular With Wireless Remote,Left-Facing,Sectional,Motion,Power,Unspecified,4262.39,7133.31,40.2,Y
steinhafels,La-Z-Boy,330PKG438,15400760344947,Ava 7-Pc. Power Headrest Reclining Modular With Wireless Remote,Right-Facing,Sectional,Motion,Power,Unspecified,4259.69,7133.31,40.3,Y
steinhafels,Jackson/Catnapper,364PK4793,15400760476019,Snuggler 3-Pc. Chaise Sectional,58 Smoke / Left-Facing,Sectional,Stationary,,Fabric,2807.09,3118.99,10.0,Y
steinhafels,Jackson/Catnapper,363PK5441,15400760476019,Snuggler 3-Pc. Chaise Sectional,58 Smoke / Right-Facing,Sectional,Stationary,,Fabric,2807.09,3118.99,10.0,Y
steinhafels,Jackson/Catnapper,502PKG558,15400760476019,Snuggler 3-Pc. Chaise Sectional,49 Chocolate / Right-Facing,Sectional,Stationary,,Fabric,2807.09,3118.99,10.0,Y
steinhafels,Jackson/Catnapper,645PKG004,15400760476019,Snuggler 3-Pc. Chaise Sectional,49 Chocolate / Left-Facing,Sectional,Stationary,,Fabric,3118.99,3118.99,,Y
steinhafels,Ashley,470334184,15400761098611,Essentials Nightstand,Grey,Other,Stationary,,Unspecified,149.39,221.99,32.7,N
steinhafels,Ashley,470087969,15400761098611,Essentials Nightstand,Charcoal,Other,Stationary,,Unspecified,199.79,221.99,10.0,Y
steinhafels,Ashley,470139904,15400761098611,Essentials Nightstand,White,Other,Stationary,,Unspecified,199.79,221.99,10.0,Y
steinhafels,Ashley,406TPK473,15400761065843,Austin Panel Bed,White / Twin / No Storage,Other,Stationary,,Unspecified,499.49,554.99,10.0,Y
steinhafels,Ashley,406STP025,15400761065843,Austin Panel Bed,White / Twin / Footboard Storage,Other,Stationary,,Unspecified,849.59,943.99,10.0,Y
steinhafels,Ashley,425SKP458,15400761065843,Austin Panel Bed,Black / King / Footboard Storage,Other,Stationary,,Unspecified,1069.19,1187.99,10.0,Y
steinhafels,Ashley,425KPK627,15400761065843,Austin Panel Bed,Black / King / No Storage,Other,Stationary,,Unspecified,669.59,743.99,10.0,Y
steinhafels,Ashley,414FPK319,15400761065843,Austin Panel Bed,Brown / Full / No Storage,Other,Stationary,,Unspecified,529.19,587.99,10.0,Y
steinhafels,Ashley,414SFP361,15400761065843,Austin Panel Bed,Brown / Full / Footboard Storage,Other,Stationary,,Unspecified,899.99,999.99,10.0,Y
steinhafels,Ashley,425SKP308,15400761065843,Austin Panel Bed,Brown / King / Footboard Storage,Other,Stationary,,Unspecified,1069.19,1187.99,10.0,Y
steinhafels,Ashley,425KPK223,15400761065843,Austin Panel Bed,Brown / King / No Storage,Other,Stationary,,Unspecified,669.59,743.99,10.0,Y
steinhafels,Ashley,414SFP732,15400761065843,Austin Panel Bed,Black / Full / Footboard Storage,Other,Stationary,,Unspecified,899.99,999.99,10.0,Y
steinhafels,Ashley,414FPK924,15400761065843,Austin Panel Bed,Black / Full / No Storage,Other,Stationary,,Unspecified,529.19,587.99,10.0,Y
steinhafels,Ashley,414SQP989,15400761065843,Austin Panel Bed,Black / Queen / Footboard Storage,Other,Stationary,,Unspecified,929.69,1032.99,10.0,Y
steinhafels,Ashley,414QPK609,15400761065843,Austin Panel Bed,Black / Queen / No Storage,Other,Stationary,,Unspecified,549.89,610.99,10.0,Y
steinhafels,Ashley,406TPK975,15400761065843,Austin Panel Bed,Brown / Twin / No Storage,Other,Stationary,,Unspecified,499.49,554.99,10.0,Y
steinhafels,Ashley,406STP923,15400761065843,Austin Panel Bed,Brown / Twin / Footboard Storage,Other,Stationary,,Unspecified,849.59,943.99,10.0,Y
steinhafels,Ashley,414FPK528,15400761065843,Austin Panel Bed,White / Full / No Storage,Other,Stationary,,Unspecified,529.19,587.99,10.0,Y
steinhafels,Ashley,414SFP099,15400761065843,Austin Panel Bed,White / Full / Footboard Storage,Other,Stationary,,Unspecified,899.99,999.99,10.0,Y
steinhafels,Ashley,414QPK298,15400761065843,Austin Panel Bed,White / Queen / No Storage,Other,Stationary,,Unspecified,549.89,610.99,10.0,Y
steinhafels,Ashley,414SQP078,15400761065843,Austin Panel Bed,White / Queen / Footboard Storage,Other,Stationary,,Unspecified,929.69,1032.99,10.0,Y
steinhafels,Ashley,414QPK096,15400761065843,Austin Panel Bed,Brown / Queen / No Storage,Other,Stationary,,Unspecified,549.89,610.99,10.0,Y
steinhafels,Ashley,414SQP763,15400761065843,Austin Panel Bed,Brown / Queen / Footboard Storage,Other,Stationary,,Unspecified,929.69,1032.99,10.0,Y
steinhafels,Ashley,406STP644,15400761065843,Austin Panel Bed,Black / Twin / Footboard Storage,Other,Stationary,,Unspecified,849.59,943.99,10.0,Y
steinhafels,Ashley,406TPK423,15400761065843,Austin Panel Bed,Black / Twin / No Storage,Other,Stationary,,Unspecified,499.49,554.99,10.0,Y
steinhafels,Ashley,425KPK121,15400761065843,Austin Panel Bed,White / King / No Storage,Other,Stationary,,Unspecified,669.59,743.99,10.0,Y
steinhafels,Ashley,425SKP467,15400761065843,Austin Panel Bed,White / King / Footboard Storage,Other,Stationary,,Unspecified,1069.19,1187.99,10.0,Y
steinhafels,Jackson/Catnapper,712PKG006,15400761360755,Snuggler 3-Pc. Sectional with Armless Loveseat,58 Smoke / Right-Facing,Sectional,Stationary,,Fabric,3191.99,3191.99,,Y
steinhafels,Jackson/Catnapper,000PKG794,15400761360755,Snuggler 3-Pc. Sectional with Armless Loveseat,58 Smoke / Left-Facing,Sectional,Stationary,,Fabric,2872.79,3191.99,10.0,Y
steinhafels,Jackson/Catnapper,106PKG195,15400761360755,Snuggler 3-Pc. Sectional with Armless Loveseat,49 Chocolate / Left-Facing,Sectional,Stationary,,Fabric,2872.79,3191.99,10.0,Y
steinhafels,Jackson/Catnapper,831PKG870,15400761360755,Snuggler 3-Pc. Sectional with Armless Loveseat,49 Chocolate / Right-Facing,Sectional,Stationary,,Fabric,3191.99,3191.99,,Y
steinhafels,Flexsteel,996349546,15400761491827,Flexsteel Hank Leather Fully Loaded Zero Gravity Reclining Sofa With Drop Down Table,946-00 Black,Sofa,Motion,,Leather,3333.32,3333.32,,Y
steinhafels,Flexsteel,865Z52976,15400761491827,Flexsteel Hank Leather Fully Loaded Zero Gravity Reclining Sofa With Drop Down Table,946-71 Burnt Umber,Sofa,Motion,,Leather,3333.32,3333.32,,Y
steinhafels,Ashley,723895283,15400761590131,Harvey Queen Sleeper,Harvey Nutmeg,Sofa,Stationary,,Unspecified,1099.99,1099.99,,Y
steinhafels,Ashley,787753030,15400761590131,Harvey Queen Sleeper,Harvey Taupe,Sofa,Stationary,,Unspecified,1099.99,1099.99,,Y
steinhafels,Ashley,464752555,15400761721203,Rian Mirror,White,Other,Stationary,,Unspecified,79.19,87.99,10.0,Y
steinhafels,Ashley,464642174,15400761721203,Rian Mirror,Charcoal Brown,Other,Stationary,,Unspecified,79.19,87.99,10.0,Y
steinhafels,Ashley,464501068,15400761721203,Rian Mirror,Tan,Other,Stationary,,Unspecified,79.19,87.99,10.0,Y
steinhafels,La-Z-Boy,354050527,15400761950579,Jay Power Headrest Reclining Console Loveseat With Dual Wireless Remotes,C180974 Mushroom,Loveseat,Motion,Power,Unspecified,2699.99,2999.99,10.0,Y
steinhafels,La-Z-Boy,815Z21045,15400761950579,Jay Power Headrest Reclining Console Loveseat With Dual Wireless Remotes,C180969 Granite,Loveseat,Motion,Power,Unspecified,2999.99,2999.99,,Y
steinhafels,Jackson/Catnapper,687PKG126,15400762605939,Snuggler 2-Pc. Chaise Sofa,58 Smoke / Left-Facing,Sofa,Stationary,,Fabric,2021.99,2021.99,,Y
steinhafels,Jackson/Catnapper,982PKG147,15400762605939,Snuggler 2-Pc. Chaise Sofa,58 Smoke / Right-Facing,Sofa,Stationary,,Fabric,2021.99,2021.99,,Y
steinhafels,Jackson/Catnapper,774PKG621,15400762605939,Snuggler 2-Pc. Chaise Sofa,49 Chocolate / Right-Facing,Sofa,Stationary,,Fabric,2021.99,2021.99,,Y
steinhafels,Jackson/Catnapper,260PKG436,15400762605939,Snuggler 2-Pc. Chaise Sofa,49 Chocolate / Left-Facing,Sofa,Stationary,,Fabric,1819.79,2021.99,10.0,Y
steinhafels,Ashley,310691948,15400762999155,Berlin Queen Sleeper,Axtellton/Umber,Sofa,Stationary,,Leather,944.99,1049.99,10.0,Y
steinhafels,Ashley,232487903,15400762999155,Berlin Queen Sleeper,Axtellton/Carbon,Sofa,Stationary,,Leather,989.99,1099.99,10.0,Y
steinhafels,Ashley,398823168,15400763097459,Bronx Loveseat,Bixler Olive,Loveseat,Stationary,,Unspecified,584.99,649.99,10.0,Y
steinhafels,Ashley,535332676,15400763097459,Bronx Loveseat,Bixler Navy,Loveseat,Stationary,,Unspecified,584.99,649.99,10.0,Y
steinhafels,Flexsteel,849CRP718,15400763425139,Carpenter End Table,LIGHT BROWN / EXPOSED BOLT HEADS,Other,Stationary,,Unspecified,555.54,555.54,,Y
steinhafels,Flexsteel,849CRP622,15400763425139,Carpenter End Table,DARK BROWN / EXPOSED BOLT HEADS,Other,Stationary,,Unspecified,555.54,555.54,,Y
steinhafels,Ashley,470643324,15400763982195,Rian Nightstand,Charcoal Brown,Other,Stationary,,Unspecified,179.99,199.99,10.0,Y
steinhafels,Ashley,470416807,15400763982195,Rian Nightstand,White,Other,Stationary,,Unspecified,179.99,199.99,10.0,Y
steinhafels,Jackson/Catnapper,932MTO659,15400764178803,Bennett Wide Ottoman,1504-01 Natural,Ottoman,Stationary,,Unspecified,469.99,469.99,,Y
steinhafels,Jackson/Catnapper,311655732,15400764178803,Bennett Wide Ottoman,1504-29 Stone,Ottoman,Stationary,,Unspecified,422.99,469.99,10.0,Y
steinhafels,Ashley,650895861,15400764408179,Emma Upholstered Side Chair,Emma Mustard,Chair,Stationary,,Unspecified,199.99,199.99,,Y
steinhafels,Ashley,650677885,15400764408179,Emma Upholstered Side Chair,Emma Charcoal,Chair,Stationary,,Unspecified,199.99,199.99,,Y
steinhafels,Ashley,650413486,15400764408179,Emma Upholstered Side Chair,Emma Light Gray,Chair,Stationary,,Unspecified,199.99,199.99,,Y
steinhafels,Ashley,650414978,15400764408179,Emma Upholstered Side Chair,Emma Blue,Chair,Stationary,,Unspecified,199.99,199.99,,Y
steinhafels,Ashley,896Z56610,15400764342643,Bronx Sofa,Bixler Olive,Sofa,Stationary,,Unspecified,722.21,722.21,,Y
steinhafels,Ashley,891Z13885,15400764342643,Bronx Sofa,Bixler Navy,Sofa,Stationary,,Unspecified,722.21,722.21,,Y
steinhafels,Jackson/Catnapper,490Z38641,15400764277107,Hunter Sofa,Green,Sofa,Stationary,,Fabric,999.99,1111.1,10.0,Y
steinhafels,Jackson/Catnapper,904436655,15400764277107,Hunter Sofa,Blue,Sofa,Stationary,,Fabric,1111.1,1111.1,,Y
steinhafels,Jackson/Catnapper,259ZPKG24,15400764506483,Domino 4-Pc. Modular,41 Greystone,Sectional,Stationary,,Fabric,2899.99,3222.21,10.0,Y
steinhafels,Jackson/Catnapper,606MPK789,15400764506483,Domino 4-Pc. Modular,46 Henna,Sectional,Stationary,,Fabric,2899.99,3222.21,10.0,Y
steinhafels,Ashley,464997830,15400764768627,Essentials Mirror,Charcoal,Other,Stationary,,Unspecified,79.19,87.99,10.0,Y
steinhafels,Ashley,464406635,15400764768627,Essentials Mirror,White,Other,Stationary,,Unspecified,79.19,87.99,10.0,Y
steinhafels,Ashley,631PKG349,15400764637555,Millennial 3-Pc. Power Headrest Zero Gravity Wall Recline Console Loveseat With Next-Gen Durapella,Slate,Sectional,Motion,Power,Leather,1821.99,1821.99,,Y
steinhafels,Ashley,284PKG155,15400764637555,Millennial 3-Pc. Power Headrest Zero Gravity Wall Recline Console Loveseat With Next-Gen Durapella,Sand,Sectional,Motion,Power,Leather,1639.79,1821.99,10.0,Y
steinhafels,Ashley,618Z12263,15400764834163,Nirvana Zero Wall Recliner,Tulen Mocha,Recliner,Motion,,Fabric,399.99,399.99,,Y
steinhafels,Ashley,701131155,15400764834163,Nirvana Zero Wall Recliner,Tulen Gray,Recliner,Motion,,Fabric,399.99,399.99,,Y
steinhafels,Ashley,365942425,15400764834163,Nirvana Zero Wall Recliner,Tulen Chocolate,Recliner,Motion,,Fabric,359.99,399.99,10.0,Y
steinhafels,Flexsteel,147295773,15400765325683,Flexsteel Dutchess Leather Fully Loaded Recliner,Floretine 562-80 Cortado,Recliner,Motion,,Leather,2069.99,2299.99,10.0,Y
steinhafels,Flexsteel,151Z71706,15400765325683,Flexsteel Dutchess Leather Fully Loaded Recliner,Floretine 562-82 Desert,Recliner,Motion,,Leather,2069.99,2299.99,10.0,Y
steinhafels,Flexsteel,784100778,15400765292915,Flexsteel Landon Leather Zero Gravity Fully Loaded Reclining Loveseat,Homerun Charcoal,Loveseat,Motion,,Leather,3399.99,3399.99,,Y
steinhafels,Flexsteel,959197821,15400765292915,Flexsteel Landon Leather Zero Gravity Fully Loaded Reclining Loveseat,Homerun Caramel,Loveseat,Motion,,Leather,3399.99,3399.99,,Y
steinhafels,Flexsteel,977887059,15400765292915,Flexsteel Landon Leather Zero Gravity Fully Loaded Reclining Loveseat,Homerun Dark Brown,Loveseat,Motion,,Leather,3399.99,3399.99,,Y
steinhafels,Jackson/Catnapper,300PKG571,15400765260147,Snuggler 2-Pc. Sectional,58 Smoke / Left-Facing,Sectional,Stationary,,Fabric,2014.19,2237.99,10.0,Y
steinhafels,Jackson/Catnapper,473PKG868,15400765260147,Snuggler 2-Pc. Sectional,58 Smoke / Right-Facing,Sectional,Stationary,,Fabric,2014.19,2237.99,10.0,Y
steinhafels,Jackson/Catnapper,229PKG508,15400765260147,Snuggler 2-Pc. Sectional,49 Chocolate / Right-Facing,Sectional,Stationary,,Fabric,2014.19,2237.99,10.0,Y
steinhafels,Jackson/Catnapper,686PKG103,15400765260147,Snuggler 2-Pc. Sectional,49 Chocolate / Left-Facing,Sectional,Stationary,,Fabric,2014.19,2237.99,10.0,Y
steinhafels,Ashley,258668095,15400765915507,Colorado Loveseat,Erinsburg Stone,Loveseat,Stationary,,Unspecified,476.99,529.99,10.0,Y
steinhafels,Ashley,457269260,15400765915507,Colorado Loveseat,Erinsburg Iron,Loveseat,Stationary,,Unspecified,476.99,529.99,10.0,Y
steinhafels,Ashley,500394556,15400765882739,Austin Chest,White,Other,Stationary,,Unspecified,699.29,776.99,10.0,Y
steinhafels,Ashley,500008995,15400765882739,Austin Chest,Black,Other,Stationary,,Unspecified,699.29,776.99,10.0,Y
steinhafels,Ashley,500535444,15400765882739,Austin Chest,Brown,Other,Stationary,,Unspecified,699.29,776.99,10.0,Y
steinhafels,La-Z-Boy,602968224,15400766177651,Jay Power Headrest Reclining Sofa With Dual Wireless Remotes,C180974 Mushroom,Sofa,Motion,Power,Unspecified,2199.99,2444.43,10.0,Y
steinhafels,La-Z-Boy,874Z81252,15400766177651,Jay Power Headrest Reclining Sofa With Dual Wireless Remotes,C180969 Granite,Sofa,Motion,Power,Unspecified,2444.43,2444.43,,Y
steinhafels,Jackson/Catnapper,344PKG847,15400766308723,Camden 3-Pc. Leather Sectional with Chaise,28 Steel / Right-Facing,Sectional,Stationary,,Leather,4749.29,5276.99,10.0,Y
steinhafels,Jackson/Catnapper,243PK5674,15400766308723,Camden 3-Pc. Leather Sectional with Chaise,28 Steel / Left-Facing,Sectional,Stationary,,Leather,4749.29,5276.99,10.0,Y
steinhafels,Jackson/Catnapper,455PKG429,15400766308723,Camden 3-Pc. Leather Sectional with Chaise,09 Chocolate / Left-Facing,Sectional,Stationary,,Leather,4749.29,5276.99,10.0,Y
steinhafels,Jackson/Catnapper,547PKG594,15400766308723,Camden 3-Pc. Leather Sectional with Chaise,09 Chocolate / Right-Facing,Sectional,Stationary,,Leather,4749.29,5276.99,10.0,Y
steinhafels,Ashley,478100514,15400766570867,Honey Chaise,Mahoney Chocolate,Other,Stationary,,Unspecified,499.49,554.99,10.0,Y
steinhafels,Ashley,233Z49319,15400766570867,Honey Chaise,Mahoney Pebble,Other,Stationary,,Unspecified,499.49,554.99,10.0,Y
steinhafels,La-Z-Boy,647Z83715,15400766964083,Acadia Leather Power Headrest Zero Gravity Recliner,LB206379 Dean Shitake,Recliner,Motion,Power,Leather,2277.77,2277.77,,Y
steinhafels,La-Z-Boy,148438918,15400766964083,Acadia Leather Power Headrest Zero Gravity Recliner,LB206376 Dean Chestnut,Recliner,Motion,Power,Leather,2049.99,2277.77,10.0,Y
steinhafels,Ashley,595Z60159,15400766898547,Berlin Sofa,Axtellton/Carbon,Sofa,Stationary,,Leather,599.99,666.65,10.0,Y
steinhafels,Ashley,994844560,15400766898547,Berlin Sofa,Axtellton/Umber,Sofa,Stationary,,Leather,666.65,666.65,,Y
steinhafels,Ashley,439ZPKG29,15400767291763,Dream 2 6-Pc. Modular,Right-Facing,Sectional,Stationary,,Unspecified,3799.99,4222.21,10.0,Y
steinhafels,Ashley,520QPKG46,15400767291763,Dream 2 6-Pc. Modular,Left-Facing,Sectional,Stationary,,Unspecified,3799.99,4222.21,10.0,Y
steinhafels,Ashley,999PKG672,15400767816051,Millennial 4-Pc. Power Headrest Zero Gravity Wall Saver Reclining Modular With Next-Gen Durapella,Slate,Sectional,Motion,Power,Leather,2824.99,2824.99,,Y
steinhafels,Ashley,308PKG999,15400767816051,Millennial 4-Pc. Power Headrest Zero Gravity Wall Saver Reclining Modular With Next-Gen Durapella,Sand,Sectional,Motion,Power,Leather,2542.49,2824.99,10.0,Y
steinhafels,Flexsteel,848CRP960,15400768340339,Carpenter Lift Top Cocktail,LIGHT BROWN / EXPOSED BOLT HEADS,Other,Stationary,,Unspecified,1222.21,1222.21,,Y
steinhafels,Flexsteel,848CRP932,15400768340339,Carpenter Lift Top Cocktail,DARK BROWN / EXPOSED BOLT HEADS,Other,Stationary,,Unspecified,1222.21,1222.21,,Y
steinhafels,Best Home Furnishings,650848298,15400768307571,Meyer Upholstered Side Chair,"Espresso / 22899 Peanut, Grade B",Chair,Stationary,,Fabric,149.39,421.99,64.6,Y
steinhafels,Best Home Furnishings,650864759,15400768307571,Meyer Upholstered Side Chair,"Riverloom / 22893D Pebble, Grade B",Chair,Stationary,,Fabric,149.39,421.99,64.6,Y
steinhafels,Ashley,603102801,15400768471411,Caden 5-Pc. Counter Height Dining Set,Natural Green,Other,Stationary,,Unspecified,589.49,654.99,10.0,Y
steinhafels,Ashley,603285931,15400768471411,Caden 5-Pc. Counter Height Dining Set,Natural White,Other,Stationary,,Unspecified,589.49,654.99,10.0,Y
steinhafels,Ashley,603578297,15400768471411,Caden 5-Pc. Counter Height Dining Set,Natural Blue,Other,Stationary,,Unspecified,589.49,654.99,10.0,Y
steinhafels,Ashley,603284432,15400768471411,Caden 5-Pc. Counter Height Dining Set,Natural Dark Brown,Other,Stationary,,Unspecified,589.49,654.99,10.0,Y
steinhafels,Flexsteel,859CRP238,15400768405875,Carpenter Lamp Table,LIGHT BROWN / EXPOSED BOLT HEADS,Other,Stationary,,Unspecified,555.54,555.54,,Y
steinhafels,Flexsteel,859CRP618,15400768405875,Carpenter Lamp Table,DARK BROWN / EXPOSED BOLT HEADS,Other,Stationary,,Unspecified,555.54,555.54,,Y
steinhafels,Bassett,414LQP265,15400768864627,Eden Leather Bed,Queen,Other,Stationary,,Leather,2299.49,3743.99,38.6,Y
steinhafels,Bassett,425LKP571,15400768864627,Eden Leather Bed,King,Other,Stationary,,Leather,2499.29,3965.99,37.0,Y
steinhafels,Ashley,440MTO443,15400768831859,Olsen Oversized Ottoman,Olten Mocha,Ottoman,Stationary,,Unspecified,323.99,359.99,10.0,Y
steinhafels,Ashley,276MTO293,15400768831859,Olsen Oversized Ottoman,Olten Graphite,Ottoman,Stationary,,Unspecified,323.99,359.99,10.0,Y
steinhafels,Ashley,943Z22591,15400769159539,Bronx Accent Chair,Bixler Olive,Chair,Stationary,,Unspecified,349.99,349.99,,Y
steinhafels,Ashley,274547810,15400769159539,Bronx Accent Chair,Bixler Navy,Chair,Stationary,,Unspecified,314.99,349.99,10.0,Y
steinhafels,Flexsteel,340526114,15400769552755,Flexsteel Oscar Fully Loaded Recliner,Light Brown,Recliner,Motion,,Unspecified,2149.99,2388.88,10.0,Y
steinhafels,Flexsteel,714790097,15400769552755,Flexsteel Oscar Fully Loaded Recliner,Dark Brown,Recliner,Motion,,Unspecified,2388.88,2388.88,,Y
steinhafels,Ashley,552Z49714,15400769618291,Olsen Chair,Olten Graphite,Chair,Stationary,,Unspecified,494.99,549.99,10.0,Y
steinhafels,Ashley,550997744,15400769618291,Olsen Chair,Olten Mocha,Chair,Stationary,,Unspecified,494.99,549.99,10.0,Y
steinhafels,Jackson/Catnapper,322PKG874,15400769847667,Domino 3-Pc. Sofa,41 Greystone,Sofa,Stationary,,Fabric,2164.49,2404.99,10.0,Y
steinhafels,Jackson/Catnapper,591MPK273,15400769847667,Domino 3-Pc. Sofa,46 Henna,Sofa,Stationary,,Fabric,2164.49,2404.99,10.0,Y
steinhafels,Jackson/Catnapper,505MTO533,15400770273651,Avoni Wide Chair,2350-19 Burlap,Chair,Stationary,,Fabric,791.99,879.99,10.0,Y
steinhafels,Jackson/Catnapper,995Z47284,15400770273651,Avoni Wide Chair,2350-28 Grey,Chair,Stationary,,Fabric,879.99,879.99,,Y
steinhafels,Ashley,644Z96634,15400770306419,Keaton Power Rocking Recliner,Gravel,Recliner,Motion,Power,Unspecified,549.99,749.99,26.7,Y
steinhafels,Ashley,153676501,15400770306419,Keaton Power Rocking Recliner,Ash,Recliner,Motion,Power,Unspecified,549.99,749.99,26.7,Y
steinhafels,Jackson/Catnapper,625MTO161,15400770634099,Bennett Sofa,1504-01 Natural,Sofa,Stationary,,Fabric,1099.99,1222.21,10.0,Y
steinhafels,Jackson/Catnapper,546Z47692,15400770634099,Bennett Sofa,1504-29 Stone,Sofa,Stationary,,Fabric,1099.99,1222.21,10.0,Y
steinhafels,Best Home Furnishings,732183106,15400770699635,Betty Lift Chair,20222 Denim,Recliner,Motion,,Fabric,1388.88,1388.88,,Y
steinhafels,Best Home Furnishings,855Z19697,15400770699635,Betty Lift Chair,20229 Khaki,Recliner,Motion,,Fabric,1388.88,1388.88,,Y
steinhafels,Ashley,522PKG355,15400771158387,Counsell 2-Pc. Full Sleeper Sectional,Denim / Right-Facing,Sectional,Stationary,,Fabric,1424.69,1582.99,10.0,Y
steinhafels,Ashley,576PKG405,15400771158387,Counsell 2-Pc. Full Sleeper Sectional,Denim / Left-Facing,Sectional,Stationary,,Fabric,1424.69,1582.99,10.0,Y
steinhafels,Ashley,348PKG663,15400771158387,Counsell 2-Pc. Full Sleeper Sectional,Gray / Right-Facing,Sectional,Stationary,,Fabric,1424.69,1582.99,10.0,Y
steinhafels,Ashley,305PKG572,15400771158387,Counsell 2-Pc. Full Sleeper Sectional,Gray / Left-Facing,Sectional,Stationary,,Fabric,1424.69,1582.99,10.0,Y
steinhafels,Ashley,464940739,15400771551603,Austin Mirror,Black,Other,Stationary,,Unspecified,159.29,176.99,10.0,Y
steinhafels,Ashley,464404466,15400771551603,Austin Mirror,White,Other,Stationary,,Unspecified,159.29,176.99,10.0,Y
steinhafels,Ashley,464105639,15400771551603,Austin Mirror,Brown,Other,Stationary,,Unspecified,159.29,176.99,10.0,Y
steinhafels,Natuzzi,456589393,15400771780979,Turin Leather Sofa,Dark Grey,Sofa,Stationary,,Leather,1839.99,3111.1,40.9,Y
steinhafels,Natuzzi,231426392,15400771780979,Turin Leather Sofa,Brandy,Sofa,Stationary,,Leather,2660.0,3111.1,14.5,Y
steinhafels,Jackson/Catnapper,322MTO415,15400771977587,Avoni Wide Ottoman,2350-19 Burlap,Ottoman,Stationary,,Unspecified,440.99,489.99,10.0,Y
steinhafels,Jackson/Catnapper,241614670,15400771977587,Avoni Wide Ottoman,2350-28 Grey,Ottoman,Stationary,,Unspecified,440.99,489.99,10.0,Y
steinhafels,Jackson/Catnapper,533457826,15400772469107,Hunter Wide Ottoman,Blue,Ottoman,Stationary,,Fabric,431.99,479.99,10.0,Y
steinhafels,Jackson/Catnapper,829Z65711,15400772469107,Hunter Wide Ottoman,Green,Ottoman,Stationary,,Fabric,479.99,479.99,,Y
steinhafels,Ashley,450009197,15400772632947,Hudson Dresser,OG Natural,Other,Stationary,,Unspecified,629.99,699.99,10.0,Y
steinhafels,Ashley,450135097,15400772632947,Hudson Dresser,OG Black,Other,Stationary,,Unspecified,629.99,699.99,10.0,Y
steinhafels,Ashley,603416117,15400773517683,Caden 6pc Dining Set,Natural Dark Brown,Other,Stationary,,Unspecified,719.99,799.99,10.0,Y
steinhafels,Ashley,603799949,15400773517683,Caden 6pc Dining Set,Natural Green,Other,Stationary,,Unspecified,719.99,799.99,10.0,Y
steinhafels,Ashley,603343365,15400773517683,Caden 6pc Dining Set,Natural White,Other,Stationary,,Unspecified,719.99,799.99,10.0,Y
steinhafels,Ashley,603769083,15400773517683,Caden 6pc Dining Set,Natural Blue,Other,Stationary,,Unspecified,719.99,799.99,10.0,Y
steinhafels,Flexsteel,849WRF150,15400773615987,Flexsteel Waterfall End Table,Waterfall Brown,Other,Stationary,,Unspecified,444.43,444.43,,Y
steinhafels,Flexsteel,849WTR703,15400773615987,Flexsteel Waterfall End Table,Waterfall Ebony,Other,Stationary,,Unspecified,444.43,444.43,,Y
steinhafels,Flexsteel,849WTR866,15400773615987,Flexsteel Waterfall End Table,Waterfall Oak,Other,Stationary,,Unspecified,444.43,444.43,,Y
steinhafels,Flexsteel,801CRP511,15400773714291,"Carpenter 72"" Console",DARK BROWN / EXPOSED BOLT HEADS,Other,Stationary,,Unspecified,2333.32,2333.32,,Y
steinhafels,Flexsteel,801CRP413,15400773714291,"Carpenter 72"" Console",LIGHT BROWN / EXPOSED BOLT HEADS,Other,Stationary,,Unspecified,2333.32,2333.32,,Y
steinhafels,Bassett,410176460,15400773910899,Paris Headboard Only,Queen,Other,Stationary,,Unspecified,1459.79,1621.99,10.0,Y
steinhafels,Bassett,421240959,15400773910899,Paris Headboard Only,King,Other,Stationary,,Unspecified,1499.39,1665.99,10.0,Y
steinhafels,Flexsteel,782PKG204,15400774041971,Flexsteel Landon 6-Pc. Leather Fully Loaded Zero Gravity Reclining Modular,Homerun Caramel,Sectional,Motion,,Leather,8722.99,8722.99,,Y
steinhafels,Flexsteel,279PKG508,15400774041971,Flexsteel Landon 6-Pc. Leather Fully Loaded Zero Gravity Reclining Modular,Homerun Dark Brown,Sectional,Motion,,Leather,7850.69,8722.99,10.0,Y
steinhafels,Flexsteel,447PKG219,15400774041971,Flexsteel Landon 6-Pc. Leather Fully Loaded Zero Gravity Reclining Modular,Homerun Charcoal,Sectional,Motion,,Leather,7850.69,8722.99,10.0,Y
steinhafels,Flexsteel,203PKG328,15400774009203,Flexsteel Landon 7-Pc. Leather Fully Loaded Zero Gravity Reclining Modular,Homerun Caramel,Sectional,Motion,,Leather,8336.69,9262.99,10.0,Y
steinhafels,Flexsteel,675PKG578,15400774009203,Flexsteel Landon 7-Pc. Leather Fully Loaded Zero Gravity Reclining Modular,Homerun Dark Brown,Sectional,Motion,,Leather,8336.69,9262.99,10.0,Y
steinhafels,Flexsteel,382PKG863,15400774009203,Flexsteel Landon 7-Pc. Leather Fully Loaded Zero Gravity Reclining Modular,Homerun Charcoal,Sectional,Motion,,Leather,8336.69,9262.99,10.0,Y
steinhafels,Ashley,656Z22718,15400774140275,Harvey Reversible Chaise Sofa,Harvey Taupe,Sofa,Stationary,,Unspecified,888.88,888.88,,Y
steinhafels,Ashley,265893255,15400774140275,Harvey Reversible Chaise Sofa,Harvey Nutmeg,Sofa,Stationary,,Unspecified,799.99,888.88,10.0,Y
steinhafels,Ashley,497ZPKG76,15400775188851,Millennial 6-Pc. Power Headrest Zero Gravity Wall Saver Reclining Modular With Next-Gen Durapella,Sand,Sectional,Motion,Power,Leather,3299.99,3666.66,10.0,Y
steinhafels,Ashley,645PKG600,15400775188851,Millennial 6-Pc. Power Headrest Zero Gravity Wall Saver Reclining Modular With Next-Gen Durapella,Slate,Sectional,Motion,Power,Leather,3666.66,3666.66,,Y
steinhafels,Flexsteel,113245342,15400775450995,Flexsteel Wrenn Leather Fully Loaded Zero Gravity Reclining Console Loveseat,Raven,Loveseat,Motion,,Leather,1728.53,3444.43,49.8,Y
steinhafels,Ashley,406TPK037,15400775483763,Meadowbrook Sleigh Storage Bed,Twin,Other,Stationary,,Unspecified,699.29,776.99,10.0,Y
steinhafels,Ashley,414FPK910,15400775483763,Meadowbrook Sleigh Storage Bed,Full,Other,Stationary,,Unspecified,829.79,921.99,10.0,Y
steinhafels,Jackson/Catnapper,238334091,15400775680371,Camden Leather Cocktail Ottoman,28 Steel / Medium,Ottoman,Stationary,,Leather,705.59,783.99,10.0,Y
steinhafels,Jackson/Catnapper,238334089,15400775680371,Camden Leather Cocktail Ottoman,28 Steel / Large,Ottoman,Stationary,,Leather,775.79,861.99,10.0,Y
steinhafels,Jackson/Catnapper,165475860,15400775680371,Camden Leather Cocktail Ottoman,09 Chocolate / Large,Ottoman,Stationary,,Leather,775.79,861.99,10.0,Y
steinhafels,Jackson/Catnapper,707227800,15400775680371,Camden Leather Cocktail Ottoman,09 Chocolate / Medium,Ottoman,Stationary,,Leather,783.99,783.99,,Y
steinhafels,Flexsteel,885CRP594,15400775778675,Carpenter Sofa Table,DARK BROWN / EXPOSED BOLT HEADS,Sofa,Stationary,,Unspecified,833.32,833.32,,Y
steinhafels,Flexsteel,885CRP716,15400775778675,Carpenter Sofa Table,LIGHT BROWN / EXPOSED BOLT HEADS,Sofa,Stationary,,Unspecified,833.32,833.32,,Y
steinhafels,Ashley,426PKG932,15400775909747,Skylar 3-Pc. Full Sleeper Sectional,Seyler Greystone / Right-Facing,Sectional,Stationary,,Unspecified,1876.49,2084.99,10.0,Y
steinhafels,Ashley,498PKG340,15400775909747,Skylar 3-Pc. Full Sleeper Sectional,Seyler Greystone / Left-Facing,Sectional,Stationary,,Unspecified,1876.49,2084.99,10.0,Y
steinhafels,Ashley,714PKG557,15400775909747,Skylar 3-Pc. Full Sleeper Sectional,Seyler Hemp / Right-Facing,Sectional,Stationary,,Unspecified,2084.99,2084.99,,Y
steinhafels,Ashley,896PKG546,15400775909747,Skylar 3-Pc. Full Sleeper Sectional,Seyler Hemp / Left-Facing,Sectional,Stationary,,Unspecified,2084.99,2084.99,,Y
steinhafels,Flexsteel,738645276,15400776040819,Flexsteel Oscar Fully Loaded Lift Chair,Light Brown,Recliner,Motion,,Leather,2444.43,2444.43,,Y
steinhafels,Flexsteel,980950845,15400776040819,Flexsteel Oscar Fully Loaded Lift Chair,Dark Brown,Recliner,Motion,,Leather,2444.43,2444.43,,Y
steinhafels,Jackson/Catnapper,967PKG411,15400776368499,Camden 3-Pc. Leather Sectional with Chaise - Large,09 Chocolate / Left-Facing,Sectional,Stationary,,Leather,5443.99,5443.99,,Y
steinhafels,Jackson/Catnapper,615PKG803,15400776368499,Camden 3-Pc. Leather Sectional with Chaise - Large,09 Chocolate / Right-Facing,Sectional,Stationary,,Leather,4899.59,5443.99,10.0,Y
steinhafels,Jackson/Catnapper,243QPKG72,15400776368499,Camden 3-Pc. Leather Sectional with Chaise - Large,28 Steel / Left-Facing,Sectional,Stationary,,Leather,4899.59,5443.99,10.0,Y
steinhafels,Jackson/Catnapper,242ZPK230,15400776368499,Camden 3-Pc. Leather Sectional with Chaise - Large,28 Steel / Right-Facing,Sectional,Stationary,,Leather,4899.59,5443.99,10.0,Y
steinhafels,Ashley,650094177,15400776466803,Leigh Side Chair,Gray,Chair,Stationary,,Leather,165.99,165.99,,Y
steinhafels,Ashley,650424605,15400776466803,Leigh Side Chair,Black,Chair,Stationary,,Leather,165.99,165.99,,Y
steinhafels,Ashley,650146148,15400776466803,Leigh Side Chair,Brown,Chair,Stationary,,Leather,165.99,165.99,,Y
steinhafels,Ashley,460590617,15400776663411,Olsen Ottoman,Olten Graphite,Ottoman,Stationary,,Unspecified,293.39,325.99,10.0,Y
steinhafels,Ashley,614189472,15400776663411,Olsen Ottoman,Olten Mocha,Ottoman,Stationary,,Unspecified,325.99,325.99,,Y
steinhafels,Ashley,4064T7945,15400777253235,Trinell Bookcase Bed,Twin,Other,Stationary,,Unspecified,549.89,610.99,10.0,Y
steinhafels,Ashley,4144F8323,15400777253235,Trinell Bookcase Bed,Full,Other,Stationary,,Unspecified,649.79,721.99,10.0,Y
steinhafels,Jackson/Catnapper,370MTO939,15400777843059,Avoni Swivel Glider Recliner,1939-39 Nutmeg,Recliner,Motion,,Unspecified,674.99,749.99,10.0,Y
steinhafels,Jackson/Catnapper,841Z61401,15400777843059,Avoni Swivel Glider Recliner,1939-08 Ebony,Recliner,Motion,,Unspecified,749.99,749.99,,Y
steinhafels,Ashley,414PQP962,15400778334579,Benson Panel Bed,Queen,Other,Stationary,,Unspecified,399.59,443.99,10.0,Y
steinhafels,Ashley,425PKP186,15400778334579,Benson Panel Bed,King,Other,Stationary,,Unspecified,549.89,610.99,10.0,Y
steinhafels,Ashley,414UFP042,15400778498419,Lizzie Bed,Full / No Storage,Other,Stationary,,Unspecified,689.39,765.99,10.0,Y
steinhafels,Ashley,414SFP287,15400778498419,Lizzie Bed,Full / One side rail storage,Other,Stationary,,Unspecified,999.89,1110.99,10.0,Y
steinhafels,Ashley,406UTP986,15400778498419,Lizzie Bed,Twin / No Storage,Other,Stationary,,Unspecified,569.69,632.99,10.0,Y
steinhafels,Ashley,406STP295,15400778498419,Lizzie Bed,Twin / One side rail storage,Other,Stationary,,Unspecified,849.59,943.99,10.0,Y
steinhafels,Flexsteel,418PKG622,15400778465651,Flexsteel Landon 2-Pc. Leather Fully Loaded Zero Gravity Reclining Loveseat,Homerun Dark Brown,Sectional,Motion,,Leather,3239.09,3598.99,10.0,Y
steinhafels,Flexsteel,943PKG828,15400778465651,Flexsteel Landon 2-Pc. Leather Fully Loaded Zero Gravity Reclining Loveseat,Homerun Caramel,Sectional,Motion,,Leather,3598.99,3598.99,,Y
steinhafels,Flexsteel,188PKG893,15400778465651,Flexsteel Landon 2-Pc. Leather Fully Loaded Zero Gravity Reclining Loveseat,Homerun Charcoal,Sectional,Motion,,Leather,3239.09,3598.99,10.0,Y
steinhafels,Ashley,377QPKG01,15400778531187,Cassie 2-Pc. Sectional,Right-Facing,Sectional,Stationary,,Unspecified,1699.99,1888.88,10.0,Y
steinhafels,Ashley,386ZPKG33,15400778531187,Cassie 2-Pc. Sectional,Left-Facing,Sectional,Stationary,,Unspecified,1699.99,1888.88,10.0,Y
steinhafels,La-Z-Boy,911Z61799,15400779186547,Cade Leather Rocker Recliner,LB206132 Oyster,Recliner,Motion,,Leather,799.99,1033.32,22.6,Y
steinhafels,La-Z-Boy,433011872,15400779186547,Cade Leather Rocker Recliner,LB206175 Stone,Recliner,Motion,,Leather,799.99,1033.32,22.6,Y
steinhafels,Ashley,892199595,15400779284851,Millennial Power Headrest Zero Gravity Wall Saver Recliner,Sand,Recliner,Motion,Power,Leather,1049.99,1049.99,,Y
steinhafels,Ashley,546342811,15400779284851,Millennial Power Headrest Zero Gravity Wall Saver Recliner,Slate,Recliner,Motion,Power,Leather,944.99,1049.99,10.0,Y
steinhafels,Ashley,853MPK337,15400779514227,Olsen 2-Pc. Sectional,Olten Graphite / Left-Facing,Sectional,Stationary,,Unspecified,1389.99,1389.99,,Y
steinhafels,Ashley,611MPK731,15400779514227,Olsen 2-Pc. Sectional,Olten Graphite / Right-Facing,Sectional,Stationary,,Unspecified,1250.99,1389.99,10.0,Y
steinhafels,Ashley,489MPK845,15400779514227,Olsen 2-Pc. Sectional,Olten Mocha / Left-Facing,Sectional,Stationary,,Unspecified,1250.99,1389.99,10.0,Y
steinhafels,Ashley,220MPK076,15400779514227,Olsen 2-Pc. Sectional,Olten Mocha / Right-Facing,Sectional,Stationary,,Unspecified,1250.99,1389.99,10.0,Y
steinhafels,Flexsteel,208167242,15400779645299,Flexsteel Landon Leather Zero Gravity Fully Loaded Reclining Console Loveseat With Wireless Charging,Homerun Dark Brown,Loveseat,Motion,,Leather,3149.99,3499.99,10.0,Y
steinhafels,Flexsteel,685467442,15400779645299,Flexsteel Landon Leather Zero Gravity Fully Loaded Reclining Console Loveseat With Wireless Charging,Homerun Charcoal,Loveseat,Motion,,Leather,3499.99,3499.99,,Y
steinhafels,Flexsteel,919ZZ6986,15400779645299,Flexsteel Landon Leather Zero Gravity Fully Loaded Reclining Console Loveseat With Wireless Charging,Homerun Caramel,Loveseat,Motion,,Leather,3499.99,3499.99,,Y
steinhafels,Ashley,450740667,15400779809139,Austin Dresser,Black,Other,Stationary,,Unspecified,749.69,832.99,10.0,Y
steinhafels,Ashley,450848580,15400779809139,Austin Dresser,White,Other,Stationary,,Unspecified,749.69,832.99,10.0,Y
steinhafels,Ashley,450399086,15400779809139,Austin Dresser,Brown,Other,Stationary,,Unspecified,749.69,832.99,10.0,Y
steinhafels,Flexsteel,560275779,15400780104051,Flexsteel Hank Leather Fully Loaded Zero Gravity Console Reclining Loveseat,946-00 Black,Loveseat,Motion,,Leather,3059.99,3399.99,10.0,Y
steinhafels,Flexsteel,885768859,15400780104051,Flexsteel Hank Leather Fully Loaded Zero Gravity Console Reclining Loveseat,946-71 Burnt Umber,Loveseat,Motion,,Leather,3399.99,3399.99,,Y
steinhafels,Ashley,414PQP258,15400780562803,Monica Upholstered Panel Bed,Queen,Other,Stationary,,Unspecified,669.59,743.99,10.0,Y
steinhafels,Ashley,425PKP540,15400780562803,Monica Upholstered Panel Bed,King,Other,Stationary,,Unspecified,829.79,921.99,10.0,Y
steinhafels,Ashley,780PKG211,15400780661107,Skylar 3-Pc. Sectional,Seyler Greystone / Left-Facing,Sectional,Stationary,,Unspecified,1666.65,1666.65,,Y
steinhafels,Ashley,380PKG566,15400780661107,Skylar 3-Pc. Sectional,Seyler Greystone / Right-Facing,Sectional,Stationary,,Unspecified,1499.99,1666.65,10.0,Y
steinhafels,Ashley,155QPKG60,15400780661107,Skylar 3-Pc. Sectional,Seyler Hemp / Left-Facing,Sectional,Stationary,,Unspecified,1499.99,1666.65,10.0,Y
steinhafels,Ashley,213ZPKG42,15400780661107,Skylar 3-Pc. Sectional,Seyler Hemp / Right-Facing,Sectional,Stationary,,Unspecified,1499.99,1666.65,10.0,Y
steinhafels,Ashley,329Z83918,15400780759411,Erin Ottoman,Kanlow/Dusk,Ottoman,Stationary,,Unspecified,249.29,276.99,10.0,Y
steinhafels,Ashley,321PKG328,15400781119859,Millennial 2-Pc. Power Headrest Zero Gravity Wall Saver Reclining Loveseat With Next-Gen Durapella,Sand,Sectional,Motion,Power,Leather,1421.09,1578.99,10.0,Y
steinhafels,Ashley,953PKG530,15400781119859,Millennial 2-Pc. Power Headrest Zero Gravity Wall Saver Reclining Loveseat With Next-Gen Durapella,Slate,Sectional,Motion,Power,Leather,1578.99,1578.99,,Y
steinhafels,Ashley,450787180,15400781513075,Rian Dresser,Charcoal Brown,Other,Stationary,,Fabric,379.79,421.99,10.0,Y
steinhafels,Ashley,450427233,15400781513075,Rian Dresser,White,Other,Stationary,,Fabric,379.79,421.99,10.0,Y
steinhafels,Ashley,406TP6811,15400781906291,Dylan Bed,Twin,Other,Stationary,,Unspecified,249.29,399.99,37.7,Y
steinhafels,Ashley,414FP4864,15400781906291,Dylan Bed,Full,Other,Stationary,,Unspecified,299.69,443.99,32.5,Y
steinhafels,Flexsteel,324PKG787,15400782201203,Flexsteel Landon 5-Pc. Leather Fully Loaded Zero Gravity Reclining Modular,Homerun Dark Brown,Sectional,Motion,,Leather,7364.69,8182.99,10.0,Y
steinhafels,Flexsteel,660PKG934,15400782201203,Flexsteel Landon 5-Pc. Leather Fully Loaded Zero Gravity Reclining Modular,Homerun Caramel,Sectional,Motion,,Leather,8182.99,8182.99,,Y
steinhafels,Flexsteel,893PKG909,15400782201203,Flexsteel Landon 5-Pc. Leather Fully Loaded Zero Gravity Reclining Modular,Homerun Charcoal,Sectional,Motion,,Leather,8182.99,8182.99,,Y
steinhafels,Bassett,410UQP560,15400782168435,Paris Upholstered Bed,Queen,Other,Stationary,,Unspecified,2459.69,2732.99,10.0,Y
steinhafels,Bassett,425UKP725,15400782168435,Paris Upholstered Bed,King,Other,Stationary,,Unspecified,2529.89,2810.99,10.0,Y
steinhafels,Flexsteel,893PKG580,15400782233971,Flexsteel Landon 3-Pc. Leather Fully Loaded Zero Gravity Reclining Sofa,Homerun Dark Brown,Sectional,Motion,,Leather,4138.99,4138.99,,Y
steinhafels,Flexsteel,266PKG279,15400782233971,Flexsteel Landon 3-Pc. Leather Fully Loaded Zero Gravity Reclining Sofa,Homerun Caramel,Sectional,Motion,,Leather,3725.09,4138.99,10.0,Y
steinhafels,Flexsteel,190PKG425,15400782233971,Flexsteel Landon 3-Pc. Leather Fully Loaded Zero Gravity Reclining Sofa,Homerun Charcoal,Sectional,Motion,,Leather,3725.09,4138.99,10.0,Y
steinhafels,Ashley,628680044,15400782332275,Harvey Wide Chair,Harvey Taupe,Chair,Stationary,,Unspecified,530.99,589.99,10.0,Y
steinhafels,Ashley,239Z02550,15400782332275,Harvey Wide Chair,Harvey Nutmeg,Chair,Stationary,,Unspecified,530.99,589.99,10.0,Y
steinhafels,Ashley,414UQP098,15400782397811,Monica Upholstered Bed,Queen,Other,Stationary,,Fabric,1059.29,1176.99,10.0,Y
steinhafels,Ashley,425UKP446,15400782397811,Monica Upholstered Bed,King,Other,Stationary,,Fabric,1199.69,1332.99,10.0,Y
steinhafels,Ashley,605163918,15400782791027,"Caden 60"" Counter Island Table",Natural Dark Brown,Other,Stationary,,Unspecified,379.79,421.99,10.0,Y
steinhafels,Ashley,605810420,15400782791027,"Caden 60"" Counter Island Table",Natural Green,Other,Stationary,,Unspecified,421.99,421.99,,Y
steinhafels,Ashley,605323225,15400782791027,"Caden 60"" Counter Island Table",Natural Blue,Other,Stationary,,Unspecified,379.79,421.99,10.0,Y
steinhafels,Ashley,605656729,15400782791027,"Caden 60"" Counter Island Table",Natural White,Other,Stationary,,Unspecified,421.99,421.99,,Y
steinhafels,Flexsteel,618PKG066,15400782922099,Flexsteel Landon 3-Pc. Leather Fully Loaded Zero Gravity Reclining Sofa,Homerun Caramel,Sectional,Motion,,Leather,4331.69,4812.99,10.0,Y
steinhafels,Flexsteel,619PKG738,15400782922099,Flexsteel Landon 3-Pc. Leather Fully Loaded Zero Gravity Reclining Sofa,Homerun Charcoal,Sectional,Motion,,Leather,4812.99,4812.99,,Y
steinhafels,Flexsteel,786PKG226,15400782922099,Flexsteel Landon 3-Pc. Leather Fully Loaded Zero Gravity Reclining Sofa,Homerun Dark Brown,Sectional,Motion,,Leather,4812.99,4812.99,,Y
steinhafels,Ashley,624ZPKG17,15400783348083,Mae 4-Pc. Sectional With Next-Gen Nuvella Performance Fabric,Right-Facing,Sectional,Stationary,,Fabric,2888.88,2888.88,,Y
steinhafels,Ashley,601QPKG76,15400783348083,Mae 4-Pc. Sectional With Next-Gen Nuvella Performance Fabric,Left-Facing,Sectional,Stationary,,Fabric,2599.99,2888.88,10.0,Y
steinhafels,Ashley,423PKG527,15400783806835,Counsell 2-Pc. Sectional,Gray / Right-Facing,Sectional,Stationary,,Fabric,1049.99,1166.65,10.0,Y
steinhafels,Ashley,671PKG035,15400783806835,Counsell 2-Pc. Sectional,Gray / Left-Facing,Sectional,Stationary,,Fabric,1049.99,1166.65,10.0,Y
steinhafels,Ashley,442ZPKG22,15400783806835,Counsell 2-Pc. Sectional,Denim / Right-Facing,Sectional,Stationary,,Fabric,1049.99,1166.65,10.0,Y
steinhafels,Ashley,593QPKG76,15400783806835,Counsell 2-Pc. Sectional,Denim / Left-Facing,Sectional,Stationary,,Fabric,1049.99,1166.65,10.0,Y
steinhafels,Jackson/Catnapper,282QPKG45,15400784822643,Dixie 3-Pc. Sectional With Chaise,Left-Facing,Sectional,Stationary,,Fabric,3005.09,3338.99,10.0,Y
steinhafels,Jackson/Catnapper,394ZPKG67,15400784822643,Dixie 3-Pc. Sectional With Chaise,Right-Facing,Sectional,Stationary,,Fabric,3005.09,3338.99,10.0,Y
steinhafels,Jackson/Catnapper,770Z03944,15400785052019,Avoni Cocktail Ottoman,1713-58 Marble,Ottoman,Stationary,,Fabric,599.99,599.99,,Y
steinhafels,Jackson/Catnapper,949MTO320,15400785052019,Avoni Cocktail Ottoman,1713-49 Rosewood,Ottoman,Stationary,,Fabric,599.99,599.99,,Y
steinhafels,Ashley,152MTO191,15400785183091,Willa Queen Sleeper,Default Title,Sofa,Stationary,,Unspecified,899.99,999.99,10.0,Y
steinhafels,Ashley,414096062,15400786461043,"Essentials Cream Bed, One Box",Queen,Other,Stationary,,Fabric,399.59,443.99,10.0,Y
steinhafels,Ashley,425K23626,15400786461043,"Essentials Cream Bed, One Box",King,Other,Stationary,,Fabric,449.09,498.99,10.0,Y
steinhafels,Ashley,623803201,15400786592115,"Ryan 25"" Counter Swivel Stool",Burnished Brown / Oatmeal,Chair,Stationary,,Unspecified,199.79,221.99,10.0,Y
steinhafels,Ashley,623556933,15400786592115,"Ryan 25"" Counter Swivel Stool",Smoky Dark Brown / Oatmeal,Chair,Stationary,,Unspecified,199.79,221.99,10.0,Y
steinhafels,Flexsteel,772Z32588,15400786755955,Flexsteel Dutchess Leather Fully Loaded Console Reclining Loveseat,Floretine 562-80 Cortado,Loveseat,Motion,,Leather,4129.99,4129.99,,Y
steinhafels,Flexsteel,528536013,15400786755955,Flexsteel Dutchess Leather Fully Loaded Console Reclining Loveseat,Floretine 562-82 Desert,Loveseat,Motion,,Leather,3716.99,4129.99,10.0,Y
steinhafels,Ashley,470134705,15400787444083,Hudson Nightstand,OG Black,Other,Stationary,,Unspecified,449.99,499.99,10.0,Y
steinhafels,Ashley,470097026,15400787444083,Hudson Nightstand,OG Natural,Other,Stationary,,Unspecified,449.99,499.99,10.0,Y
steinhafels,Ashley,623838671,15400787542387,Carter Counter Swivel Stool,"30.5"" Tall",Chair,Stationary,,Fabric,219.59,243.99,10.0,Y
steinhafels,Ashley,623643756,15400787542387,Carter Counter Swivel Stool,"24.13"" Tall",Chair,Stationary,,Fabric,219.59,243.99,10.0,Y
steinhafels,Jackson/Catnapper,357Z24154,15400787804531,Bennett Cocktail Ottoman,1433-28 Pewter,Ottoman,Stationary,,Unspecified,530.99,589.99,10.0,Y
steinhafels,Jackson/Catnapper,239MTO145,15400787804531,Bennett Cocktail Ottoman,1433-26 Buff,Ottoman,Stationary,,Unspecified,530.99,589.99,10.0,Y
steinhafels,Ashley,097BOW233,15400787771763,Geo Bowie Cabinet,Default Title,Other,Stationary,,Unspecified,949.99,1055.54,10.0,Y
steinhafels,Jackson/Catnapper,860PKG012,15400788853107,Snuggler 3-Pc. Piano Wedge Sectional,58 Smoke / Right-Facing,Sectional,Stationary,,Fabric,3407.99,3407.99,,Y
steinhafels,Jackson/Catnapper,440PKG322,15400788853107,Snuggler 3-Pc. Piano Wedge Sectional,58 Smoke / Left-Facing,Sectional,Stationary,,Fabric,3067.19,3407.99,10.0,Y
steinhafels,Jackson/Catnapper,865PKG991,15400788853107,Snuggler 3-Pc. Piano Wedge Sectional,49 Chocolate / Left-Facing,Sectional,Stationary,,Fabric,3407.99,3407.99,,Y
steinhafels,Jackson/Catnapper,609PKG582,15400788853107,Snuggler 3-Pc. Piano Wedge Sectional,49 Chocolate / Right-Facing,Sectional,Stationary,,Fabric,3067.19,3407.99,10.0,Y
steinhafels,Jackson/Catnapper,563MTO336,15400789049715,Bennett Swivel Glider Recliner,1764-11 Buff,Recliner,Motion,,Unspecified,710.99,789.99,10.0,Y
steinhafels,Jackson/Catnapper,364Z25122,15400789049715,Bennett Swivel Glider Recliner,1764-49 Stone,Recliner,Motion,,Unspecified,710.99,789.99,10.0,Y
steinhafels,Ashley,630Z14621,15400789115251,Gail Sofa,Default Title,Sofa,Stationary,,Unspecified,599.99,666.66,10.0,Y
steinhafels,Ashley,848NEST66,15400789344627,Nesting Medium Cocktail Table,Default Title,Other,Stationary,,Unspecified,333.32,333.32,,Y
steinhafels,Ashley,414UQP828,15400789475699,Soho Upholstered Bed,Queen,Other,Stationary,,Unspecified,519.29,576.99,10.0,Y
steinhafels,Ashley,425UKP987,15400789475699,Soho Upholstered Bed,King,Other,Stationary,,Unspecified,679.49,754.99,10.0,Y
steinhafels,Ashley,406PTP467,15400789901683,Remi Panel Bed,Twin,Other,Stationary,,Unspecified,429.29,476.99,10.0,Y
steinhafels,Ashley,414PFP429,15400789901683,Remi Panel Bed,Full,Other,Stationary,,Unspecified,519.29,576.99,10.0,Y
steinhafels,Ashley,414PQP662,15400789901683,Remi Panel Bed,Queen,Other,Stationary,,Unspecified,549.89,610.99,10.0,Y
steinhafels,Ashley,425PKP814,15400789901683,Remi Panel Bed,King,Other,Stationary,,Unspecified,649.79,721.99,10.0,Y
steinhafels,Ashley,623749550,15400789967219,"Ila 24"" Counter Upholstered Stool",Dark Grayish Brown / Light Grey,Other,Stationary,,Unspecified,179.99,199.99,10.0,Y
steinhafels,Ashley,623363312,15400789967219,"Ila 24"" Counter Upholstered Stool",Light Brown / Tan,Other,Stationary,,Unspecified,179.99,199.99,10.0,Y
steinhafels,Ashley,464362091,15400790491507,Benson Mirror,Default Title,Other,Stationary,,Unspecified,99.89,110.99,10.0,Y
steinhafels,La-Z-Boy,213141384,15400790655347,Acadia Leather Power Headrest Zero Gravity Reclining Loveseat,LB206379 Dean Shitake,Loveseat,Motion,Power,Leather,3249.99,3611.1,10.0,Y
steinhafels,La-Z-Boy,210747941,15400790655347,Acadia Leather Power Headrest Zero Gravity Reclining Loveseat,LB206376 Dean Chestnut,Loveseat,Motion,Power,Leather,3249.99,3611.1,10.0,Y
steinhafels,Best Home Furnishings,650850605,15400790819187,"Odellum 24"" Upholstered Stool","Dark Walnut / 20747 Canvas, Grade A",Other,Stationary,,Fabric,269.99,554.99,51.4,Y
steinhafels,Best Home Furnishings,650344506,15400790819187,"Odellum 24"" Upholstered Stool","Espresso / 20743B Stone, Grade A",Other,Stationary,,Fabric,249.29,554.99,55.1,Y
steinhafels,Ashley,859864211,15400790950259,Shaker Power Chairside,Brown,Other,Motion,Power,Unspecified,255.54,255.54,,Y
steinhafels,Ashley,859107918,15400790950259,Shaker Power Chairside,Grey,Other,Motion,Power,Unspecified,255.54,255.54,,Y
steinhafels,Ashley,859662780,15400790950259,Shaker Power Chairside,White,Other,Motion,Power,Unspecified,255.54,255.54,,Y
steinhafels,Ashley,859828486,15400790950259,Shaker Power Chairside,Black,Other,Motion,Power,Unspecified,255.54,255.54,,Y
steinhafels,Ashley,246481238,15400790884723,Colorado Rocker Recliner,Erinsburg Stone,Recliner,Motion,,Unspecified,485.99,539.99,10.0,Y
steinhafels,Ashley,977Z52572,15400790884723,Colorado Rocker Recliner,Erinsburg Iron,Recliner,Motion,,Unspecified,539.99,539.99,,Y
steinhafels,Jackson/Catnapper,169MTO053,15400791409011,Bennett Loveseat,1504-01 Natural,Loveseat,Stationary,,Fabric,1043.99,1159.99,10.0,Y
steinhafels,Jackson/Catnapper,609282971,15400791409011,Bennett Loveseat,1504-29 Stone,Loveseat,Stationary,,Fabric,1043.99,1159.99,10.0,Y
steinhafels,Jackson/Catnapper,602PKG971,15400791605619,Dixie 3-Pc. Sectional,Right-Facing,Sectional,Stationary,,Fabric,2753.99,3059.99,10.0,Y
steinhafels,Jackson/Catnapper,446PKG886,15400791605619,Dixie 3-Pc. Sectional,Left-Facing,Sectional,Stationary,,Fabric,2753.99,3059.99,10.0,Y
steinhafels,Flexsteel,848WRF754,15400792818035,Flexsteel Waterfall Cocktail Table,Waterfall Brown,Other,Stationary,,Unspecified,833.32,833.32,,Y
steinhafels,Flexsteel,848WRF445,15400792818035,Flexsteel Waterfall Cocktail Table,Waterfall Oak,Other,Stationary,,Unspecified,833.32,833.32,,Y
steinhafels,Flexsteel,848WTR615,15400792818035,Flexsteel Waterfall Cocktail Table,Waterfall Ebony,Other,Stationary,,Unspecified,833.32,833.32,,Y
steinhafels,Bassett,869PKG984,15400793112947,Reclining Your Way 3-Pc. Power Headrest Wall Saver Reclining Modular,Default Title,Sectional,Motion,Power,Unspecified,9598.99,9598.99,,Y
steinhafels,Flexsteel,859PLM929,15400793309555,Plymouth Lamp Table,Default Title,Other,Stationary,,Unspecified,444.43,444.43,,Y
steinhafels,Bassett,553689382,15400793538931,Meredith Ottoman,Default Title,Ottoman,Stationary,,Fabric,548.99,609.99,10.0,Y
steinhafels,Flexsteel,859CRP783,15400793702771,Carpenter Chairside Table,LIGHT BROWN / EXPOSED BOLT HEADS,Other,Stationary,,Unspecified,444.43,444.43,,Y
steinhafels,Flexsteel,859CRP034,15400793702771,Carpenter Chairside Table,DARK BROWN / EXPOSED BOLT HEADS,Other,Stationary,,Unspecified,444.43,444.43,,Y
steinhafels,La-Z-Boy,913Z61838,15400794194291,Jay Fully Loaded Rocker Recliner With Wireless Remote,C180974 Mushroom,Recliner,Motion,,Unspecified,1555.54,1555.54,,Y
steinhafels,La-Z-Boy,183Z59781,15400794194291,Jay Fully Loaded Rocker Recliner With Wireless Remote,C180969 Granite,Recliner,Motion,,Unspecified,1399.99,1555.54,10.0,Y
steinhafels,Flexsteel,102233789,15400795144563,Flexsteel Landon Leather Fully Loaded Swivel Recliner With Heat and Massage,Homerun Dark Brown,Recliner,Motion,,Leather,2132.99,2369.99,10.0,Y
steinhafels,Flexsteel,703261323,15400795144563,Flexsteel Landon Leather Fully Loaded Swivel Recliner With Heat and Massage,Homerun Caramel,Recliner,Motion,,Leather,2132.99,2369.99,10.0,Y
steinhafels,Flexsteel,874Z80448,15400795144563,Flexsteel Landon Leather Fully Loaded Swivel Recliner With Heat and Massage,Homerun Charcoal,Recliner,Motion,,Leather,2369.99,2369.99,,Y
steinhafels,Ashley,848CRS080,15400795275635,Crescent Cocktail Table,Default Title,Other,Stationary,,Unspecified,499.99,499.99,,Y
steinhafels,Flexsteel,800WRF398,15400795439475,"Flexsteel Waterfall 92"" Console",Default Title,Other,Stationary,,Unspecified,2111.1,2111.1,,Y
steinhafels,Bassett,885LIAM57,15400795570547,Liam Console Table,Default Title,Other,Stationary,,Unspecified,1444.43,1444.43,,Y
steinhafels,Ashley,904387630,15400795865459,Berlin Rocker Recliner,Axtellton/Umber,Recliner,Motion,,Leather,599.99,599.99,,Y
steinhafels,Ashley,464822761,15400795930995,Hudson Mirror,OG Natural,Other,Stationary,,Unspecified,79.19,87.99,10.0,Y
steinhafels,Ashley,464344488,15400795930995,Hudson Mirror,OG Black,Other,Stationary,,Unspecified,79.19,87.99,10.0,Y
steinhafels,Bassett,372026104,15400797012339,Kent Accent Chair,Default Title,Chair,Stationary,,Leather,1349.99,1499.99,10.0,Y
steinhafels,Bassett,944944165,15400797372787,Meredith Loveseat,Default Title,Loveseat,Stationary,,Fabric,1949.99,1949.99,,Y
steinhafels,Ashley,490Z29889,15400797405555,Erin Chair,Kanlow/Dusk,Chair,Stationary,,Unspecified,386.99,429.99,10.0,Y
steinhafels,Ashley,187319059,15400797405555,Erin Chair,Kanlow/Honey,Chair,Stationary,,Unspecified,255.59,429.99,40.6,Y
steinhafels,Jackson/Catnapper,845MPK344,15400798126451,Domino 5-Pc. Modular,46 Henna,Sectional,Stationary,,Fabric,3982.99,3982.99,,Y
steinhafels,Jackson/Catnapper,300PKG105,15400798126451,Domino 5-Pc. Modular,41 Greystone,Sectional,Stationary,,Fabric,3584.69,3982.99,10.0,Y
steinhafels,Flexsteel,126Z41385,15400798257523,Flexsteel Hank Leather Fully Loaded Zero Gravity Recliner,946-71 Burnt Umber,Recliner,Motion,,Leather,1979.99,2199.99,10.0,Y
steinhafels,Flexsteel,965Z58567,15400798257523,Flexsteel Hank Leather Fully Loaded Zero Gravity Recliner,946-00 Black,Recliner,Motion,,Leather,2199.99,2199.99,,Y
steinhafels,La-Z-Boy,832753564,15400798486899,Jay Power Headrest Reclining Loveseat,C180969 Granite,Loveseat,Motion,Power,Unspecified,2333.32,2333.32,,Y
steinhafels,La-Z-Boy,338567277,15400798486899,Jay Power Headrest Reclining Loveseat,C180974 Mushroom,Loveseat,Motion,Power,Unspecified,2099.99,2333.32,10.0,Y
steinhafels,Flexsteel,734Z04400,15400798552435,Flexsteel Loretta Chair,Default Title,Chair,Stationary,,Unspecified,999.99,1979.99,49.5,Y
steinhafels,Ashley,664Z80701,15400798847347,Colorado Sofa,Erinsburg/Stone,Sofa,Stationary,,Unspecified,499.99,555.54,10.0,Y
steinhafels,Ashley,776Z96960,15400798847347,Colorado Sofa,Erinsburg/Iron,Sofa,Stationary,,Unspecified,555.54,555.54,,Y
steinhafels,Jackson/Catnapper,874PKG697,15400799142259,Dixie 2-Pc. Chaise Sofa,Left-Facing,Sofa,Stationary,,Fabric,2047.99,2047.99,,Y
steinhafels,Jackson/Catnapper,878PKG272,15400799142259,Dixie 2-Pc. Chaise Sofa,Right-Facing,Sofa,Stationary,,Fabric,2047.99,2047.99,,Y
steinhafels,La-Z-Boy,992Z90454,15400799338867,Olympic Power Headrest Zero Gravity Recliner,Default Title,Recliner,Motion,Power,Unspecified,1444.43,1444.43,,Y
steinhafels,Ashley,520073795,15400799469939,Olsen Loveseat,Olten Graphite,Loveseat,Stationary,,Unspecified,539.99,599.99,10.0,Y
steinhafels,Ashley,995705315,15400799469939,Olsen Loveseat,Olten Mocha,Loveseat,Stationary,,Unspecified,599.99,599.99,,Y
steinhafels,Flexsteel,256Z55230,15400799863155,Flexsteel Main Street Chair,002-65 Berry,Chair,Stationary,,Unspecified,699.99,1529.99,54.2,Y
steinhafels,Ashley,403QPKG27,15400799994227,Alexa 5-Pc. Leather Chaise Sectional,Left-Facing,Sectional,Stationary,,Leather,4299.99,4777.77,10.0,Y
steinhafels,Ashley,997ZPKG71,15400799994227,Alexa 5-Pc. Leather Chaise Sectional,Right-Facing,Sectional,Stationary,,Leather,4777.77,4777.77,,Y
steinhafels,Ashley,945764657,15400800420211,Berlin Loveseat,Axtellton/Carbon,Loveseat,Stationary,,Leather,619.99,619.99,,Y
steinhafels,Ashley,978494759,15400800420211,Berlin Loveseat,Axtellton/Umber,Loveseat,Stationary,,Leather,609.99,609.99,,Y
steinhafels,La-Z-Boy,207PKG523,15400800715123,Ava 5-Pc. Power Headrest Reclining Modular With Wireless Remote,Left-Facing,Sectional,Motion,Power,Unspecified,3302.99,5533.33,40.3,Y
steinhafels,La-Z-Boy,302PKG221,15400800715123,Ava 5-Pc. Power Headrest Reclining Modular With Wireless Remote,Right-Facing,Sectional,Motion,Power,Unspecified,3302.99,5533.33,40.3,Y
steinhafels,Ashley,425602457,15400801010035,Adell Upholstered Bed,Brown,Other,Stationary,,Unspecified,249.29,498.99,50.0,Y
steinhafels,Ashley,425092554,15400801010035,Adell Upholstered Bed,Light grey fabric upholstery,Other,Stationary,,Fabric,249.29,498.99,50.0,Y
steinhafels,Jackson/Catnapper,218040610,15400801206643,Hunter Loveseat,Green,Loveseat,Stationary,,Fabric,962.99,1069.99,10.0,Y
steinhafels,Jackson/Catnapper,690039233,15400801206643,Hunter Loveseat,Blue,Loveseat,Stationary,,Fabric,1069.99,1069.99,,Y
steinhafels,Flexsteel,542683218,15400801436019,Flexsteel Zecliner Model 2 Fully Loaded Sleep Lift Chair With Heat And Massage,Nanobionic Umber,Recliner,Motion,,Fabric,2899.99,3222.21,10.0,Y
steinhafels,Flexsteel,967632856,15400801436019,Flexsteel Zecliner Model 2 Fully Loaded Sleep Lift Chair With Heat And Massage,Nanobionic Shell,Recliner,Motion,,Fabric,3222.21,3222.21,,Y
steinhafels,Ashley,470485619,15400801534323,Austin Nightstand,Black,Other,Stationary,,Unspecified,299.69,332.99,10.0,Y
steinhafels,Ashley,470759941,15400801534323,Austin Nightstand,White,Other,Stationary,,Unspecified,299.69,332.99,10.0,Y
steinhafels,Ashley,470630454,15400801534323,Austin Nightstand,Brown,Other,Stationary,,Unspecified,299.69,332.99,10.0,Y
steinhafels,Flexsteel,268745331,15400801567091,Hank Leather Fully Loaded Zero Gravity Reclining Loveseat,946-00 Black,Loveseat,Motion,,Leather,2906.99,3229.99,10.0,Y
steinhafels,Flexsteel,111055790,15400801567091,Hank Leather Fully Loaded Zero Gravity Reclining Loveseat,946-71 Burnt Umber,Loveseat,Motion,,Leather,2906.99,3229.99,10.0,Y
steinhafels,Jackson/Catnapper,346626130,15400801862003,Hunter Wide Chair,Blue,Chair,Stationary,,Fabric,809.99,899.99,10.0,Y
steinhafels,Jackson/Catnapper,499Z36134,15400801862003,Hunter Wide Chair,Green,Chair,Stationary,,Fabric,809.99,899.99,10.0,Y
steinhafels,Flexsteel,210Z58722,15400801993075,Flexsteel MOVE360 Leather Fully Loaded Swivel Recliner,050-40 Ocean,Recliner,Motion,,Leather,1499.99,2499.99,40.0,Y
steinhafels,Flexsteel,602327787,15400801993075,Flexsteel MOVE360 Leather Fully Loaded Swivel Recliner,050-01 Dove,Recliner,Motion,,Leather,1099.99,2499.99,56.0,Y
steinhafels,Flexsteel,430288375,15400801993075,Flexsteel MOVE360 Leather Fully Loaded Swivel Recliner,050-70 Chocolate,Recliner,Motion,,Leather,1499.99,2499.99,40.0,Y
steinhafels,Flexsteel,688884111,15400802058611,Flexsteel Landon Leather Zero Gravity Fully Loaded Reclining Sofa,Homerun Dark Brown,Sofa,Motion,,Leather,3099.99,3444.43,10.0,Y
steinhafels,Flexsteel,294Z86560,15400802058611,Flexsteel Landon Leather Zero Gravity Fully Loaded Reclining Sofa,Homerun Charcoal,Sofa,Motion,,Leather,3099.99,3444.43,10.0,Y
steinhafels,Flexsteel,698005010,15400802058611,Flexsteel Landon Leather Zero Gravity Fully Loaded Reclining Sofa,Homerun Caramel,Sofa,Motion,,Leather,3099.99,3444.43,10.0,Y
steinhafels,Ashley,575352579,15400803500403,Diana Loveseat,Default Title,Loveseat,Stationary,,Fabric,839.69,932.99,10.0,Y
steinhafels,Best Home Furnishings,650708375,15400804516211,"Sebra 24"" Upholstered Stool",Default Title,Other,Stationary,,Fabric,249.29,543.99,54.2,Y
steinhafels,Ashley,167847988,15400804614515,Dream 2 Cocktail Ottoman,Default Title,Ottoman,Stationary,,Unspecified,536.39,595.99,10.0,Y
steinhafels,Ashley,848NEST33,15400805204339,Nesting Small Cocktail Table,Default Title,Other,Stationary,,Unspecified,244.43,244.43,,Y
steinhafels,Flexsteel,459PKG708,15400805695859,Flexsteel Harbor 2-Pc. Fully Loaded Reclining Loveseat With Heat and Massage,Default Title,Sectional,Motion,,Leather,3311.09,3678.99,10.0,Y
steinhafels,La-Z-Boy,988Z14417,15400806023539,Morrison Fully Loaded Rocker Recliner With Wireless Remote,Default Title,Recliner,Motion,,Fabric,1499.99,1499.99,,Y
steinhafels,Best Home Furnishings,465Z03169,15400807465331,Louise Pushback Swivel Recliner,Default Title,Recliner,Motion,,Fabric,1259.99,1399.99,10.0,Y
steinhafels,Flexsteel,994530026,15400807760243,Flexsteel Oscar Leather Fully Loaded Lift Chair,Default Title,Recliner,Motion,,Leather,2666.66,2666.66,,Y
steinhafels,Flexsteel,290PKG669,15400808579443,Flexsteel Harbor 3-Pc. Fully Loaded Reclining Console Loveseat With Heat and Massage,Default Title,Sectional,Motion,,Leather,3833.09,4258.99,10.0,Y
steinhafels,Bassett,849RST574,15400808546675,Reston Square End Table,Default Title,Other,Stationary,,Unspecified,999.99,999.99,,Y
steinhafels,Ashley,605192635,15400809562483,"Macy 5-Pc. Counter Height Dining Set, Black",Default Title,Other,Stationary,,Leather,679.49,754.99,10.0,Y
steinhafels,Bassett,849TAHI11,15400809988467,Tahiti End Table,Default Title,Other,Stationary,,Unspecified,777.77,777.77,,Y
steinhafels,Flexsteel,800WRF849,15400809955699,"Flexsteel Waterfall 76"" Console",Default Title,Other,Stationary,,Unspecified,1777.77,1777.77,,Y
steinhafels,Ashley,849QD3005,15400810348915,Quad End Table,Default Title,Other,Stationary,,Unspecified,388.88,388.88,,Y
steinhafels,Ashley,977PKG874,15400810447219,Dream 2 5-Pc. Modular,Default Title,Sectional,Stationary,,Unspecified,3387.99,3387.99,,Y
steinhafels,Ashley,809013831,15400810774899,"Casper 60"" Fireplace",Default Title,Other,Stationary,,Unspecified,749.99,833.32,10.0,Y
steinhafels,La-Z-Boy,831PKG201,15400810873203,Ava 3-Pc. Power Headrest Reclining Console Loveseat,Default Title,Sectional,Motion,Power,Unspecified,2104.19,3519.97,40.2,Y
steinhafels,Ashley,450473873,15400811692403,Morgan Dresser,Default Title,Other,Stationary,,Unspecified,669.59,743.99,10.0,Y
steinhafels,Ashley,480666623,15400813625715,Lizzie Vanity Stool,Default Title,Other,Stationary,,Unspecified,159.29,176.99,10.0,Y
steinhafels,Ashley,848EAM041,15400814215539,Eames Cocktail Table,Default Title,Other,Stationary,,Unspecified,499.99,499.99,,Y
steinhafels,Ashley,470245994,15400814674291,Benson Nightstand,Default Title,Other,Stationary,,Unspecified,249.29,276.99,10.0,Y
steinhafels,Flexsteel,885MLW210,15400815100275,"Millwork 92"" Console",Default Title,Other,Stationary,,Unspecified,2555.54,2555.54,,Y
steinhafels,Natuzzi,276PKG828,15400815165811,Matteo 3-Pc. Leather Power Headrest Reclining Console Loveseat,Default Title,Sectional,Motion,Power,Leather,2920.49,5714.99,48.9,Y
steinhafels,Southern Motion,123Z33336,15400815395187,Pacey Leather Fully Loaded Rocker Recliner With SoCozi,Default Title,Recliner,Motion,,Leather,1529.49,2055.54,25.6,Y
steinhafels,Ashley,544Z94559,15400815427955,Stella Rocker Recliner In Next-Gen Nuvella Performance Fabric,Default Title,Recliner,Motion,,Fabric,489.99,544.43,10.0,Y
steinhafels,Ashley,351Z54798,15400815821171,Willa Wide Chair,Default Title,Chair,Stationary,,Unspecified,404.99,449.99,10.0,Y
steinhafels,Bassett,885RST883,15400816017779,Reston Console Table,Default Title,Other,Stationary,,Unspecified,1722.21,1722.21,,Y
steinhafels,Flexsteel,849LNC049,15400816509299,Lincoln End Table,Default Title,Other,Stationary,,Unspecified,611.1,611.1,,Y
steinhafels,Ashley,426Z10002,15400817557875,Berlin Rocker Recliner in Carbon,Default Title,Recliner,Motion,,Leather,575.99,639.99,10.0,Y
steinhafels,Flexsteel,859LNC891,15400818377075,Lincoln Accent Table,Default Title,Chair,Stationary,,Unspecified,333.32,333.32,,Y
steinhafels,Ashley,500911776,15400818868595,Benson Chest,Default Title,Other,Stationary,,Unspecified,579.59,643.99,10.0,Y
steinhafels,La-Z-Boy,806Z27167,15400819032435,Patrick Pwr Headrest Rkr Recl w Wireless Remote,Default Title,Recliner,Motion,,Leather,1555.54,1555.54,,Y
steinhafels,Flexsteel,848SLV229,15400819130739,Flexsteel Sylvie Cocktail Table,Default Title,Other,Stationary,,Unspecified,999.99,999.99,,Y
steinhafels,Ashley,500709209,15400819458419,Soho Chest,Default Title,Other,Stationary,,Unspecified,729.89,810.99,10.0,Y
steinhafels,Ashley,849EAM072,15400819523955,Eames End Table,Default Title,Other,Stationary,,Unspecified,311.1,311.1,,Y
steinhafels,Ashley,605303972,15400820834675,"Emma 48-64"" Rectangular Dining Table",Default Title,Other,Stationary,,Unspecified,499.49,554.99,10.0,Y
steinhafels,Ashley,670405261,15400823193971,Casey Two-Toned 3-pc. Counter Island Set,Default Title,Other,Stationary,,Unspecified,539.99,599.99,10.0,Y
steinhafels,Flexsteel,469Z23084,15400824177011,Flexsteel Westside Wide Chair And A Half,Default Title,Chair,Stationary,,Unspecified,1839.99,2044.43,10.0,Y
steinhafels,Ashley,830URB563,15400824504691,Urban Bookcase,Default Title,Other,Stationary,,Unspecified,599.99,666.66,10.0,Y
steinhafels,Flexsteel,849LYRA59,15400824930675,Flexsteel Lyra End Table,Default Title,Other,Stationary,,Unspecified,549.99,611.1,10.0,Y
steinhafels,La-Z-Boy,976Z19202,15400825160051,Cade Fully Loaded Recl Cons Love With Wireless Remote,Default Title,Sofa,Motion,,Unspecified,2777.77,2777.77,,Y
steinhafels,Bassett,859RST750,15400825323891,Reston Round Chairside Table,Default Title,Other,Stationary,,Unspecified,888.88,888.88,,Y
steinhafels,Ashley,164Z29853,15400825651571,Glen Leather Power Headrest Zero Gravity Reclining Sofa,Default Title,Sofa,Motion,Power,Leather,2299.99,2555.54,10.0,Y
steinhafels,La-Z-Boy,198Z58930,15400825848179,Norton Rocker Recliner,Default Title,Recliner,Motion,,Fabric,659.99,733.32,10.0,Y
steinhafels,Ashley,450224522,15400826208627,Remi Dresser,Default Title,Other,Stationary,,Unspecified,579.59,643.99,10.0,Y
steinhafels,Ashley,613Z41425,15400826896755,Cassie Storage Cocktail Ottoman,Default Title,Ottoman,Stationary,,Unspecified,377.99,419.99,10.0,Y
steinhafels,Ashley,895Z78239,15400826962291,Annalee Wide Chair,Default Title,Chair,Stationary,,Unspecified,611.99,611.99,,Y
steinhafels,Ashley,217Z53436,15400827027827,Diana Sofa,Default Title,Sofa,Stationary,,Fabric,899.99,999.99,10.0,Y
steinhafels,Ashley,859CNT625,15400829616499,Contra Chairside Table,Default Title,Other,Stationary,,Unspecified,149.98,422.21,64.5,Y
steinhafels,Flexsteel,849PLM809,15400829682035,Plymouth End Table,Default Title,Other,Stationary,,Unspecified,499.99,555.54,10.0,Y
steinhafels,Flexsteel,992004833,15400830370163,Flexsteel Zecliner Model 1 Medium Fully Loaded Sleep Lift Chair in Java,Default Title,Recliner,Motion,,Fabric,2444.43,2444.43,,Y
steinhafels,Ashley,792Z97358,15400830861683,Adley Sofa,Default Title,Sofa,Stationary,,Fabric,499.99,555.54,10.0,Y
steinhafels,Best Home Furnishings,650609159,15400831189363,"Odell Upholstered Side Chair In Riverloom / 21576 Java, Grade B",Default Title,Chair,Stationary,,Fabric,149.39,487.99,69.4,Y
steinhafels,Ashley,464253761,15400831975795,Dante Mirror In Black,Default Title,Other,Stationary,,Unspecified,89.99,99.99,10.0,Y
steinhafels,Ashley,359Z59173,15400832794995,Jade Chair in Caramel,Default Title,Chair,Stationary,,Leather,494.99,549.99,10.0,Y
steinhafels,Ashley,500253292,15400832893299,Meadowbrook Five Drawer Chest,Default Title,Other,Stationary,,Unspecified,889.19,987.99,10.0,Y
steinhafels,Bassett,881Z49454,15400833286515,Garner Swivel Chair,Default Title,Chair,Stationary,,Leather,1333.32,1333.32,,Y
steinhafels,Flexsteel,221893067,15400833712499,Flexsteel Loretta Loveseat,Default Title,Loveseat,Stationary,,Unspecified,1699.99,3499.99,51.4,Y
steinhafels,Ashley,500765911,15400834204019,Lizzie Dressing Chest,Default Title,Other,Stationary,,Unspecified,599.39,665.99,10.0,Y
steinhafels,Ashley,450680296,15400834859379,Lizzie Dresser,Default Title,Other,Stationary,,Unspecified,649.79,721.99,10.0,Y
steinhafels,Ashley,450019200,15400835383667,Soho Dresser,Default Title,Other,Stationary,,Unspecified,729.89,810.99,10.0,Y
steinhafels,Flexsteel,696589848,15400835613043,Flexsteel Main Street Loveseat,Default Title,Loveseat,Stationary,,Unspecified,1400.0,2499.99,44.0,Y
steinhafels,La-Z-Boy,520010718,15400836727155,Pinnacle Power Headrest Rocker Recliner with Wireless Remote,Default Title,Recliner,Motion,Power,Leather,1349.99,1499.99,10.0,Y
steinhafels,Natuzzi,285PKG936,15400837120371,Matteo 2-Pc. Leather Power Headrest Reclining Loveseat,Default Title,Sectional,Motion,Power,Leather,2453.39,4798.99,48.9,Y
steinhafels,Ashley,450837684,15400837448051,Hanna Dresser,Default Title,Other,Stationary,,Unspecified,549.89,610.99,10.0,Y
steinhafels,Flexsteel,801LNC417,15400839741811,"Lincoln 67"" Console",Default Title,Other,Stationary,,Unspecified,2199.99,2444.43,10.0,Y
steinhafels,Jackson/Catnapper,116PKG141,15400840561011,Ike 3-Pc. Sectional,Default Title,Sectional,Stationary,,Fabric,2481.29,2756.99,10.0,Y
steinhafels,Ashley,859KODA86,15400841019763,Koda Accent Table,Default Title,Chair,Stationary,,Unspecified,499.99,499.99,,Y
steinhafels,Bassett,849VANS11,15400841183603,Vansant End Table,Default Title,Other,Stationary,,Unspecified,949.99,1055.54,10.0,Y
steinhafels,Ashley,464960749,15400841576819,Tessa Mirror,Default Title,Other,Stationary,,Unspecified,189.89,210.99,10.0,Y
steinhafels,Ashley,500958476,15400842133875,Hanna Dressing Chest,Default Title,Other,Stationary,,Unspecified,789.29,876.99,10.0,Y
steinhafels,Ashley,366Z34874,15400842658163,Annalee Sofa,Default Title,Sofa,Stationary,,Unspecified,649.99,722.21,10.0,Y
steinhafels,Bassett,800CHG611,15400843116915,"Copenhagen 84"" Media Console",Default Title,Other,Stationary,,Unspecified,3399.99,3777.77,10.0,Y
steinhafels,Ashley,182MTO342,15400843280755,Adley Queen Sleeper Sofa,Default Title,Sofa,Stationary,,Fabric,908.99,1009.99,10.0,Y
steinhafels,La-Z-Boy,203Z75908,15400843706739,Cade Fully Loaded Reclining Sofa With Wireless Remote,Default Title,Sofa,Motion,,Unspecified,2399.99,2666.66,10.0,Y
steinhafels,Ashley,464612795,15400844067187,Remi Mirror,Default Title,Other,Stationary,,Unspecified,89.99,99.99,10.0,Y
steinhafels,Bassett,967Z12162,15400844263795,Dover Large Castered Storage Ottoman,Default Title,Ottoman,Stationary,,Fabric,1222.21,1222.21,,Y
steinhafels,Flexsteel,825PKG314,15400844951923,Flexsteel Harbor 5-Pc. Fully Loaded Reclining Modular With Heat and Massage,Default Title,Sectional,Motion,,Leather,7487.09,8318.99,10.0,Y
steinhafels,Best Home Furnishings,308Z51819,15400847409523,Reyona Chaise Lounger,Default Title,Other,Stationary,,Unspecified,1299.99,1444.43,10.0,Y
steinhafels,La-Z-Boy,536Z43530,15400847540595,Lennon Leather Fully Loaded Recliner With Wireless Remote,Default Title,Recliner,Motion,,Leather,1199.99,2055.54,41.6,Y
steinhafels,Jackson/Catnapper,365405286,15400848195955,Grant Chair,Default Title,Chair,Stationary,,Unspecified,649.79,721.99,10.0,Y
steinhafels,Ashley,464409587,15400848654707,Trinell Mirror,Default Title,Other,Stationary,,Unspecified,109.79,121.99,10.0,Y
steinhafels,Jackson/Catnapper,903PKG504,15400849637747,Dixie 2-Pc. Sectional,Default Title,Sectional,Stationary,,Fabric,2327.99,2327.99,,Y
steinhafels,Flexsteel,152Z30428,15400849867123,Catalina Leather Power Headrest Rocker Recliner,Default Title,Recliner,Motion,Power,Leather,2499.99,2777.77,10.0,Y
steinhafels,Best Home Furnishings,086640484,15400850489715,Pauley Push Back High Leg Recliner,Default Title,Recliner,Motion,,Unspecified,1099.99,1222.21,10.0,Y
steinhafels,Flexsteel,358Z26637,15400850588019,Catalina Power Headrest Reclining Sofa,Default Title,Sofa,Motion,Power,Unspecified,3299.99,3666.66,10.0,Y
steinhafels,Flexsteel,899Z00568,15400850686323,Pouf Cocktail Ottoman,Default Title,Ottoman,Stationary,,Fabric,579.99,644.43,10.0,Y
steinhafels,Best Home Furnishings,232Z81624,15400851145075,Arden Club Chair,Default Title,Chair,Stationary,,Unspecified,729.99,811.1,10.0,Y
steinhafels,Ashley,464712604,15400851931507,Hanna Mirror,Default Title,Other,Stationary,,Unspecified,79.19,87.99,10.0,Y
steinhafels,Ashley,623312480,15400852160883,"Carter 24"" Counter Saddle Stool",Default Title,Other,Stationary,,Fabric,89.09,98.99,10.0,Y
steinhafels,Jackson/Catnapper,171Z43322,15400852259187,Magnolia Sofa,Default Title,Sofa,Stationary,,Fabric,899.99,999.99,10.0,Y
steinhafels,Ashley,464658890,15400852619635,Morgan Mirror,Default Title,Other,Stationary,,Unspecified,169.19,187.99,10.0,Y
steinhafels,Ashley,470454807,15400854454643,Trinell Nightstand,Default Title,Other,Stationary,,Unspecified,269.09,298.99,10.0,Y
steinhafels,Ashley,605685988,15400855011699,"Rachel 84-108"" Dining Table",Default Title,Other,Stationary,,Unspecified,1119.59,1243.99,10.0,Y
steinhafels,Ashley,650374599,15400856256883,Ivy Side Chair,Default Title,Chair,Stationary,,Unspecified,119.69,132.99,10.0,Y
steinhafels,Flexsteel,284828290,15400856355187,Flexsteel Zecliner Fitted Sheet Set,Default Title,Recliner,Motion,,Fabric,49.99,55.54,10.0,Y
steinhafels,Jackson/Catnapper,242205551,15400857764211,Magnolia Loveseat,Default Title,Loveseat,Stationary,,Fabric,854.99,949.99,10.0,Y
steinhafels,Bassett,848LIAM49,15400858354035,Liam Cocktail Table,Default Title,Other,Stationary,,Unspecified,1399.99,1555.54,10.0,Y
steinhafels,Flexsteel,848LNC482,15400858714483,Lincoln Rectangle Cocktail Table,Default Title,Other,Stationary,,Unspecified,899.99,999.99,10.0,Y
steinhafels,Ashley,635259207,15400859173235,"Nolan 76"" Counter Table",Default Title,Other,Stationary,,Unspecified,539.09,598.99,10.0,Y
steinhafels,Ashley,937Z17100,15400859107699,Annalee Wide Ottoman,Default Title,Ottoman,Stationary,,Unspecified,274.49,304.99,10.0,Y
steinhafels,Bassett,791Z55388,15400859468147,Reclining Your Way Headrest Wall Saver Reclining Sofa,Default Title,Sofa,Motion,,Unspecified,4699.99,5222.21,10.0,Y
steinhafels,Flexsteel,848MLW265,15400859959667,Millwork Rectangle Cocktail Table,Default Title,Other,Stationary,,Unspecified,699.99,777.77,10.0,Y
steinhafels,Flexsteel,849SLV711,15400860516723,Flexsteel Sylvie Short End Table,Default Title,Other,Stationary,,Unspecified,299.99,333.32,10.0,Y
steinhafels,Ashley,859HNY165,15400860713331,Henley Accent Table,Default Title,Chair,Stationary,,Unspecified,299.99,333.32,10.0,Y
steinhafels,Ashley,085CHA895,15400860942707,Chase Accent Table,Default Title,Chair,Stationary,,Unspecified,119.99,133.32,10.0,Y
steinhafels,Ashley,309879919,15400861106547,Diana Wide Ottoman,Default Title,Ottoman,Stationary,,Fabric,269.09,298.99,10.0,Y
steinhafels,Flexsteel,801PLM952,15400862351731,"Plymouth 67"" Console",Default Title,Other,Stationary,,Unspecified,1499.99,1666.66,10.0,Y
steinhafels,Flexsteel,848MLW847,15400862450035,Millwork Round Cocktail Table,Default Title,Other,Stationary,,Unspecified,699.99,777.77,10.0,Y
steinhafels,Flexsteel,550039726,15400862712179,Flexsteel Westside Loveseat,Default Title,Loveseat,Stationary,,Unspecified,2249.99,2499.99,10.0,Y
steinhafels,Ashley,435786360,15400864055667,Meadowbrook Bunk Bed Storage,Default Title,Other,Stationary,,Unspecified,99.89,210.99,52.7,Y
steinhafels,La-Z-Boy,470Z51134,15400864383347,Rheeves High Leg Recliner,Default Title,Recliner,Motion,,Leather,1149.99,1277.77,10.0,Y
steinhafels,Bassett,848GRN114,15400864678259,Grain Square Cocktail Table,Default Title,Other,Stationary,,Unspecified,1549.99,1722.21,10.0,Y
steinhafels,La-Z-Boy,942Z09156,15400864907635,Olympic Power Headrest Zero Gravity Reclining Sofa,Default Title,Sofa,Motion,Power,Unspecified,2332.99,2332.99,,Y
steinhafels,Flexsteel,615141997,15400865071475,Catalina Power Headrest Reclining Loveseat,Default Title,Loveseat,Motion,Power,Unspecified,3249.99,3611.1,10.0,Y
steinhafels,Flexsteel,189Z36482,15400865202547,Flexsteel Ruby Chair,Default Title,Chair,Stationary,,Unspecified,1199.99,1333.32,10.0,Y
steinhafels,Ashley,848T63720,15400865366387,Township Cocktail Table,Default Title,Other,Stationary,,Unspecified,849.99,944.43,10.0,Y
steinhafels,Ashley,340Z91021,15400865792371,Jade Sofa in Caramel,Default Title,Sofa,Stationary,,Leather,599.99,666.66,10.0,Y
steinhafels,Southern Motion,122784704,15400865890675,Vista Power Headrest Rocker Recliner in Putty,Default Title,Recliner,Motion,Power,Unspecified,917.99,1249.99,26.6,Y
steinhafels,Ashley,650440779,15400866218355,Ralene Stool,Default Title,Other,Stationary,,Unspecified,139.49,154.99,10.0,Y
steinhafels,Flexsteel,885PLM022,15400866316659,Plymouth Drawer Sofa Table,Default Title,Sofa,Stationary,,Unspecified,799.99,888.88,10.0,Y
steinhafels,Ashley,623587439,15400866644339,"Carter 24"" Counter X Back Stool",Default Title,Other,Stationary,,Fabric,119.69,132.99,10.0,Y
steinhafels,Ashley,470434869,15400866808179,Lizzie Nightstand,Default Title,Other,Stationary,,Unspecified,309.59,343.99,10.0,Y
steinhafels,Ashley,635442170,15400868249971,"Pine Ridge 60"" Counter Table, White",Default Title,Other,Stationary,,Unspecified,599.39,665.99,10.0,Y
steinhafels,Flexsteel,989893074,15400869036403,Flexsteel Westside Chair,Default Title,Chair,Stationary,,Unspecified,1666.66,1666.66,,Y
steinhafels,Ashley,334Z26519,15400869069171,Glen Leather Power Headrest Zero Gravity Recliner,Default Title,Recliner,Motion,Power,Leather,1529.99,1699.99,10.0,Y
steinhafels,Ashley,500103793,15400869560691,Morgan Chest,Default Title,Other,Stationary,,Unspecified,669.59,743.99,10.0,Y
steinhafels,Flexsteel,143Z49048,15400869691763,Flexsteel Bradstreet Accent Chair,Default Title,Chair,Stationary,,Unspecified,799.99,1539.99,48.1,Y
steinhafels,Ashley,972Z79991,15400869888371,Gail Chair,Default Title,Chair,Stationary,,Unspecified,485.99,539.99,10.0,Y
steinhafels,Jackson/Catnapper,189253187,15400869986675,Magnolia Ottoman,Default Title,Ottoman,Stationary,,Unspecified,404.99,449.99,10.0,Y
steinhafels,Best Home Furnishings,847066178,15400870281587,Star Oversized Swivel Chair,Default Title,Chair,Stationary,,Unspecified,1149.99,1277.77,10.0,Y
steinhafels,Bassett,434Z87150,15400870478195,Trevor Power Recliner,Default Title,Recliner,Motion,Power,Leather,2299.99,2555.54,10.0,Y
steinhafels,Ashley,623656521,15400871297395,"Nolan 24"" Counter Upholstered Swivel Stool in Brown",Default Title,Chair,Stationary,,Leather,199.79,221.99,10.0,Y
steinhafels,La-Z-Boy,908494189,15400871592307,Randall Rocker Recliner,Default Title,Recliner,Motion,,Unspecified,1388.88,1388.88,,Y
steinhafels,Flexsteel,921358024,15400871690611,Flexsteel Oscar Leather Fully Loaded Recliner,Default Title,Recliner,Motion,,Leather,2749.99,3055.54,10.0,Y
steinhafels,Ashley,820URB300,15400871854451,Urban Desk,Default Title,Other,Stationary,,Unspecified,599.99,666.66,10.0,Y
steinhafels,Ashley,859RYC117,15400872083827,Royce Accent Table,Default Title,Chair,Stationary,,Unspecified,422.21,422.21,,Y
steinhafels,Flexsteel,310823962,15400872280435,Catalina Power Headrest Rocker Recliner,Default Title,Recliner,Motion,Power,Unspecified,1749.99,1944.43,10.0,Y
steinhafels,Ashley,859KNY927,15400872345971,Kenny Chairside Table,Default Title,Other,Stationary,,Unspecified,299.99,333.32,10.0,Y
steinhafels,Southern Motion,268186411,15400872608115,Robin Fully Loaded Reclining Loveseat With Next Level,Default Title,Loveseat,Motion,,Unspecified,1934.99,2149.99,10.0,Y
steinhafels,Jackson/Catnapper,279Z10797,15400872706419,Magnolia Accent Chair,Default Title,Chair,Stationary,,Unspecified,593.99,659.99,10.0,Y
steinhafels,Bassett,820CHP975,15400873034099,Copenhagen Writing Desk,Default Title,Other,Stationary,,Unspecified,1499.99,1666.66,10.0,Y
steinhafels,Flexsteel,849MLW851,15400873558387,Millwork Rectangle End Table,Default Title,Other,Stationary,,Unspecified,399.99,444.43,10.0,Y
steinhafels,Flexsteel,473PKG851,15400873623923,Flexsteel Harbor 7-Pc. Fully Loaded Reclining Modular With Heat and Massage,Default Title,Sectional,Motion,,Leather,8531.09,9478.99,10.0,Y
steinhafels,Southern Motion,172Z58269,15400876048755,Penny High Leg Recliner,Default Title,Recliner,Motion,,Unspecified,999.99,1111.1,10.0,Y
steinhafels,Ashley,500412426,15400877031795,Trinell Chest,Default Title,Other,Stationary,,Unspecified,449.09,498.99,10.0,Y
steinhafels,Ashley,817PKG635,15400878178675,Alexa 2-Pc. Leather Loveseat,Default Title,Loveseat,Stationary,,Leather,1914.29,2126.99,10.0,Y
steinhafels,Ashley,623658184,15400878506355,"Rachel 24"" Upholstered Swivel Counter Stool",Default Title,Chair,Stationary,,Fabric,208.79,231.99,10.0,Y
steinhafels,Bassett,512143635,15400878834035,Corinna Chair,Default Title,Chair,Stationary,,Unspecified,1099.99,1222.21,10.0,Y
steinhafels,Bassett,317Z38986,15400880079219,Reclining Your Way Power Headrest Wall Saver Recliner,Default Title,Recliner,Motion,Power,Unspecified,2609.99,2899.99,10.0,Y
steinhafels,Ashley,970Z35379,15400880669043,Adley Chair,Default Title,Chair,Stationary,,Fabric,395.99,439.99,10.0,Y
steinhafels,Jackson/Catnapper,309Z38547,15400882995571,Dixie Cocktail Ottoman,Default Title,Ottoman,Stationary,,Fabric,592.19,657.99,10.0,Y
steinhafels,Ashley,097STOR22,15400883028339,Hannah Storage Accent Cabinet,Default Title,Chair,Stationary,,Unspecified,1299.99,1444.43,10.0,Y
steinhafels,Ashley,470024148,15400883913075,Remi Nightstand,Default Title,Other,Stationary,,Unspecified,279.89,310.99,10.0,Y
steinhafels,Ashley,470058625,15400884535667,Tessa Nightstand,Default Title,Other,Stationary,,Unspecified,419.39,465.99,10.0,Y
steinhafels,Flexsteel,360827284,15400885191027,Flexsteel Westside Ottoman,Default Title,Ottoman,Stationary,,Unspecified,599.99,666.66,10.0,Y
steinhafels,Ashley,535PKG215,15400885256563,Alexa 5-Pc. Leather Sectional,Default Title,Sectional,Stationary,,Leather,4154.39,4615.99,10.0,Y
steinhafels,Ashley,623110468,15400885649779,"Boone 30"" Swivel Bar Stool",Default Title,Chair,Stationary,,Unspecified,199.79,221.99,10.0,Y
steinhafels,Flexsteel,879744478,15400885748083,Flexsteel Main Street Ottoman,Default Title,Ottoman,Stationary,,Unspecified,349.99,569.99,38.6,Y
steinhafels,Ashley,510PKG229,15400886042995,Alexa 3-Pc. Leather Sofa,Default Title,Sofa,Stationary,,Leather,2669.39,2965.99,10.0,Y
steinhafels,Southern Motion,561Z92435,15400886141299,Robin Fully Loaded Reclining Sofa With Next Level,Default Title,Sofa,Motion,,Unspecified,1999.99,2222.21,10.0,Y
steinhafels,Flexsteel,640Z42278,15400886796659,Murph Swivel Glider,Default Title,Chair,Motion,,Unspecified,1539.99,1711.1,10.0,Y
steinhafels,Flexsteel,328731267,15400887189875,Flexsteel Score Fully Loaded Reclining Sofa,Default Title,Sofa,Motion,,Unspecified,3899.99,4333.32,10.0,Y
steinhafels,Ashley,832402115,15400887255411,Willa Loveseat,Default Title,Loveseat,Stationary,,Unspecified,467.99,519.99,10.0,Y
steinhafels,Ashley,848QD1673,15400887353715,Quad Cocktail Table w/4 Stools,Default Title,Other,Stationary,,Unspecified,649.99,722.21,10.0,Y
steinhafels,Ashley,500167939,15400887320947,Remi Chest,Default Title,Other,Stationary,,Unspecified,549.89,610.99,10.0,Y
steinhafels,Ashley,500352159,15400887812467,Tessa Door & Drawer Chest,Default Title,Other,Stationary,,Unspecified,619.19,687.99,10.0,Y
steinhafels,Bassett,848RST434,15400888172915,Reston Rectangle Cocktail Table,Default Title,Other,Stationary,,Unspecified,1549.99,1722.21,10.0,Y
steinhafels,Natuzzi,795619092,15400888238451,Wally Swivel Chair,Default Title,Chair,Stationary,,Unspecified,589.99,1499.99,60.7,Y
steinhafels,Ashley,640121586,15400888697203,Rachel Dine Bench,Default Title,Other,Stationary,,Fabric,269.99,299.99,10.0,Y
steinhafels,Bassett,849CHG015,15400889418099,Copenhagen End Table,Default Title,Other,Stationary,,Unspecified,799.99,888.88,10.0,Y
steinhafels,Bassett,848TAHI10,15400890204531,Tahiti Cocktail Table,Default Title,Other,Stationary,,Unspecified,1599.99,1777.77,10.0,Y
steinhafels,Ashley,300Z86796,15400890302835,Jade Ottoman in Caramel,Default Title,Ottoman,Stationary,,Leather,278.99,309.99,10.0,Y
steinhafels,Ashley,470174591,15400890728819,Morgan Nightstand,Default Title,Other,Stationary,,Unspecified,299.69,332.99,10.0,Y
steinhafels,Bassett,835CHP845,15400891580787,Copenhagen Desk Chair,Default Title,Chair,Stationary,,Fabric,699.99,777.77,10.0,Y
steinhafels,Bassett,800CHG619,15400892432755,"Copenhagen 96"" Media Console",Default Title,Other,Stationary,,Unspecified,3299.99,3666.66,10.0,Y
steinhafels,Ashley,470733189,15400892563827,Monica Nightstand,Default Title,Other,Stationary,,Unspecified,409.49,454.99,10.0,Y
steinhafels,Flexsteel,542Z78464,15400893120883,Flexsteel Main Street Sofa,Default Title,Sofa,Stationary,,Unspecified,1499.99,2555.54,41.3,Y
steinhafels,Flexsteel,849LYRA81,15400893219187,Flexsteel Lyra Pouf,Default Title,Other,Stationary,,Fabric,279.99,311.1,10.0,Y
steinhafels,Bassett,553Z12047,15400893284723,New American Swivel Glider,Default Title,Chair,Motion,,Leather,1349.99,1499.99,10.0,Y
steinhafels,Ashley,615453910,15400893448563,Ivy Triangle Table,Default Title,Other,Stationary,,Unspecified,169.19,187.99,10.0,Y
steinhafels,Ashley,470400302,15400894890355,Dante Two Drawer Nightstand In Black,Default Title,Other,Stationary,,Unspecified,279.89,310.99,10.0,Y
steinhafels,Ashley,363Z51764,15400895086963,Glen Leather Power Headrest Zero Gravity Reclining Console Love,Default Title,Sofa,Motion,Power,Leather,2299.99,2555.54,10.0,Y
steinhafels,Ashley,464483585,15400896495987,Soho Mirror,Default Title,Other,Stationary,,Unspecified,139.49,154.99,10.0,Y
steinhafels,Ashley,500194534,15400897118579,Monica Chest,Default Title,Other,Stationary,,Unspecified,949.49,1054.99,10.0,Y
steinhafels,Ashley,450735740,15400897708403,Benson Dresser,Default Title,Other,Stationary,,Unspecified,649.79,721.99,10.0,Y
steinhafels,La-Z-Boy,933Z10968,15400897937779,Belmont Leather Fully Loaded Recliner With Wireless Remote,Default Title,Recliner,Motion,,Leather,1799.99,1999.99,10.0,Y
steinhafels,Bassett,671Z01172,15400898462067,Meredith Sofa,Default Title,Sofa,Stationary,,Fabric,1799.99,1999.99,10.0,Y
steinhafels,Ashley,623100175,15400899871091,"Nolan 24"" Counter Upholstered Swivel Stool in Grey",Default Title,Chair,Stationary,,Unspecified,199.79,221.99,10.0,Y
steinhafels,La-Z-Boy,390PKG962,15400900002163,Ava 3-Pc. Power Headrest Reclining Sofa,Default Title,Sectional,Motion,Power,Unspecified,2021.39,3379.97,40.2,Y
steinhafels,Ashley,085KIR892,15400900493683,Kirby Accent Table,Default Title,Chair,Stationary,,Unspecified,249.99,277.77,10.0,Y
steinhafels,Bassett,097CHP400,15400901050739,Copenhagen Display Cabinet,Default Title,Other,Stationary,,Unspecified,3499.99,3888.88,10.0,Y
steinhafels,Ashley,500466264,15400901869939,Lizzie Chest,Default Title,Other,Stationary,,Unspecified,599.39,665.99,10.0,Y
steinhafels,Jackson/Catnapper,153PKG859,15400902951283,Ike 4-Pc. Sectional,Default Title,Sectional,Stationary,,Fabric,3064.49,3404.99,10.0,Y
steinhafels,Jackson/Catnapper,737382627,15400903147891,Dixie Ottoman,Default Title,Ottoman,Stationary,,Fabric,503.99,559.99,10.0,Y
steinhafels,Ashley,222232847,15400903344499,Jade Loveseat in Caramel,Default Title,Loveseat,Stationary,,Leather,575.99,639.99,10.0,Y
steinhafels,Ashley,470045258,15400904130931,Meadowbrook One Drawer Nightstand,Default Title,Other,Stationary,,Unspecified,349.19,387.99,10.0,Y
steinhafels,Southern Motion,863Z02825,15400905015667,Diva Swivel Glider,Default Title,Chair,Motion,,Unspecified,769.49,999.99,23.1,Y
steinhafels,Flexsteel,337Z49723,15400905081203,Flexsteel Digby Ottoman,Default Title,Ottoman,Stationary,,Unspecified,529.99,588.88,10.0,Y
steinhafels,Jackson/Catnapper,541Z51154,15400905376115,Magnolia Cocktail Ottoman,Default Title,Ottoman,Stationary,,Fabric,476.99,529.99,10.0,Y
steinhafels,Ashley,849T63730,15400905507187,Township End Table,Default Title,Other,Stationary,,Unspecified,399.99,444.43,10.0,Y
steinhafels,Flexsteel,848LNC153,15400906031475,Lincoln Square Cocktail Table,Default Title,Other,Stationary,,Unspecified,949.99,1055.54,10.0,Y
steinhafels,Best Home Furnishings,756Z82604,15400906916211,Odon Round Ottoman,Default Title,Ottoman,Stationary,,Unspecified,489.99,544.43,10.0,Y
steinhafels,Ashley,006059041,15400907178355,"Travertine Brown Desk Lamp 17""H",Default Title,Other,Stationary,,Unspecified,80.99,89.99,10.0,Y
steinhafels,Ashley,450419197,15400907440499,Meadowbrook Six Drawer Dresser,Default Title,Other,Stationary,,Unspecified,889.19,987.99,10.0,Y
steinhafels,La-Z-Boy,853PKG577,15400907669875,Ava 6-Pc. Power Headrest Reclining Modular With Wireless Remote,Default Title,Sectional,Motion,Power,Unspecified,3488.39,5839.94,40.3,Y
steinhafels,Bassett,885VANS12,15400907768179,Vansant Console Table,Default Title,Other,Stationary,,Unspecified,1899.99,2111.1,10.0,Y
steinhafels,Flexsteel,489112168,15400908554611,Flexsteel Score Fully Loaded Reclining Loveseat,Default Title,Loveseat,Motion,,Unspecified,3749.99,4166.66,10.0,Y
steinhafels,Ashley,849CRS902,15400908783987,Crescent End Table,Default Title,Other,Stationary,,Unspecified,219.99,244.43,10.0,Y
steinhafels,Flexsteel,714Z39275,15400911044979,Flexsteel Digby Push Back Recliner,Default Title,Recliner,Motion,,Unspecified,1999.99,2222.21,10.0,Y
steinhafels,Ashley,981Z01640,15400912093555,Willa Sofa,Default Title,Sofa,Stationary,,Unspecified,499.99,555.54,10.0,Y
steinhafels,Ashley,650423953,15400912421235,Rachel Side Chair,Default Title,Chair,Stationary,,Fabric,189.89,210.99,10.0,Y
steinhafels,Ashley,805SHADO3,15400913011059,Shadow Chairside Table,Default Title,Other,Stationary,,Unspecified,349.99,388.88,10.0,Y
steinhafels,Ashley,329Z80108,15400913502579,Carly Loveseat in Graphite,Default Title,Loveseat,Stationary,,Unspecified,519.29,576.99,10.0,Y
steinhafels,Ashley,450823661,15400914583923,Monica Dresser,Default Title,Other,Stationary,,Unspecified,1019.69,1132.99,10.0,Y
steinhafels,La-Z-Boy,734PKG678,15400915009907,Ava 2-Pc. Power Headrest Reclining Loveseat,Default Title,Sectional,Motion,Power,Unspecified,1624.49,2719.98,40.3,Y
steinhafels,Ashley,623163396,15400915501427,"Jasmine 25"" Counter Stool",Default Title,Other,Stationary,,Fabric,149.39,165.99,10.0,Y
steinhafels,Jackson/Catnapper,642PKG353,15400915698035,Dixie 3-Pc. Sectional,Default Title,Sectional,Stationary,,Fabric,2610.89,2900.99,10.0,Y
steinhafels,Ashley,371Z31444,15400915960179,Gail Loveseat,Default Title,Loveseat,Stationary,,Unspecified,555.29,616.99,10.0,Y
steinhafels,Natuzzi,846PKG370,15400915927411,Matteo 3-Pc. Leather Power Headrest Reclining Sofa,Default Title,Sectional,Motion,Power,Leather,3016.79,6138.99,50.9,Y
steinhafels,Flexsteel,848LYRA37,15400916353395,Flexsteel Lyra Cocktail Table,Default Title,Other,Stationary,,Unspecified,949.99,1055.54,10.0,Y
steinhafels,Ashley,835URB411,15400917139827,Urban Desk Chair,Default Title,Chair,Stationary,,Unspecified,249.99,277.77,10.0,Y
steinhafels,Bassett,849RST427,15400917467507,Reston Round End Table,Default Title,Other,Stationary,,Unspecified,899.99,999.99,10.0,Y
steinhafels,Ashley,464027577,15400918319475,Monica Mirror,Default Title,Other,Stationary,,Unspecified,199.79,221.99,10.0,Y
steinhafels,Ashley,463PKG030,15400918352243,Mae 4-Pc. Sectional With Next-Gen Nuvella Performance Fabric,Default Title,Sectional,Stationary,,Fabric,2355.29,2616.99,10.0,Y
steinhafels,Ashley,214803992,15400919040371,Willa Wide Ottoman,Default Title,Ottoman,Stationary,,Unspecified,266.39,295.99,10.0,Y
steinhafels,Ashley,721P30510,15400919564659,Petal Road 4-pc Sectional,Default Title,Sectional,Stationary,,Unspecified,1299.59,1443.99,10.0,Y
steinhafels,Ashley,938Z54985,15400919892339,Diana Wide Chair,Default Title,Chair,Stationary,,Fabric,659.69,732.99,10.0,Y
steinhafels,Ashley,8854PKG94,15400919990643,Torjin Console Bar Table Set,Default Title,Other,Stationary,,Unspecified,639.89,710.99,10.0,Y
steinhafels,Best Home Furnishings,698Z12641,15400920383859,Larry Oversized Zero Gravity Lift Chair,Default Title,Recliner,Motion,,Unspecified,1749.99,1944.43,10.0,Y
steinhafels,Ashley,450828746,15400920711539,Trinell Six Drawer Dresser,Default Title,Other,Stationary,,Unspecified,549.89,610.99,10.0,Y
steinhafels,Best Home Furnishings,276052500,15400922415475,Andrea Wing Chair,Default Title,Chair,Stationary,,Fabric,699.99,777.77,10.0,Y
steinhafels,Ashley,605293599,15400923627891,Carter Counter Island Table,Default Title,Other,Stationary,,Unspecified,389.69,432.99,10.0,Y
steinhafels,Jackson/Catnapper,351405280,15400923890035,Grant Sofa,Default Title,Sofa,Stationary,,Unspecified,849.59,943.99,10.0,Y
steinhafels,Flexsteel,849LDW222,15400924348787,Ludwig End Table,Default Title,Other,Stationary,,Unspecified,399.99,444.43,10.0,Y
steinhafels,Flexsteel,848PLM556,15400924840307,Plymouth Rectangle Cocktail Table,Default Title,Other,Stationary,,Unspecified,549.99,611.1,10.0,Y
steinhafels,Ashley,885474519,15400924905843,Torjin Stool,Default Title,Other,Stationary,,Unspecified,149.99,166.66,10.0,Y
steinhafels,Flexsteel,694Z90619,15400925331827,Flexsteel Score Fully Loaded Recliner,Default Title,Recliner,Motion,,Unspecified,2049.99,2277.77,10.0,Y
steinhafels,Flexsteel,559Z46219,15400925397363,Flexsteel Loretta Sofa,Default Title,Sofa,Stationary,,Unspecified,1999.99,3555.54,43.8,Y
steinhafels,Ashley,500911193,15400925692275,Colette Chest,Default Title,Other,Stationary,,Unspecified,479.69,532.99,10.0,Y
steinhafels,La-Z-Boy,381243245,15400925823347,Lennon Leather Fully Loaded Swivel Recliner With Wireless Remote,Default Title,Recliner,Motion,,Leather,1899.99,2111.1,10.0,N
steinhafels,Ashley,885406314,15400926413171,Torjin Console Bar Table,Default Title,Other,Stationary,,Unspecified,349.99,388.88,10.0,Y
steinhafels,Ashley,650430514,15400927822195,Kayce Side Chair,Default Title,Chair,Stationary,,Fabric,109.79,121.99,10.0,Y
steinhafels,Bassett,848CHG347,15400928313715,Copenhagen Cocktail Table,Default Title,Other,Stationary,,Unspecified,1599.99,1777.77,10.0,Y
steinhafels,Ashley,805SHADO2,15400932606323,Shadow End Table,Default Title,Other,Stationary,,Unspecified,399.99,444.43,10.0,Y
steinhafels,Ashley,759Z26104,15400934080883,Cassie Oversized Swivel Chair,Default Title,Chair,Stationary,,Unspecified,800.99,889.99,10.0,Y
steinhafels,Bassett,650268734,15400934277491,Holt Side Chair,Default Title,Chair,Stationary,,Unspecified,199.79,776.99,74.3,Y
steinhafels,Best Home Furnishings,282Z14574,15400935063923,Tristan Leather Power Wall Saver Incliner,Default Title,Recliner,Motion,Power,Leather,989.99,1999.99,50.5,Y
steinhafels,Flexsteel,859SLV815,15400935227763,Flexsteel Sylvie Round Chairside Table,Default Title,Other,Stationary,,Unspecified,399.99,444.43,10.0,Y
steinhafels,Jackson/Catnapper,354405283,15400935358835,Grant Loveseat,Default Title,Loveseat,Stationary,,Unspecified,799.19,887.99,10.0,Y
steinhafels,Ashley,650491031,15400935457139,Jace Side Chair,Default Title,Chair,Stationary,,Unspecified,99.89,110.99,10.0,Y
steinhafels,La-Z-Boy,530663722,15400936472947,Olympic Power Headrest Zero Gravity Reclining Loveseat,Default Title,Loveseat,Motion,Power,Unspecified,2289.99,2289.99,,Y
steinhafels,Flexsteel,885MLW325,15400936538483,"Millwork 76"" Console",Default Title,Other,Stationary,,Unspecified,1999.99,2222.21,10.0,Y
steinhafels,Ashley,450679590,15400937587059,Tessa Dresser,Default Title,Other,Stationary,,Unspecified,676.79,751.99,10.0,Y
steinhafels,Ashley,605225168,15400937914739,"Jasmine 42"" Counter Table",Default Title,Other,Stationary,,Unspecified,339.29,376.99,10.0,Y
steinhafels,Bassett,885CHG581,15400938471795,"Copenhagen 60"" Console Table",Default Title,Other,Stationary,,Unspecified,1499.99,1666.66,10.0,Y
steinhafels,Ashley,650451354,15400941453683,Kimberly Ivory Chair,Default Title,Chair,Stationary,,Leather,89.99,99.99,10.0,Y
steinhafels,Bassett,849LIAM61,15400942567795,Liam End Table,Default Title,Other,Stationary,,Unspecified,849.99,944.43,10.0,Y
steinhafels,Bassett,993Z57147,15400943255923,Danbury Leather Small Square Ottoman,Default Title,Ottoman,Stationary,,Leather,569.99,1332.99,57.2,Y
steinhafels,Flexsteel,318Z51146,15400943354227,Flexsteel Westside Conversation Sofa,Default Title,Sofa,Stationary,,Unspecified,3599.99,3999.99,10.0,Y
steinhafels,Bassett,848VANS10,15400943452531,Vansant Cocktail Table,Default Title,Other,Stationary,,Unspecified,1799.99,1999.99,10.0,Y
steinhafels,Jackson/Catnapper,318910025,15400943518067,Brielle Loveseat,Default Title,Loveseat,Stationary,,Unspecified,879.98,1087.99,19.1,Y
steinhafels,Ashley,450938955,15400943714675,Dante Six Drawer Dresser,Default Title,Other,Stationary,,Unspecified,579.59,643.99,10.0,Y
steinhafels,Bassett,859LIAM74,15400944533875,Liam Chairside Table,Default Title,Other,Stationary,,Unspecified,799.99,888.88,10.0,Y
steinhafels,Ashley,480P63067,15400944599411,Lizzie Vanity with Mirror,Default Title,Other,Stationary,,Unspecified,854.99,949.99,10.0,Y
steinhafels,Flexsteel,849MLW792,15400945287539,Millwork Round End Table,Default Title,Other,Stationary,,Unspecified,399.99,444.43,10.0,Y
steinhafels,Ashley,532Z95420,15400945615219,Gail Ottoman,Default Title,Ottoman,Stationary,,Unspecified,256.49,284.99,10.0,Y
steinhafels,Ashley,605312936,15400945680755,Boone Front Bar,Default Title,Other,Stationary,,Unspecified,899.09,998.99,10.0,Y
steinhafels,Ashley,615116019,15400945779059,"Emma 45"" Round Dining Table",Default Title,Other,Stationary,,Unspecified,369.89,410.99,10.0,Y
steinhafels,Bassett,849GRN495,15400946041203,Grain End Table,Default Title,Other,Stationary,,Unspecified,899.99,999.99,10.0,Y
steinhafels,Flexsteel,442855143,15400946663795,Flexsteel Westside Sofa,Default Title,Sofa,Stationary,,Unspecified,2299.99,2555.54,10.0,Y
steinhafels,Flexsteel,849SLV610,15400946696563,Flexsteel Sylvie Tall End Table,Default Title,Other,Stationary,,Unspecified,399.99,444.43,10.0,Y
steinhafels,La-Z-Boy,273Z06786,15400946860403,Cade Fully Loaded Recliner With Wireless Remote,Default Title,Recliner,Motion,,Unspecified,1349.99,1499.99,10.0,Y
steinhafels,Ashley,500116544,15400947646835,Dante Five Drawer Chest In Black,Default Title,Other,Stationary,,Unspecified,549.89,610.99,10.0,Y
steinhafels,Flexsteel,848PLM411,15400948629875,Plymouth Square Cocktail Table,Default Title,Other,Stationary,,Unspecified,599.99,666.66,10.0,Y
steinhafels,Ashley,671974995,15400948957555,Boone Back Bar,Default Title,Other,Stationary,,Unspecified,919.79,1021.99,10.0,Y
steinhafels,Ashley,464264181,15400950989171,Meadowbrook Mirror,Default Title,Other,Stationary,,Unspecified,159.29,176.99,10.0,Y
steinhafels,Ashley,635801241,15400951349619,"Rachel 76"" Counter Table",Default Title,Other,Stationary,,Unspecified,589.49,654.99,10.0,Y
steinhafels,Ashley,371217266,15400951546227,Adley Loveseat,Default Title,Loveseat,Stationary,,Fabric,476.99,529.99,10.0,Y
steinhafels,Ashley,157510864,15400951972211,Annalee Loveseat,Default Title,Loveseat,Stationary,,Unspecified,599.39,665.99,10.0,Y
steinhafels,Flexsteel,859PLM971,15400952234355,Plymouth Chairside Table,Default Title,Other,Stationary,,Unspecified,499.99,555.54,10.0,Y
steinhafels,Bassett,154Z28059,15400952267123,Delway Medium Round Ottoman,Default Title,Ottoman,Stationary,,Fabric,839.99,933.32,10.0,Y
steinhafels,Flexsteel,821ZPKG65,15400955773299,Flexsteel Harbor 6-Pc. Fully Loaded Reclining Modular With Heat and Massage,Default Title,Sectional,Motion,,Leather,7999.99,8888.88,10.0,Y
steinhafels,Ashley,848NEST99,15400955740531,Nesting Large Cocktail Table,Default Title,Other,Stationary,,Unspecified,449.99,499.99,10.0,Y
steinhafels,Bassett,189Z36678,15400956559731,Meredith Chair,Default Title,Chair,Stationary,,Fabric,1124.99,1249.99,10.0,Y
steinhafels,Flexsteel,267Z61066,15400956952947,Flexsteel Kingman Leather Swivel Glider,Default Title,Chair,Motion,,Leather,2249.99,2499.99,10.0,Y
steinhafels,Best Home Furnishings,697511683,15400957313395,Justine Swivel Chair,Default Title,Chair,Stationary,,Fabric,749.99,833.32,10.0,Y
steinhafels,La-Z-Boy,850Z26255,15400958493043,Kodie Fully Loaded Rocker Recliner With Wireless Remote,Default Title,Recliner,Motion,,Fabric,1499.99,1666.66,10.0,Y
steinhafels,Flexsteel,645Z46577,15400958984563,Flexsteel Jupiter Accent Chair,Default Title,Chair,Stationary,,Unspecified,1079.99,1199.99,10.0,Y
steinhafels,Flexsteel,241PKG596,15400959476083,Flexsteel London 2-Pc. Sectional,Default Title,Sectional,Stationary,,Fabric,4499.99,4999.99,10.0,Y
steinhafels,Bassett,848RST841,15400959803763,"Reston 48"" Round Cocktail Table",Default Title,Other,Stationary,,Unspecified,1549.99,1722.21,10.0,Y
steinhafels,Jackson/Catnapper,589Z02050,15400960033139,Magnolia Chair,Default Title,Chair,Stationary,,Fabric,629.99,699.99,10.0,Y
steinhafels,Southern Motion,160436901,15400961048947,Vista Power Headrest Reclining Loveseat,Default Title,Loveseat,Motion,Power,Unspecified,1332.89,2029.99,34.3,Y
steinhafels,Ashley,169822603,15400961638771,Adley Ottoman,Default Title,Ottoman,Stationary,,Fabric,260.99,289.99,10.0,Y
steinhafels,Best Home Furnishings,781Z70265,15400962031987,Randi Accent Chair,Default Title,Chair,Stationary,,Fabric,669.99,744.43,10.0,Y
steinhafels,Ashley,660469570,15400962654579,Pine Ridge Server,Default Title,Other,Stationary,,Unspecified,1099.79,1221.99,10.0,Y
steinhafels,Bassett,885CHG632,15400962621811,"Copenhagen 72"" Console Table",Default Title,Other,Stationary,,Unspecified,1599.99,1777.77,10.0,Y
steinhafels,Jackson/Catnapper,356227001,15400963506547,Brielle Wide Ottoman,Default Title,Ottoman,Stationary,,Unspecified,427.49,498.99,14.3,Y
steinhafels,Jackson/Catnapper,806Z58029,15400963572083,Brielle Wide Chair,Default Title,Chair,Stationary,,Unspecified,759.99,887.99,14.4,Y
steinhafels,Flexsteel,139580218,15400965833075,Flexsteel Zecliner Model 2 Large Fully Loaded Sleep Recliner,Default Title,Recliner,Motion,,Fabric,2299.99,2555.54,10.0,Y
steinhafels,Southern Motion,480Z70541,15400965767539,Robin Fully Loaded Reclining Console Loveseat With Next Level And Wireless Charging,Default Title,Loveseat,Motion,,Unspecified,2033.99,2259.99,10.0,Y
steinhafels,Ashley,798707161,15400966521203,Gail Queen Sleeper,Default Title,Sofa,Stationary,,Unspecified,989.99,1099.99,10.0,Y
steinhafels,Flexsteel,505PKG040,15400966586739,Flexsteel Harbor 3-Pc. Fully Loaded Reclining Sofa With Heat and Massage,Default Title,Sectional,Motion,,Leather,4463.09,4958.99,10.0,Y
steinhafels,Ashley,805SHADO1,15400967307635,Shadow Cocktail Table,Default Title,Other,Stationary,,Unspecified,849.99,944.43,10.0,Y
steinhafels,Ashley,623378128,15400967766387,"Rachel 24"" Upholstered Counter Stool",Default Title,Other,Stationary,,Fabric,169.19,187.99,10.0,Y
steinhafels,Southern Motion,817Z55950,15400967930227,Jive Power Headrest High Leg Recliner,Default Title,Recliner,Motion,Power,Unspecified,1214.99,1349.99,10.0,Y
steinhafels,Flexsteel,516Z08741,15400967995763,Catalina Power Headrest Reclining Console Loveseat,Default Title,Loveseat,Motion,Power,Unspecified,3499.99,3888.88,10.0,Y
steinhafels,Southern Motion,993Z64936,15400967962995,Robin Fully Loaded Recliner With Next Level,Default Title,Recliner,Motion,,Unspecified,1178.99,1309.99,10.0,Y
steinhafels,Ashley,470470346,15400968454515,Soho Nightstand,Default Title,Other,Stationary,,Unspecified,349.19,387.99,10.0,Y
steinhafels,Best Home Furnishings,616Z14663,15400968618355,Airily Swivel Chair,Default Title,Chair,Stationary,,Fabric,949.99,1055.54,10.0,Y
steinhafels,Ashley,650431960,15400969011571,Haddigan Stool,Default Title,Other,Stationary,,Unspecified,139.49,154.99,10.0,Y
steinhafels,Flexsteel,848LDW888,15400969142643,Ludwig Cocktail Table,Default Title,Other,Stationary,,Unspecified,549.99,611.1,10.0,Y
steinhafels,La-Z-Boy,875Z20763,15400969437555,Audrey High Leg Power Headrest Recliner with Wireless Remote,Default Title,Recliner,Motion,Power,Unspecified,1499.99,1666.66,10.0,Y
steinhafels,Jackson/Catnapper,373405286,15400970715507,Grant Ottoman,Default Title,Ottoman,Stationary,,Unspecified,344.69,382.99,10.0,Y
steinhafels,Bassett,516ZPKG89,15400970813811,Reclining Your Way 4-Pc. Power Headrest Wall Saver Reclining Modular,Default Title,Sectional,Motion,Power,Unspecified,9899.99,10999.99,10.0,Y
steinhafels,Flexsteel,885PLM900,15400972157299,Plymouth Sofa Table,Default Title,Sofa,Stationary,,Unspecified,749.99,833.32,10.0,Y
