state,zip,store_id,store_address,county,geo,whole_milk,milk_2pct,milk_1pct,milk_fatfree,pct_black,pct_white,pct_hisp,median_income,population,class_I_diff_cwt
,28563,7218,2915 Neuse Blvd,,,3.02,,,,,,,,,
AK,99503,2070,3101 A St,Anchorage Municipality,rural,4.98,4.98,4.98,4.98,10.0,46.0,6.9,72958.0,12620,
AK,99504,4359,7405 Debarr Road,Anchorage Municipality,urban,4.98,4.98,4.98,4.98,10.0,44.7,9.1,80267.0,40938,
AK,99515,2071,8900 Old Seward Hwy,Anchorage Municipality,urban,4.98,4.98,4.98,4.98,1.9,59.2,10.0,110613.0,21629,
AK,99577,2188,"18600 Eagle River Rd, Eagle River, AK 99577",Anchorage Municipality,rural,4.98,4.98,4.98,4.98,2.7,76.0,8.2,131993.0,28124,
AK,99611,4474,"10096 Kenai Spur Hwy, Kenai, AK 99611",Kenai Peninsula Borough,rural,4.98,4.98,4.98,4.98,0.6,69.9,6.5,72608.0,15188,
AK,99654,2074,"1350 S Seward Meridian Pkwy, Wasilla, AK 99654",Matanuska-Susitna Borough,rural,4.98,4.98,4.98,4.98,1.4,76.4,6.0,88875.0,43606,
AK,99701,2722,"537 Johansen Expy, Fairbanks, AK 99701",Fairbanks North Star Borough,rural,4.98,4.98,4.98,4.98,4.9,58.4,6.8,69534.0,18295,
AL,30165,658,2510 Redmond Cir Nw,Cherokee,rural,3.52,3.52,3.52,3.52,11.6,62.7,20.9,58553.0,42146,5.4
AL,35007,4756|423,9085 Hwy 119,Shelby,rural,3.06,3.06,3.06,3.06,14.6,70.9,10.4,81351.0,27052,5.6
AL,35010,726,"2643 Highway 280, Alexander City, AL 35010",Coosa,rural,4.0,4.0,4.0,4.0,31.5,61.9,4.4,46730.0,20406,5.6
AL,35016,306,"1450 No. Brindlee Mt, Arab, AL 35016",Blount,rural,4.02,4.02,4.02,4.02,0.5,90.0,5.0,55440.0,17532,5.4
AL,35022,764,"750 Academy Dr, Bessemer, AL 35022",Jefferson,rural,3.06,3.06,3.06,3.12,54.2,40.7,2.3,74951.0,23237,5.6
AL,35023,4497,"1007 Red Farmer Dr, Hueytown, AL 35023",Jefferson,rural,3.06,3.06,3.06,3.06,30.7,61.3,4.1,67141.0,25335,5.6
AL,35034,425,"10675 Highway 5, Brent, AL 35034",Bibb,rural,4.46,4.46,4.46,4.46,47.3,49.7,2.5,39474.0,5327,5.6
AL,35040,3271,"5100 Highway 31, Calera, AL 35040",Chilton,rural,3.12,3.12,3.12,3.12,26.9,61.5,9.6,72474.0,18464,5.6
AL,35043,4330,"16077 Highway 280, Chelsea, AL 35043",Shelby,rural,3.06,3.06,3.06,3.06,7.0,87.5,3.6,106660.0,14564,5.6
AL,35045,424,"1415 7th St S, Clanton, AL 35045",Chilton,rural,4.0,4.0,4.0,4.0,11.5,77.3,6.4,61822.0,14496,5.6
AL,35055,670,626 Olive St Sw,Cullman,rural,3.37,3.37,3.37,3.37,1.3,91.2,3.6,56769.0,22521,5.4
AL,35058,7280,5601 Highway 157,Cullman,rural,3.37,,,,0.6,84.3,10.6,58631.0,10555,5.4
AL,35071,1201,"890 Odum Rd, Gardendale, AL 35071",Jefferson,rural,3.06,3.06,3.06,3.06,10.9,78.8,1.0,78914.0,17459,5.6
AL,35080,4189,"335 Helena Marketplace, Helena, AL 35080",Jefferson,rural,3.06,3.06,3.06,3.06,13.9,76.1,2.8,106660.0,19561,5.6
AL,35094,562,"8551 Whitfield Ave, Leeds, AL 35094",Jefferson,rural,4.0,4.0,4.0,4.0,12.1,80.8,4.4,69548.0,15406,5.6
AL,35121,315,"2453 2nd Ave E, Oneonta, AL 35121",Blount,rural,4.02,4.02,4.02,4.02,2.0,81.1,14.5,51098.0,16591,5.4
AL,35124,5262,"2181 Pelham Pkwy, Pelham, AL 35124",Shelby,rural,3.06,3.06,3.06,3.06,10.8,71.3,11.3,91836.0,24408,5.6
AL,35125,5113,"165 Vaughan Ln, Pell City, AL 35125",St. Clair,rural,4.0,4.0,4.0,4.0,9.1,84.3,1.6,61865.0,10759,5.6
AL,35146,3386,"160 Springville Station Blvd, Springville, AL 35146",Blount,rural,4.0,4.0,4.0,4.0,11.4,81.8,2.0,79200.0,12908,5.4
AL,35148,2723,"690 Highway 78, Sumiton, AL 35148",Jefferson,rural,4.32,4.32,4.32,4.32,5.2,92.1,0.6,52991.0,2418,5.6
AL,35150,730,"41301 Us Highway 280, Sylacauga, AL 35150",Clay,rural,4.0,4.0,4.0,4.0,33.0,61.6,1.8,41240.0,17283,5.6
AL,35160,432,"214 Haynes St, Talladega, AL 35160",Clay,rural,4.0,4.0,4.0,4.0,42.8,50.0,3.9,44852.0,26649,5.6
AL,35206,762,9248 Parkway E,Jefferson,urban,3.06,3.06,3.06,3.12,71.0,22.1,5.0,38671.0,16477,5.6
AL,35209,4504|1481,312 Palisades Blvd,Jefferson,urban,3.12,3.12,3.12,3.12,22.5,65.6,6.4,74742.0,29884,5.6
AL,35210,1711,1600 Montclair Rd,Jefferson,rural,3.12,3.12,3.12,3.12,28.6,62.4,6.0,70902.0,13230,5.6
AL,35214,1158,"2473 Hackworth Rd, Adamsville, AL 35214",Jefferson,rural,4.32,4.32,4.32,4.32,74.1,18.3,1.3,55703.0,17507,5.6
AL,35215,5100,1916 Center Point Pkwy,Jefferson,urban,3.06,3.06,3.06,3.06,76.2,16.0,6.1,47975.0,46738,5.6
AL,35216,3184|4580,3320 Lorna Rd,Jefferson,urban,3.12,3.12,3.12,3.12,24.5,62.9,6.9,68237.0,38352,5.6
AL,35235,2713,"5919 Trussville Crossings Pkwy, Trussville, AL 35235",Jefferson,urban,3.12,3.12,3.12,3.12,64.0,30.0,2.4,59476.0,20043,5.6
AL,35242,2111,5335 Highway 280,Jefferson,urban,3.12,3.12,3.12,3.12,10.3,79.7,3.2,115541.0,56466,5.6
AL,35244,3424|1229,2653 Valleydale Road,Jefferson,urban,3.06,3.06,3.06,3.06,18.1,67.8,4.7,106338.0,36783,5.6
AL,35405,5256|715,4201 Hargrove Rd E,Tuscaloosa,urban,3.52,3.52,3.52,3.52,54.4,38.7,3.1,60210.0,49196,5.6
AL,35476,5248|2306,1660 Mcfarland Boulevard,Tuscaloosa,urban,3.52,3.52,3.52,3.52,53.5,39.5,5.0,60347.0,8240,5.6
AL,35501,287,"1801 Highway 78 E, Jasper, AL 35501",Walker,rural,3.14,3.14,3.32,3.32,12.6,75.8,7.2,52927.0,10126,5.4
AL,35555,1052,"3186 Highway 171 N, Fayette, AL 35555",Fayette,rural,4.66,4.66,4.66,4.66,19.7,77.2,0.1,45787.0,9953,5.4
AL,35565,409,"42466 Highway 195, Haleyville, AL 35565",Franklin,rural,4.5,4.5,4.5,4.5,1.7,90.1,6.0,48558.0,10966,5.2
AL,35570,1100,"1706 Military St S, Hamilton, AL 35570",Lamar,rural,4.5,4.5,4.5,4.5,5.4,88.5,1.3,52454.0,10775,5.4
AL,35594,362,"2575 Us Highway 43, Winfield, AL 35594",Fayette,rural,4.67,4.67,4.67,4.67,3.7,93.8,0.8,53651.0,7094,5.4
AL,35601,2488,1203 6th Ave Se,Morgan,urban,3.42,3.42,3.42,3.42,26.8,49.7,19.9,46276.0,34817,5.4
AL,35603,662,2800 Spring Avn. S.w,Lawrence,rural,3.42,3.42,3.42,3.42,13.2,75.8,6.7,71453.0,32372,5.2
AL,35611,661,"1011 Us Highway 72 E, Athens, AL 35611",Limestone,rural,2.74,2.74,2.74,2.74,17.0,69.0,8.1,54094.0,28375,5.2
AL,35630,4188|766,1410 Florence Blvd,Lauderdale,urban,3.67,3.67,3.67,3.67,19.9,69.7,5.4,41174.0,33252,4.9
AL,35633,4187,2701 Cloverdale Road,Lauderdale,rural,3.67,3.67,3.67,3.67,5.5,88.7,1.4,65385.0,20720,4.9
AL,35640,1124,"1201 Highway 31 Nw, Hartselle, AL 35640",Morgan,rural,4.02,4.02,4.02,4.02,5.9,88.6,1.9,69233.0,26909,5.4
AL,35650,394,"15445 Highway 24, Moulton, AL 35650",Lawrence,rural,4.02,4.02,4.02,4.02,5.6,80.2,2.2,54230.0,13101,5.2
AL,35653,403,"13675 Highway 43, Russellville, AL 35653",Colbert,rural,4.22,4.22,4.22,4.22,9.7,53.2,35.1,52648.0,10956,4.9
AL,35661,660,"301 Avalon Ave, Muscle Shoals, AL 35661",Colbert,rural,3.67,,,,15.2,76.9,4.9,68659.0,18982,4.9
AL,35750,6878,"14595 Highway 231 431 N, Hazel Green, AL 35750",Madison,rural,2.68,2.68,2.68,2.68,16.4,76.6,0.9,72052.0,14255,5.2
AL,35757,7342,7140 Wall Triana Highway,Limestone,urban,2.68,2.68,2.68,2.68,26.9,62.8,3.2,106897.0,17622,5.2
AL,35758,2690|5703,8650 Madison Blvd,Madison,urban,2.68,2.68,2.68,2.68,14.7,67.7,7.3,103914.0,48043,5.2
AL,35763,5197,"330 Sutton Rd Se, Huntsville, AL 35763",Madison,rural,2.68,2.68,2.68,2.68,3.6,86.8,2.2,122929.0,19203,5.2
AL,35768,712,"24833 John T Reid Pkwy, Scottsboro, AL 35768",Jackson,rural,4.02,4.02,4.02,4.02,3.3,87.8,2.8,46386.0,12328,5.2
AL,35801,375,3031 Memorial Pkwy Sw,Madison,urban,2.68,2.68,2.68,2.68,10.1,79.2,3.9,97643.0,24002,5.2
AL,35802,5716,9020 Bailey Cove Rd Se,Madison,urban,2.68,2.68,2.68,2.68,15.1,74.9,4.2,68352.0,23508,5.2
AL,35803,434,11610 Memorial Pkwy Sw,Madison,rural,2.68,2.68,2.68,2.68,4.2,83.2,4.6,89714.0,28210,5.2
AL,35805,5925,2305 Jordan Ln Sw,Madison,urban,2.68,,,,33.1,42.2,19.6,30365.0,20907,5.2
AL,35806,332,6140a Univ Drive,Madison,urban,2.68,2.68,2.68,2.68,28.1,58.7,5.7,75637.0,27549,5.2
AL,35810,7254|3185|433,1 Cotton Valley Drive Nw,Madison,urban,2.68,2.68,2.68,2.68,69.1,20.2,6.0,46285.0,31668,5.2
AL,35811,7324,2165 Winchester Rd,Madison,rural,2.68,2.68,2.68,2.68,25.5,66.4,3.3,81754.0,28841,5.2
AL,35903,301,"340 E Meighan Blvd, Gadsden, AL 35903",Cherokee,rural,3.96,3.96,3.96,3.96,31.2,62.4,4.4,51119.0,17717,5.4
AL,35954,316,"973 Gilbert Ferry Rd Se, Attalla, AL 35954",DeKalb,rural,4.02,4.02,4.02,4.02,6.9,86.1,3.7,52313.0,12594,5.4
AL,35957,298,"1972 Hwy 431, Boaz, AL 35957",Blount,rural,3.16,3.16,3.16,3.16,3.7,75.5,18.1,46799.0,16269,5.4
AL,35960,5126,"1950 W Main St, Centre, AL 35960",Cherokee,rural,4.02,4.02,4.02,4.02,8.7,86.6,0.8,45925.0,9101,5.4
AL,35968,691,"2001 Glenn Blvd Sw, Fort Payne, AL 35968",DeKalb,rural,4.02,4.02,4.02,4.02,7.8,71.3,17.5,54766.0,4870,5.4
AL,35976,681,"11697 Us Highway 431, Guntersville, AL 35976",Blount,rural,3.22,3.22,3.22,3.22,5.6,83.4,7.2,63551.0,16769,5.4
AL,36027,1638,"3176 S Eufaula Ave, Eufaula, AL 36027",Barbour,rural,4.0,4.0,4.0,4.0,45.4,45.4,4.7,39419.0,14887,5.8
AL,36037,1462,"501 Willow Ln, Greenville, AL 36037",Butler,rural,4.0,4.0,4.0,4.0,50.2,44.7,2.1,47707.0,13177,5.8
AL,36054,4318,"145 Kelley Blvd, Millbrook, AL 36054",Elmore,rural,2.86,2.86,2.86,2.86,24.5,59.5,8.4,53371.0,15233,5.8
AL,36066,483,"1903 Cobbs Ford Rd, Prattville, AL 36066",Autauga,urban,2.86,2.86,2.86,2.86,15.8,74.7,2.9,78271.0,21626,5.8
AL,36078,1057,"2190 Gilmer Avenue, Tallassee, AL 36078",Elmore,rural,4.0,4.0,4.0,4.0,22.7,73.1,1.6,61574.0,13398,5.8
AL,36081,723,"1420 Highway 231 S, Troy, AL 36081",Bullock,rural,4.0,4.0,4.0,4.0,42.5,50.2,0.9,39133.0,16008,5.8
AL,36092,1101,"4538 Us Highway 231, Wetumpka, AL 36092",Elmore,rural,2.92,2.92,2.92,2.92,23.5,70.6,2.5,74719.0,21053,5.8
AL,36107,5348,851 Ann St,Montgomery,urban,2.86,2.86,2.86,2.86,44.1,28.9,20.2,29922.0,7464,5.8
AL,36109,4672,1600 Federal Drive,Montgomery,urban,2.86,,,,36.2,54.9,4.9,58053.0,23935,5.8
AL,36116,4691|930,8035 Vaughn Road,Montgomery,rural,2.86,2.86,2.86,2.86,80.3,12.5,2.5,52015.0,45445,5.8
AL,36117,938|4407,6495 Atlanta Hwy,Montgomery,rural,2.86,2.86,2.86,2.86,51.9,35.5,2.2,73919.0,53559,5.8
AL,36203,809,"92 Plaza Ln, Oxford, AL 36203",Calhoun,rural,3.36,3.36,3.36,3.36,14.4,74.3,8.0,61519.0,18579,5.6
AL,36206,329,"5560 Mcclellan Blvd, Anniston, AL 36206",Calhoun,rural,3.36,3.36,3.36,3.36,36.6,53.1,3.4,53895.0,10730,5.6
AL,36265,300,"1625 Pelham Rd S, Jacksonville, AL 36265",Calhoun,rural,3.36,3.36,3.36,3.36,16.4,76.5,3.1,49924.0,21802,5.6
AL,36274,863,"4180 Us Hwy 431, Roanoke, AL 36274",Chambers,rural,4.0,4.0,4.0,4.0,29.5,67.5,1.0,44100.0,10162,5.6
AL,36301,2534,3300 S Oates St,Geneva,rural,4.0,4.0,4.0,4.0,31.3,60.2,4.5,47414.0,38101,5.8
AL,36303,604,4310 Montgomery Hwy,Dale,rural,4.0,4.0,4.0,4.0,40.0,52.0,3.3,51982.0,30390,5.8
AL,36305,5769,3871 West Main Street,Geneva,rural,4.0,4.0,4.0,4.0,10.6,78.7,4.8,79618.0,17309,5.8
AL,36330,734,"600 Boll Weevil Cir, Enterprise, AL 36330",Coffee,rural,4.0,4.0,4.0,4.0,18.4,62.6,11.6,69544.0,38461,5.8
AL,36340,1063,"1608 W Magnolia Ave, Geneva, AL 36340",Geneva,rural,4.4,4.4,4.4,4.4,10.9,79.9,3.9,45922.0,5235,5.8
AL,36360,740,"1537 S Us Highway 231, Ozark, AL 36360",Coffee,rural,4.0,4.0,4.0,4.0,24.5,65.6,5.6,48654.0,19053,5.8
AL,36420,1091,"1991 M. L. King Jr., Andalusia, AL 36420",Covington,rural,4.0,4.0,4.0,4.0,11.3,82.2,4.1,47935.0,10429,5.8
AL,36426,1620,"2578 Douglas Ave, Brewton, AL 36426",Conecuh,rural,4.0,4.0,4.0,4.0,20.1,69.7,4.6,48314.0,15932,5.8
AL,36460,1493,"3371 S Alabama Ave, Monroeville, AL 36460",Conecuh,rural,4.0,4.0,4.0,4.0,55.3,41.8,0.1,37409.0,9483,5.8
AL,36502,7247,"911 N Main St, Atmore, AL 36502",Baldwin,rural,4.0,4.0,3.86,3.86,40.9,48.7,1.1,35808.0,16132,5.8
AL,36507,2739,"701 Mcmeans Ave, Bay Minette, AL 36507",Baldwin,rural,4.42,4.42,4.42,4.42,22.4,71.8,1.8,50147.0,20603,5.8
AL,36526,934,"27520 Us Highway 98, Daphne, AL 36526",Baldwin,rural,3.97,3.97,3.97,3.97,13.4,77.0,4.6,82573.0,34611,5.8
AL,36532,4333,"10040 County Road 48, Fairhope, AL 36532",Baldwin,rural,3.92,3.92,3.92,3.92,5.0,88.6,4.1,84886.0,35824,5.8
AL,36535,904,"2200 S Mckenzie St, Foley, AL 36535",Baldwin,rural,3.92,3.92,3.92,3.92,6.5,79.3,8.5,61158.0,37703,5.8
AL,36542,2748,"170 E Fort Morgan Rd, Gulf Shores, AL 36542",Baldwin,rural,4.46,4.46,4.46,4.46,2.1,89.1,4.4,63305.0,17089,5.8
AL,36545,2760,"4206 N College Ave, Jackson, AL 36545",Clarke,rural,4.16,4.16,4.16,4.16,50.6,44.7,1.2,52027.0,8818,5.8
AL,36561,5653,"25241 Perdido Beach Blvd Ste W, Orange Beach, AL 36561",Baldwin,rural,4.46,4.46,4.46,4.46,0.1,94.9,0.4,90778.0,8952,5.8
AL,36567,6173,"21141 State Highway 59, Robertsdale, AL 36567",Baldwin,rural,3.97,3.97,3.97,3.97,6.1,87.1,4.8,61678.0,14313,5.8
AL,36571,1212,"1095 Industrial Pkwy, Saraland, AL 36571",Mobile,rural,3.76,3.76,3.76,3.76,14.7,80.3,0.5,63513.0,16497,5.8
AL,36575,5174,"7855 Moffett Rd, Semmes, AL 36575",Mobile,rural,3.82,3.82,3.82,3.82,16.7,76.1,3.6,66830.0,21680,5.8
AL,36582,5744,"7320 Theodore Dawes Rd, Theodore, AL 36582",Mobile,rural,3.76,3.76,3.76,3.76,18.0,72.6,4.3,58333.0,23964,5.8
AL,36606,5740|991,2570 Government Blvd,Mobile,urban,3.76,3.76,3.76,3.76,55.1,38.5,4.5,50748.0,19672,5.8
AL,36608,4648,6575 Airport Blvd,Mobile,rural,3.82,,,,33.5,56.7,3.9,59400.0,36281,5.8
AL,36609,4657|5098,6350 Cottage Hill Rd,Mobile,urban,3.76,3.76,3.76,3.76,42.5,44.6,4.2,46173.0,23552,5.8
AL,36618,4210,1300 North University,Mobile,urban,3.76,3.76,3.76,3.77,64.3,28.5,2.4,52341.0,17386,5.8
AL,36619,866,5245 Rangeline Service Rd S,Mobile,rural,3.82,3.82,3.82,3.82,8.7,76.7,7.4,57545.0,14658,5.8
AL,36695,853|4581,685 Schillinger Rd S,Mobile,urban,3.82,3.82,3.82,3.82,22.1,69.2,4.1,72825.0,51877,5.8
AL,36703,700,"1501 Al Highway 14 E, Selma, AL 36703",Autauga,rural,4.46,4.46,4.46,4.46,68.5,23.2,0.0,28337.0,10883,5.8
AL,36732,731,"969 Us Highway 80 W, Demopolis, AL 36732",Marengo,rural,4.48,4.48,4.48,4.48,49.6,44.2,2.9,52524.0,7985,5.8
AL,36784,1174,"34301 Highway 43, Thomasville, AL 36784",Clarke,rural,3.8,3.8,3.8,3.8,40.9,57.1,0.9,49186.0,6112,5.8
AL,36801,355,"2900 Pepperell Pkwy, Opelika, AL 36801",Chambers,rural,3.72,3.72,3.72,3.72,36.2,55.3,5.4,55728.0,23479,5.6
AL,36830,5062,2047 E University Dr,Lee,rural,3.72,,,,14.1,71.9,2.8,63292.0,47050,5.8
AL,36832,4673|356,1810 Shug Jordan Parkway,Lee,rural,3.72,3.72,3.72,3.72,23.4,61.8,4.3,32974.0,28917,5.8
AL,36854,733,"3501 20th Ave, Valley, AL 36854",Chambers,rural,4.0,4.0,4.0,4.0,29.1,67.0,1.9,58324.0,15643,5.6
AL,36867,1284,3700 Hwy 280/431 N.,Lee,urban,2.92,2.92,2.92,2.92,34.5,52.8,6.1,46401.0,21700,5.8
AL,36870,5903,3864 Us Highway 80 W,Lee,rural,2.92,2.92,2.92,2.92,17.9,73.0,3.3,69766.0,18812,5.8
AL,38852,274,"1110 Battleground Dr, Iuka, MS 38852",Colbert,rural,5.24,3.7,3.7,3.7,1.7,94.4,1.0,43030.0,8459,4.9
AR,71603,3331,"5501 S Olive St, Pine Bluff, AR 71603",Cleveland,rural,4.42,4.42,4.42,4.42,62.5,33.7,0.8,48180.0,30604,4.6
AR,71635,167,"910 Unity Rd, Crossett, AR 71635",Ashley,rural,4.62,4.62,4.62,4.62,29.1,66.6,2.2,49936.0,10481,4.9
AR,71654,289,"1001 Highway 65 S, Mcgehee, AR 71654",Desha,rural,4.42,4.42,4.42,4.42,40.7,50.9,4.5,41020.0,4459,4.9
AR,71655,348,"427 Highway 425 N, Monticello, AR 71655",Drew,rural,4.42,4.42,4.42,4.42,27.1,64.8,4.2,44767.0,14296,4.6
AR,71701,171,"950 California Ave Sw, Camden, AR 71701",Calhoun,rural,4.42,4.42,4.42,4.42,38.8,55.0,4.2,50341.0,18102,4.6
AR,71730,530,"2730 N West Ave, El Dorado, AR 71730",Union,rural,4.42,4.42,4.42,4.42,32.2,59.5,5.0,50745.0,29287,4.6
AR,71742,339,"1123 Highway 79 167 Byp, Fordyce, AR 71742",Calhoun,rural,4.02,4.02,4.02,4.02,50.9,44.5,1.8,36900.0,4799,4.6
AR,71753,83,"60 Highway 79 N, Magnolia, AR 71753",Columbia,rural,4.43,4.43,4.43,4.43,35.9,58.2,3.3,45731.0,16388,4.3
AR,71801,1065,"2400 N Hervey St, Hope, AR 71801",Hempstead,rural,4.42,4.42,4.42,4.42,31.8,50.2,15.7,45298.0,15521,4.0
AR,71822,133,"297 Hwy 32 By-pass E, Ashdown, AR 71822",Little River,rural,4.56,4.56,4.56,4.56,18.4,73.5,3.1,64583.0,7629,3.6
AR,71832,279,"926 E Collin Raye Dr, De Queen, AR 71832",Sevier,rural,4.28,4.28,4.28,4.28,4.3,43.9,45.5,54185.0,10586,3.6
AR,71852,33,"1710 S 4th St, Nashville, AR 71852",Hempstead,rural,4.36,4.36,4.36,4.36,18.7,63.1,15.5,51176.0,9688,4.0
AR,71854,468,"133 Arkansas Blvd, Texarkana, AR 71854",Miller,rural,4.42,4.42,4.42,4.42,28.6,63.6,3.8,46207.0,36148,4.0
AR,71901,5790,1544 Malvern Ave,Garland,rural,4.36,4.36,4.36,4.36,12.9,72.7,8.0,51863.0,30023,4.0
AR,71909,5433,"3604 N Highway 7, Hot Springs Village, AR 71909",Garland,rural,4.36,4.36,4.36,4.36,0.7,94.1,1.2,66754.0,18998,4.0
AR,71913,5789|52|261,1640 Airport Road,Garland,rural,4.36,4.36,4.36,4.36,8.5,79.8,6.9,54836.0,46227,4.0
AR,71923,318,"109 Wp Malone Dr, Arkadelphia, AR 71923",Clark,rural,4.36,4.36,4.36,4.36,26.4,66.2,4.3,48602.0,14400,4.0
AR,71953,67,"600 Highway 71 N, Mena, AR 71953",Polk,rural,4.26,4.26,4.26,4.26,0.1,91.3,3.2,51642.0,13159,3.6
AR,72012,4168,"2003 W Center St, Beebe, AR 72012",White,rural,4.36,4.36,4.36,4.36,1.5,91.0,3.2,59120.0,13133,4.3
AR,72015,85,"17309 Interstate 30 S, Benton, AR 72015",Grant,rural,4.36,4.36,4.36,4.36,10.0,81.9,3.6,63825.0,27298,4.3
AR,72022,3230,"400 Bryant Ave, Bryant, AR 72022",Saline,urban,4.36,4.36,4.36,4.36,15.6,76.2,2.1,77033.0,18153,4.3
AR,72023,6975|2587,1203 S. Pine St,Faulkner,rural,4.36,4.36,4.36,4.36,3.0,86.3,4.4,72637.0,36042,4.0
AR,72031,788,"1966 Highway 65 S, Clinton, AR 72031",Conway,rural,4.27,4.27,4.27,4.27,0.5,92.3,4.5,45556.0,7097,4.0
AR,72032,5,1155 Hwy 65 North,Faulkner,rural,4.26,4.26,4.26,4.26,14.5,74.1,6.6,59410.0,34900,4.0
AR,72034,3168|2575,2550 Prince St,Faulkner,rural,4.26,4.26,4.26,4.26,16.5,73.7,3.4,57081.0,48286,4.0
AR,72058,7317,"75 South Broadview, Greenbrier, AR 72058",Faulkner,rural,4.26,4.26,4.26,4.26,0.4,91.1,5.0,79985.0,18083,4.0
AR,72076,24,"2000 John Harden Dr, Jacksonville, AR 72076",Faulkner,rural,4.36,4.36,4.36,4.36,36.0,51.3,5.6,51560.0,39284,4.0
AR,72086,169,"322 Brownsville Loop, Lonoke, AR 72086",Lonoke,rural,4.36,4.36,4.36,4.36,10.2,77.6,6.6,54258.0,11761,4.3
AR,72104,127,"1910 Martin Luther King Blvd, Malvern, AR 72104",Garland,rural,4.36,4.36,4.36,4.36,15.5,76.5,4.7,50787.0,23494,4.0
AR,72110,8,"1621 North Business 9, Morrilton, AR 72110",Conway,rural,4.32,4.32,4.32,4.32,13.1,77.4,5.7,46720.0,11250,4.0
AR,72112,18,"1211 Highway 367 N, Newport, AR 72112",Independence,rural,4.42,4.42,4.42,4.42,18.5,68.0,4.4,40096.0,10864,4.0
AR,72113,4460,12001 Maumelle Blvd,Pulaski,urban,4.36,4.36,4.36,4.36,25.4,61.5,4.7,71351.0,26322,4.3
AR,72117,1105,4450 E Mccain Blvd,Pulaski,rural,4.36,4.36,4.36,4.36,68.0,24.6,1.7,38438.0,14452,4.3
AR,72120,2743|7,8801 Highway 107,Faulkner,rural,4.36,4.36,4.36,4.36,25.2,67.5,2.3,73224.0,32815,4.0
AR,72143,2431|157,1330 W Beebe Capps Expy,Cleburne,rural,4.36,4.36,4.36,4.36,7.5,82.9,4.9,49402.0,34692,4.0
AR,72150,336,"1308 S Rock St, Sheridan, AR 72150",Grant,rural,4.36,4.36,4.36,4.36,2.4,90.9,3.0,71395.0,12370,4.3
AR,72160,102,"406 E 22nd St, Stuttgart, AR 72160",Arkansas,rural,4.42,4.42,4.42,4.42,38.0,57.1,2.1,58865.0,9055,4.6
AR,72205,126,2700 S Shackleford Rd,Pulaski,urban,4.36,4.36,4.36,4.36,26.0,65.3,2.3,61959.0,21794,4.3
AR,72209,124,8801 Baseline Rd,Pulaski,urban,4.36,4.36,4.36,4.36,62.6,10.2,25.5,40161.0,32095,4.3
AR,72211,5706,700 Bowman Rd,Pulaski,urban,3.96,3.96,3.96,4.36,24.1,60.3,4.2,76503.0,23832,4.3
AR,72223,5244,19301 Cantrell Rd,Pulaski,rural,4.36,4.36,4.36,4.36,19.0,65.7,2.7,99646.0,26558,4.3
AR,72301,70,"798 W Service Rd, West Memphis, AR 72301",Crittenden,urban,4.36,4.36,4.36,4.36,62.2,31.9,2.1,41022.0,24404,4.6
AR,72315,62,"3700 E Highway 18, Blytheville, AR 72315",Mississippi,rural,4.42,4.42,4.42,4.42,43.5,49.2,3.9,47305.0,20255,4.3
AR,72335,91,"205 Deadrick Rd, Forrest City, AR 72335",Lee,rural,4.62,4.62,4.62,4.62,61.0,31.9,4.9,40237.0,16320,4.6
AR,72364,4654,"2100 State Highway 77, Marion, AR 72364",Crittenden,rural,4.36,,,,35.4,50.3,4.5,73762.0,16314,4.6
AR,72370,74,"2720 W Keiser Ave, Osceola, AR 72370",Mississippi,rural,4.42,4.42,4.42,4.42,51.7,37.0,6.5,43949.0,7265,4.3
AR,72390,714,"602 Shelia Street, Helena-west Helena, AR 72390",Phillips,rural,4.44,4.44,4.44,4.44,71.7,26.1,0.8,31731.0,6973,4.6
AR,72396,68,"800 Highway 64 E, Wynne, AR 72396",Cross,rural,4.42,4.42,4.42,4.58,21.9,70.6,2.7,51644.0,12771,4.3
AR,72401,6943|45,2811 Creek Dr,Craighead,rural,3.06,3.06,3.06,3.06,25.5,61.3,8.8,42460.0,42159,4.3
AR,72404,6876|128,3319 Harrisburg Road,Craighead,rural,3.12,3.12,3.12,3.12,17.1,73.9,4.1,64545.0,29571,4.3
AR,72450,5780|36,2600 Linwood Dr,Craighead,rural,3.06,3.06,3.06,3.06,2.8,89.5,3.5,54234.0,40251,4.3
AR,72455,71,"1415 Highway 67 S, Pocahontas, AR 72455",Randolph,rural,4.46,4.46,4.46,4.46,1.7,89.0,2.0,47334.0,13557,4.0
AR,72472,229,"512 Industrial Park Dr, Trumann, AR 72472",Poinsett,rural,4.46,4.46,4.46,4.46,4.1,87.3,2.4,38465.0,9032,4.3
AR,72476,57,"1600 W Main St, Walnut Ridge, AR 72476",Craighead,rural,5.24,3.66,3.66,3.66,1.7,90.8,2.3,41762.0,7619,4.3
AR,72501,119,"3150 Harrison St, Batesville, AR 72501",Independence,rural,4.42,4.42,4.42,4.42,2.6,81.2,9.5,52507.0,26604,4.0
AR,72513,160,"219 Highway 412, Ash Flat, AR 72513",Fulton,rural,4.42,4.42,4.42,4.42,0.9,93.7,1.7,39890.0,2630,4.0
AR,72543,281,"1500 Hwy 25b, Heber Spgs, AR 72543",Cleburne,rural,4.36,4.36,4.36,4.36,0.6,93.6,2.8,58182.0,12773,4.0
AR,72560,1114,"409 Sylamore Ave, Mountain View, AR 72560",Izard,rural,4.42,4.42,4.42,4.42,0.2,90.4,3.2,29909.0,7791,4.0
AR,72601,2,"161 N Walmart Dr, Harrison, AR 72601",Boone,rural,4.06,4.06,4.06,4.06,0.3,93.5,3.0,52469.0,29777,3.3
AR,72616,76,"1000 W Trimble Ave, Berryville, AR 72616",Carroll,rural,4.22,4.22,4.22,4.22,0.8,67.1,18.2,55601.0,11184,3.3
AR,72634,1147,"168 Walmart Dr, Flippin, AR 72634",Marion,rural,4.26,4.26,4.26,4.26,0.3,91.0,2.8,46827.0,4544,3.6
AR,72653,11,"65 Wal Mart Dr, Mountain Home, AR 72653",Baxter,rural,3.44,3.44,3.44,3.44,0.2,91.2,3.3,47665.0,28615,3.6
AR,72701,2997|4516,616 N Garland Ave Ste 363,Washington,rural,3.14,3.14,3.14,3.14,5.8,76.0,7.8,49169.0,47780,3.3
AR,72703,2745|359,2690 E Citizens Dr,Madison,rural,3.14,,,,4.4,78.3,6.2,57175.0,35324,3.3
AR,72704,5737|144,3475 W Black Forest Drive,Benton,rural,3.14,,,,3.1,79.2,6.9,83327.0,28832,3.2
AR,72712,2203|7368|2685|2686|2741|3164|4376|4686|100|6953,702 Sw 8th St Pharmacy,Benton,rural,3.14,3.14,3.14,3.14,3.5,69.7,8.2,95071.0,38006,3.2
AR,72730,7242,"367 W Main St, Farmington, AR 72730",Washington,rural,3.14,3.14,3.14,3.14,1.7,78.5,9.3,84563.0,10842,3.3
AR,72740,373,"157 Gary Hatfield Way, Huntsville, AR 72740",Carroll,rural,4.37,4.37,4.37,4.37,0.1,74.6,6.8,51756.0,10066,3.3
AR,72751,6971,"240 Slack Street, Pea Ridge, AR 72751",Benton,rural,3.14,3.14,3.14,3.14,3.3,70.9,8.6,90159.0,9011,3.2
AR,72756,5169|3479|3654|1,2252 N 8th St,Benton,rural,3.14,3.14,3.14,3.14,0.8,57.0,31.7,67893.0,40282,3.2
AR,72758,5822|241|5837|5260,2708 S Rife Medical Ln Ste 110,Benton,urban,3.14,3.14,3.14,3.14,1.3,58.6,26.9,89111.0,46731,3.2
AR,72761,6960|4,935 S. Holly St,Benton,rural,3.14,3.14,3.14,3.14,0.8,59.6,20.7,65335.0,22808,3.2
AR,72762,2742|4375|4108,1375 Market Square Dr,Benton,rural,3.14,3.14,3.14,3.14,1.6,58.0,24.7,76739.0,44822,3.2
AR,72764,5738|54,3553 E Robinson Ave,Benton,rural,3.14,3.14,3.14,3.32,4.2,35.2,41.9,57361.0,58066,3.2
AR,72801,4128,2109 W Main St,Pope,urban,4.32,4.32,4.32,4.32,4.8,72.1,14.7,38216.0,18165,3.6
AR,72802,58,2409 E Main St,Pope,rural,4.32,4.32,4.32,4.32,2.1,80.7,12.4,59772.0,23422,3.6
AR,72830,66,"230 Market St., Clarksville, AR 72830",Johnson,rural,4.26,4.26,4.26,4.26,1.8,70.9,19.2,39950.0,16138,3.6
AR,72834,296,"1172 N State Highway 7, Dardanelle, AR 72834",Logan,rural,4.32,4.32,4.32,4.32,3.0,69.9,23.6,59435.0,9618,3.6
AR,72855,230,"1501 E Walnut St, Paris, AR 72855",Franklin,rural,4.22,4.22,4.22,4.22,1.0,84.7,3.0,48929.0,6178,3.6
AR,72901,125,2425 S Zero St,Sebastian,urban,3.66,,,,9.5,61.3,17.3,42361.0,20783,3.6
AR,72903,2744|141,4900 Rogers Ave Ste 101j,Sebastian,urban,3.66,3.66,3.66,3.66,7.2,73.6,9.2,58498.0,25696,3.6
AR,72904,388,2100 No. 62nd St.,Sebastian,urban,3.66,3.66,3.66,3.66,12.3,31.2,42.8,38009.0,22539,3.6
AR,72908,4579,8600 Us Hwy 71 S,Sebastian,urban,3.66,3.66,3.66,3.66,2.2,72.5,9.5,63697.0,13860,3.6
AR,72921,358,"367 W Cherry St, Alma, AR 72921",Crawford,rural,3.66,3.66,3.66,3.66,2.2,87.8,4.3,62568.0,12817,3.3
AR,72927,55,"1400 East Main St, Booneville, AR 72927",Logan,rural,4.22,4.22,4.22,4.22,2.1,88.7,4.8,50982.0,8419,3.6
AR,72936,3231,"551 Liberty Dr, Greenwood, AR 72936",Sebastian,rural,3.66,3.66,3.66,3.66,0.9,87.2,6.1,68125.0,14285,3.6
AR,72949,209,"1516 N 18th St, Ozark, AR 72949",Franklin,rural,4.22,4.22,4.22,4.22,0.7,90.2,2.5,48779.0,9606,3.6
AR,72956,16,"2214 Fayetteville Rd, Van Buren, AR 72956",Crawford,rural,3.66,3.66,3.66,3.66,1.1,78.4,11.6,57625.0,34805,3.3
AZ,85015,2113,1607 W Bethany Home Rd,Maricopa,urban,2.26,2.26,2.26,2.26,13.5,25.1,50.0,47486.0,42594,2.6
AZ,85017,5330,6145 N 35th Ave,Maricopa,urban,2.26,2.26,2.26,2.26,7.7,19.1,63.3,50754.0,43226,2.6
AZ,85018,2515,3721 E Thomas Rd,Maricopa,urban,2.26,2.26,2.26,2.26,4.2,66.8,20.5,85335.0,38411,2.6
AZ,85020,2632,115 E Dunlap Ave,Maricopa,urban,2.26,2.26,2.26,2.26,4.0,59.8,26.8,74622.0,34376,2.6
AZ,85023,2512,1825 W Bell Rd,Maricopa,urban,2.26,2.26,2.26,2.26,7.2,54.7,29.0,67986.0,33097,2.6
AZ,85031,5189,5250 W Indian School Rd,Maricopa,urban,2.26,2.26,2.26,2.26,3.2,13.5,81.8,60741.0,31838,2.6
AZ,85032,1598|4232,4617 E Bell Rd,Maricopa,urban,2.26,2.26,2.26,2.26,3.6,58.9,28.9,69942.0,68805,2.6
AZ,85035,1549,2020 N 75th Ave,Maricopa,urban,2.26,2.26,2.26,2.26,8.7,6.9,79.2,53633.0,54535,2.6
AZ,85041,3771,6150 S 35th Ave,Maricopa,urban,2.26,2.26,2.26,2.26,15.4,13.3,65.2,65345.0,62702,2.6
AZ,85042,4293,2435 E Baseline Rd,Maricopa,urban,2.26,2.26,2.26,2.26,15.8,23.0,53.3,78282.0,46913,2.6
AZ,85043,5331,7575 W Lower Buckeye Rd,Maricopa,urban,2.26,2.26,2.26,2.26,8.1,11.0,77.6,66158.0,40091,2.6
AZ,85051,6477,9600 N Metro Pkwy W,Maricopa,urban,2.26,2.26,2.26,2.26,7.0,35.4,45.8,57176.0,43520,2.6
AZ,85085,5190,2501 W Happy Valley Rd Ste 34,Maricopa,urban,2.26,2.26,2.26,2.26,3.2,66.6,12.3,112928.0,27769,2.6
AZ,85086,5329,"4435 W Anthem Way, Anthem, AZ 85086",Maricopa,rural,4.16,4.16,4.16,4.16,1.7,80.2,12.1,114775.0,43884,2.6
AZ,85120,1381,"2555 W Apache Trl, Apache Junction, AZ 85120",Maricopa,urban,2.42,2.42,2.42,2.42,0.7,79.2,14.7,53291.0,29623,2.6
AZ,85122,1218,"1741 E Florence Blvd, Casa Grande, AZ 85122",Pinal,urban,3.46,3.46,3.46,3.46,3.7,41.2,45.8,62944.0,55919,2.6
AZ,85128,2778,"1695 N Arizona Blvd, Coolidge, AZ 85128",Pinal,rural,3.46,3.46,3.46,3.46,5.4,28.7,49.8,55768.0,17659,2.6
AZ,85138,4430,"41650 W Maricopa Casa Grande Hwy, Maricopa, AZ 85138",Pinal,rural,3.46,3.46,3.46,3.46,11.2,44.1,33.8,89026.0,49220,2.6
AZ,85142,4451,"21055 E Rittenhouse Rd, Queen Creek, AZ 85142",Maricopa,urban,2.42,2.42,2.42,2.42,3.8,65.3,22.1,116587.0,82360,2.6
AZ,85143,3751,"1725 W Hunt Hwy, San Tan Valley, AZ 85143",Pinal,urban,2.42,2.42,2.42,2.42,3.2,65.1,25.4,85744.0,39622,2.6
AZ,85201,2482,857 N Dobson Rd,Maricopa,urban,2.42,2.42,2.42,2.42,6.8,44.2,38.0,57684.0,51840,2.6
AZ,85203,5332,730 E Mckellips Rd,Maricopa,urban,2.42,2.42,2.42,2.42,4.9,56.6,27.6,69274.0,38202,2.6
AZ,85204,5304|2768,1916 S Lindsay Rd,Maricopa,urban,2.42,2.42,2.42,2.42,3.6,48.5,42.3,65836.0,66851,2.6
AZ,85205,5257,5122 E University Dr,Maricopa,urban,2.42,2.42,2.42,2.42,3.0,75.0,15.2,68772.0,44010,2.6
AZ,85206,1646|5428,6131 E Southern Ave,Maricopa,urban,2.42,2.42,2.42,2.42,3.9,69.1,21.6,64665.0,36378,2.6
AZ,85209,3833,1606 S Signal Butte Rd,Maricopa,urban,2.42,,,,3.0,71.3,17.6,75808.0,41012,2.6
AZ,85210,3799,240 W Baseline Rd,Maricopa,urban,2.42,2.42,2.42,2.42,8.3,35.7,47.7,57480.0,41434,2.6
AZ,85212,5349,8335 E Guadalupe Rd,Maricopa,urban,2.42,2.42,2.42,2.42,5.0,67.2,17.6,119951.0,46153,2.6
AZ,85213,3846,2725 E Mckellips Rd,Maricopa,urban,2.42,2.42,2.42,2.42,3.2,73.3,15.7,95831.0,37593,2.6
AZ,85215,2767,4505 E Mckellips Rd,Maricopa,rural,2.42,,,,1.3,78.5,14.1,82171.0,16525,2.6
AZ,85225,4324|1512,1900 E Chandler Blvd,Maricopa,urban,2.42,2.42,2.42,2.42,7.3,47.6,33.6,78129.0,73116,2.6
AZ,85226,6480,3460 W. Chandler Boulevard,Maricopa,rural,2.42,2.42,2.42,2.42,4.6,59.7,16.6,101669.0,41734,2.6
AZ,85251,2112,4915 N Pima Rd,Maricopa,urban,2.26,2.26,2.26,2.26,1.9,73.5,16.6,86201.0,40709,2.6
AZ,85260,2766,15355 N Northsight Blvd,Maricopa,urban,2.26,2.26,2.26,2.26,2.3,75.8,9.8,101112.0,38627,2.6
AZ,85282,5768,800 E Southern Ave,Maricopa,urban,2.42,2.42,2.42,2.42,8.7,54.6,24.3,72895.0,52828,2.6
AZ,85284,1746,1380 W Elliot Rd,Maricopa,urban,2.42,2.42,2.42,2.42,2.2,72.7,12.5,147500.0,19150,2.6
AZ,85286,2671|3360,1175 S Arizona Ave,Maricopa,urban,2.42,2.42,2.42,2.42,6.2,53.7,18.6,114480.0,48183,2.6
AZ,85295,3861|5186,5290 S Power Rd,Maricopa,urban,2.42,2.42,2.42,2.42,4.3,64.5,18.9,113168.0,54556,2.6
AZ,85301,5124,5605 W Northern Ave,Maricopa,urban,2.26,2.26,2.26,2.26,8.5,21.7,63.7,45837.0,67781,2.6
AZ,85302,3844|3845,5137 W Olive Ave,Maricopa,urban,2.26,2.26,2.26,2.26,8.8,46.3,33.3,57995.0,40331,2.6
AZ,85303,3314,7450 W Glendale Ave,Maricopa,urban,2.26,2.26,2.26,2.26,8.8,22.2,58.8,70090.0,35194,2.6
AZ,85305,3465,5010 N 95th Ave,Maricopa,urban,2.26,2.26,2.26,2.26,7.1,35.4,47.1,95625.0,15146,2.6
AZ,85308,3315|1532|3241,4230 W Union Hills Dr,Maricopa,urban,2.26,2.26,2.26,2.26,2.4,70.8,14.9,91968.0,63789,2.6
AZ,85310,4233,6550 West Happy Valley Rd,Maricopa,urban,2.26,,,,3.0,79.5,8.7,111818.0,19224,2.6
AZ,85326,3407,"1060 S Watson Rd, Buckeye, AZ 85326",Maricopa,rural,2.26,2.26,2.26,2.26,5.2,38.5,50.7,82456.0,73579,2.6
AZ,85331,5835,"34399 N Cave Creek Rd, Cave Creek, AZ 85331",Maricopa,rural,4.16,4.16,4.16,4.16,0.9,85.6,7.4,117938.0,31133,2.6
AZ,85335,4336,"12900 W Thunderbird Rd, El Mirage, AZ 85335",Maricopa,urban,2.26,2.26,2.26,2.26,6.8,34.1,49.3,72134.0,35652,2.6
AZ,85338,5369,1100 N Estrella Pkwy,Maricopa,rural,2.26,2.26,2.26,2.26,5.6,46.8,39.5,93435.0,60922,2.6
AZ,85344,4543,"100 W Riverside Dr, Parker, AZ 85344",La Paz,rural,3.16,3.16,3.16,3.16,0.4,37.5,36.3,53295.0,9106,2.5
AZ,85345,1533,7975 W Peoria Ave,Maricopa,urban,2.26,2.26,2.26,2.26,4.7,47.5,37.9,61628.0,61801,2.6
AZ,85349,4337,"1613 N Main St, San Luis, AZ 85349",Yuma,urban,3.36,3.36,3.36,3.36,1.7,4.8,92.2,46801.0,26190,2.5
AZ,85364,7320|5342,2675 W. 8th Street,Yuma,urban,3.36,3.36,3.36,3.36,1.9,23.5,70.4,53877.0,71910,2.5
AZ,85374,4218|2777,15431 W Greenway Rd,Maricopa,urban,2.26,,,,3.9,77.3,13.6,76770.0,41814,2.6
AZ,85381,4275,7421 West Thunderbird Road,Maricopa,urban,2.26,2.26,2.26,2.26,2.8,68.9,21.4,86743.0,27098,2.6
AZ,85382,3896,21655 N Lake Pleasant Pkwy,Maricopa,urban,2.26,,,,2.5,73.6,13.8,87060.0,41158,2.6
AZ,85388,5429,14111 N Prasada Gateway Ave,Maricopa,urban,2.26,2.26,2.26,2.26,5.1,61.2,24.1,100639.0,33517,2.6
AZ,85392,2554,"13055 W Rancho Santa Fe Blvd, Avondale, AZ 85392",Maricopa,urban,2.26,2.26,2.26,2.26,8.1,36.5,45.1,83439.0,39208,2.6
AZ,85395,3604,14200 W Indian School Rd,Maricopa,urban,2.26,,,,5.1,61.7,22.6,105717.0,37313,2.6
AZ,85532,1334,"100 South Ragus Rd, Claypool, AZ 85532",Gila,,3.66,3.66,3.66,3.66,0.0,29.5,64.3,,387,2.4
AZ,85541,1369,"300 N Beeline Hwy, Payson, AZ 85541",Gila,rural,4.32,4.32,4.32,4.32,0.5,84.0,11.9,58734.0,22951,2.4
AZ,85546,1149,"755 S 20th Ave, Safford, AZ 85546",Graham,rural,3.54,3.54,3.54,3.54,2.7,48.2,45.9,61627.0,20893,2.4
AZ,85602,3807,"201 S Prickly Pear Ave, Benson, AZ 85602",Cochise,rural,3.66,3.66,3.66,3.66,0.1,76.2,18.8,54577.0,9643,2.4
AZ,85607,1846,"199 W 5th St, Douglas, AZ 85607",Cochise,rural,3.62,3.62,3.62,3.62,0.9,6.8,89.6,41369.0,16864,2.4
AZ,85614,1411,"18680 S Nogales Hwy, Sahuarita, AZ 85614",Pima,rural,3.57,3.57,3.57,3.57,1.7,81.0,14.8,59850.0,23997,2.4
AZ,85621,1324,"100 W White Park Dr, Nogales, AZ 85621",Santa Cruz,rural,3.52,3.52,3.52,3.52,0.2,3.8,93.8,37004.0,21421,2.4
AZ,85635,1240,"500 N Highway 90 Byp, Sierra Vista, AZ 85635",Cochise,rural,3.54,3.54,3.54,3.54,5.7,55.5,27.5,62167.0,35516,2.4
AZ,85704,4264,7951 N Oracle Rd,Pima,urban,3.48,3.48,3.48,3.48,0.9,71.9,17.9,73268.0,34590,2.4
AZ,85705,4473|1325,2175 W Ruthrauff Rd,Pima,urban,3.48,3.48,3.48,3.48,3.7,38.7,47.7,33941.0,56344,2.4
AZ,85706,4490,2565 E. Commerce Center Place,Pima,urban,3.48,3.48,3.48,3.48,3.0,8.9,84.3,46532.0,57897,2.4
AZ,85710,3049|3143|1291,2550 S. Kolb Rd,Pima,urban,3.48,3.48,3.48,3.48,4.6,60.8,26.7,52299.0,52982,2.4
AZ,85711,4603,5500 E 22nd St,Pima,urban,3.48,3.48,3.48,3.48,5.0,43.4,41.4,50227.0,41412,2.4
AZ,85712,3357,3925 E Grant Rd,Pima,urban,3.48,3.48,3.48,3.48,5.1,56.1,28.9,45254.0,30975,2.4
AZ,85713,5626,1260 East Tucson Marketplace Blvd,Pima,urban,3.48,3.48,3.48,3.48,3.1,21.5,70.1,47708.0,46688,2.4
AZ,85716,3884,3435 East Broadway Blvd,Pima,urban,3.48,3.48,3.48,3.48,5.5,59.4,25.6,47568.0,31590,2.4
AZ,85719,5725,831 E Fort Lowell Road,Pima,urban,3.48,3.48,3.48,3.48,2.8,58.4,26.1,39144.0,48947,2.4
AZ,85730,5799,2711 S. Houghton Rd,Pima,rural,3.48,3.48,3.48,3.48,6.3,54.1,32.8,58609.0,38462,2.4
AZ,85741,2922,7635 No. La Cholla B,Pima,urban,3.48,3.48,3.48,3.48,2.4,51.8,31.8,68395.0,33480,2.4
AZ,85743,5031,"8280 N Cortaro Rd, Tucson, AZ 85743",Pima,rural,3.48,3.48,3.48,3.48,2.1,62.2,27.8,86584.0,30626,2.4
AZ,85746,3377|1612,2823 W Valencia Rd,Pima,rural,3.48,3.48,3.48,3.48,1.6,15.9,77.4,65611.0,46617,2.4
AZ,85747,5858,9260 S. Houghton Rd,Pima,rural,3.48,3.48,3.48,3.48,4.3,59.8,28.2,104855.0,25932,2.4
AZ,85755,3379,2150 E Tangerine Rd,Pima,rural,3.48,3.48,3.48,3.48,1.5,77.7,12.2,107350.0,17555,2.4
AZ,85901,1230,"5401 S White Mountain Rd, Show Low, AZ 85901",Apache,rural,4.36,,,,0.5,76.1,17.3,56634.0,18966,2.3
AZ,85939,4355,"715 N Main St, Taylor, AZ 85939",Navajo,rural,4.36,4.36,4.36,4.36,0.0,83.9,8.8,76925.0,3844,2.3
AZ,86001,1175,2750 S Woodlands Village Blvd,Coconino,rural,4.33,4.33,4.33,4.33,2.0,63.6,15.4,60774.0,37084,2.4
AZ,86004,4252,2601 E Huntington Dr,Coconino,rural,4.33,4.33,4.33,4.33,0.6,61.9,19.4,73765.0,36590,2.4
AZ,86040,1442,"1017 West Haul Road, Page, AZ 86040",Coconino,rural,4.43,4.43,4.43,4.43,1.6,28.8,4.9,77777.0,10785,2.4
AZ,86047,1328,"700 Mikes Pike St, Winslow, AZ 86047",Coconino,rural,4.36,4.36,4.36,4.36,2.3,17.6,26.9,45842.0,14688,2.4
AZ,86301,1417,3050 E State Route 69,Yavapai,rural,4.32,,,,0.3,83.9,9.3,70617.0,26136,2.4
AZ,86314,3730,"3450 N Glassford Hill Rd, Prescott Valley, AZ 86314",Yavapai,rural,4.32,4.32,4.32,4.32,0.7,72.4,22.2,63660.0,39202,2.4
AZ,86326,1299,"2003 E Rodeo Dr, Cottonwood, AZ 86326",Yavapai,rural,4.32,4.32,4.32,4.32,0.7,75.2,18.1,51637.0,24486,2.4
AZ,86404,1364,"5695 Highway 95 N, Lake Havasu City, AZ 86404",Mohave,rural,3.12,3.12,3.12,3.12,0.2,80.5,14.4,63125.0,18280,2.5
AZ,86409,2051,"3396 Stockton Hill Rd, Kingman, AZ 86409",Mohave,rural,3.12,3.12,3.12,3.12,1.3,78.5,14.1,47171.0,29001,2.5
AZ,86426,4203,"5210 S Highway 95, Fort Mohave, AZ 86426",Mohave,rural,3.02,3.02,3.02,3.02,1.2,73.8,17.0,66851.0,15795,2.5
AZ,86442,1370,"2840 Highway 95, Bullhead City, AZ 86442",Mohave,rural,3.02,3.02,3.02,3.02,2.0,65.0,27.0,43624.0,34071,2.5
CA,90221,5807,"2100 N Long Beach Blvd, Compton, CA 90221",Los Angeles,urban,3.94,3.92,,3.92,18.6,0.7,78.5,64439.0,52119,2.8
CA,90242,5603|4132,12270 Paramount Blvd,Los Angeles,urban,3.94,3.92,3.94,3.92,4.3,11.5,76.0,81448.0,41685,2.8
CA,90250,5604,"14441 Inglewood Ave, Hawthorne, CA 90250",Los Angeles,urban,3.94,3.92,3.94,3.92,23.4,11.5,53.7,74616.0,96200,2.8
CA,90280,3180,"4651 Firestone Blvd, South Gate, CA 90280",Los Angeles,urban,3.94,3.92,3.94,3.92,0.8,2.6,95.2,67287.0,92262,2.8
CA,90501,5072,19503 Normandie Ave,Los Angeles,urban,3.94,,,,5.6,19.9,42.9,89926.0,42536,2.8
CA,90503,2226|5874,19340 Hawthorne Blvd,Los Angeles,urban,3.94,3.92,3.92,3.92,3.9,33.2,15.6,117364.0,44280,2.8
CA,90620,5032,"8450 La Palma Ave, Buena Park, CA 90620",Orange,urban,3.94,,,,1.7,27.8,36.7,115501.0,47042,2.8
CA,90623,3099,"5420 La Palma Ave, La Palma, CA 90623",Los Angeles,urban,3.94,3.92,3.94,3.92,4.8,22.5,19.7,110028.0,15419,2.8
CA,90631,3248|5641,1340 S Beach Blvd,Los Angeles,urban,3.94,3.92,3.94,3.92,1.8,26.6,56.6,98009.0,69064,2.8
CA,90638,5661,"14865 Telegraph Road, La Mirada, CA 90638",Los Angeles,urban,3.94,3.92,3.94,3.92,1.4,27.0,46.8,104114.0,46170,2.8
CA,90660,2886,"8500 Washington Blvd, Pico Rivera, CA 90660",Los Angeles,urban,3.94,3.92,3.94,3.92,0.9,4.5,90.5,82539.0,61561,2.8
CA,90670,2948,"13310 Telegraph Rd, Santa Fe Springs, CA 90670",Los Angeles,urban,3.94,3.92,3.94,3.92,2.4,10.9,73.8,83259.0,17556,2.8
CA,90680,4134,"12840 Beach Blvd, Stanton, CA 90680",Orange,urban,3.93,,,,2.0,16.6,50.5,79303.0,31102,2.8
CA,90703,2082,"12701 Towne Center Dr, Cerritos, CA 90703",Los Angeles,urban,3.94,3.92,3.94,3.92,8.1,12.4,14.1,124240.0,49334,2.8
CA,90712,2609,"2770 Carson St, Lakewood, CA 90712",Los Angeles,urban,3.94,,,,11.5,29.8,35.5,119143.0,31552,2.8
CA,90723,2110,"14501 Lakewood Blvd, Paramount, CA 90723",Los Angeles,urban,3.94,3.92,3.94,3.92,8.8,4.5,81.3,67130.0,53286,2.8
CA,90746,5602,"20226 Avalon Blvd, Carson, CA 90746",Los Angeles,urban,3.94,3.92,3.92,3.96,60.9,4.1,20.2,109596.0,27643,2.8
CA,90805,4101,3705 E South St,Los Angeles,urban,3.94,3.92,3.94,3.92,17.7,7.2,59.9,64848.0,96515,2.8
CA,90808,3477,7250 Carson Blvd,Los Angeles,urban,3.94,3.92,3.94,3.92,3.5,52.1,25.7,131535.0,39698,2.8
CA,91010,2401,"1600 Mountain Ave, Duarte, CA 91010",Los Angeles,urban,3.94,3.92,3.94,3.43,5.0,20.3,55.6,95172.0,26825,2.8
CA,91307,5152,"6433 Fallbrook Ave, West Hills, CA 91307",Los Angeles,urban,3.94,3.92,3.94,3.92,4.5,57.0,15.4,130877.0,25368,2.8
CA,91320,3179,"512 N Ventu Park Rd, Thousand Oaks, CA 91320",Ventura,urban,3.94,3.92,3.94,3.92,1.9,63.9,18.7,143873.0,44138,2.6
CA,91326,2526,"19821 Rinaldi St, Porter Ranch, CA 91326",Los Angeles,urban,3.93,3.92,3.87,3.82,8.2,41.5,13.4,142170.0,36503,2.8
CA,91350,3523,26471 Carl Boyer Dr,Los Angeles,urban,3.94,3.92,3.94,3.92,4.4,46.3,30.5,137626.0,42970,2.8
CA,91355,5162,27931 Kelly Johnson Pkwy,Los Angeles,urban,3.94,3.92,3.94,3.92,2.4,59.0,21.6,109752.0,30289,2.8
CA,91381,2297,"25450 The Old Rd, Stevenson Ranch, CA 91381",Los Angeles,rural,3.94,3.92,3.93,3.92,5.5,42.9,19.7,148873.0,20864,2.8
CA,91402,5605|2568,14530 Nordhoff St,Los Angeles,urban,3.94,3.92,3.92,3.92,3.0,10.7,70.1,55130.0,67937,2.8
CA,91502,5686,"1301 N Victory Pl, Burbank, CA 91502",Los Angeles,urban,3.93,3.92,3.92,3.92,4.2,48.0,28.6,59711.0,12312,2.8
CA,91706,3522,"3250 Big Dalton Ave, Baldwin Park, CA 91706",Los Angeles,urban,3.93,3.92,3.87,3.78,0.9,3.5,72.9,76348.0,72495,2.8
CA,91710,3464,"3943 Grand Ave, Chino, CA 91710",San Bernardino,urban,3.92,3.92,3.92,3.92,4.9,18.6,59.5,98099.0,81466,2.6
CA,91722,2292,"1275 N Azusa Ave, Covina, CA 91722",Los Angeles,urban,3.93,3.92,3.87,3.78,3.4,13.7,63.5,95157.0,34470,2.8
CA,91739,1922,"12549 Foothill Blvd, Rancho Cucamonga, CA 91739",San Bernardino,urban,3.86,3.86,3.92,3.86,10.9,30.0,34.4,138079.0,41319,2.6
CA,91740,1941,"1950 Auto Center Drive, Glendora, CA 91740",Los Angeles,urban,3.94,3.92,3.94,3.92,2.2,34.2,49.7,96433.0,27131,2.8
CA,91744,3133,"1425 N Hacienda Blvd, La Puente, CA 91744",Los Angeles,urban,3.93,3.92,3.87,3.76,1.1,4.0,80.3,86290.0,79380,2.8
CA,91745,2251,"17150 Gale Ave, City Of Industry, CA 91745",Los Angeles,urban,3.93,3.92,3.87,3.78,0.8,12.3,43.2,101427.0,55489,2.8
CA,91762,3796,"1333 N Mountain Ave, Ontario, CA 91762",San Bernardino,urban,3.87,3.87,3.92,3.87,3.7,14.9,70.5,74245.0,62990,2.6
CA,91765,4762,"1180 S Diamond Bar Blvd, Diamond Bar, CA 91765",Los Angeles,urban,3.93,3.92,3.92,3.8,3.9,14.6,18.7,105712.0,45303,2.8
CA,91766,2288,80 Rio Rancho Rd,Los Angeles,urban,3.93,3.92,3.92,3.43,4.7,7.4,72.8,72692.0,69517,2.8
CA,91767,3132,778 E Arrow Hwy,Los Angeles,urban,3.93,3.92,3.87,3.87,5.4,12.5,69.5,75870.0,50715,2.8
CA,91770,5154,"1827 Walnut Grove Ave, Rosemead, CA 91770",Los Angeles,urban,3.94,,3.94,3.92,0.5,4.1,30.1,70863.0,59410,2.8
CA,91786,5691|1992,1445 East Foothill Blvd,San Bernardino,urban,3.87,3.87,3.92,3.87,7.3,28.9,49.9,81973.0,56025,2.6
CA,91791,5954,"2753 E. Eastland Center Dr, Ste 5555, West Covina, CA 91791",Los Angeles,urban,3.93,,,,3.4,13.6,50.5,96470.0,33902,2.8
CA,91910,2291|3947,75 North Broadway,San Diego,urban,3.83,3.83,3.92,3.83,3.5,20.1,63.4,84111.0,76313,2.8
CA,91911,5305,1150 Broadway,San Diego,urban,3.83,,,,3.5,12.2,72.8,77705.0,87799,2.8
CA,91915,3516,1360 Eastlake Pkwy,San Diego,urban,3.83,3.83,3.92,3.83,8.4,19.3,44.6,136297.0,35608,2.8
CA,91942,5684|5140,8810 Grossmont Blvd,San Diego,urban,3.83,3.83,3.92,3.83,6.7,54.6,26.4,80996.0,40995,2.8
CA,91950,5023,"1200 Highland Ave, National City, CA 91950",San Diego,urban,3.83,3.83,3.92,3.83,4.0,9.9,66.3,59414.0,57844,2.8
CA,92020,3524,605 Fletcher Pkwy,San Diego,urban,3.82,,,,5.1,58.6,26.5,71400.0,59775,2.8
CA,92021,4169|2253,300 North Second Street,San Diego,urban,3.82,3.83,3.92,3.82,5.5,56.1,28.6,68093.0,69638,2.8
CA,92024,5886,"1550 Leucadia Blvd, Encinitas, CA 92024",San Diego,urban,3.82,3.82,3.92,3.82,0.5,77.0,13.5,141329.0,50222,2.8
CA,92027,3084|5996,1266 East Valley Parkway,San Diego,rural,3.82,3.82,3.92,3.82,2.0,31.6,56.9,80260.0,55750,2.8
CA,92054,5637|2494,1046 Mission Avenue,San Diego,urban,3.82,3.82,3.92,3.82,3.3,49.2,38.3,68713.0,37050,2.8
CA,92056,5075,3405 Marron Rd,San Diego,urban,3.86,3.82,3.92,3.82,2.3,49.8,31.8,97736.0,54190,2.8
CA,92057,2245,705 College Blvd,San Diego,urban,3.82,3.82,3.92,3.82,5.2,40.1,39.7,100066.0,58022,2.8
CA,92064,1700,"13425 Community Rd, Poway, CA 92064",San Diego,urban,3.82,3.82,3.92,3.82,2.7,59.5,16.6,135943.0,48783,2.8
CA,92069,3494,"732 Center Dr, San Marcos, CA 92069",San Diego,urban,3.82,3.82,3.92,3.82,1.5,37.7,45.9,86156.0,46648,2.8
CA,92071,1917,"170 Town Center Parkway, Santee, CA 92071",San Diego,urban,3.82,3.83,3.92,3.82,1.3,66.3,19.6,101906.0,59795,2.8
CA,92083,2094,"1800 University Dr, Vista, CA 92083",San Diego,urban,3.82,3.82,3.92,3.82,2.8,28.2,60.3,80160.0,37864,2.8
CA,92102,5638,2121 Imperial Avenue,San Diego,urban,3.83,,,,8.6,24.2,57.7,68900.0,40051,2.8
CA,92111,5338,4840 Shawline St,San Diego,urban,3.83,3.83,3.92,3.83,4.4,42.3,30.9,94540.0,47710,2.8
CA,92115,2479,3412 College Ave,San Diego,urban,3.83,3.83,3.92,3.83,9.5,41.0,30.1,68420.0,61456,2.8
CA,92123,2177,3382 Murphy Canyon Road,San Diego,urban,3.83,3.83,3.92,3.83,7.7,43.7,20.7,111282.0,32951,2.8
CA,92154,2150|5938,710 Dennery Road,San Diego,urban,3.83,,,,4.5,12.9,68.1,83287.0,83758,2.8
CA,92201,8958,44100 Jefferson St Ste F,Riverside,urban,3.82,,,,2.8,19.0,74.0,60031.0,64325,2.8
CA,92203,2181,82-491 Avenue 42,Riverside,urban,3.82,3.72,3.72,3.72,1.1,42.9,50.4,90708.0,33558,2.8
CA,92211,5096,34500 Monterey Ave,Riverside,urban,3.82,3.72,3.72,3.72,3.5,75.0,15.5,82917.0,26741,2.8
CA,92223,5156,"1540 E 2nd St, Beaumont, CA 92223",Riverside,urban,3.86,3.86,3.92,3.86,8.9,35.9,44.8,99983.0,61686,2.8
CA,92227,5335,"250 Wildcat Dr, Brawley, CA 92227",Imperial,rural,3.78,3.72,3.72,3.72,0.3,14.1,83.4,56559.0,27540,2.5
CA,92231,1859,"2540 Rockwood Ave, Calexico, CA 92231",Imperial,rural,3.78,3.72,3.72,3.72,0.1,0.8,97.7,51750.0,38674,2.5
CA,92236,2826,"83053 Avenue 48, Coachella, CA 92236",Riverside,urban,3.82,3.77,3.72,3.77,0.4,1.4,97.7,52489.0,42506,2.8
CA,92243,1555,"2150 N Waterman Ave, El Centro, CA 92243",Imperial,rural,3.78,3.72,3.72,3.72,3.0,8.7,86.3,54250.0,49193,2.5
CA,92253,1805,"79295 Us Hwy 111, La Quinta, CA 92253",Riverside,urban,3.82,3.72,3.72,3.72,1.6,54.2,36.5,92744.0,37898,2.8
CA,92260,3026,72314 Highway 111,Riverside,urban,3.82,3.72,3.72,3.72,2.0,61.6,27.5,68750.0,31039,2.8
CA,92264,1832,"5601 E Ramon Rd, Palm Springs, CA 92264",Riverside,rural,3.82,3.72,3.72,3.72,1.7,68.2,20.0,70305.0,20229,2.8
CA,92284,1915,"58501 29 Palms Hwy, Yucca Valley, CA 92284",San Bernardino,rural,3.96,4.0,4.12,3.92,2.7,63.5,24.8,50729.0,25741,2.6
CA,92307,2333,"20251 Hwy 18, Apple Valley, CA 92307",San Bernardino,rural,3.94,3.92,3.94,3.92,6.3,47.5,37.6,71450.0,40534,2.6
CA,92311,1879,"301 Montara Rd, Barstow, CA 92311",San Bernardino,rural,3.93,3.92,3.87,3.82,12.3,29.8,47.9,57687.0,34226,2.6
CA,92324,1692,"1120 S Mount Vernon Ave, Colton, CA 92324",Riverside,urban,3.86,3.86,3.92,3.86,8.5,13.0,73.0,66836.0,57593,2.8
CA,92335,1756,"17251 Foothill Blvd, Fontana, CA 92335",San Bernardino,urban,3.86,3.86,3.92,3.86,3.6,8.4,84.9,70082.0,96704,2.6
CA,92345,4340,"13401 Main St, Hesperia, CA 92345",San Bernardino,urban,3.94,3.92,3.94,3.92,3.7,30.0,61.7,64243.0,87476,2.6
CA,92346,1914,"4210 Highland Ave, Highland, CA 92346",San Bernardino,urban,3.86,3.86,3.92,3.86,8.7,23.9,55.3,81571.0,60025,2.6
CA,92354,2998,"25755 Barton Rd, Loma Linda, CA 92354",San Bernardino,urban,3.86,3.86,3.92,3.86,8.5,33.0,27.2,72951.0,23054,2.6
CA,92373,1693,"2050 W Redlands Blvd, Redlands, CA 92373",Riverside,rural,3.86,3.86,3.92,3.86,4.4,54.0,26.0,93886.0,33946,2.8
CA,92376,3131|1862,300 West Baseline Rd,San Bernardino,urban,3.86,3.86,3.92,3.86,10.0,7.4,79.2,71825.0,85727,2.6
CA,92392,1588|4392,11896 Amargosa Rd,San Bernardino,urban,3.94,3.92,3.94,3.92,15.6,22.3,53.8,73860.0,61859,2.6
CA,92407,3276,"4001 Hallmark Pkwy, San Bernardino, CA 92407",San Bernardino,urban,3.86,3.86,3.92,3.86,10.0,16.8,65.7,83724.0,67207,2.6
CA,92503,2028,5200 Van Buren Blvd,Riverside,urban,3.86,3.86,3.92,3.86,3.1,24.4,62.3,87042.0,88617,2.8
CA,92507,1899,6250 Valley Springs Pkwy,Riverside,urban,3.86,3.86,3.92,3.86,7.4,21.6,52.6,67203.0,60949,2.8
CA,92509,5663,"8844 Limonite Ave, Jurupa Valley, CA 92509",Riverside,urban,3.86,3.86,3.92,3.86,3.1,17.4,74.5,89640.0,80325,2.8
CA,92532,2077,"29260 Central Ave, Lake Elsinore, CA 92532",Riverside,urban,3.88,3.86,3.92,3.88,8.0,41.3,37.2,107765.0,27454,2.8
CA,92543,5008,859 W Florida Ave,Riverside,urban,3.88,,,,8.8,33.1,51.9,43881.0,38403,2.8
CA,92545,1853,1231 S Sanderson Ave,Riverside,urban,3.88,3.86,3.92,3.88,7.5,38.6,47.2,56193.0,45219,2.8
CA,92555,5193,"12721 Moreno Beach Dr, Moreno Valley, CA 92555",Riverside,rural,3.86,3.86,3.92,3.86,20.3,18.9,49.6,105490.0,44923,2.8
CA,92562,2952,"41200 Murrieta Hot Springs Rd, Murrieta, CA 92562",Riverside,rural,3.88,3.86,3.92,3.88,4.2,50.1,35.2,108595.0,64155,2.8
CA,92571,1747,"1800 N Perris Blvd, Perris, CA 92571",Riverside,urban,3.88,3.86,3.92,3.88,9.6,6.7,78.1,81884.0,59896,2.8
CA,92583,5425,"1861 S San Jacinto Ave, San Jacinto, CA 92583",Riverside,urban,3.88,3.86,3.92,3.88,5.5,27.2,59.1,60352.0,33781,2.8
CA,92592,2708,"32225 Temecula Pkwy, Temecula, CA 92592",Riverside,rural,3.88,3.88,3.92,3.88,4.1,52.2,26.3,122882.0,81636,2.8
CA,92606,5644,"16555 Von Karman Ave, Ste A",Orange,urban,3.94,3.92,3.94,3.92,1.4,31.5,9.1,128580.0,24431,2.8
CA,92610,2218,"26502 Towne Centre Dr, Foothill Ranch, CA 92610",Orange,urban,3.93,3.92,3.87,3.82,0.8,46.6,12.4,170469.0,13107,2.8
CA,92618,5687,71 Technology Dr,Orange,urban,3.93,,,,1.5,32.7,10.0,132843.0,59386,2.8
CA,92646,2636,8230 Talbert Ave,Orange,urban,3.93,,,,1.1,63.3,15.8,123899.0,56033,2.8
CA,92648,5601,21132 Beach Blvd,Orange,urban,3.93,3.92,3.92,3.92,0.8,63.9,15.8,116189.0,45667,2.8
CA,92673,2527,"951 Avenida Pico, San Clemente, CA 92673",Orange,urban,3.93,3.92,3.87,3.82,2.2,71.6,15.8,172056.0,30633,2.8
CA,92677,2206,"27470 Alicia Pkwy, Laguna Niguel, CA 92677",Orange,urban,3.34,3.34,3.28,3.24,1.8,64.2,16.1,135822.0,64259,2.8
CA,92683,2495,"13331 Beach Blvd, Westminster, CA 92683",Orange,urban,3.93,3.92,3.92,3.92,0.8,20.8,24.1,80292.0,90630,2.8
CA,92688,5600,"30491 Avenida De Las Flores, Rancho Santa Margarita, CA 92688",Orange,urban,3.93,3.92,3.87,3.82,1.5,58.3,21.5,141089.0,44444,2.8
CA,92704,2517,"3600 W Mcfadden Ave, Santa Ana, CA 92704",Orange,urban,3.93,3.92,3.92,3.92,1.0,8.5,71.6,89654.0,80767,2.8
CA,92801,3101|2242|5930,121 N Beach Blvd,Orange,urban,3.94,3.92,3.94,3.92,3.9,17.6,57.9,76264.0,64022,2.8
CA,92804,5639,10912 Katella Ave,Orange,urban,3.94,,,,3.3,20.1,46.7,75847.0,84700,2.8
CA,92805,5640,1120 S Anaheim Blvd,Orange,urban,3.94,3.92,3.94,3.92,1.3,13.6,71.2,81576.0,73310,2.8
CA,92821,2523,"2595 E Imperial Hwy, Brea, CA 92821",Orange,urban,3.94,3.92,3.94,3.96,0.9,38.8,32.6,114444.0,41604,2.8
CA,92841,4171,11822 Gilbert St,Orange,urban,3.93,3.92,3.92,3.92,1.1,15.4,31.7,72243.0,34188,2.8
CA,92865,2546,"2300 N Tustin St, Orange, CA 92865",Orange,urban,3.93,3.92,3.87,3.82,1.3,37.1,39.2,120365.0,21140,2.8
CA,92879,1912,479 N Mckinley St,Riverside,urban,3.83,3.84,3.92,3.76,5.8,21.7,58.7,84500.0,49111,2.8
CA,92881,2842,1290 E Ontario Ave,Riverside,urban,3.83,3.84,3.92,3.76,3.9,41.4,35.9,130536.0,31401,2.8
CA,92882,2487,1560 West Sixth Street,Riverside,urban,3.83,3.84,3.92,3.76,4.6,31.1,51.8,101185.0,69472,2.8
CA,93003,3650,"1739 S Victoria Ave, Ventura, CA 93003",Ventura,urban,3.94,3.92,3.94,3.96,1.5,57.4,31.9,96895.0,53283,2.6
CA,93010,5664,"275 West Ventura Blvd, Camarillo, CA 93010",Ventura,urban,3.94,3.92,3.94,3.92,3.3,50.0,34.1,104847.0,47656,2.6
CA,93033,3087,2701 Saviers Rd,Ventura,urban,3.94,3.92,3.94,3.96,1.5,5.7,84.7,82606.0,82517,2.6
CA,93036,5643|2032,421 W Esplanade Dr,Ventura,urban,3.94,3.92,3.94,3.92,2.6,18.3,70.3,93481.0,46959,2.6
CA,93063,3147,2204 Tapo Street,Ventura,urban,3.94,3.92,3.94,3.92,0.9,55.8,25.7,115483.0,57075,2.6
CA,93065,2621,255 Cochran St,Ventura,urban,3.94,3.92,3.94,3.92,1.0,58.1,26.0,110537.0,72086,2.6
CA,93215,5215,"530 Woollomes Ave, Delano, CA 93215",Kern,rural,3.86,3.86,3.88,3.86,3.9,5.0,76.8,53480.0,53334,2.5
CA,93230,1645,"250 S 12th Ave, Hanford, CA 93230",Kings,rural,3.84,3.82,3.86,3.82,5.6,35.7,51.2,72996.0,68572,2.2
CA,93257,1877,"1250 W Henderson Ave, Porterville, CA 93257",Tulare,rural,3.86,3.86,3.87,3.88,0.3,21.6,70.9,54889.0,79217,2.2
CA,93274,2536,"1110 E Prosperity Ave, Tulare, CA 93274",Kings,rural,3.84,3.82,3.86,3.76,2.4,28.4,63.4,66487.0,78831,2.2
CA,93277,5956,3750 S Mooney Blvd,Tulare,urban,3.84,,,,2.9,41.1,48.3,73801.0,54127,2.2
CA,93280,5859,"401 N Central Ave, Wasco, CA 93280",Kern,rural,3.87,3.86,3.92,3.76,4.0,8.1,86.0,48021.0,27356,2.5
CA,93291,5635,1320 N Demaree St,Tulare,rural,3.84,3.82,3.86,3.76,1.8,33.2,54.1,75679.0,61439,2.2
CA,93292,1826,1819 E Noble Ave,Tulare,rural,3.84,3.82,3.86,3.76,1.1,34.7,58.0,77670.0,44759,2.2
CA,93306,1624,2601 Fashion Place,Kern,rural,3.87,3.86,3.92,3.86,3.6,23.9,66.9,66060.0,74769,2.5
CA,93307,3141|1574,5037 East Brundage Lane,Kern,rural,3.87,3.86,3.92,3.86,6.1,9.1,80.5,50157.0,89651,2.5
CA,93308,3140,3111 North Chester,Kern,rural,3.87,3.86,3.92,3.86,2.2,61.0,28.5,54189.0,55150,2.5
CA,93312,3138|3139|2557,5625 Calloway Drive,Kern,urban,3.87,,,,3.1,51.8,33.2,111084.0,59616,2.5
CA,93313,5134,5075 Gosford Rd,Kern,rural,3.87,,,,5.8,21.7,57.2,96149.0,59924,2.5
CA,93420,2556,"1168 W Branch St, Arroyo Grande, CA 93420",San Luis Obispo,rural,3.87,3.86,3.92,3.82,1.4,72.5,14.6,104314.0,32126,2.5
CA,93436,1989,"701 W Central Ave, Lompoc, CA 93436",Santa Barbara,rural,3.97,3.96,4.02,3.96,3.2,34.3,55.2,71922.0,55591,2.5
CA,93446,2099,"180 Niblick Rd, Paso Robles, CA 93446",San Luis Obispo,rural,3.87,3.86,3.92,3.76,0.7,62.6,28.1,89889.0,45720,2.5
CA,93454,5658,2240 S Bradley Rd,San Luis Obispo,rural,3.97,,,,1.3,22.1,70.2,80438.0,41110,2.5
CA,93455,2507,2220 S Bradley Rd,Santa Barbara,rural,3.97,3.96,4.02,3.72,1.8,49.4,38.6,105838.0,44186,2.5
CA,93458,5659,500 S Blosser Rd,San Luis Obispo,urban,3.97,3.96,4.02,3.72,0.7,7.6,86.8,75519.0,59789,2.5
CA,93535,2951,1731 E Avenue J,Los Angeles,rural,3.93,3.92,3.87,3.66,21.2,18.7,53.4,61183.0,80905,2.8
CA,93536,1563,44665 Valley Central Way,Kern,rural,3.93,3.92,3.87,3.66,12.5,39.9,37.0,97418.0,72131,2.5
CA,93551,5689|1660,3875 Rancho Vista Boulevard,Los Angeles,rural,3.93,3.92,3.87,3.66,7.9,34.9,43.5,107133.0,54478,2.8
CA,93552,2950,37140 47th St E,Los Angeles,rural,3.93,3.92,3.87,3.66,11.1,11.7,72.3,85890.0,43371,2.8
CA,93555,1600,"201 E Bowman Rd, Ridgecrest, CA 93555",Kern,rural,3.97,3.96,4.02,3.86,3.8,65.7,20.5,81824.0,33490,2.5
CA,93561,4317,"400 Tucker Rd, Tehachapi, CA 93561",Kern,rural,3.97,3.96,4.02,3.86,0.8,69.7,23.7,82093.0,31060,2.5
CA,93611,5633|5337,1830 Shaw Ave,Fresno,urban,3.84,,,,3.5,50.4,29.3,113672.0,46620,2.2
CA,93612,2277,323 W Shaw Ave,Fresno,urban,3.84,3.82,3.86,3.82,3.0,39.5,45.8,60721.0,37138,2.2
CA,93618,5394,"770 W El Monte Way, Dinuba, CA 93618",Fresno,rural,3.84,3.82,3.86,3.76,0.2,10.9,86.6,56950.0,32334,2.2
CA,93630,5701,"14061 W. Whitesbridge Avenue, Kerman, CA 93630",Fresno,rural,3.84,3.82,3.86,3.76,0.5,12.5,79.2,54972.0,20272,2.2
CA,93635,2117,"1575 West Pacheco Blvd, Los Banos, CA 93635",Merced,rural,3.86,3.83,3.87,3.76,2.0,20.3,72.2,75522.0,47683,2.2
CA,93637,1583,"1977 W Cleveland Ave, Madera, CA 93637",Madera,rural,3.84,3.82,3.86,3.76,3.5,17.0,75.1,71057.0,41324,2.2
CA,93650,2985,7065 N Ingram Ave,Fresno,urban,3.84,3.82,3.86,3.82,3.6,8.9,77.5,42606.0,2844,2.2
CA,93657,4238,"2761 Jensen Ave, Sanger, CA 93657",Fresno,rural,3.84,3.82,3.86,3.76,0.4,25.4,67.3,71706.0,36053,2.2
CA,93662,1882,"3400 Floral Ave, Selma, CA 93662",Fresno,rural,3.84,3.82,3.86,3.73,1.2,12.7,80.3,54655.0,30191,2.2
CA,93703,2689,3131 N Cedar Ave,Fresno,urban,3.84,3.82,3.86,3.82,8.1,14.2,61.2,40678.0,32603,2.2
CA,93710,5634,6855 N Willow Ave,Fresno,urban,3.84,3.82,3.86,3.82,5.8,43.4,37.9,55015.0,32730,2.2
CA,93722,1815,4080 W Shaw Ave,Fresno,urban,3.84,3.82,3.86,3.82,8.4,22.5,49.0,75491.0,86387,2.2
CA,93726,5632,1804 East Ashlan Avenue,Fresno,urban,3.84,,,,5.2,24.1,57.8,52921.0,44790,2.2
CA,93727,2001,5125 East Kings Canyon Rd,Fresno,urban,3.84,3.82,3.86,3.82,4.3,18.5,45.0,78036.0,82176,2.2
CA,93906,2458,1800 N Main,Monterey,urban,3.87,3.86,3.92,3.76,1.1,13.4,76.7,93626.0,66883,2.5
CA,93907,5751,1375 N Davis Rd.,Monterey,rural,3.87,,,,1.2,32.1,53.5,100295.0,25124,2.5
CA,93933,4488,"150 Beach Rd, Marina, CA 93933",Monterey,urban,3.87,3.86,3.92,3.76,6.1,39.1,29.2,89507.0,27197,2.5
CA,94040,2280,"600 Showers Dr, Mountain View, CA 94040",Santa Clara,urban,3.73,3.73,3.76,3.66,1.1,43.4,13.7,175147.0,35667,2.5
CA,94503,1651,"7011 Main St, American Canyon, CA 94503",Napa,urban,3.73,3.73,3.76,3.66,6.1,21.5,28.3,122500.0,21791,2.4
CA,94531,2697,"4893 Lone Tree Way, Antioch, CA 94531",Contra Costa,urban,3.73,3.73,3.76,3.66,24.8,23.1,24.7,115300.0,44115,2.4
CA,94533,2048,"2701 N Texas St, Fairfield, CA 94533",Solano,urban,3.73,3.73,3.76,3.66,17.3,23.8,36.4,84907.0,78129,2.4
CA,94538,5426,40580 Albrae St,Alameda,urban,3.73,,,,3.8,17.7,18.6,143146.0,66215,2.4
CA,94539,2989,44009 Osgood Rd,Alameda,urban,3.73,3.73,3.76,3.66,1.6,12.7,4.7,219913.0,53464,2.4
CA,94551,1972,"2700 Las Positas Rd, Livermore, CA 94551",Alameda,rural,3.73,3.73,3.76,3.66,1.7,45.9,30.1,128356.0,40025,2.4
CA,94553,3493,"1021 Arnold Dr, Martinez, CA 94553",Contra Costa,urban,3.73,3.73,3.76,3.66,3.5,59.4,19.4,118704.0,49062,2.4
CA,94558,2925,"681 Lincoln Ave, Napa, CA 94558",Napa,rural,3.73,3.73,3.76,3.66,0.9,56.2,36.0,110397.0,65084,2.4
CA,94565,1615,"2203 Loveridge Rd, Pittsburg, CA 94565",Contra Costa,urban,3.73,3.73,3.76,3.64,13.7,17.3,48.4,92399.0,100826,2.4
CA,94566,5611,3112 Santa Rita Rd.,Alameda,urban,3.73,,,,0.8,45.9,11.4,187357.0,45145,2.4
CA,94577,2648,1919 Davis St,Alameda,urban,3.73,3.73,3.76,3.66,13.1,23.8,29.0,106695.0,47937,2.4
CA,94579,5434,15555 Hesperian Blvd,Alameda,urban,3.73,3.73,3.76,3.66,2.8,21.5,20.9,95398.0,20272,2.4
CA,94583,5610,"9100 Alcosta Blvd, San Ramon, CA 94583",Contra Costa,urban,3.73,3.73,3.76,3.66,1.5,45.7,10.5,178212.0,39758,2.4
CA,94585,3708,"350 Walters Rd, Suisun City, CA 94585",Solano,rural,3.73,3.73,3.76,3.66,21.1,22.6,30.1,95109.0,29401,2.4
CA,94587,2031,"30600 Dyer St, Union City, CA 94587",Alameda,urban,3.73,3.73,3.76,3.66,4.7,14.3,20.1,138013.0,69502,2.4
CA,94588,2161,4501 Rosewood Dr,Alameda,urban,3.73,3.73,3.76,3.66,2.3,37.3,11.3,177016.0,35162,2.4
CA,94589,5609,"501 Sereno Dr, Vallejo, CA 94589",Solano,urban,3.73,3.73,3.76,3.66,18.4,15.2,35.8,85373.0,29959,2.4
CA,94806,3455,"1400 Hilltop Mall Rd, Richmond, CA 94806",Contra Costa,urban,3.73,3.73,3.76,3.66,12.8,12.5,48.8,82274.0,63730,2.4
CA,94928,2468|1755,901 Golf Course Drive,Sonoma,urban,3.73,3.73,3.76,3.72,3.8,52.7,31.0,93282.0,46231,2.4
CA,95020,2002,"7150 Camino Arroyo, Gilroy, CA 95020",Santa Clara,rural,3.87,3.86,3.92,3.76,2.5,26.1,56.8,128977.0,68365,2.5
CA,95035,2119,"301 Ranch Dr, Milpitas, CA 95035",Santa Clara,urban,3.73,3.73,3.76,3.66,2.1,10.7,13.5,166931.0,79393,2.5
CA,95037,5766,"170 Cochrane Plz, Morgan Hill, CA 95037",Santa Clara,rural,3.73,3.73,3.76,3.66,2.0,43.2,33.8,153091.0,51867,2.5
CA,95054,3123,"3255 Mission College Blvd, Santa Clara, CA 95054",Santa Clara,urban,3.73,3.73,3.76,3.66,3.4,21.3,13.4,194316.0,24444,2.5
CA,95112,4174,1450 Monterey Rd,Santa Clara,urban,3.73,,,,4.6,21.5,43.4,85080.0,58775,2.5
CA,95118,5884,5095 Almaden Expy,Santa Clara,urban,3.73,3.73,3.76,3.66,1.9,44.2,26.0,142563.0,32827,2.5
CA,95122,5435,777 Story Rd,Santa Clara,urban,3.73,3.73,3.76,3.66,2.0,3.6,57.2,94924.0,52555,2.5
CA,95129,2486,4080 Stevens Creek Blvd,Santa Clara,urban,3.73,3.73,3.76,3.66,2.3,21.0,6.6,178818.0,39797,2.5
CA,95135,3023,4055 Evergreen Village Sq Ste 140,Santa Clara,rural,3.73,3.73,3.76,3.66,2.0,26.6,9.7,199042.0,21402,2.5
CA,95210,3022,1189 E March Ln,San Joaquin,urban,3.73,,,,11.7,12.8,39.5,58815.0,42654,2.2
CA,95212,1554,3223 E Hammer Ln,San Joaquin,urban,3.73,3.73,3.76,3.66,8.1,22.4,25.1,108958.0,27848,2.2
CA,95219,3352,10355 Trinity Pkwy,Contra Costa,rural,3.73,3.73,3.76,3.66,9.4,33.0,29.0,93638.0,30165,2.4
CA,95242,1789,"1601 S Lower Sacramento Rd, Lodi, CA 95242",San Joaquin,rural,3.73,,,,1.6,60.8,26.0,96161.0,27433,2.2
CA,95301,5890,"800 Commerce Ave, Atwater, CA 95301",Merced,rural,3.86,3.83,3.87,3.76,4.8,33.8,51.5,66749.0,41660,2.2
CA,95304,2025,"3010 W Grant Line Rd, Tracy, CA 95304",San Joaquin,rural,3.73,3.73,3.76,3.66,5.9,35.5,37.3,103138.0,15235,2.2
CA,95307,1983,"1670 Mitchell Rd, Ceres, CA 95307",Stanislaus,urban,3.73,3.73,3.76,3.66,1.5,24.2,63.0,71786.0,47978,2.2
CA,95337,1840,"1205 S Main St, Manteca, CA 95337",San Joaquin,rural,3.73,3.73,3.76,3.66,4.2,27.5,38.4,99665.0,44192,2.2
CA,95348,2039,"3055 Loughborough Dr, Merced, CA 95348",Merced,rural,3.86,3.83,3.87,3.76,6.0,26.0,47.4,62551.0,35853,2.2
CA,95350,1587,2225 Plaza Pkwy,Stanislaus,urban,3.73,,,,3.9,46.8,36.5,66185.0,55368,2.2
CA,95355,3046,1421 Coffee Rd,Stanislaus,urban,3.73,3.73,3.76,3.66,4.7,48.1,32.8,80266.0,60338,2.2
CA,95356,5710,3848 Mchenry Ave,Stanislaus,urban,3.73,3.73,3.76,3.66,2.2,51.5,31.7,91034.0,33033,2.2
CA,95363,5843,"1030 Sperry Ave, Patterson, CA 95363",Stanislaus,rural,3.73,3.73,3.76,3.66,4.6,20.5,66.9,88728.0,29784,2.2
CA,95370,2030,"1101 Sanguinetti Road, Sonora, CA 95370",Tuolumne,rural,3.73,3.73,3.76,3.66,0.3,83.1,10.4,69751.0,28548,1.8
CA,95380,3047|1963,2480 Geer Road,Merced,rural,3.73,3.73,3.76,3.66,1.3,36.8,54.2,63548.0,44204,2.2
CA,95422,1979,"15960 Dam Rd, Clearlake, CA 95422",Lake,rural,3.93,3.96,3.97,3.86,4.2,57.4,29.7,41428.0,16998,2.2
CA,95482,2052,"1155 Airport Park Blvd, Ukiah, CA 95482",Mendocino,rural,3.84,3.86,3.87,3.76,0.7,55.7,34.9,65657.0,34183,2.2
CA,95492,2553,"6650 Hembree Ln, Windsor, CA 95492",Sonoma,urban,3.84,3.86,3.87,3.72,0.7,60.9,31.1,129250.0,28096,2.4
CA,95501,5629,"3300 Broadway Bayshore Mall, Eureka, CA 95501",Humboldt,urban,3.93,3.96,3.97,3.86,2.4,67.1,14.6,52222.0,23706,2.2
CA,95531,1910,"900 E Washington Blvd, Crescent City, CA 95531",Del Norte,rural,3.93,3.96,3.97,3.86,3.1,60.3,21.8,60365.0,23029,2.2
CA,95605,3652,"755 Riverpoint Ct, West Sacramento, CA 95605",Yolo,urban,3.73,3.73,3.76,3.66,6.9,32.3,45.7,68226.0,14291,2.2
CA,95608,5981,"6005 Madison Ave, Carmichael, CA 95608",Sacramento,urban,3.73,3.73,3.76,3.66,5.9,65.0,15.0,79371.0,63715,2.2
CA,95610,4759,6197 Sunrise Blvd,Sacramento,urban,3.73,,,,3.6,69.3,19.1,75370.0,46219,2.2
CA,95620,5139,"235 E Dorset Dr, Dixon, CA 95620",Solano,rural,3.73,3.73,3.76,3.66,1.8,50.0,39.7,94042.0,22004,2.4
CA,95621,3712,7010 Auburn Blvd,Sacramento,urban,3.73,3.73,3.76,3.66,2.0,65.6,20.2,74573.0,42089,2.2
CA,95630,1760,"1018 Riley St, Folsom, CA 95630",El Dorado,urban,3.73,3.73,3.76,3.66,2.3,58.1,13.6,134844.0,76599,1.8
CA,95632,5231,"10470 Twin Cities Rd, Galt, CA 95632",Sacramento,rural,3.73,3.73,3.76,3.66,1.9,46.9,42.4,91315.0,31217,2.2
CA,95642,2054,"10355 Wicklow Way, Jackson, CA 95642",Amador,rural,3.73,3.73,3.76,3.66,0.6,71.0,18.2,78143.0,7152,1.8
CA,95648,5979,"255 Lincoln Blvd, Lincoln, CA 95648",Placer,rural,3.73,3.73,3.76,3.66,1.4,69.1,17.7,100112.0,55350,2.0
CA,95660,4393,"4675 Watt Ave, North Highlands, CA 95660",Sacramento,urban,3.73,,,,9.8,43.4,33.6,63429.0,35458,2.2
CA,95661,4202,1400 Lead Hill Blvd,Placer,urban,3.73,3.73,3.76,3.66,1.5,68.2,15.3,105789.0,32827,2.0
CA,95662,4309,"8961 Greenback Ln, Orangevale, CA 95662",Sacramento,urban,3.73,3.73,3.76,3.66,1.4,73.4,13.9,92507.0,32436,2.2
CA,95667,2418,"4300 Missouri Flat Rd, Placerville, CA 95667",El Dorado,rural,3.73,3.73,3.76,3.66,0.7,80.5,13.8,84296.0,36084,1.8
CA,95670,2457,"10655 Folsom Blvd, Rancho Cordova, CA 95670",Sacramento,urban,3.73,3.73,3.76,3.66,8.7,51.2,20.3,86905.0,59449,2.2
CA,95677,3090|3587,5609 Pacific St,Placer,urban,3.73,3.73,3.76,3.66,1.6,67.6,15.5,102549.0,28591,2.0
CA,95678,1988,900 Pleasant Grove Blvd,Placer,urban,3.73,3.73,3.76,3.66,1.9,62.3,21.6,96178.0,45210,2.0
CA,95687,5007|5608|1704,2050 Nut Tree Rd,Solano,urban,3.73,3.73,3.76,3.64,10.8,45.3,25.4,104135.0,68996,2.4
CA,95695,4127,215 California St,Yolo,rural,3.73,3.73,3.76,3.66,1.0,39.7,50.8,79009.0,39892,2.2
CA,95746,5980,"4080 Douglas Blvd, Granite Bay, CA 95746",Placer,urban,3.73,,,,3.4,72.3,9.6,173034.0,22743,2.0
CA,95757,5848,10075 Bruceville Rd,Sacramento,rural,3.73,3.73,3.76,3.64,12.1,21.7,18.5,128216.0,53232,2.2
CA,95758,5683|1697,8455 Elk Grove Blvd,Sacramento,urban,3.73,,,,12.1,29.6,21.3,102306.0,66153,2.2
CA,95776,5606|2190,1250 E Gibson Road,Yolo,rural,3.73,3.73,3.76,3.66,2.1,34.9,45.4,99930.0,26352,2.2
CA,95821,5982,2700 Marconi Ave,Sacramento,urban,3.73,3.73,3.76,3.66,7.4,51.6,21.0,56019.0,37436,2.2
CA,95823,2735,6051 Florin Rd,Sacramento,urban,3.73,3.73,3.76,3.66,17.7,12.7,34.5,59547.0,82983,2.2
CA,95829,3081,8915 Gerber Road,Sacramento,urban,3.73,3.73,3.76,3.66,7.8,26.4,19.9,111523.0,31297,2.2
CA,95832,2464,8270 Delta Shores Circle,Sacramento,urban,3.73,3.73,3.76,3.66,8.8,12.0,32.0,75071.0,13116,2.2
CA,95834,2598,3661 Truxel Rd,Sacramento,urban,3.73,3.73,3.76,3.66,15.5,21.9,26.8,93684.0,34892,2.2
CA,95842,5192,5821 Antelope Rd,Sacramento,urban,3.73,3.73,3.76,3.66,12.5,47.4,22.3,64269.0,34775,2.2
CA,95843,1881,7901 Watt Ave,Sacramento,urban,3.73,,,,10.4,56.8,14.6,92336.0,47195,2.2
CA,95901,5136,"1131 N Beale Rd, Marysville, CA 95901",Butte,rural,3.73,3.73,3.76,3.72,2.8,51.1,29.1,59378.0,36119,2.0
CA,95928,2044,"2044 Forest Ave, Chico, CA 95928",Butte,rural,3.84,3.86,3.87,3.76,1.7,71.0,18.5,66023.0,38412,2.0
CA,95965,1575,"465 Cal Oak Rd, Oroville, CA 95965",Butte,rural,3.84,3.86,3.87,3.76,3.9,55.6,17.4,45406.0,20835,2.0
CA,95988,2053,"470 N Airport Rd, Willows, CA 95988",Glenn,rural,3.84,3.86,3.87,3.76,0.4,57.9,29.5,66023.0,8748,2.2
CA,95993,1903,"1150 Harter Rd, Yuba City, CA 95993",Sutter,rural,3.84,3.86,3.87,3.72,1.6,46.1,21.3,85863.0,37222,2.2
CA,96003,2537,"1515 Dana Dr, Redding, CA 96003",Shasta,rural,3.84,3.86,3.87,3.76,1.3,77.2,10.7,67440.0,43945,2.0
CA,96007,5133,"5000 Rhonda Rd, Anderson, CA 96007",Shasta,rural,3.84,3.86,3.87,3.76,0.2,76.3,14.0,57517.0,24849,2.0
CA,96080,1608,"608 Luther Road, Red Bluff, CA 96080",Tehama,rural,3.84,3.86,3.87,3.76,1.5,75.2,16.3,58654.0,31190,2.2
CA,96097,1630,"1906 Fort Jones Rd, Yreka, CA 96097",Siskiyou,rural,3.93,3.96,3.97,3.86,1.9,74.1,14.8,49281.0,10154,2.0
CA,96130,1616,"2900 Main St, Susanville, CA 96130",Lassen,rural,3.93,3.96,3.97,3.86,9.7,57.5,24.4,66725.0,21460,2.0
CO,80002,4734,"9400 Ralston Road, Arvada, CO 80002",Adams,urban,3.82,3.82,3.82,3.82,0.7,70.6,24.0,87500.0,20589,2.7
CO,80003,3824,7155 Sheridan Blvd,Adams,urban,3.82,3.82,3.82,3.82,1.4,62.7,26.7,79402.0,36233,2.7
CO,80010,6178,10400 E Colfax Avenue,Adams,urban,3.82,,,,16.5,23.4,49.5,56376.0,42892,2.7
CO,80011,5334,3301 Tower Rd,Adams,urban,3.82,3.82,3.82,3.82,17.4,24.9,49.9,64541.0,52633,2.7
CO,80012,1492,14000 E Exposition Ave,Arapahoe,urban,3.82,3.82,3.82,3.82,22.9,30.3,35.6,66898.0,52741,2.7
CO,80014,4196,15240 E Iliff Avenue,Arapahoe,urban,3.82,3.82,3.82,3.82,12.8,59.9,15.3,69361.0,39024,2.7
CO,80015,3740|1689|3126,21475 E Quincy Ave,Arapahoe,urban,3.82,3.82,3.82,3.82,8.0,63.0,15.2,116357.0,72841,2.7
CO,80016,5137,6101 S Aurora Pkwy,Arapahoe,urban,3.82,3.82,3.82,3.82,6.2,66.9,10.8,141728.0,64842,2.7
CO,80020,4288,4651 W 121st Ave,Adams,urban,3.82,3.82,3.82,3.82,1.1,71.8,16.6,112941.0,53475,2.7
CO,80021,5341,500 Summit Blvd,Broomfield,urban,3.82,3.82,3.28,3.82,0.9,79.1,12.0,99562.0,35128,2.5
CO,80022,2752,"5990 Dahlia St, Commerce City, CO 80022",Adams,urban,3.82,,,,4.0,36.7,54.1,90032.0,58681,2.7
CO,80026,1045,"745 Us Highway 287, Lafayette, CO 80026",Boulder,urban,3.82,3.82,3.82,3.82,0.7,73.9,15.6,109414.0,32675,2.5
CO,80030,6177,7170 N Federal Blvd,Adams,urban,3.82,,,,2.0,45.0,46.9,61772.0,16891,2.7
CO,80031,2223,9499 Sheridan Blvd,Adams,urban,3.82,3.82,3.82,3.82,1.5,63.8,26.7,102323.0,36274,2.7
CO,80104,984,"133 Sam Walton Lane, Castle Rock, CO 80104",Douglas,rural,3.82,3.82,3.82,3.82,0.5,83.6,8.3,123337.0,35084,2.7
CO,80107,4639,"2100 Legacy Cir, Elizabeth, CO 80107",Elbert,rural,3.93,3.93,3.93,3.93,0.2,85.0,7.1,132739.0,14467,2.7
CO,80110,2751,"601 Englewood Pkwy, Englewood, CO 80110",Arapahoe,urban,3.82,3.82,3.82,3.82,4.6,63.9,24.6,82829.0,24190,2.7
CO,80112,3313,10900 E Briarwood Ave,Arapahoe,urban,3.82,3.82,3.82,3.82,4.6,67.1,11.7,104442.0,36058,2.7
CO,80123,1308,7700 W Quincy Ave,Arapahoe,urban,3.82,3.82,3.82,3.82,0.8,77.2,13.3,102722.0,45388,2.7
CO,80127,5049,13420 W Coal Mine Ave,Jefferson,rural,3.82,3.82,3.82,3.82,0.5,80.9,10.9,134284.0,44235,2.7
CO,80130,1252,"6675 Business Center Dr, Highlands Ranch, CO 80130",Douglas,urban,3.82,3.82,3.82,3.82,1.4,75.8,9.1,148750.0,25551,2.7
CO,80132,3227,"16218 Jackson Creek Pkwy, Monument, CO 80132",El Paso,rural,3.82,3.82,3.82,3.82,0.9,85.0,6.6,147908.0,28159,2.7
CO,80134,2892,"11101 S Parker Rd, Parker, CO 80134",Douglas,urban,3.82,3.82,3.82,3.82,2.0,76.2,10.2,134859.0,75383,2.7
CO,80207,3533,7800 Smith Rd,Denver,urban,3.82,3.82,3.82,3.82,25.1,45.7,19.0,104000.0,22313,2.7
CO,80212,5957,"5957 W 44th Ave, Lakeside, CO 80212",Adams,urban,3.82,3.82,3.82,3.82,0.9,72.4,20.1,113814.0,20418,2.7
CO,80214,2125,7455 W Colfax Ave,Denver,urban,3.82,3.82,3.82,3.82,2.1,58.1,33.8,68009.0,26634,2.7
CO,80219,5676,2770 W Evans Ave,Denver,urban,3.82,3.82,3.82,3.82,1.2,23.4,69.2,61666.0,64696,2.7
CO,80226,4284,440 Wadsworth Blvd,Denver,urban,3.82,3.82,3.82,3.82,2.4,60.3,31.3,75967.0,32063,2.7
CO,80229,3019|1231,850 E 88th Ave,Adams,urban,3.82,3.82,3.82,3.82,1.2,34.8,57.1,74420.0,55929,2.7
CO,80231,3128|3566,1442 S Parker Rd,Arapahoe,urban,3.82,3.82,3.82,3.82,13.7,59.2,17.9,75282.0,34484,2.7
CO,80233,4747,"10755 Washington Street, Northglenn, CO 80233",Adams,urban,3.82,3.82,3.28,3.82,2.9,56.3,33.4,83250.0,48694,2.7
CO,80234,3867,200 W 136th Ave,Adams,urban,3.82,,,,1.4,60.5,25.7,86131.0,28796,2.7
CO,80239,3127,5141 Chambers Rd,Adams,urban,3.82,3.82,3.82,3.82,18.1,12.4,62.9,84128.0,46450,2.7
CO,80439,2293,"952 Swede Gulch Rd, Evergreen, CO 80439",Clear Creek,rural,3.82,3.82,3.82,3.82,0.6,90.6,4.8,145901.0,24764,2.5
CO,80443,986,"840 Summit Blvd, Frisco, CO 80443",Summit,rural,3.82,3.82,3.82,3.82,0.0,79.9,1.7,94868.0,4118,2.5
CO,80487,1808,"1805 Central Park Drive, Steamboat Springs, CO 80487",Routt,rural,4.12,4.12,4.12,4.12,0.2,82.2,7.5,95675.0,18383,2.5
CO,80504,905|5370,2285 East Ken Pratt Blvd,Boulder,rural,3.82,3.82,3.82,3.82,0.5,70.1,23.2,108819.0,60527,2.5
CO,80524,2729,1250 E Magnolia St,Larimer,rural,3.82,3.82,3.82,3.82,1.1,76.0,18.0,81733.0,38711,2.5
CO,80525,3177,4625 S Mason St,Larimer,urban,3.82,3.82,3.82,3.82,1.0,80.0,11.0,88788.0,55315,2.5
CO,80537,953,1325 Denver Ave,Larimer,rural,3.82,3.82,3.82,3.82,0.4,85.9,10.2,83343.0,43620,2.5
CO,80538,1008,250 W 65th St,Larimer,rural,3.82,3.82,3.82,3.82,0.9,81.0,14.4,85141.0,48929,2.5
CO,80547,4599,"4500 Weitzel St, Timnath, CO 80547",Larimer,urban,3.82,3.82,3.82,3.82,0.0,92.3,1.3,162976.0,7122,2.5
CO,80601,1659,60 W Bromley Ln,Adams,urban,3.82,3.82,3.82,3.82,3.1,52.9,38.7,86320.0,41062,2.7
CO,80602,4567,7101 E 128th Ave,Adams,urban,3.82,3.82,3.82,3.82,1.8,63.7,22.5,141140.0,40886,2.7
CO,80631,980,3103 S 23rd Ave,Weld,rural,3.82,,,,3.8,41.1,51.6,48189.0,54346,2.5
CO,80634,5051,920 47th Ave,Weld,urban,3.82,3.82,3.82,3.82,1.3,64.5,29.6,83607.0,62001,2.5
CO,80701,5033,"1300 Barlow Rd, Fort Morgan, CO 80701",Adams,rural,3.82,3.82,3.82,3.82,5.2,47.9,43.7,70013.0,17085,2.7
CO,80751,924,"1510 W Main St, Sterling, CO 80751",Logan,rural,3.82,3.82,3.82,3.82,1.3,75.1,17.6,52827.0,17263,2.5
CO,80817,1273,6310 S Us Highway 85-87,El Paso,rural,3.82,3.82,3.82,3.82,8.1,57.6,26.6,80425.0,31132,2.7
CO,80831,4335,"11550 Meridian Market Vw, Falcon, CO 80831",Elbert,rural,3.82,3.82,3.82,3.82,3.4,74.9,12.5,122479.0,31824,2.7
CO,80863,3805,"19600 E Us Highway 24, Woodland Park, CO 80863",El Paso,rural,3.82,3.82,3.82,3.82,1.1,85.2,5.2,88349.0,12922,2.7
CO,80905,1434,707 S 8th St,El Paso,urban,3.82,3.82,3.82,3.82,6.6,61.4,24.4,62925.0,17238,2.7
CO,80906,3018,4425 Venetucci Boulevard,El Paso,rural,3.82,,,,3.8,70.6,17.4,83724.0,38732,2.7
CO,80909,3176|1200,1725 N Union Blvd,El Paso,urban,3.82,3.82,3.82,3.82,4.3,64.6,20.9,56665.0,37113,2.7
CO,80915,3083|3582,665 N Murray Blvd,El Paso,urban,3.82,3.82,3.82,3.82,5.2,60.4,24.2,67676.0,23031,2.7
CO,80916,3082,1622 S Academy Blvd,El Paso,urban,3.82,3.82,3.82,3.82,16.9,35.9,35.5,59018.0,39795,2.7
CO,80918,3175,4142 Austin Bluffs Pkwy,El Paso,urban,3.82,3.82,3.82,3.82,4.5,72.1,14.9,82564.0,49218,2.7
CO,80920,1896|5123,8250 Razorback Rd,El Paso,urban,3.82,3.82,3.82,3.82,2.7,77.1,10.5,109098.0,38727,2.7
CO,81005,5828|1001,2730 S. Prairie Ave.,Pueblo,rural,3.82,3.82,3.82,3.82,1.6,46.5,48.1,66607.0,31499,2.7
CO,81007,3382,"78 N Mcculloch Blvd, Pueblo West, CO 81007",Pueblo,rural,3.82,3.82,3.82,3.82,1.1,62.8,31.8,89530.0,34337,2.7
CO,81008,842,4200 Dillon Dr,El Paso,rural,3.82,,,,3.9,53.6,38.7,63803.0,11146,2.7
CO,81050,1384,"6 Conley Rd, La Junta, CO 81050",Bent,rural,3.82,3.82,3.82,3.82,1.3,50.8,41.8,52195.0,9601,2.5
CO,81052,2672,"1432 E Olive St, Lamar, CO 81052",Bent,rural,3.82,3.82,3.82,3.82,1.7,55.4,39.8,49887.0,9143,2.5
CO,81082,962,"2921 Toupal Dr, Trinidad, CO 81082",Las Animas,rural,3.82,3.82,3.82,3.82,0.8,50.9,42.4,52393.0,11894,2.5
CO,81101,869,"3333 Clark St, Alamosa, CO 81101",Alamosa,rural,3.82,3.82,3.82,3.82,1.1,44.2,49.4,52125.0,15245,2.5
CO,81147,5003,"211 Aspen Village Dr, Pagosa Springs, CO 81147",Archuleta,rural,4.26,4.26,4.26,,0.4,76.7,17.9,67313.0,12879,2.3
CO,81201,921,"7865 W Us Highway 50, Salida, CO 81201",Chaffee,rural,3.82,3.82,3.82,3.82,0.0,81.6,12.2,67500.0,8922,2.5
CO,81212,1019,"3105 E Us Highway 50, Canon City, CO 81212",Fremont,rural,3.82,3.82,3.82,3.82,3.3,78.1,14.0,57262.0,32146,2.7
CO,81230,1550,"900 N Main St, Gunnison, CO 81230",Gunnison,rural,4.94,3.47,3.28,3.47,0.9,80.2,13.2,70377.0,10694,2.5
CO,81303,2270,"1155 S Camino Del Rio, Durango, CO 81303",La Plata,rural,4.12,4.12,4.12,4.12,0.1,68.8,24.1,89688.0,9440,2.3
CO,81321,966,"1835 E Main St, Cortez, CO 81321",Montezuma,rural,4.12,4.12,4.12,4.12,1.1,69.2,17.0,59571.0,14649,2.3
CO,81401,1058,"16750 S Townsend Ave, Montrose, CO 81401",Montrose,rural,4.12,4.12,4.12,4.12,0.4,75.4,20.2,57904.0,23665,2.3
CO,81416,5458,"37 Stafford Ln, Delta, CO 81416",Delta,rural,4.12,4.12,4.12,4.12,0.8,70.1,23.8,50835.0,13812,2.3
CO,81501,1280,2881 North Ave,Mesa,urban,4.12,,,,1.0,75.3,18.4,45332.0,23998,2.3
CO,81504,4491,541 Warrior Way,Mesa,urban,4.12,4.12,4.12,4.12,0.9,74.1,20.4,63946.0,31380,2.3
CO,81505,5099,2545 Rimrock Ave,Mesa,rural,4.12,4.12,4.12,4.12,0.5,75.9,17.5,82731.0,11629,2.3
CO,81601,1095,"3010 Blake Ave, Glenwood Springs, CO 81601",Garfield,rural,4.26,4.26,4.26,4.26,0.7,64.1,29.2,97896.0,16547,2.3
CO,81620,1199,"171 Yoder Ave, Avon, CO 81620",Eagle,rural,4.12,4.12,4.12,4.12,2.5,60.6,23.8,97054.0,11468,2.5
CO,81625,4377,"2000 W Victory Way, Craig, CO 81625",Moffat,rural,4.12,4.12,4.12,4.12,0.2,80.1,14.5,64900.0,12449,2.3
CT,06001,2899,"255 W Main St, Avon, CT 06001",Hartford,rural,3.34,3.34,3.28,3.24,2.2,74.7,5.5,145537.0,19119,4.8
CT,06010,2719,"1400 Farmington Ave, Bristol, CT 06010",Hartford,urban,2.92,2.92,2.92,2.92,6.8,64.2,20.3,82159.0,61077,4.8
CT,06042,1891,"420 Buckland Hills Dr, Manchester, CT 06042",Hartford,urban,3.16,3.16,3.16,3.16,12.0,56.8,12.4,87808.0,22663,4.8
CT,06067,2900,"80 Town Line Rd, Rocky Hill, CT 06067",Hartford,urban,3.16,3.16,3.16,3.16,3.9,69.5,6.1,96773.0,20705,4.8
CT,06088,2282,"44 Prospect Hill Road, East Windsor, CT 06088",Hartford,rural,3.76,3.76,3.76,3.76,2.0,77.8,5.1,78803.0,4503,4.8
CT,06106,5095,"495 Flatbush Avenue, Hartford, CT 06106",Hartford,urban,3.56,3.56,3.56,3.56,16.6,15.6,62.5,42820.0,38511,4.8
CT,06111,2965,"3164 Berlin Tpke, Newington, CT 06111",Hartford,urban,3.16,3.16,3.16,3.16,4.8,71.9,10.7,100239.0,30458,4.8
CT,06234,5777,"450 Providence Road, Brooklyn, CT 06234",Windham,rural,2.92,2.92,2.92,2.92,1.0,83.4,7.0,85072.0,8430,4.8
CT,06256,2022,"474 Boston Post Rd, North Windham, CT 06256",Windham,rural,3.76,3.76,3.76,3.76,0.0,90.2,9.8,65000.0,2273,4.8
CT,06260,1980,"625 School St, Putnam, CT 06260",Windham,rural,3.76,3.76,3.76,3.76,1.5,76.2,16.8,63648.0,9248,4.8
CT,06340,2200,"150 Gold Star Hwy, Groton, CT 06340",New London,urban,2.92,2.92,2.92,2.92,5.5,67.7,12.4,76138.0,29672,4.8
CT,06351,2854,"180 River Rd, Lisbon, CT 06351",New London,rural,2.92,2.92,2.92,2.92,0.1,91.9,2.3,75737.0,15695,4.8
CT,06360,2170,"220 Salem Tpke, Norwich, CT 06360",New London,urban,2.92,2.92,2.92,2.92,10.3,61.2,14.9,63364.0,37219,4.8
CT,06385,2331,"155 Waterford Parkway No., Waterford, CT 06385",New London,rural,2.92,2.92,2.92,2.92,1.7,85.9,3.6,101994.0,15886,4.8
CT,06405,2232,"120 Commercial Pkwy, Branford, CT 06405",New Haven,urban,3.32,3.32,3.32,3.32,2.5,85.4,5.9,94558.0,28041,4.8
CT,06416,2299,"161 Berlin Rd, Cromwell, CT 06416",Middlesex,urban,3.16,3.16,3.16,3.16,4.5,75.6,8.5,101424.0,14250,4.8
CT,06437,3544,"900 Boston Post Rd, Guilford, CT 06437",New Haven,rural,3.32,,,,2.0,86.1,5.7,124793.0,22046,4.8
CT,06460,5294,"1365 Boston Post Rd, Milford, CT 06460",New Haven,urban,3.16,3.16,3.16,3.16,2.1,84.1,7.3,100614.0,37208,4.8
CT,06475,2898,"665 Boston Post Rd, Old Saybrook, CT 06475",Middlesex,rural,3.76,3.76,3.76,3.76,0.5,92.0,5.5,99825.0,10492,4.8
CT,06484,2163,"465 Bridgeport Ave, Shelton, CT 06484",Fairfield,urban,3.72,3.72,3.72,3.72,4.2,70.9,12.1,112366.0,41206,5.0
CT,06489,2897,"235 Queen St, Southington, CT 06489",Hartford,urban,3.72,3.72,3.72,3.72,1.2,86.9,5.5,121585.0,32924,4.8
CT,06492,2371,"844 N Colony Rd, Wallingford, CT 06492",New Haven,urban,3.76,3.76,3.76,3.76,1.2,80.2,11.6,98513.0,44267,4.8
CT,06513,5439,"315 Foxon Blvd, New Haven, CT 06513",New Haven,urban,3.32,3.32,3.32,3.32,19.9,29.3,46.7,46214.0,38217,4.8
CT,06514,3545,"2300 Dixwell Ave, Hamden, CT 06514",New Haven,urban,3.32,3.32,3.32,3.32,32.8,42.5,17.5,84381.0,25687,4.8
CT,06516,3803,"515 Saw Mill Rd, West Haven, CT 06516",New Haven,urban,3.16,3.16,3.16,3.16,16.2,49.7,26.7,72827.0,55336,4.8
CT,06614,2585,"150 Barnum Avenue Cutoff, Stratford, CT 06614",Fairfield,urban,4.32,3.06,3.06,2.95,5.8,78.9,11.0,99934.0,36184,5.0
CT,06705,3548,"910 Wolcott St, Waterbury, CT 06705",New Haven,urban,3.56,3.56,3.56,3.56,19.0,34.6,36.2,54129.0,25744,4.8
CT,06770,2284,"1100 New Haven Rd, Naugatuck, CT 06770",New Haven,urban,3.56,3.56,3.56,3.56,12.5,60.7,15.9,91114.0,31741,4.8
CT,06776,3546,"164 Danbury Rd, New Milford, CT 06776",Litchfield,rural,3.36,3.36,3.36,3.36,4.2,78.3,10.8,97348.0,27318,4.8
CT,06790,2144,"970 Torringford St, Torrington, CT 06790",Litchfield,rural,3.56,3.56,3.56,3.56,9.4,64.8,17.5,66762.0,35563,4.8
CT,06810,3543,"67 Newtown Rd, Danbury, CT 06810",Fairfield,urban,3.46,3.46,3.46,3.46,12.5,36.3,38.1,71618.0,54957,5.0
CT,06851,2954,650 Main Ave,Fairfield,urban,3.76,3.76,3.76,3.76,16.1,53.9,23.3,103156.0,28217,5.0
CT,06854,3547,680 Connecticut Ave,Fairfield,urban,3.76,,,,22.0,27.6,43.4,80398.0,32228,5.0
DC,20001,5941,99 H Street Nw,District of Columbia,urban,3.43,,,,29.9,46.3,10.8,133211.0,44056,4.7
DC,20011,3035|5968,310 Riggs Road Ne,District of Columbia,urban,3.43,3.43,3.43,,52.7,19.2,21.8,97327.0,67127,4.7
DE,19709,3802,"705 Middletown Warwick Rd, Middletown, DE 19709",New Castle,rural,2.42,2.42,2.42,2.42,24.5,59.2,5.7,119790.0,48954,4.4
DE,19720,2555,"117 Wilton Blvd, New Castle, DE 19720",New Castle,urban,3.62,3.62,3.62,3.62,40.4,37.0,16.8,72424.0,60514,4.4
DE,19808,5436,"1251 Centerville Rd, Wilmington, DE 19808",New Castle,urban,2.72,2.72,2.72,2.72,7.9,68.3,12.2,91847.0,38107,4.4
DE,19901,1736,"36 Jerome Dr, Dover, DE 19901",Kent,rural,2.62,2.62,2.62,2.62,30.5,46.7,13.2,61809.0,39097,4.6
DE,19934,5039,"263 Walmart Dr, Camden, DE 19934",Kent,rural,2.62,2.62,2.62,2.62,25.6,59.6,6.3,77936.0,14566,4.6
DE,19947,2791,"4 College Park Ln, Georgetown, DE 19947",Sussex,rural,3.32,3.32,3.32,3.32,9.8,51.4,33.5,65635.0,19513,4.8
DE,19963,1741,"939 N Dupont Blvd, Milford, DE 19963",Kent,rural,2.68,2.68,2.68,2.68,16.4,67.8,10.0,62572.0,21394,4.6
DE,19971,2419,"18922 Rehoboth Mall Blvd, Rehoboth Beach, DE 19971",Sussex,rural,2.82,2.86,2.86,2.86,4.3,89.2,1.8,101181.0,15043,4.8
DE,19973,2460,"22899 Sussex Hwy, Seaford, DE 19973",Sussex,rural,3.32,3.32,3.32,3.32,22.1,61.8,7.6,61849.0,26070,4.8
FL,32003,2920,1505 County Road 220,Clay,urban,3.02,3.02,3.02,3.02,6.0,76.6,10.3,117414.0,29810,6.4
FL,32034,977,"1385 Amelia Plz, Fernandina Beach, FL 32034",Nassau,rural,3.72,,,,4.8,84.3,7.6,95869.0,40026,6.4
FL,32055,767,"2767 W Us Highway 90, Lake City, FL 32055",Columbia,rural,3.95,3.95,3.95,3.96,30.7,61.0,3.3,50461.0,16175,6.4
FL,32060,2626,"6868 Us Highway 129, Live Oak, FL 32060",Suwannee,rural,3.98,3.98,3.98,3.98,8.4,79.9,8.7,52463.0,22505,6.4
FL,32063,1205,"9218 S State Road 228, Macclenny, FL 32063",Baker,rural,4.02,4.02,4.02,4.02,12.3,76.5,3.5,68750.0,14289,6.4
FL,32065,1225,899 Blanding Blvd,Clay,urban,2.67,,,,20.6,53.6,12.4,91770.0,40035,6.4
FL,32068,5820|3308,2570 County Road 220,Clay,rural,3.02,3.02,3.02,3.02,6.4,78.1,10.1,81030.0,57372,6.4
FL,32086,579,"2355 Us Highway 1 S, St Augustine, FL 32086",St. Johns,rural,3.42,3.42,3.42,3.42,3.0,85.4,7.6,70571.0,33817,6.4
FL,32091,1283,"14500 Us Highway 301 S, Starke, FL 32091",Bradford,rural,3.12,3.12,3.12,3.12,19.2,69.7,5.9,51890.0,16729,6.4
FL,32097,5037,"464016 State Road 200, Yulee, FL 32097",Nassau,rural,3.72,3.72,3.72,3.72,8.2,79.5,4.1,83933.0,21778,6.4
FL,32117,3862,"1905 N Nova Rd, Holly Hill Flomich, FL 32117",Volusia,urban,3.33,3.33,3.33,3.33,28.7,53.1,10.1,49848.0,29720,6.8
FL,32119,1391,"1101 Beville Rd, Daytona Beach, FL 32119",Volusia,urban,3.86,3.86,3.86,3.86,10.0,75.8,8.8,51484.0,22935,6.8
FL,32127,582,1590 Dunlawton Ave,Volusia,urban,3.86,3.86,3.86,3.86,2.8,87.3,4.3,65230.0,27908,6.8
FL,32129,3629,3811 Clyde Morris Blvd,Volusia,urban,3.86,3.86,3.86,3.86,5.6,82.2,6.1,60390.0,23543,6.8
FL,32162,4262,4085 Wedgewood Ln,Marion,urban,3.12,,,,0.7,96.3,1.5,71894.0,52752,6.8
FL,32163,4565,270 Heald Way,Lake,,3.06,3.06,3.06,3.06,0.3,95.5,2.0,89192.0,27953,6.8
FL,32164,1182,"174 Cypress Point Pkwy, Palm Coast, FL 32164",Flagler,urban,3.52,3.52,3.52,3.52,13.6,66.6,13.7,70064.0,50721,6.8
FL,32168,1079,"3155 State Rd 44, New Smyrna Beach, FL 32168",Volusia,rural,3.52,3.52,3.52,3.52,3.8,85.8,6.3,68964.0,30074,6.8
FL,32174,613,"1521 W Granada Blvd, Ormond Beach, FL 32174",Flagler,rural,3.33,3.33,3.33,3.33,5.0,83.1,6.2,65503.0,52140,6.8
FL,32177,551,"1024 S State Road 19, Palatka, FL 32177",Putnam,rural,3.98,3.98,3.98,3.98,25.6,64.9,6.8,45455.0,26290,6.4
FL,32205,1083,6830 Normandy Blvd,Duval,urban,3.02,3.02,3.02,3.02,24.3,59.6,9.7,57758.0,30913,6.4
FL,32207,3309,4250 Phillips Hwy,Duval,urban,3.02,3.02,3.02,3.02,18.8,54.2,15.2,59883.0,35392,6.4
FL,32210,5005|1090,6855 Wilson Boulevard,Duval,urban,3.02,3.02,3.02,3.02,38.9,44.3,9.1,55910.0,67110,6.4
FL,32216,1173,8808 Beach Blvd,Duval,urban,3.02,3.02,3.02,3.02,20.3,49.9,18.2,61536.0,41010,6.4
FL,32218,1219|3702,12100 Lem Turner Rd,Duval,rural,3.02,3.02,3.02,3.02,48.5,36.6,7.0,64298.0,68996,6.4
FL,32223,1082,10991 San Jose Blvd Ste 1,Duval,urban,3.02,3.02,3.02,3.02,5.9,77.0,8.9,90833.0,25604,6.4
FL,32224,5816|1172,1650 San Pablo Rd S,Duval,urban,3.02,3.02,3.02,3.02,9.0,66.8,13.0,82055.0,41919,6.4
FL,32225,1444|5054,9890 Hutchinson Park Dr,Duval,urban,3.02,3.02,3.02,3.02,15.1,60.6,11.3,83324.0,54073,6.4
FL,32244,6978,7075 Collins Rd,Duval,urban,3.02,3.02,3.02,3.02,34.8,40.4,13.5,59848.0,65499,6.4
FL,32256,4561,9550 Baymeadows Rd Suite #18,Duval,rural,3.02,3.02,3.02,3.02,18.1,49.5,12.3,69895.0,51638,6.4
FL,32257,5818,10550 Old St. Augustine Rd,Duval,urban,3.02,3.02,3.02,3.02,9.2,62.2,16.1,80644.0,42271,6.4
FL,32258,4444,10251 Shops Ln,Duval,urban,3.02,3.02,3.02,3.02,11.5,65.1,8.4,95926.0,41595,6.4
FL,32259,5819|928,"445 State Road 13, Fruit Cove, FL 32259",Duval,urban,3.02,3.02,3.02,3.02,7.5,74.6,7.1,142263.0,66518,6.4
FL,32277,5817,8011 Merrill Rd,Duval,urban,3.02,3.02,3.02,3.02,40.5,42.3,12.0,53931.0,34880,6.4
FL,32303,4427,3221 N Monroe St,Leon,urban,3.82,3.82,3.82,3.82,34.1,51.8,7.7,58592.0,49824,6.0
FL,32304,1408,4400 W Tennessee St,Leon,urban,3.82,3.82,3.82,3.82,37.3,45.3,9.1,27876.0,48568,6.0
FL,32311,1077,3535 Apalachee Pkwy,Leon,rural,3.82,3.82,3.82,3.82,26.9,51.8,7.7,82392.0,20442,6.0
FL,32312,1223,5500 Thomasville Rd,Leon,rural,3.82,3.82,3.82,3.82,10.2,76.6,4.5,113131.0,32244,6.0
FL,32317,4520,4021 Lagniappe Way,Leon,rural,3.82,3.82,3.82,3.82,13.9,69.3,7.2,113973.0,14515,6.0
FL,32327,3307,"35 Mike Stewart, Crawfordville, FL 32327",Wakulla,rural,3.82,3.82,3.82,3.82,15.7,76.0,4.7,73829.0,30090,6.0
FL,32348,5172,"1900 S Jefferson St, Perry, FL 32348",Taylor,rural,3.98,3.98,3.98,3.98,29.5,64.1,5.0,46157.0,12827,6.4
FL,32351,488,"1940 Pat Thomas Pkwy, Quincy, FL 32351",Gadsden,rural,5.36,5.36,5.36,5.36,52.4,28.8,16.3,38955.0,16563,6.0
FL,32404,1207,"725 N Tyndall Pkwy, Callaway, FL 32404",Bay,rural,3.22,3.22,3.22,3.22,12.6,70.3,7.4,66230.0,40969,6.0
FL,32405,3075,"513 W 23rd St, Panama City, FL 32405",Bay,urban,3.22,3.22,3.22,3.22,17.7,66.7,6.9,68070.0,29661,6.0
FL,32407,818,10270 Front Beach Rd,Bay,urban,3.22,3.22,3.22,3.22,10.5,74.4,9.0,75093.0,14710,6.0
FL,32413,3119,15495 Panama City Beach Pkwy,Bay,rural,3.22,3.22,3.22,3.22,1.1,88.5,7.1,75970.0,14820,6.0
FL,32428,2114,"1621 Main St, Chipley, FL 32428",Bay,rural,4.86,4.86,4.86,4.86,13.1,77.0,5.5,48984.0,17801,6.0
FL,32435,1134,"1226 Freeport Hwy S, Defuniak Springs, FL 32435",Walton,rural,4.86,4.86,4.86,4.86,6.1,84.3,3.1,68208.0,6525,6.0
FL,32444,1032,"2101 S Highway 77, Lynn Haven, FL 32444",Bay,urban,3.22,3.22,3.22,3.22,6.9,77.3,7.5,84893.0,21564,6.0
FL,32448,7396|1375,2255 Highway 71.,Calhoun,rural,3.82,3.82,3.82,3.82,49.3,45.2,3.0,31427.0,7561,6.0
FL,32459,5872,"6712 Us Highway 98 W, Santa Rosa Beach, FL 32459",Walton,rural,4.86,4.86,4.86,4.86,0.3,86.4,6.3,99081.0,20558,6.0
FL,32504,1224,2650 Creighton Rd,Escambia,urban,2.78,2.78,2.78,2.78,15.0,67.0,6.2,69017.0,21710,5.8
FL,32506,1605|3484,4600 Mobile Hwy Ste 122,Escambia,urban,2.78,2.78,2.78,2.78,19.0,60.3,5.7,57302.0,36066,5.8
FL,32507,3785,501 N Navy Blvd,Escambia,urban,2.78,,,,14.3,72.9,5.5,64269.0,32766,5.8
FL,32526,4357,6670 Mobile Highway,Escambia,rural,2.78,,,,16.6,68.4,4.5,69533.0,41522,5.8
FL,32534,6531|1222,9301 Pine Forest Road,Escambia,urban,2.78,2.78,2.78,2.78,28.2,54.0,7.0,56517.0,15448,5.8
FL,32536,944,"3351 S Ferdon Blvd, Crestview, FL 32536",Okaloosa,rural,4.12,4.12,4.12,4.12,15.8,64.0,10.8,77864.0,25210,5.8
FL,32541,1362,"15017 Emerald Coast Pkwy, Destin, FL 32541",Okaloosa,urban,4.78,4.78,4.78,4.78,3.4,82.2,6.7,89826.0,18784,5.8
FL,32547,919,"748 Beal Pkwy Nw, Fort Walton Beach, FL 32547",Okaloosa,rural,3.98,3.98,3.98,3.98,10.9,62.4,16.4,61407.0,34124,5.8
FL,32561,5623,334 Gulf Breeze Pkwy,Escambia,rural,3.98,3.98,3.98,3.98,1.7,85.8,6.2,118074.0,9495,5.8
FL,32563,2533,3767 Gulf Breeze Pkwy,Santa Rosa,urban,3.98,3.98,3.98,3.98,2.0,87.3,5.7,94175.0,28511,5.8
FL,32566,4582|3439,7360 Navarre Parkway,Santa Rosa,urban,3.98,3.98,3.98,3.98,5.6,75.8,9.3,98065.0,42878,5.8
FL,32571,990,"4965 Highway 90, Milton, FL 32571",Santa Rosa,rural,2.94,2.72,2.94,2.94,5.8,78.8,4.8,84287.0,39756,5.8
FL,32578,5845,"1300 John Sims Pkwy E, Niceville, FL 32578",Okaloosa,urban,4.12,4.12,4.12,4.12,3.5,80.2,6.6,101422.0,34022,5.8
FL,32608,1081,2900 Sw 42nd St,Alachua,urban,3.67,3.67,3.67,3.67,12.7,56.2,13.8,57249.0,53301,6.4
FL,32626,1297,"2201 N Young Blvd, Chiefland, FL 32626",Levy,rural,3.67,3.67,3.67,3.67,11.2,77.8,6.4,45311.0,8552,6.4
FL,32641,3877,1800 Ne 12th Ave,Alachua,rural,3.67,3.67,3.67,3.67,70.1,24.0,3.5,37083.0,16898,6.4
FL,32653,538,5700 Nw 23rd St,Alachua,rural,3.67,3.67,3.67,3.67,19.8,61.8,9.6,86508.0,15524,6.4
FL,32703,6894|955,820 Balmy Beach Drive,Orange,urban,3.12,3.12,3.12,3.12,28.6,36.5,28.9,63693.0,57046,6.8
FL,32707,943,"1239 State Road 436 Ste 101, Casselberry, FL 32707",Seminole,urban,3.12,3.12,3.12,3.12,7.0,55.9,29.7,64381.0,38868,6.8
FL,32708,5132,"5216 Red Bug Lake Rd, Winter Springs, FL 32708",Seminole,urban,3.12,3.12,3.28,3.12,6.2,63.1,22.8,84952.0,47437,6.8
FL,32713,3606,"185 N Charles Richard Beall Blvd, Debary, FL 32713",Volusia,urban,3.42,3.42,3.42,3.42,6.0,73.1,15.8,83468.0,22430,6.8
FL,32714,1374,"200 S State Road 434, Altamonte Springs, FL 32714",Seminole,urban,3.12,3.12,3.12,3.12,17.6,44.0,29.7,62581.0,38306,6.8
FL,32720,860,1699 N Woodland Blvd,Lake,rural,3.42,3.42,3.42,3.42,11.5,67.0,17.9,67102.0,33876,6.8
FL,32724,2944,955 S Woodland Boulevard,Volusia,rural,3.42,,,,6.7,68.2,20.0,69060.0,42326,6.8
FL,32725,6398,1569 Saxon Boulevard,Volusia,urban,3.42,3.42,3.42,3.42,9.6,45.6,39.6,67131.0,50825,6.8
FL,32738,3310,101 Howland Blvd,Volusia,urban,3.42,3.42,3.42,3.42,11.8,48.5,36.0,72044.0,47917,6.8
FL,32746,525,"825 Casa Verde Blvd, Lake Mary, FL 32746",Seminole,urban,3.42,3.42,3.42,3.42,7.0,64.4,15.9,103941.0,45331,6.8
FL,32757,705,"17030 Us Highway 441, Mount Dora, FL 32757",Lake,rural,3.62,3.62,3.62,3.62,11.5,67.2,15.4,70044.0,31758,6.8
FL,32763,563,"2400 Veterans Memorial Pkwy, Orange City, FL 32763",Volusia,urban,3.46,3.46,3.46,3.46,7.2,70.8,17.2,61447.0,24852,6.8
FL,32765,5106|5894,4255 Alafaya Trl,Seminole,urban,3.12,3.12,3.12,3.12,7.2,61.1,21.9,98584.0,63210,6.8
FL,32771,3207,1601 Rinehart Rd,Seminole,urban,3.42,,,,25.1,44.2,21.7,70388.0,59134,6.8
FL,32773,857,3653 S Orlando Dr,Seminole,urban,3.42,3.42,3.42,3.42,21.1,42.5,25.4,61004.0,32342,6.8
FL,32780,649,"3175 Cheney Hwy, Titusville, FL 32780",Brevard,rural,3.72,3.72,3.72,3.72,13.7,70.1,8.7,58940.0,38552,6.8
FL,32805,4160,1101 S. Goldwyn,Orange,urban,3.12,3.12,3.12,3.12,70.2,13.4,14.2,38885.0,17791,6.8
FL,32806,3162,2715 S Orange Ave,Orange,urban,3.12,3.12,3.12,3.12,5.2,72.3,16.1,89102.0,26927,6.8
FL,32807,5988,2271 N. Semoran Blvd,Orange,urban,3.12,,,,7.1,24.5,62.6,57039.0,35479,6.8
FL,32808,4588,3101 W Princeton St,Orange,urban,3.12,3.12,3.12,3.12,69.2,10.1,14.4,43726.0,62827,6.8
FL,32810,4197|4211,902 Lee Rd,Orange,urban,3.12,3.12,3.12,3.08,34.5,26.6,28.2,60104.0,37755,6.8
FL,32811,1220,2500 S Kirkman Rd,Orange,urban,3.12,3.12,3.12,3.12,50.1,15.5,25.8,46772.0,40191,6.8
FL,32817,890,11250 E Colonial Dr,Orange,urban,3.12,3.12,3.12,3.12,10.5,45.5,34.5,76402.0,36808,6.8
FL,32818,4425,7818 Colonial West Drive,Orange,urban,3.12,3.12,3.12,3.12,67.9,10.1,14.6,54178.0,62566,6.8
FL,32819,908|4332,8101 S John Young Pkwy,Orange,urban,3.12,3.12,3.12,3.12,14.3,50.2,21.5,86306.0,27826,6.8
FL,32822,4142|1084|3782,4520 S Semoran Blvd,Orange,urban,3.12,3.12,3.12,3.12,10.1,18.8,66.1,51555.0,68321,6.8
FL,32824,6149,13801 Landstar And Arbor Meadows Blvd,Orange,urban,3.12,3.12,3.12,3.12,14.1,14.3,63.5,75125.0,56484,6.8
FL,32825,5179|5741,201 S Chickasaw Trl,Orange,urban,2.5,,,,9.6,34.0,45.1,78321.0,63056,6.8
FL,32828,3617|3817,600 S Alafaya Trl,Orange,urban,3.12,3.12,3.12,3.12,8.2,46.7,33.1,95943.0,69778,6.8
FL,32832,4365,11930 Narcoossee Road,Orange,rural,3.12,3.12,3.12,3.12,5.1,36.0,45.9,110885.0,31143,6.8
FL,32835,2499,8801 Conroy Windermere Rd,Orange,urban,3.12,,,,20.0,35.3,25.6,66970.0,49890,6.8
FL,32837,5315|5997|5875,9600 Parksouth Court Suite 120,Orange,urban,3.0,3.0,3.12,3.12,7.6,25.0,51.8,81926.0,48762,6.8
FL,32839,5871,5734 S. Orange Blossom Trl,Orange,urban,3.16,3.16,3.16,3.16,36.6,17.2,37.2,51516.0,49304,6.8
FL,32901,5366,3550 S Babcock St,Brevard,urban,3.22,3.22,3.22,3.22,19.3,61.3,11.7,47115.0,27574,6.8
FL,32904,974,"845 Palm Bay Rd Ne, West Melbourne, FL 32904",Brevard,urban,3.19,,,,3.5,71.4,15.3,85618.0,36556,6.8
FL,32907,5455,"1040 Malabar Rd Se, Palm Bay, FL 32907",Brevard,urban,3.22,,,,14.1,59.0,19.3,67002.0,47823,6.8
FL,32922,174,"2700 Clearlake Rd, Cocoa, FL 32922",Brevard,urban,3.96,3.96,3.96,3.96,30.1,46.9,15.5,44898.0,15198,6.8
FL,32935,5365|1702,3950 N Wickham Rd,Brevard,urban,3.22,3.22,3.22,3.22,6.1,73.7,12.4,61069.0,41342,6.8
FL,32937,956,1001 E Eau Gallie Blvd,Brevard,urban,3.22,3.22,3.22,3.22,1.9,83.3,9.1,90344.0,27611,6.8
FL,32940,3538,8500 N Wickham Rd,Brevard,rural,3.22,3.22,3.22,3.22,3.8,75.6,10.7,100792.0,47030,6.8
FL,32952,771,"1500 E Merritt Island Cswy, Merritt Island, FL 32952",Brevard,urban,3.96,3.96,3.96,3.96,1.7,84.3,6.9,87148.0,20666,6.8
FL,32958,1068,"2001 Us Highway 1, Sebastian, FL 32958",Indian River,urban,4.05,4.05,4.05,4.05,2.1,84.8,7.8,64698.0,28729,7.0
FL,32960,4546,1750 Us Highway 1,Indian River,urban,4.06,4.06,4.06,4.06,8.1,70.4,15.2,49634.0,23961,7.0
FL,32966,931,5555 20th St,Indian River,rural,4.05,,,,3.0,83.3,9.9,65923.0,19419,7.0
FL,33004,4563,"401 E Sheridan St, Dania Beach, FL 33004",Broward,urban,3.12,3.12,3.12,3.12,23.7,44.4,28.3,45836.0,16449,7.4
FL,33009,1996,"2551 E Hallandale Beach Blvd, Hallandale Beach, FL 33009",Broward,urban,3.12,3.12,3.12,3.12,17.9,38.3,39.2,44949.0,43893,7.4
FL,33012,5945,400 W 49th St,Miami-Dade,urban,3.12,3.12,3.12,3.12,0.3,3.2,96.3,41921.0,71088,7.4
FL,33015,1590,5851 Nw 177th St,Miami-Dade,urban,3.12,3.12,3.12,3.12,6.6,6.1,84.5,69169.0,68517,7.4
FL,33016,2814,9300 Nw 77th Ave,Miami-Dade,urban,3.12,,,,0.7,3.5,95.0,53180.0,45620,7.4
FL,33018,5615,"11800 Hialeah Gardens Blvd, Hialeah Gardens, FL 33018",Miami-Dade,urban,3.12,3.12,3.12,3.12,0.4,3.9,93.8,83468.0,55241,7.4
FL,33023,3163,"301 S State Road 7, Hollywood, FL 33023",Broward,urban,3.12,3.12,3.12,3.12,49.4,10.0,36.5,66834.0,71749,7.4
FL,33024,4826,8550 Stirling Road,Broward,urban,3.12,,,,16.4,23.0,52.3,72394.0,73405,7.4
FL,33025,1511,"1800 South University Drive, Miramar, FL 33025",Broward,urban,3.12,3.12,3.12,3.12,46.2,10.8,36.6,66156.0,72684,7.4
FL,33027,5932,12800 Pines Blvd,Broward,urban,3.12,,,,24.1,16.6,48.2,67015.0,63474,7.4
FL,33029,2591,151 Sw 184th Ave,Broward,urban,3.12,3.12,3.12,3.12,17.3,27.8,44.6,139461.0,44876,7.4
FL,33032,3935,14325 Sw 268th,Miami-Dade,urban,3.12,,,,19.0,9.2,68.5,70706.0,57327,7.4
FL,33033,3183|5671,1499 South Dixie Hwy,Miami-Dade,urban,3.12,3.12,3.12,3.12,18.5,9.0,69.9,61800.0,68121,7.4
FL,33034,2727,"33501 S Dixie Hwy, Florida City, FL 33034",Miami-Dade,rural,3.12,3.12,3.12,3.12,34.2,8.7,56.1,43015.0,23774,7.4
FL,33055,2907,3791 Nw 167th Street,Miami-Dade,urban,3.12,,,,21.3,2.2,74.5,54869.0,37977,7.4
FL,33056,3311,19501 Nw 27th Ave,Miami-Dade,urban,3.12,3.12,,3.12,68.5,1.1,28.2,58160.0,37274,7.4
FL,33062,4617,1199 S Federal Hwy,Broward,urban,3.12,3.12,3.12,3.12,3.0,76.5,15.5,78267.0,24805,7.4
FL,33063,5325,"5555 W Atlantic Blvd, Margate, FL 33063",Broward,urban,3.12,3.12,3.12,3.12,28.0,36.0,27.5,58340.0,55143,7.4
FL,33064,1517,5001 N Federal Highway,Broward,urban,3.12,3.12,3.12,3.14,23.4,37.5,26.8,62808.0,60009,7.4
FL,33067,4498|1387,4650 N University Dr,Broward,urban,3.12,,,,17.1,52.9,17.9,118825.0,24696,7.4
FL,33068,1851,"7900 W Mcnab Rd, North Lauderdale, FL 33068",Broward,urban,3.12,3.12,3.12,3.12,57.3,11.9,22.6,60649.0,52792,7.4
FL,33069,2962,2300 W Atlantic Blvd,Broward,urban,3.12,3.12,3.12,3.12,33.8,30.3,26.4,57614.0,29228,7.4
FL,33071,4380,10635 W Atlantic Blvd,Broward,urban,3.12,3.12,3.12,3.12,20.6,37.6,33.0,98722.0,39677,7.4
FL,33073,1916,"5571 W Hillsboro Blvd, Coconut Creek, FL 33073",Broward,urban,3.12,3.12,3.12,3.12,12.4,47.1,28.8,94775.0,33691,7.4
FL,33076,2963,6001 Coral Ridge Dr,Broward,urban,3.12,3.12,3.12,3.12,15.4,50.9,17.8,164389.0,43660,7.4
FL,33126,2091,"8651 Nw 13th Ter, Doral, FL 33126",Miami-Dade,urban,3.12,,,,0.7,3.3,94.9,51733.0,46798,7.4
FL,33144,4140,6991 Sw 8th St,Miami-Dade,urban,3.12,3.12,3.12,3.12,0.6,4.4,93.7,58382.0,26596,7.4
FL,33147,4303,3200 Nw 79th Street,Miami-Dade,urban,3.12,3.12,3.12,3.12,51.0,1.2,46.6,45092.0,47065,7.4
FL,33155,5854,8400 Coral Way,Miami-Dade,urban,3.12,3.12,3.16,3.12,1.1,11.9,84.2,82321.0,43702,7.4
FL,33162,3235,"1425 Ne 163rd St, North Miami Beach, FL 33162",Miami-Dade,urban,3.12,3.12,3.12,3.12,51.5,13.3,29.4,54884.0,48326,7.4
FL,33169,3397,17650 Nw 2nd Ave,Miami-Dade,urban,3.12,3.12,3.12,3.12,76.4,3.4,17.1,56415.0,42156,7.4
FL,33174,4161,9191 W. Flagler St,Miami-Dade,urban,3.12,3.12,3.12,3.12,2.7,8.5,84.8,55230.0,34335,7.4
FL,33185,5719,14720 Sw 26th St.,Miami-Dade,urban,3.12,3.12,3.12,3.12,0.9,10.8,85.0,103401.0,29530,7.4
FL,33189,5912,21151 S Dixie Hwy,Miami-Dade,urban,3.12,3.12,3.12,3.12,10.2,16.8,65.3,63250.0,24575,7.4
FL,33196,1680,"15885 Sw 88th St, Kendall, FL 33196",Miami-Dade,urban,3.16,3.16,3.16,3.16,4.3,10.1,80.3,89326.0,54187,7.4
FL,33312,2946,"2500 W Broward Blvd, Fort Lauderdale, FL 33312",Broward,urban,3.12,3.12,3.12,3.12,27.2,35.0,33.1,72955.0,53409,7.4
FL,33313,3625,"3001 N State Road 7, Lauderdale Lakes, FL 33313",Broward,urban,3.12,3.12,3.12,3.12,77.0,7.3,11.8,43282.0,62232,7.4
FL,33321,2930,"6931 Nw 88th Avenue, Tamarac, FL 33321",Broward,urban,3.12,3.12,3.12,3.12,23.6,34.2,37.6,60113.0,50307,7.4
FL,33322,4595,"1885 N Pine Island Rd, Plantation, FL 33322",Broward,urban,3.12,3.12,3.12,3.12,23.1,34.3,33.3,59066.0,40738,7.4
FL,33323,2151,12555 W Sunrise Blvd,Broward,urban,3.12,3.12,3.12,3.12,16.3,41.0,33.4,110395.0,22506,7.4
FL,33328,2987,4301 S University Dr,Broward,urban,3.12,3.12,3.12,3.12,4.8,55.6,29.9,120195.0,29544,7.4
FL,33330,1845,"4700 S Flamingo Rd, Cooper City, FL 33330",Broward,urban,3.12,3.12,3.12,3.12,9.0,49.0,26.7,136839.0,13619,7.4
FL,33351,1349,3306 North University Drive,Broward,urban,3.12,3.12,3.12,3.12,39.1,20.4,28.8,66611.0,35082,7.4
FL,33403,3348,"101 N Congress Ave, Lake Park, FL 33403",Palm Beach,urban,3.22,3.22,3.22,3.22,42.2,36.0,15.1,63481.0,13698,7.4
FL,33406,4441|5301,"4400 Forest Hill Blvd., Palm Springs Village, FL 33406",Palm Beach,urban,3.22,3.22,3.22,3.22,8.7,31.6,55.2,66531.0,26093,7.4
FL,33407,4446,4225 45th St,Palm Beach,urban,3.22,3.22,3.22,3.22,56.6,21.2,17.2,52160.0,32904,7.4
FL,33411,4560|1541,6901 Okeechobee Blvd,Palm Beach,urban,3.22,3.22,3.22,3.22,22.6,45.7,21.7,83770.0,73919,7.4
FL,33415,1436,6294 Forest Hill Blvd,Palm Beach,urban,3.22,3.22,3.22,3.22,17.9,22.6,54.6,53496.0,51874,7.4
FL,33428,3858,"22100 S State Road 7, Boca Raton, FL 33428",Palm Beach,urban,3.12,3.12,3.12,3.12,8.5,52.0,22.3,77322.0,45694,7.4
FL,33435,5911,3625 S Federal Hwy,Palm Beach,urban,3.22,3.22,3.22,3.22,42.0,38.7,16.4,63691.0,37533,7.4
FL,33436,2396|3011|2789,12700 S Military Trl,Palm Beach,urban,3.22,3.22,3.22,3.22,23.3,52.9,18.9,72164.0,47606,7.4
FL,33440,2484,"1005 W Sugarland Hwy, Clewiston, FL 33440",Hendry,rural,4.13,4.13,4.13,4.13,17.9,22.3,55.3,54938.0,19800,7.4
FL,33442,3104,"1101 S Military Trl, Deerfield Beach, FL 33442",Broward,urban,3.12,3.12,3.12,3.12,9.8,59.5,23.6,51778.0,32076,7.4
FL,33449,6967,4105 S State Road 7,Palm Beach,rural,3.22,3.22,3.22,3.22,12.6,68.0,14.4,145952.0,9301,7.4
FL,33458,2176,"2144 W Indiantown Rd, Jupiter, FL 33458",Martin,urban,3.56,3.56,3.56,3.56,2.6,71.2,19.5,104146.0,56799,7.0
FL,33461,5882,"2765 10th Ave N, Palm Springs, FL 33461",Palm Beach,urban,3.22,3.22,3.22,3.22,18.4,21.5,55.6,57762.0,48575,7.4
FL,33463,1398,4545 Hypoluxo Rd,Palm Beach,urban,3.22,,,,29.1,27.9,36.9,66830.0,65766,7.4
FL,33467,5758|5759,3911 S Jog Rd,Palm Beach,urban,3.22,3.22,3.22,3.22,7.5,61.9,21.8,83238.0,55101,7.4
FL,33483,2406,3155 South Federal Highway,Palm Beach,urban,3.22,,,,6.1,82.0,5.5,112262.0,12639,7.4
FL,33484,1589,16205 S Military Trl,Palm Beach,urban,3.22,3.22,3.22,3.22,6.3,73.2,15.4,51036.0,26262,7.4
FL,33511,5826|2387|3463,901 Lithia Pinecrest Rd,Hillsborough,urban,3.32,3.32,3.32,3.32,16.4,45.9,27.8,70696.0,58987,6.8
FL,33513,959,"2163 W C 48, Bushnell, FL 33513",Sumter,rural,3.06,3.06,3.06,3.06,11.4,73.5,11.8,57634.0,12882,6.8
FL,33525,713,"12650 Us Highway 301, Dade City, FL 33525",Pasco,rural,4.64,3.26,3.26,3.26,5.3,75.4,15.8,65501.0,19186,6.8
FL,33534,5300,"9205 Gibsonton Dr, Gibsonton, FL 33534",Hillsborough,urban,3.32,3.32,3.32,3.32,18.2,38.2,36.9,68875.0,17479,6.8
FL,33541,706,"7631 Gall Blvd, Zephyrhills, FL 33541",Pasco,rural,3.98,3.98,3.98,3.98,5.9,72.0,15.0,51246.0,23224,6.8
FL,33543,3418,"28500 State Road 54, Wesley Chapel, FL 33543",Pasco,urban,3.14,3.14,3.14,3.14,10.6,51.9,23.3,101000.0,35187,6.8
FL,33549,988,"1575 Land O Lakes Blvd, Lutz, FL 33549",Hillsborough,urban,3.14,3.14,3.14,3.14,8.5,61.5,22.1,74094.0,18016,6.8
FL,33566,547,"2602 James L Redman Pkwy, Plant City, FL 33566",Hillsborough,rural,3.96,3.96,3.96,3.96,6.4,56.8,32.1,69712.0,22842,6.8
FL,33578,5622|6968,10863 Bloomingdale Ave,Hillsborough,urban,3.32,3.32,3.32,3.32,20.1,43.1,29.4,75582.0,55724,6.8
FL,33584,925,"11720 E Dr Martin Luther King Jr Blvd, Seffner, FL 33584",Hillsborough,urban,3.34,3.34,3.28,3.24,13.4,50.5,26.1,64993.0,27863,6.8
FL,33596,941,"2140 Bloomingdale Avenue, Valrico, FL 33596",Hillsborough,urban,3.32,3.32,3.32,3.32,8.0,69.6,17.0,108963.0,28558,6.8
FL,33598,1203,"4928 State Road 674, Wimauma, FL 33598",Hillsborough,rural,3.32,3.32,3.32,3.32,13.4,38.1,41.4,88231.0,27978,6.8
FL,33604,5221,8885 N Florida Ave,Hillsborough,urban,3.14,3.14,3.14,3.14,22.4,34.4,38.2,51918.0,40328,6.8
FL,33606,5760,1601 W Kennedy Blvd,Hillsborough,urban,3.14,3.14,3.14,3.14,4.5,74.6,13.7,106640.0,22546,6.8
FL,33607,1960,1505 N Dale Mabry Hwy,Hillsborough,urban,3.14,3.14,3.14,3.14,19.4,29.8,45.9,57581.0,24257,6.8
FL,33610,5964,1720 E Hillsborough Ave,Hillsborough,urban,3.14,3.14,3.14,3.14,54.3,17.4,21.3,47591.0,45622,6.8
FL,33611,4681,4302 W Gandy Blvd,Hillsborough,urban,3.14,3.14,3.14,3.14,4.9,70.2,15.0,75718.0,34877,6.8
FL,33612,2627,2701 E Fletcher Ave,Hillsborough,urban,3.14,3.14,3.14,3.14,27.3,26.1,41.2,41984.0,50697,6.8
FL,33613,3197,15302 N. Nebraska Ave.,Hillsborough,urban,3.14,3.14,3.14,3.14,18.3,39.6,33.8,41841.0,37354,6.8
FL,33614,5654|5220,3671 W Hillsborough Ave,Hillsborough,urban,3.14,3.14,3.14,3.14,8.2,18.1,68.2,50168.0,46844,6.8
FL,33615,5255,6216 Elliot Dr,Hillsborough,urban,3.14,3.14,3.14,3.14,6.6,28.6,57.0,61761.0,48849,6.8
FL,33618,1501,14941 N Dale Mabry Hwy,Hillsborough,urban,3.14,3.14,3.14,3.14,5.0,61.4,26.5,74016.0,28416,6.8
FL,33624,6548,4525 Gunn Hwy,Hillsborough,urban,3.14,,,,6.0,49.2,37.4,81241.0,41661,6.8
FL,33625,5036,6192 Gunn Hwy,Hillsborough,urban,3.14,3.14,3.14,3.14,7.2,40.1,43.0,80681.0,28818,6.8
FL,33634,1482,7011 W Waters Ave,Hillsborough,urban,3.14,3.14,3.14,3.14,6.5,25.2,62.4,64830.0,22927,6.8
FL,33647,2740,19910 Bruce B Downs Blvd,Hillsborough,urban,2.97,2.97,2.97,2.97,14.8,43.8,20.3,103918.0,72323,6.8
FL,33707,3161,"6850 Gulfport Blvd S, Pasadena, FL 33707",Pinellas,urban,3.26,3.26,3.26,3.32,6.3,81.2,7.7,61988.0,25059,6.8
FL,33708,1536,10237 Bay Pines Blvd,Pinellas,urban,3.26,3.26,3.26,3.26,1.6,89.0,3.8,76684.0,15222,6.8
FL,33711,5218,3501 34th St S,Pinellas,urban,3.26,3.26,3.26,3.26,48.0,44.7,4.7,61488.0,17984,6.8
FL,33713,4690,201 34th St N,Pinellas,urban,3.26,3.26,3.26,3.26,6.7,69.5,12.9,68022.0,32713,6.8
FL,33755,4667,1803 N Highland Ave,Pinellas,urban,3.26,3.26,3.26,3.26,20.8,53.4,19.5,50866.0,27279,6.8
FL,33760,3372,2677 Roosevelt Boulevard,Pinellas,urban,3.26,3.26,3.26,3.26,17.5,55.0,17.7,56173.0,20401,6.8
FL,33765,5670|2081,2171 Gulf To Bay Blvd. Building #10,Pinellas,urban,3.26,3.26,3.26,3.26,8.4,64.9,16.9,59965.0,14578,6.8
FL,33770,1712,990 Missouri Ave N,Pinellas,urban,3.26,3.26,3.26,3.26,7.0,77.5,10.3,53456.0,25811,6.8
FL,33771,4141,9020 Ulmerton Road,Pinellas,urban,3.26,3.26,3.26,3.26,7.0,72.7,12.7,56275.0,28412,6.8
FL,33774,5831,13817 Walsingham Rd,Pinellas,urban,3.26,3.26,3.26,3.26,9.5,78.6,7.2,72022.0,19629,6.8
FL,33781,3013|4669|1390,7500 66th St,Pinellas,urban,3.26,3.26,3.26,3.26,7.4,60.2,15.9,51958.0,26315,6.8
FL,33803,779,3501 S Florida Ave,Polk,urban,3.37,3.37,3.37,3.37,8.6,67.5,20.0,62701.0,30230,6.8
FL,33809,1245,5800 Us Highway 98 N,Pasco,rural,3.37,3.37,3.37,3.37,11.3,66.1,16.6,61911.0,30897,6.8
FL,33823,718,"2120 Us Highway 92 W, Auburndale, FL 33823",Polk,urban,3.37,3.37,3.37,3.37,9.4,68.4,18.8,61190.0,37082,6.8
FL,33825,3887,"1041 Us Highway 27 N, Avon Park, FL 33825",Highlands,rural,3.12,3.12,3.12,3.12,17.4,47.3,30.2,46017.0,25393,7.0
FL,33830,580,"1050 E Van Fleet Dr, Bartow, FL 33830",Polk,rural,3.37,3.37,3.37,3.37,19.7,56.6,18.7,57904.0,30396,6.8
FL,33844,725,"36205 Us Highway 27, Haines City, FL 33844",Polk,rural,3.37,3.37,3.37,3.37,17.5,31.3,48.2,58242.0,45765,6.8
FL,33860,5035,"6745 N Church Ave, Mulberry, FL 33860",Hillsborough,rural,3.37,3.37,3.37,3.37,10.8,53.0,32.1,62429.0,26658,6.8
FL,33870,666,"3525 Us Highway 27 N, Sebring, FL 33870",Highlands,rural,3.12,3.12,3.12,3.12,12.6,63.5,19.9,43915.0,25314,7.0
FL,33873,759,"1480 Us Highway 17 N, Wauchula, FL 33873",Hardee,rural,4.06,4.06,4.06,4.06,5.5,40.7,51.1,40625.0,13678,7.0
FL,33880,968,355 Cypress Gardens Blvd,Polk,urban,3.37,3.37,3.37,3.37,17.3,49.9,27.1,53569.0,43732,6.8
FL,33884,3347,7450 Cypress Gardens Blvd,Polk,urban,3.37,3.37,3.37,3.37,12.9,63.3,18.7,68638.0,36058,6.8
FL,33898,859,"2000 State Road 60 E, Lake Wales, FL 33898",Osceola,rural,3.98,3.98,3.98,3.98,6.7,73.1,16.6,53717.0,17066,6.8
FL,33903,623,"545 Pine Island Rd, North Fort Myers, FL 33903",Lee,urban,2.87,2.87,2.87,2.87,2.7,80.2,14.2,55596.0,22430,7.0
FL,33909,6941,2020 Ne Pine Island Road,Lee,urban,2.87,2.87,2.87,2.87,5.6,55.7,34.3,73851.0,36172,7.0
FL,33912,987,14821 Ben C Pratt/6 Mile Cypress Pkwy,Lee,rural,2.87,2.87,2.87,2.87,2.3,84.4,8.8,98293.0,19370,7.0
FL,33914,5451,3920 Skyline Blvd,Lee,urban,2.87,2.87,2.87,2.87,3.1,73.1,20.1,72662.0,43289,7.0
FL,33919,5321,9131 College Pkwy Ste 101,Lee,urban,2.87,2.87,2.87,2.87,2.0,86.6,7.7,67788.0,28483,7.0
FL,33928,5347,"19975 S Tamiami Trl, Estero, FL 33928",Lee,rural,2.87,2.87,2.87,2.87,2.1,84.8,8.8,95979.0,29948,7.0
FL,33931,4063,"17105 San Carlos Blvd, Fort Myers Beach, FL 33931",Lee,rural,2.87,2.87,2.87,2.87,0.4,94.3,4.0,74838.0,9150,7.0
FL,33935,6190,"1951 W Hickpochee Ave, Labelle, FL 33935",Glades,rural,4.13,4.13,4.13,4.13,2.4,39.3,55.8,47027.0,22521,7.0
FL,33948,6937|721,2150 Tamiami Trail,Charlotte,urban,3.52,3.52,3.52,3.52,6.8,79.6,8.0,59861.0,18440,7.0
FL,33950,778,"5001 Taylor Rd, Punta Gorda, FL 33950",Charlotte,urban,4.06,4.06,4.06,4.06,4.0,85.0,5.3,71357.0,24702,7.0
FL,33966,5034,4770 Colonial Blvd,Lee,urban,2.87,2.87,2.87,2.87,7.5,70.0,12.5,79172.0,11236,7.0
FL,33971,2237,"2523 Lee Blvd, Lehigh Acres, FL 33971",Lee,urban,3.22,3.22,3.22,3.22,19.6,28.2,47.5,69061.0,28712,7.0
FL,33983,3349,375 Kings Hwy,Charlotte,urban,3.52,3.52,3.52,3.52,10.5,78.2,7.8,63213.0,16637,7.0
FL,33990,819,1619 Del Prado Blvd S,Lee,urban,2.87,2.87,2.87,2.87,3.4,62.7,26.2,67030.0,34275,7.0
FL,33991,5453,505 Sw Pine Island Rd,Lee,urban,2.87,2.87,2.87,2.87,3.5,73.9,18.8,76996.0,24993,7.0
FL,34105,4354,5010 Airport Pulling Rd N,Collier,urban,3.46,3.46,3.46,3.46,0.6,79.6,13.6,101282.0,16462,7.4
FL,34109,5391,5420 Juliet Blvd,Collier,urban,3.46,3.46,3.46,3.46,3.6,77.1,11.2,88203.0,25845,7.4
FL,34110,1957,11225 Tamiami Trl N,Collier,urban,3.46,3.46,3.46,3.46,1.7,84.0,10.2,90006.0,24584,7.4
FL,34112,1119,3451 Tamiami Trl E,Collier,urban,3.46,3.46,3.46,3.46,7.7,70.3,20.1,66692.0,26597,7.4
FL,34114,3417|5055,6650 Collier Blvd,Collier,rural,3.46,3.46,3.46,3.46,7.1,71.2,18.1,79130.0,20716,7.4
FL,34202,5727,5810 Ranch Lake Blvd,Manatee,urban,3.64,3.64,3.64,3.64,2.0,81.6,9.3,114234.0,26762,7.0
FL,34203,528|7307,"2911 53rd Ave E, Braden River, FL 34203",Manatee,urban,3.64,3.64,3.64,3.64,9.9,65.4,19.3,66580.0,39757,7.0
FL,34208,3474,6225 E State Road 64,Manatee,urban,3.64,3.64,3.64,3.64,19.4,44.3,32.3,55576.0,41521,7.0
FL,34210,1004,5315 Cortez Rd W,Manatee,urban,3.64,3.64,3.64,3.64,5.5,74.1,16.4,56799.0,16461,7.0
FL,34221,3370,"508 10th St E, Palmetto, FL 34221",Manatee,rural,3.64,3.64,3.64,3.64,16.0,59.7,20.0,71679.0,52882,7.0
FL,34224,1874,"2931 S Mccall Rd, Englewood, FL 34224",Charlotte,urban,3.52,3.52,3.52,3.52,0.6,90.9,3.1,52129.0,15263,7.0
FL,34229,5264,"13140 S Tamiami Trl, Osprey, FL 34229",Sarasota,urban,3.62,3.62,3.62,3.62,0.8,92.3,3.5,94496.0,7575,7.0
FL,34233,7298|2459,5401 Palmer Crossing Cir,Sarasota,urban,3.87,3.87,3.87,3.87,1.4,79.0,14.4,74365.0,19179,7.0
FL,34234,3066,3500 N Tamiami Trail,Sarasota,urban,3.64,3.64,3.64,3.64,29.6,44.4,21.7,54669.0,21621,7.0
FL,34239,2392,3560 Bee Ridge Rd,Sarasota,urban,3.87,3.87,3.87,3.87,1.8,81.5,12.2,72079.0,14812,7.0
FL,34243,1171,8320 Lockwood Ridge Rd,Manatee,urban,3.64,3.64,3.64,3.64,2.6,77.4,13.0,77236.0,31656,7.0
FL,34266,811,"2725 Se Highway 70, Arcadia, FL 34266",DeSoto,rural,4.02,4.02,4.02,4.02,12.2,49.3,36.7,41328.0,28420,7.0
FL,34287,7221|3387,1100 S Main St,Sarasota,urban,3.52,3.52,3.52,3.52,2.3,80.6,11.8,63657.0,26721,7.0
FL,34293,769,"4150 Tamiami Trl S, Venice, FL 34293",Sarasota,urban,3.52,3.52,3.52,3.52,0.5,90.5,4.8,84110.0,46782,7.0
FL,34432,960,"11012 No. Williams St, Dunnellon, FL 34432",Marion,rural,3.06,3.06,3.06,3.06,2.6,78.6,11.4,45583.0,13029,6.8
FL,34446,1029,"6885 S Suncoast Blvd, Homosassa, FL 34446",Citrus,rural,3.98,3.98,3.98,3.98,0.3,87.0,6.4,57773.0,18668,6.8
FL,34453,1104,"2461 E Gulf To Lake Hwy, Inverness, FL 34453",Citrus,rural,3.12,3.12,3.12,3.12,2.9,85.9,7.4,50803.0,10108,6.8
FL,34461,5772,"1936 N Lecanto Hwy, Lecanto, FL 34461",Citrus,rural,3.98,,,,2.5,89.2,5.8,55170.0,12424,6.8
FL,34470,1847,4980 E Silver Springs Blvd,Marion,urban,3.06,3.06,3.06,3.06,11.8,70.8,10.6,47098.0,20903,6.8
FL,34471,697,2600 Sw 19th Avenue Rd,Marion,urban,2.84,2.84,2.84,2.84,9.4,68.2,16.1,56382.0,26614,6.8
FL,34472,4368,34 Bahia Ave,Marion,rural,3.06,3.06,3.06,3.06,20.5,52.2,23.2,55798.0,32528,6.8
FL,34476,4434,7855 Sw Hwy 200,Marion,rural,3.06,3.06,3.06,3.06,11.1,68.5,15.5,62283.0,25106,6.8
FL,34481,5326,9570 Sw Highway 200,Marion,rural,3.06,,,,6.4,81.2,10.4,50822.0,24113,6.8
FL,34491,2843,"17961 S Us Highway 441, Summerfield, FL 34491",Marion,rural,3.06,,,,5.4,79.4,10.8,64546.0,32062,6.8
FL,34601,3526,7305 Broad St,Citrus,rural,3.26,3.26,3.26,3.26,6.4,80.0,9.1,49856.0,23054,6.8
FL,34606,967,1485 Commercial Way,Hernando,urban,3.26,3.26,3.26,3.26,4.1,72.8,17.9,52274.0,27795,6.8
FL,34609,6207,14344 Spring Hill Drive,Hernando,urban,3.26,3.26,3.26,3.26,5.7,68.1,20.2,71303.0,44696,6.8
FL,34613,1213,13300 Cortez Blvd,Hernando,rural,3.32,3.32,3.32,3.32,2.3,88.9,5.1,53544.0,18071,6.8
FL,34654,2391,8745 Little Road,Pasco,rural,3.26,3.26,3.26,3.26,4.2,80.7,9.8,61517.0,23727,6.8
FL,34655,994,8745 State Road 54,Pasco,rural,3.26,3.26,3.26,3.26,2.5,84.0,7.9,76050.0,45050,6.8
FL,34667,5266,"12610 Us Highway 19, Hudson, FL 34667",Pasco,rural,3.26,3.26,3.26,3.26,1.9,86.3,8.8,49334.0,29836,6.8
FL,34668,1085,"8701 Us Highway 19, Port Richey, FL 34668",Pasco,urban,3.26,3.26,3.26,3.26,3.3,70.7,21.7,43376.0,49271,6.8
FL,34677,2796,"3801 Tampa Rd, Oldsmar, FL 34677",Pinellas,urban,3.26,3.26,3.26,3.26,4.8,72.2,14.5,83034.0,22634,6.8
FL,34684,1513,35404 Us Highway 19 N,Pinellas,urban,3.26,,,,2.7,83.5,7.3,62541.0,27607,6.8
FL,34685,3414,3400 East Lake Rd,Pinellas,urban,3.26,3.26,3.26,3.26,4.8,79.2,9.2,88867.0,17869,6.8
FL,34689,3415,"41232 Us Highway 19 N, Tarpon Springs, FL 34689",Pinellas,urban,3.26,3.26,3.26,3.26,6.0,78.9,10.9,62669.0,27076,6.8
FL,34698,5876,"2102 Main St, Dunedin, FL 34698",Pinellas,urban,3.26,3.26,3.26,3.26,4.1,84.4,6.1,63824.0,37838,6.8
FL,34711,2695,1450 Johns Lake Rd,Lake,urban,3.12,3.12,3.12,3.16,11.2,57.9,20.8,86419.0,66744,6.8
FL,34714,5299,550 Us Highway 27,Lake,rural,3.12,3.12,3.12,3.12,7.3,51.8,34.1,75029.0,25047,6.8
FL,34741,5846,3183 W Vine St,Osceola,urban,3.12,3.12,3.12,3.12,6.1,15.5,73.0,42664.0,54464,6.8
FL,34743,4159,2850 E Osceola Parkway,Osceola,urban,3.12,3.12,3.12,3.12,8.6,9.1,77.7,58871.0,43330,6.8
FL,34744,2881,1471 E Osceola Pkwy,Osceola,urban,3.12,,,,7.5,21.5,64.8,63320.0,60995,6.8
FL,34746,817|5420,4444 W Vine St,Osceola,urban,3.12,3.12,3.12,3.12,13.4,30.2,50.0,65167.0,53653,6.8
FL,34747,5214,2855 N Old Lake Wilson Road,Orange,rural,3.12,3.12,3.12,3.12,6.1,53.7,30.4,81019.0,26021,6.8
FL,34748,800,"2501 Citrus Blvd, Leesburg, FL 34748",Lake,urban,3.06,3.06,3.06,3.06,15.3,64.1,16.6,50953.0,43915,6.8
FL,34759,5250,904 Cypress Pkwy,Osceola,rural,3.12,3.12,3.12,3.12,17.0,22.4,54.9,61644.0,39528,6.8
FL,34761,942,"10500 W Colonial Dr, Ocoee, FL 34761",Orange,urban,3.12,3.12,3.12,3.12,18.4,38.5,31.3,86016.0,46233,6.8
FL,34769,1086,4400 13th St,Osceola,urban,3.12,,,,4.4,52.1,34.9,57378.0,29975,6.8
FL,34772,5265,2125 Nolte Rd,Osceola,rural,3.12,3.12,3.12,3.12,4.7,43.1,46.3,81169.0,32268,6.8
FL,34787,110,"16313 New Independence Parkway, Winter Garden, FL 34787",Lake,urban,3.12,3.12,3.12,3.12,9.2,52.5,23.1,108750.0,86913,6.8
FL,34947,973,"5100 Okeechobee Rd, Fort Pierce, FL 34947",St. Lucie,urban,3.06,3.06,,3.06,54.4,14.4,24.0,39375.0,12992,7.0
FL,34952,929,10855 So. Us Hwy #1,St. Lucie,urban,3.06,3.06,3.06,3.06,10.1,62.4,20.4,57387.0,41779,7.0
FL,34953,4260|5704,1850 Sw Gatlin Blvd,St. Lucie,urban,3.12,3.12,3.12,3.12,19.6,43.2,30.3,79777.0,78558,7.0
FL,34974,814,"2101 S Parrott Ave, Okeechobee, FL 34974",Glades,rural,4.06,4.06,4.06,4.06,1.6,72.7,20.1,48462.0,23601,7.0
FL,34986,7299|3527,902 Sw Saint Lucie West Blvd,St. Lucie,urban,3.06,3.06,3.06,3.06,15.2,61.2,16.1,80350.0,29319,7.0
FL,34997,1087,"4001 Se Federal Hwy, Stuart, FL 34997",Martin,rural,4.12,4.12,4.12,4.12,4.4,74.6,17.1,72963.0,45562,7.0
GA,30004,2941|4436,5200 Windward Pkwy,Cherokee,urban,3.06,3.06,3.06,3.06,10.6,55.3,11.0,136124.0,66406,5.6
GA,30008,5815,2909 Austell Rd Sw Suite 100,Cobb,urban,2.92,2.92,2.92,2.92,42.4,20.2,30.9,68218.0,34331,5.6
GA,30013,2475,"1436 Dogwood Dr Se, Conyers, GA 30013",Newton,rural,3.32,3.32,3.32,3.32,65.8,18.4,7.9,70987.0,25812,5.8
GA,30014,459,10300 Industrial Blvd Ne,Jasper,rural,3.3,3.3,3.3,3.3,32.2,55.2,8.9,68163.0,40892,5.8
GA,30016,4558,4200 Salem Rd,Newton,rural,3.32,3.32,3.32,3.32,59.5,30.4,4.4,70933.0,59179,5.8
GA,30024,3462,"3245 Lawrenceville Suwanee Rd, Suwanee, GA 30024",Forsyth,urban,3.06,3.06,3.06,3.06,10.3,48.0,6.1,135679.0,85442,5.6
GA,30028,7185,3655 Browns Bridge Rd,Cherokee,rural,3.06,3.06,3.06,3.06,1.9,80.8,10.4,126485.0,34549,5.6
GA,30032,3710,3580 Memorial Dr,DeKalb,urban,3.12,3.12,3.12,3.12,75.1,15.2,3.7,54787.0,44682,5.8
GA,30033,3118,2525 N Decatur Rd,DeKalb,urban,3.12,3.12,3.12,3.12,14.4,59.9,5.9,105260.0,30971,5.8
GA,30038,1340|4472,5401 Fairington Rd,DeKalb,urban,3.12,3.12,3.12,3.12,88.4,3.4,2.3,68650.0,41633,5.8
GA,30039,3389,3435 Centerville Hwy,DeKalb,urban,3.06,3.06,3.06,3.06,58.2,21.8,11.3,87792.0,50725,5.8
GA,30041,878|4185,1500 Market Place Blvd,Forsyth,urban,3.12,3.12,3.12,3.12,3.2,64.8,9.0,135591.0,73865,5.6
GA,30044,3074|3388,3059 Lawrenceville Hwy,Gwinnett,urban,3.06,3.06,3.06,3.06,28.1,22.9,31.9,74244.0,100056,5.8
GA,30046,548,630 Collins Hill Rd,Gwinnett,urban,3.06,3.06,3.06,3.06,33.2,27.2,25.6,59225.0,39968,5.8
GA,30047,1373,"4004 Lawrenceville Hwy Nw, Lilburn, GA 30047",Gwinnett,urban,3.06,3.06,3.06,3.06,18.2,34.1,26.9,85985.0,67675,5.8
GA,30052,5252,"4221 Atlanta Hwy, Loganville, GA 30052",Gwinnett,rural,3.12,3.12,3.12,3.12,32.3,50.8,11.5,86512.0,74564,5.8
GA,30060,1181|5390,1785 Cobb Pkwy S,Cobb,urban,2.92,2.92,2.92,2.92,29.0,26.8,38.9,58782.0,39125,5.6
GA,30062,3069|1766,3101 Roswell Road,Cobb,urban,2.96,2.96,2.96,2.96,11.1,65.9,7.3,124665.0,62958,5.6
GA,30064,3611,6520 Earnest Barrett Parkway,Cobb,urban,2.92,,,,21.8,62.3,8.6,114496.0,50997,5.6
GA,30066,937,2795 Chastain Meadows Pkwy,Cobb,urban,2.92,2.92,2.92,2.92,16.1,63.2,9.4,108309.0,60795,5.6
GA,30076,1578,"970 Mansell Rd, Roswell, GA 30076",Fulton,urban,3.12,3.12,3.12,3.12,14.7,54.7,21.7,104658.0,46089,5.8
GA,30078,3072|1720,2912 W Main St,Gwinnett,urban,3.06,3.06,3.06,3.06,34.7,36.2,12.4,87529.0,41998,5.8
GA,30083,3188,5935 Memorial Dr,DeKalb,urban,3.12,3.12,3.12,3.12,77.8,8.0,3.1,51017.0,60937,5.8
GA,30084,3071|2584,3201 Tucker Norcross Rd,DeKalb,urban,3.06,3.06,3.06,3.12,25.1,36.2,19.3,79693.0,39256,5.8
GA,30087,1184,1825 Rockbridge Rd,DeKalb,urban,3.12,3.12,3.12,3.12,63.0,24.0,3.1,92753.0,38858,5.8
GA,30093,3067,"4975 Jimmy Carter Blvd, Norcross, GA 30093",Gwinnett,urban,3.06,3.06,3.06,3.06,26.4,10.0,50.8,48489.0,49072,5.8
GA,30096,2154,"2635 Pleasant Hill Rd, Duluth, GA 30096",Gwinnett,urban,3.12,3.12,3.12,3.12,24.6,29.0,22.7,69705.0,69456,5.8
GA,30101,3748,3826 Cobb Pkwy Nw,Bartow,urban,2.9,2.9,2.9,2.9,19.3,66.0,9.7,103205.0,62284,5.6
GA,30106,1586,"1133 E W Connector, Austell, GA 30106",Cobb,urban,2.92,,,,54.7,25.4,15.6,65447.0,23977,5.6
GA,30110,856,"404 Highway 27 N Byp, Bremen, GA 30110",Carroll,rural,4.02,4.02,4.02,4.02,5.4,87.5,3.7,70577.0,13824,5.6
GA,30114,518,"1550 Riverstone Pkwy, Canton, GA 30114",Cherokee,rural,2.92,2.92,2.92,2.92,7.3,70.9,16.0,93800.0,58021,5.6
GA,30115,5814,"2200 Holly Springs Pkwy, Holly Springs, GA 30115",Cherokee,rural,2.92,,,,5.2,83.4,8.1,109443.0,52512,5.6
GA,30117,722,"1735 S Highway 27, Carrollton, GA 30117",Carroll,rural,3.96,3.96,3.96,3.96,24.6,62.4,9.3,54276.0,37101,5.6
GA,30121,615,"101 Market Place Blvd, Cartersville, GA 30121",Bartow,rural,2.98,2.98,2.98,2.98,13.9,68.9,11.6,73200.0,25593,5.6
GA,30122,3205,"1100 Thornton Rd, Lithia Springs, GA 30122",Cobb,urban,2.96,2.96,2.96,2.96,50.4,21.8,22.0,56196.0,26216,5.6
GA,30125,727,"1585 Rome Hwy, Cedartown, GA 30125",Floyd,rural,4.0,4.0,4.0,4.0,12.2,61.9,21.8,49507.0,23615,5.6
GA,30134,1488,"7001 Concourse Pkwy, Douglasville, GA 30134",Douglas,rural,2.92,2.92,2.92,2.92,46.6,38.4,9.2,68193.0,45121,5.6
GA,30141,618,"4166 Jimmy Lee Smith Pkwy, Hiram, GA 30141",Cobb,rural,2.92,2.92,2.92,2.92,28.9,54.9,8.4,82791.0,25416,5.6
GA,30143,5786,"1100 Old Philadelphia Rd, Jasper, GA 30143",Cherokee,rural,2.89,2.89,3.96,3.96,0.3,92.4,4.1,75567.0,24960,5.6
GA,30152,3471,3105 Cobb Pkwy Nw,Cobb,urban,2.92,2.92,2.92,2.92,15.8,64.4,10.3,119133.0,43865,5.6
GA,30153,4409,"1801 Nathan Dean Byp, Rockmart, GA 30153",Haralson,rural,4.0,4.0,4.0,4.0,12.4,80.9,3.7,53094.0,17470,5.6
GA,30157,3403,"3615 Marietta Hwy, Dallas, GA 30157",Cobb,rural,2.92,,,,12.5,72.7,9.2,84973.0,50946,5.6
GA,30161,5151,825 Cartersville Hwy Se,Bartow,rural,3.52,3.52,3.52,3.52,21.2,68.0,6.3,55496.0,34314,5.6
GA,30180,2732,"600 Carrollton Villa Rica Hwy, Villa Rica, GA 30180",Carroll,rural,4.02,4.02,4.02,4.02,29.4,58.5,6.9,87582.0,42481,5.6
GA,30188,575,12182 Highway 92,Cherokee,urban,2.92,2.92,2.92,2.92,7.7,73.8,9.8,100467.0,64757,5.6
GA,30189,5275,6435 Bells Ferry Rd,Cherokee,urban,2.92,2.92,2.92,2.92,7.2,74.8,12.9,104295.0,40946,5.6
GA,30214,594,"125 Pavilion Pkwy, Fayetteville, GA 30214",Fayette,rural,3.62,3.62,3.62,3.62,51.1,33.8,10.2,84020.0,31483,5.8
GA,30223,932,"1569 N Expressway, Griffin, GA 30223",Henry,rural,3.66,3.66,3.66,3.66,40.9,48.8,5.8,51542.0,36907,5.8
GA,30228,5363,"11465 Tara Blvd, Hampton, GA 30228",Clayton,rural,3.62,3.62,3.62,3.27,62.2,23.8,7.1,78490.0,51378,5.8
GA,30240,614,803 New Franklin Rd,Heard,rural,4.02,4.02,4.02,4.02,29.8,61.7,2.7,57589.0,30332,5.6
GA,30241,2773,955 Lafayette Parkway,Troup,rural,4.02,4.02,4.02,4.02,45.6,46.5,3.8,50647.0,25274,5.6
GA,30248,5709,"4949 Bill Gardner Pkwy, Locust Grove, GA 30248",Butts,rural,3.67,3.67,3.67,3.67,32.1,56.9,8.9,80151.0,31940,5.8
GA,30253,3201,"135 Willow Ln, Mcdonough, GA 30253",Henry,urban,3.67,3.67,3.67,3.67,58.0,24.7,6.6,80697.0,60539,5.8
GA,30260,1047,"6065 Jonesboro Rd, Morrow, GA 30260",Clayton,urban,3.28,3.28,3.28,3.28,51.6,7.7,17.4,53809.0,28576,5.8
GA,30265,494,"1025 Highway 34 E, Newnan, GA 30265",Coweta,rural,3.72,3.72,3.72,3.72,17.3,68.5,8.9,102653.0,37872,5.8
GA,30269,3461,"2717 Highway 54, Peachtree City, GA 30269",Fayette,urban,3.72,3.72,3.72,3.72,8.8,70.2,9.0,110821.0,39341,5.8
GA,30274,787,"7050 Highway 85, Riverdale, GA 30274",Clayton,urban,3.28,3.28,3.28,3.26,73.5,5.2,14.0,50337.0,34479,5.8
GA,30281,745|3402,5600 N Henry Blvd,Clayton,urban,3.46,3.46,3.46,3.46,53.7,29.5,10.5,67855.0,70433,5.8
GA,30286,1112,"855 N Church St, Thomaston, GA 30286",Upson,rural,5.08,5.08,5.08,5.08,27.9,65.5,2.6,48346.0,24156,5.8
GA,30291,855,"4735 Jonesboro Rd, Union City, GA 30291",Fulton,urban,3.28,3.28,3.28,3.28,89.0,4.4,3.6,45290.0,25024,5.8
GA,30294,3609,"2940 Anvil Block Rd, Ellenwood, GA 30294",Clayton,urban,3.28,3.28,3.28,3.28,85.9,5.3,5.7,73608.0,42594,5.8
GA,30314,3008,835 Martin Luther King Jr Drive Nw,Fulton,urban,3.28,3.28,3.28,3.26,78.5,10.5,5.3,32374.0,22835,5.8
GA,30316,3709,2427 Gresham Rd Se,DeKalb,urban,3.06,3.06,3.06,3.06,46.1,38.8,7.0,91135.0,33773,5.8
GA,30318,3775,1801 Howell Mill Rd Nw,Fulton,urban,3.28,,,,51.2,33.8,5.9,69640.0,59559,5.8
GA,30331,3741,1105 Research Center Atlanta Drive Sw,Fulton,urban,3.28,3.28,3.28,3.28,94.5,1.2,1.7,60748.0,64295,5.8
GA,30338,2360,4725 Ashford Dunwoody Rd,DeKalb,urban,3.06,,,,11.0,62.9,3.8,123125.0,39098,5.8
GA,30341,3621,"1871 Chamblee Tucker Rd, Chamblee, GA 30341",DeKalb,urban,3.08,3.08,3.08,3.08,17.8,43.0,26.3,75104.0,32582,5.8
GA,30344,6998,"844 Cleveland Ave, East Point, GA 30344",Fulton,urban,3.28,3.28,3.28,3.28,73.9,13.1,9.3,58710.0,35302,5.8
GA,30349,3401,"6149 Old National Hwy, College Park, GA 30349",Clayton,urban,3.28,,,,88.8,3.4,4.2,58713.0,78431,5.8
GA,30354,5010,1030 Delta Blvd,Clayton,urban,3.28,,,,63.4,12.2,18.0,51424.0,15002,5.8
GA,30360,3070,5025 Winters Chapel Rd,DeKalb,urban,3.06,3.06,3.06,3.06,9.8,41.7,38.0,88875.0,15644,5.8
GA,30401,1024,"414 S Main St, Swainsboro, GA 30401",Emanuel,rural,3.82,3.82,3.82,3.82,37.0,50.9,7.1,49292.0,14060,6.0
GA,30458,2858|754,349 Brampton Ave,Bulloch,rural,2.92,2.92,2.92,2.92,35.1,54.0,5.0,46451.0,47707,6.0
GA,30474,864,"3109 E 1st St, Vidalia, GA 30474",Emanuel,rural,4.0,4.0,4.0,4.0,27.5,57.0,8.5,51580.0,16976,6.0
GA,30501,2699,1435 Thompson Bridge Rd,Hall,urban,3.36,3.36,3.36,3.36,15.0,40.3,39.5,58777.0,31619,5.6
GA,30504,2731|510,2892 Browns Bridge Rd,Hall,urban,3.36,3.36,3.36,3.36,5.2,36.9,51.9,67046.0,28340,5.6
GA,30512,3485,"2257 Hwy 515, Blairsville, GA 30512",Fannin,rural,3.72,3.72,3.72,3.72,0.5,92.7,4.0,61169.0,23538,5.6
GA,30513,5812,"97 Commerce Drive, Blue Ridge, GA 30513",Fannin,rural,3.96,3.96,3.96,3.96,0.3,94.0,2.1,55648.0,11873,5.6
GA,30519,1314|3786,3795 Buford Dr,Gwinnett,urban,3.12,3.12,3.12,3.12,19.9,43.6,20.6,98228.0,56661,5.8
GA,30525,2753,"1455 Highway 441 S, Clayton, GA 30525",Rabun,rural,4.0,4.0,4.0,4.0,0.9,88.2,7.8,57475.0,7398,5.6
GA,30528,4616,"260 Donald E Thurmond Pkwy, Cleveland, GA 30528",Lumpkin,rural,2.22,2.22,2.22,2.22,1.6,91.1,3.4,66401.0,24108,5.6
GA,30529,3,"30983 Highway 441 S, Commerce, GA 30529",Banks,rural,4.0,4.0,4.0,4.0,12.1,73.9,9.5,62772.0,12429,5.6
GA,30531,1403,"250 Furniture Dr, Cornelia, GA 30531",Habersham,rural,4.0,4.0,4.0,4.0,4.0,62.2,28.1,54688.0,11199,5.6
GA,30533,2513,"270 Walmart Way, Dahlonega, GA 30533",Dawson,rural,4.0,4.0,4.0,4.0,0.9,89.4,5.4,65902.0,26993,5.6
GA,30534,3874,"98 Power Center Dr, Dawsonville, GA 30534",Cherokee,rural,3.14,3.14,3.14,3.14,1.2,89.6,5.7,84601.0,31721,5.6
GA,30538,1122,"3886 Hwy 17 S, Toccoa, GA 30538",Franklin,rural,3.96,3.96,3.96,3.96,3.7,93.7,2.0,51789.0,3568,5.6
GA,30540,1070,"88 Highland Xing, East Ellijay, GA 30540",Gilmer,rural,2.99,2.99,2.99,2.99,0.2,83.5,14.0,71806.0,19846,5.6
GA,30566,3627,"3875 Mundy Mill Rd, Oakwood, GA 30566",Hall,rural,3.36,3.36,3.36,3.36,4.8,53.7,36.0,63375.0,8643,5.6
GA,30605,2811,4375 Lexington Rd,Clarke,urban,3.0,3.0,3.0,3.0,24.7,58.6,9.1,46701.0,42360,5.8
GA,30606,5267|1400,3130 Atlanta Hwy,Clarke,urban,3.0,3.0,3.0,3.0,21.1,60.9,9.3,58727.0,47603,5.8
GA,30635,1701,"955 Elbert St, Elberton, GA 30635",Elbert,rural,3.86,3.86,3.86,3.86,31.3,59.7,5.4,44933.0,15097,5.8
GA,30643,1111,"1572 Anderson Hwy, Hartwell, GA 30643",Hart,rural,4.0,4.0,4.0,4.0,22.6,69.6,3.6,60331.0,16189,5.6
GA,30650,1363,"1681 Eatonton Rd, Madison, GA 30650",Greene,rural,4.0,4.0,4.0,4.0,25.4,69.6,3.3,80276.0,13525,5.8
GA,30655,780,"2050 W Spring St, Monroe, GA 30655",Walton,rural,4.0,4.0,4.0,4.0,28.7,64.3,3.1,65622.0,28081,5.8
GA,30680,520,"440 Atlanta Hwy N.w., Winder, GA 30680",Barrow,rural,3.06,3.06,3.06,3.06,13.5,66.6,11.4,74081.0,46599,5.8
GA,30701,1215,"450 W Belmont Dr, Calhoun, GA 30701",Floyd,rural,3.28,3.28,3.28,3.28,3.5,71.7,20.5,58209.0,42396,5.6
GA,30720,4528|5173,98 West Walnut Ave,Whitfield,rural,3.26,3.26,3.26,3.26,3.2,54.3,36.1,64034.0,26530,5.4
GA,30721,669,2545 E Walnut Ave,Murray,rural,3.26,3.26,3.26,3.26,3.4,47.6,47.2,51775.0,53067,5.4
GA,30728,2988,"2625 N Hwy 27, La Fayette, GA 30728",Walker,rural,3.96,3.96,3.96,3.96,3.8,87.3,3.8,46702.0,18735,5.4
GA,30742,3635|1458,1155 Battlefield Pkwy,Catoosa,urban,3.18,3.18,3.18,3.18,4.8,83.8,1.6,44294.0,7675,5.4
GA,30753,756,"13427 Highway 27, Trion, GA 30753",Chattooga,rural,3.96,3.96,3.96,3.96,14.2,70.6,13.3,47017.0,8343,5.4
GA,30809,3570,"4469 Washington Rd, Evans, GA 30809",Columbia,urban,2.67,2.67,2.67,2.67,11.5,71.1,8.3,125020.0,52186,5.8
GA,30813,7339|5735,5303-a Wrightsboro Rd,Columbia,rural,2.67,2.67,2.67,2.67,26.4,52.4,9.7,81133.0,48866,5.8
GA,30815,2465,"3697 Windsor Spring Rd, Hephzibah, GA 30815",Burke,rural,2.67,2.67,2.67,2.67,61.2,27.8,3.9,62081.0,42958,6.0
GA,30824,1658,"2205 Harrison Rd Se, Thomson, GA 30824",Columbia,rural,3.82,3.82,3.82,3.82,45.0,48.9,3.9,55540.0,17446,5.8
GA,30830,2754,"1500 N Liberty St, Waynesboro, GA 30830",Burke,rural,3.82,3.82,3.82,3.82,52.1,39.6,3.4,52202.0,14388,6.0
GA,30906,1293,3209 Deans Bridge Rd,Richmond,rural,2.67,,,,64.3,28.0,3.3,44271.0,62166,6.0
GA,30907,4206|1227|5813,300 South Belair Rd,Columbia,urban,2.67,,2.67,2.67,13.1,69.8,5.4,77831.0,47624,5.8
GA,30909,4144,3338 Wrightsboro Road,Columbia,urban,2.72,2.72,2.72,2.72,44.1,39.1,7.1,64647.0,43729,5.8
GA,31014,7246,"366 Hwy 26 East, Cochran, GA 31014",Bleckley,rural,4.0,4.0,4.0,4.0,31.7,63.3,3.2,55207.0,13086,5.8
GA,31015,1006,"1215 E 16th Ave, Cordele, GA 31015",Crisp,rural,4.0,4.0,4.0,4.0,47.2,47.0,3.7,45578.0,19049,5.8
GA,31021,555,"2423 Us Highway 80 W, Dublin, GA 31021",Laurens,rural,3.18,3.18,3.18,3.18,47.4,49.5,0.7,46258.0,27169,5.8
GA,31023,1018,"1099 Indian Dr, Eastman, GA 31023",Dodge,rural,4.0,4.0,4.0,4.0,23.5,69.4,4.7,45084.0,14404,5.8
GA,31024,5482,"201 Walmart Dr, Eatonton, GA 31024",Putnam,rural,3.82,3.82,3.82,3.82,25.7,65.0,6.5,60102.0,21165,5.8
GA,31029,907,"180 N Lee St, Forsyth, GA 31029",Butts,rural,4.0,4.0,4.0,4.0,22.2,72.5,2.8,70177.0,17227,5.8
GA,31061,1121,"2592 N Columbia St, Milledgeville, GA 31061",Baldwin,rural,3.82,3.82,3.82,3.82,42.4,51.0,2.6,54391.0,41462,5.8
GA,31069,2733,"1009 Saint Patricks Dr, Perry, GA 31069",Houston,rural,3.37,3.37,3.37,3.37,25.7,63.2,4.6,66485.0,22168,5.8
GA,31082,1143,"1308 S Harris St, Sandersville, GA 31082",Baldwin,rural,3.8,3.8,3.8,3.82,46.5,45.2,2.7,47449.0,10333,5.8
GA,31088,920|3750,3009 Russell Parkway,Houston,urban,3.32,3.32,3.32,3.32,32.0,53.3,6.0,80716.0,58298,5.8
GA,31093,840|1367,515 N Houston Rd,Houston,urban,3.32,3.32,3.32,,45.2,39.0,9.5,45619.0,25566,5.8
GA,31206,1153,6020 Harrison Rd,Bibb,rural,3.12,3.12,3.12,3.12,78.5,12.2,6.4,28915.0,25919,5.8
GA,31210,2890,5955 Zebulon Rd,Bibb,rural,3.12,3.12,3.12,3.12,32.0,53.6,4.2,76214.0,33333,5.8
GA,31211,1076,1401 Gray Hwy,Bibb,rural,4.16,4.16,4.16,4.16,62.9,32.9,1.5,47560.0,14530,5.8
GA,31313,4519|4525|862,801-a East General Stewart Way,Liberty,rural,3.94,3.94,3.94,3.94,45.2,31.6,12.5,55579.0,42281,6.0
GA,31322,2860,"160 Pooler Pkwy, Pooler, GA 31322",Chatham,rural,3.06,3.06,3.06,3.06,30.6,53.4,6.3,90019.0,27465,6.0
GA,31326,1011,"434 S Columbia Ave, Rincon, GA 31326",Effingham,rural,3.82,3.82,3.82,3.82,16.4,72.2,6.5,76960.0,23050,6.0
GA,31406,605,1955 E Montgomery Xrd,Chatham,urban,3.06,3.06,3.06,3.02,36.9,48.8,6.2,62698.0,34090,6.0
GA,31408,6592,251 Robert B Miller Rd,Chatham,rural,3.06,,,,49.5,28.7,18.0,46635.0,11465,6.0
GA,31410,606,4725 Us Highway 80 E,Chatham,urban,3.34,3.34,3.28,3.24,2.2,86.2,3.1,89316.0,23676,6.0
GA,31419,4530|635|4556,10530 Abercorn St,Chatham,rural,3.06,3.06,3.06,3.06,38.9,41.3,11.0,66078.0,58073,6.0
GA,31501,4527,1630 Plant Ave,Ware,urban,4.0,4.0,4.0,4.0,46.4,49.2,1.9,38633.0,13703,6.0
GA,31503,556,2425 Memorial Dr,Brantley,rural,4.0,,,,19.6,69.6,7.3,50559.0,22394,6.0
GA,31513,5392,"980 W Parker St, Baxley, GA 31513",Appling,rural,4.0,4.0,4.0,4.0,19.3,67.3,10.5,42244.0,15910,6.0
GA,31520,2840,11 Glynn Plaza,Glynn,urban,4.0,4.0,4.0,4.0,49.5,34.4,8.9,35181.0,22264,6.0
GA,31525,639,150 Altama Connector,Glynn,rural,4.0,4.0,4.0,4.0,24.4,61.6,8.2,64856.0,29500,6.0
GA,31533,593,"1450 Bowens Mill Rd Se, Douglas, GA 31533",Coffee,rural,4.0,4.0,4.0,4.0,35.1,50.3,12.5,45223.0,17049,6.0
GA,31539,1061,"136 E Jarman St, Hazlehurst, GA 31539",Appling,rural,4.0,4.0,4.0,4.0,16.0,69.1,13.2,41219.0,14291,6.0
GA,31545,2630,"1100 N 1st St, Jesup, GA 31545",Wayne,rural,4.0,4.0,4.0,4.0,21.6,67.5,7.0,41670.0,15125,6.0
GA,31558,836,"6586 Ga Highway 40 E, Saint Marys, GA 31558",Camden,rural,4.0,4.0,4.0,4.0,12.8,71.1,8.7,68360.0,22179,6.0
GA,31601,899,340 Norman Dr,Brooks,rural,4.0,4.0,4.0,4.0,59.8,30.9,6.9,32903.0,31587,6.0
GA,31602,2615,3274 Inner Perimeter Rd,Brooks,rural,4.0,4.0,4.0,4.0,40.0,47.5,6.4,50502.0,36019,6.0
GA,31605,6732,4196 Bemiss Rd,Lowndes,rural,4.0,4.0,4.0,4.0,26.7,58.9,7.1,69437.0,23883,6.0
GA,31620,7194,"351 Alabama Rd, Adel, GA 31620",Cook,rural,4.0,4.0,4.0,4.0,24.3,66.9,3.4,48177.0,11334,6.0
GA,31701,4517,2586 N Slappey Blvd,Dougherty,rural,3.26,,,,75.7,20.3,2.1,32611.0,16667,5.8
GA,31705,5797,262 Cordele Rd,Dougherty,rural,3.32,3.32,3.32,3.32,67.2,22.3,6.4,36805.0,30130,5.8
GA,31707,2801|588,108 S Westover Blvd,Dougherty,urban,3.26,3.26,3.26,3.26,63.3,29.5,2.7,47286.0,25119,5.8
GA,31709,758,"1711 E Lamar St, Americus, GA 31709",Sumter,rural,4.0,4.0,4.0,4.0,50.3,38.8,5.8,37915.0,16442,5.8
GA,31730,843,"165 Us Highway 19 S, Camilla, GA 31730",Decatur,rural,4.16,4.0,4.16,4.16,55.5,32.9,4.8,48527.0,8351,6.0
GA,31750,686,"120 Benjamin H Hill Dr W, Fitzgerald, GA 31750",Ben Hill,rural,4.0,4.0,4.0,4.0,35.7,54.9,7.8,37972.0,17957,6.0
GA,31757,889,"15328 Us Highway 19 S, Thomasville, GA 31757",Thomas,rural,3.77,3.77,4.0,4.0,20.3,71.3,6.2,74653.0,11577,6.0
GA,31788,952,"641 Veterans Pkwy S, Moultrie, GA 31788",Brooks,rural,4.0,4.0,4.0,4.0,15.8,52.5,30.6,47875.0,10598,6.0
GA,31791,7245,"1102 E Franklin St, Sylvester, GA 31791",Dougherty,rural,4.0,4.0,4.0,4.0,38.6,57.2,0.4,58952.0,11240,5.8
GA,31793,1072,1830 Us Highway 82 W,Tift,rural,3.48,3.48,4.0,3.48,10.6,74.1,12.8,73070.0,9370,5.8
GA,31794,5198,1810 Tift Ave N,Berrien,rural,4.0,4.0,4.0,4.0,36.7,47.0,11.4,46613.0,27873,6.0
GA,31903,1338,3515 Victory Drive,Muscogee,urban,2.92,2.92,2.92,2.92,76.8,9.2,9.9,27926.0,20404,5.8
GA,31904,4426,1042 Manchester Expy,Muscogee,urban,2.92,,,,26.2,59.7,5.8,62089.0,34301,5.8
GA,31907,5907,4909 Buena Vista Rd,Muscogee,urban,2.92,2.92,2.92,2.92,64.3,22.7,5.9,53099.0,62140,5.8
GA,31909,4421|1311|4200|4283,7400 Blackmon Rd,Muscogee,urban,2.92,2.92,2.92,2.92,24.2,54.1,11.5,66488.0,39578,5.8
GA,39819,5422,"500 E Alice St, Bainbridge, GA 39819",Decatur,rural,5.08,5.08,5.08,5.08,42.3,43.0,7.7,43494.0,12106,6.0
GA,39828,858,"361 8th Ave Ne, Cairo, GA 39828",Grady,rural,5.08,5.08,5.08,5.08,41.2,42.0,15.4,46433.0,14929,6.0
HI,96707,3883,"91-600 Farrington Hwy, Kapolei, HI 96707",Honolulu,urban,6.28,6.28,6.28,6.28,4.2,18.2,14.1,116075.0,49623,
HI,96720,2473,"325 E Makaala St, Hilo, HI 96720",Hawaii,rural,6.28,6.28,6.28,6.28,0.7,16.8,13.2,75265.0,50453,
HI,96732,3290,"101 Pakaula St, Kahului, HI 96732",Maui,urban,6.28,6.28,6.28,6.28,1.2,10.2,9.1,98520.0,25902,
HI,96740,2321,"75-1015 Henry St, Kailua Kona, HI 96740",Hawaii,rural,6.28,6.28,6.28,6.28,1.0,42.0,8.5,90094.0,40886,
HI,96766,2308,"3-3300 Kuhio Hwy, Lihue, HI 96766",Kauai,rural,6.28,6.28,6.28,6.28,1.2,13.3,13.2,88449.0,17604,
HI,96782,5274,"1131 Kuala St, Pearl City, HI 96782",Honolulu,urban,6.28,6.28,6.28,6.28,1.8,9.9,10.3,105142.0,38674,
HI,96789,2126,"95-550 Lanikuhana Ave, Mililani, HI 96789",Honolulu,urban,6.28,6.28,6.28,6.28,2.7,11.5,10.4,119475.0,54362,
HI,96797,2314,"94-595 Kupuohi St, Waipahu, HI 96797",Honolulu,urban,6.28,6.28,6.28,6.28,0.9,5.2,7.7,104590.0,72605,
HI,96813,3149,1032 Fort Street Mall,Honolulu,urban,6.28,,,,2.4,14.1,8.9,86355.0,25957,
HI,96814,3478,700 Keeaumoku St,Honolulu,urban,6.28,6.28,6.28,6.28,0.9,13.4,8.7,74221.0,22723,
IA,50009,2764,"3501 8th St Sw, Altoona, IA 50009",Polk,rural,3.06,3.06,3.06,3.06,3.2,86.9,4.5,91207.0,21402,2.7
IA,50010,749|4256,3105 Grand Ave,Story,rural,3.32,3.32,3.32,3.32,3.4,78.3,4.4,64573.0,33397,2.7
IA,50021,892,"1002 Se National Dr, Ankeny, IA 50021",Polk,urban,3.06,3.06,3.06,3.06,1.5,87.7,5.0,91397.0,27375,2.7
IA,50022,3394,"1905 E 7th St, Atlantic, IA 50022",Audubon,rural,3.57,3.57,3.57,3.57,1.1,94.5,2.7,59538.0,8664,2.7
IA,50036,1389,"1515 S Marshall St, Boone, IA 50036",Boone,rural,3.57,3.57,3.57,3.57,1.1,93.0,2.9,72440.0,16418,2.7
IA,50111,5748,"2150 E 1st St, Grimes, IA 50111",Dallas,rural,3.06,3.06,3.06,3.06,1.0,89.9,5.0,100971.0,15745,2.7
IA,50112,647,"415 Industrial Ave, Grinnell, IA 50112",Jasper,rural,3.57,3.57,3.57,3.57,1.6,89.7,2.8,61467.0,11827,2.9
IA,50125,1491,"1500 N Jefferson Way, Indianola, IA 50125",Warren,rural,3.57,3.57,3.57,3.57,0.6,92.5,2.6,84173.0,20364,2.7
IA,50126,1546,"840 S Oak St, Iowa Falls, IA 50126",Franklin,rural,3.72,3.72,3.72,3.72,0.6,94.0,4.6,60313.0,6402,2.7
IA,50138,2935,"814 W Bell Ave, Knoxville, IA 50138",Marion,rural,3.56,3.56,3.56,3.56,0.5,93.5,2.2,65341.0,12086,2.9
IA,50158,581,"2802 S Center St, Marshalltown, IA 50158",Marshall,rural,3.12,3.12,3.12,3.12,2.1,60.1,30.2,68322.0,31047,2.9
IA,50208,748,"300 Iowa Speedway Dr, Newton, IA 50208",Jasper,rural,3.57,3.57,3.57,3.57,3.0,88.7,3.9,57274.0,20339,2.9
IA,50213,4606,"2400 College Dr, Osceola, IA 50213",Clarke,rural,3.72,3.72,3.72,3.72,0.0,74.3,20.4,63427.0,7448,2.9
IA,50219,751,"1650 Washington St, Pella, IA 50219",Mahaska,rural,3.56,3.56,3.56,3.56,0.5,94.6,2.4,86588.0,13940,2.9
IA,50266,3762,"6365 Stagecoach Dr, West Des Moines, IA 50266",Dallas,urban,3.06,3.06,3.06,3.06,3.4,80.2,4.8,83166.0,35508,2.7
IA,50320,1723,5101 Se 14th St,Polk,urban,3.06,3.06,3.06,3.06,7.3,57.1,17.7,83074.0,23709,2.7
IA,50324,1764,1001 73rd St,Polk,urban,3.06,3.06,3.06,3.06,5.4,78.5,8.7,85055.0,5200,2.7
IA,50401,810,"4151 4th St Sw, Mason City, IA 50401",Cerro Gordo,rural,3.52,3.52,3.52,3.52,2.1,88.0,6.2,61703.0,28909,2.9
IA,50501,886,"3036 1st Ave S, Fort Dodge, IA 50501",Webster,rural,2.66,2.66,2.66,2.66,4.3,82.3,7.0,64013.0,28530,2.7
IA,50588,1526,"1831 Lake Ave, Storm Lake, IA 50588",Buena Vista,rural,3.48,3.48,3.48,3.48,3.5,42.2,35.3,56608.0,13263,2.6
IA,50613,753,"525 Brandilynn Blvd, Cedar Falls, IA 50613",Black Hawk,rural,3.32,3.32,3.32,3.32,1.1,90.6,2.8,72239.0,43732,2.9
IA,50644,750,"302 Enterprise Dr, Independence, IA 50644",Buchanan,rural,3.57,3.57,3.57,3.57,1.6,93.6,3.2,72893.0,8705,2.9
IA,50677,1005,"2700 4th St Sw, Waverly, IA 50677",Bremer,rural,3.57,3.57,3.57,3.57,2.1,89.8,3.0,83635.0,12746,2.9
IA,50702,1496,"1334 Flammang Dr, Waterloo, IA 50702",Black Hawk,urban,3.32,3.32,3.32,3.32,12.2,70.7,8.2,58418.0,20818,2.9
IA,50801,1435,"806 Laurel St, Creston, IA 50801",Adair,rural,3.57,3.57,3.57,3.57,0.3,94.6,1.4,55413.0,8957,2.7
IA,51031,1625,"1111 Holton Dr, Le Mars, IA 51031",Plymouth,rural,3.48,3.48,3.48,3.48,3.1,87.1,7.7,75540.0,12595,2.6
IA,51106,1361,3400 Singing Hills Blvd,Woodbury,rural,3.26,3.26,3.26,3.26,4.9,80.5,8.9,74750.0,27652,2.6
IA,51108,3590,3101 Floyd Blvd,Plymouth,rural,3.26,3.26,3.26,3.26,0.3,78.0,19.6,71176.0,5555,2.6
IA,51250,1152,"255 16th St Sw, Sioux Center, IA 51250",Sioux,rural,3.48,3.48,3.48,3.48,0.7,85.3,11.3,87323.0,9667,2.6
IA,51301,2714,"500 11th St Sw, Spencer, IA 51301",Clay,rural,3.48,3.48,3.48,3.48,0.5,91.6,4.5,59987.0,12326,2.6
IA,51360,1415,"2200 17th St, Spirit Lake, IA 51360",Dickinson,rural,3.48,3.48,3.48,3.48,0.1,93.0,1.6,74375.0,8533,2.7
IA,51401,1787,"2014 Kittyhawk Rd, Carroll, IA 51401",Carroll,rural,3.48,3.48,3.48,3.48,1.5,92.7,4.0,66768.0,12174,2.7
IA,51442,1732,"510 Avenue C, Denison, IA 51442",Crawford,rural,3.52,3.52,3.52,3.52,3.5,46.1,44.0,59325.0,9648,2.6
IA,51501,1965|3150,3201 Manawa Centre Dr,Pottawattamie,urban,3.02,3.02,3.02,3.02,1.8,78.5,14.4,56054.0,35400,2.7
IA,51601,1683,"705 S Fremont St, Shenandoah, IA 51601",Fremont,rural,3.58,3.58,3.58,3.58,1.0,90.5,3.8,54423.0,5560,2.7
IA,52003,2004,"4200 Dodge St, Dubuque, IA 52003",Dubuque,rural,2.77,2.77,2.77,2.77,0.2,93.6,3.3,91703.0,13820,3.1
IA,52057,1506,"1220 W Main St, Manchester, IA 52057",Delaware,rural,3.57,3.57,3.57,3.57,0.0,93.0,2.1,73066.0,8082,2.9
IA,52060,1509,"103 E Carlisle, Maquoketa, IA 52060",Clinton,rural,2.98,2.98,2.98,2.98,1.6,94.1,0.9,60000.0,7974,3.1
IA,52101,913,"1798 Old Stage Rd, Decorah, IA 52101",Allamakee,rural,3.76,3.76,3.76,3.76,0.7,94.5,2.2,64302.0,12962,2.9
IA,52205,646,"101 115th St, Anamosa, IA 52205",Jones,rural,3.98,3.98,3.98,3.98,4.1,91.1,1.5,66635.0,8537,3.1
IA,52241,2827,"2801 Commerce Dr, Coralville, IA 52241",Johnson,urban,3.16,3.16,3.16,3.16,13.9,67.8,4.2,67691.0,22494,2.9
IA,52246,1721,"919 Highway 1 W, Iowa City, IA 52246",Johnson,urban,3.16,,,,13.1,64.5,6.3,51627.0,22340,2.9
IA,52302,3630,"5491 Highway 151, Marion, IA 52302",Linn,rural,2.63,2.63,2.63,2.63,2.5,89.7,3.2,82242.0,42803,2.9
IA,52353,1475,"2485 Highway 92, Washington, IA 52353",Washington,rural,3.86,3.86,3.86,3.86,1.0,83.4,12.2,60409.0,8930,2.9
IA,52402,1528,2645 Blairs Ferry Rd Ne,Linn,urban,2.53,2.53,2.53,2.53,5.3,77.0,3.9,71048.0,42648,2.9
IA,52404,2716,3601 29th Ave Sw,Johnson,rural,2.63,2.63,2.63,2.63,10.4,76.8,5.1,61783.0,41433,2.9
IA,52501,1285,"1940 Venture Dr, Ottumwa, IA 52501",Keokuk,rural,3.62,3.62,3.62,3.62,3.4,76.8,13.2,55801.0,30535,2.9
IA,52544,1621,"23148 Hwy 5, Centerville, IA 52544",Appanoose,rural,3.76,3.76,3.76,3.76,0.6,93.1,3.1,43810.0,7873,2.9
IA,52556,985,"2701 W Burlington Ave, Fairfield, IA 52556",Jefferson,rural,3.86,3.86,3.86,3.86,5.5,81.6,4.0,49840.0,11647,2.9
IA,52577,1393,"2203 Avenue A West, Oskaloosa, IA 52577",Mahaska,rural,3.57,3.57,3.57,3.57,2.0,91.5,2.8,63961.0,14437,2.9
IA,52632,1431,"300 No. Park Drive, Keokuk, IA 52632",Lee,rural,2.96,2.96,2.96,2.96,3.7,88.4,4.0,49639.0,12087,3.1
IA,52641,784,"1045 N Grand Ave, Mount Pleasant, IA 52641",Henry,rural,3.87,3.87,3.87,3.87,3.8,81.7,7.3,62790.0,12812,2.9
IA,52655,797,"324 W Agency Rd, West Burlington, IA 52655",Des Moines,rural,3.62,3.62,3.62,3.62,12.5,79.5,1.8,51927.0,4174,3.1
IA,52732,2889,"2715 S 25th St, Clinton, IA 52732",Clinton,rural,3.26,3.26,3.26,3.26,4.9,86.4,4.6,55714.0,25984,3.1
IA,52761,559,"3003 N Highway 61, Muscatine, IA 52761",Louisa,rural,3.96,3.96,3.96,3.96,3.4,75.4,17.2,63371.0,30357,3.1
IA,52772,841,"1126 Highway 38 North, Tipton, IA 52772",Cedar,rural,4.0,4.0,4.0,4.0,0.6,95.2,1.9,78986.0,5289,3.1
IA,52806,5115,3101 W Kimberly Rd,Scott,rural,3.56,3.56,3.56,3.56,11.5,75.2,6.5,68863.0,27733,3.1
IA,52807,1241,5811 Elmore Ave,Scott,rural,3.56,3.56,3.56,3.56,10.0,75.6,6.2,66332.0,16806,3.1
ID,83202,1995,"4240 Yellowstone Ave, Chubbuck, ID 83202",Bannock,rural,4.0,4.0,4.0,4.0,0.2,75.9,11.5,63942.0,22716,2.0
ID,83221,1905,"565 Jensen Grove Dr, Blackfoot, ID 83221",Bingham,rural,4.0,4.0,4.0,4.0,0.2,74.9,16.9,69724.0,28822,2.0
ID,83301,3897,"252 Cheney Dr W, Twin Falls, ID 83301",Jerome,rural,3.46,3.46,3.46,3.46,0.7,76.4,16.1,59443.0,61291,1.7
ID,83318,1900,"385 N Overland Ave, Burley, ID 83318",Cassia,rural,4.0,4.0,4.0,4.0,0.1,63.2,31.4,63511.0,19324,1.7
ID,83338,2831,"2680 S Lincoln Ave, Jerome, ID 83338",Gooding,rural,3.46,3.46,3.46,3.46,0.0,57.6,38.5,67941.0,21284,1.7
ID,83402,5494,"500 S Utah Ave, Idaho Falls, ID 83402",Bingham,rural,4.0,4.0,4.0,4.0,0.4,75.0,19.8,69153.0,28037,2.0
ID,83406,1902,"1201 S 25th E, Ammon, ID 83406",Bonneville,rural,4.0,4.0,4.0,4.0,0.2,85.3,9.9,77958.0,19251,2.0
ID,83440,1878,"1450 North 2nd East, Rexburg, ID 83440",Fremont,rural,4.0,4.0,4.0,4.0,0.8,86.1,8.5,52131.0,49410,2.0
ID,83605,4494,622 E. Ustick Road,Canyon,urban,3.36,,,,0.5,52.7,40.6,58952.0,39636,1.7
ID,83607,2780,5108 Cleveland Blvd,Canyon,rural,3.36,,,,0.0,68.9,26.2,72566.0,34178,1.7
ID,83642,2862|3093,4051 E Fairview Ave,Ada,urban,3.36,3.36,3.36,3.36,0.7,84.2,8.9,93169.0,54645,1.7
ID,83646,5841,5001 N. Ten Mile Rd.,Ada,urban,3.36,3.36,3.36,3.36,1.9,81.6,8.7,94063.0,72804,1.7
ID,83647,2782,"2745 American Legion Blvd, Mountain Home, ID 83647",Elmore,rural,3.36,3.36,3.36,3.36,1.6,72.7,17.1,54487.0,22106,1.7
ID,83651,4180,175 S Middleton Rd,Canyon,urban,3.36,3.36,3.36,3.36,0.1,69.8,25.5,65527.0,36863,1.7
ID,83686,2781,2100 12th Ave Rd,Canyon,rural,3.36,3.36,3.36,3.36,0.7,73.2,20.9,79157.0,56267,1.7
ID,83687,3739,5875 E Franklin Rd,Ada,rural,3.36,3.36,3.36,3.36,1.7,70.9,21.0,66730.0,37095,1.7
ID,83704,3094,3233 N. Cole Rd.,Ada,urban,3.36,3.36,3.36,3.36,0.9,77.2,14.2,68285.0,40520,1.7
ID,83709,2508,8300 W Overland Rd,Ada,urban,3.36,3.36,3.36,3.36,2.1,83.5,7.6,84598.0,58321,1.7
ID,83714,2861,"7319 W State St, Garden City, ID 83714",Ada,rural,3.36,3.36,3.36,3.36,0.6,86.7,8.6,78886.0,26202,1.7
ID,83835,3511,"550 W Honeysuckle Ave, Hayden, ID 83835",Kootenai,rural,3.53,3.53,3.53,3.53,0.4,92.9,3.4,77219.0,23229,2.4
ID,83843,5869,"2470 W Pullman Rd, Moscow, ID 83843",Latah,rural,3.56,3.56,3.56,3.56,1.7,85.6,4.5,56720.0,24223,2.2
ID,83852,2485,"476999 Highway 95, Ponderay, ID 83852",Bonner,rural,4.02,4.02,4.02,4.02,7.9,78.4,3.0,42361.0,1189,2.4
ID,83854,3472|4395,3050 E Mullan Ave,Kootenai,rural,3.53,3.53,,3.53,0.3,87.6,5.1,69372.0,50378,2.4
ID,83868,4249,"583 Commerce Drive, Smelterville, ID 83868",Shoshone,rural,3.56,3.56,3.56,4.16,0.0,87.0,2.8,46081.0,894,2.2
IL,60002,5199,"475 E Il Route 173, Antioch, IL 60002",Lake,rural,3.12,3.12,3.12,3.12,2.8,83.0,7.1,106176.0,24398,3.1
IL,60007,1897,"801 Meacham Rd, Elk Grove Village, IL 60007",Cook,urban,2.67,,2.67,2.67,2.3,70.6,13.9,94051.0,32768,3.2
IL,60008,2815,"1460 Golf Rd, Rolling Meadows, IL 60008",Cook,urban,2.57,2.57,2.57,2.57,3.3,55.0,27.9,89205.0,22863,3.2
IL,60014,1413,"1205 S Il Route 31, Crystal Lake, IL 60014",McHenry,urban,3.07,3.07,3.07,3.07,1.1,80.3,12.4,102530.0,48568,3.1
IL,60031,1668,"6590 Grand Ave, Gurnee, IL 60031",Lake,urban,3.07,,,,6.8,63.0,13.8,108424.0,37202,3.1
IL,60033,1211,"21101 Mcguire Rd, Harvard, IL 60033",Boone,rural,3.12,3.12,3.12,3.12,0.4,56.7,41.0,69619.0,13574,3.1
IL,60047,1404,"820 S Rand Rd, Lake Zurich, IL 60047",Lake,urban,2.67,2.67,2.67,2.73,0.9,78.4,5.6,167358.0,43750,3.1
IL,60051,1377,"3801 Running Brk Farm Blvd, Johnsburg, IL 60051",Lake,rural,3.26,3.26,3.26,3.26,0.2,86.5,8.9,99854.0,23598,3.1
IL,60056,1681,"930 Mount Prospect Plz, Mount Prospect, IL 60056",Cook,urban,2.57,2.57,2.57,2.57,2.8,64.2,15.8,100850.0,56651,3.2
IL,60061,1489,"555 E Townline Rd, Vernon Hills, IL 60061",Lake,urban,3.16,3.16,3.16,3.16,1.7,57.2,11.8,118371.0,27602,3.1
IL,60073,1228,"2680 N Il Route 83, Round Lake Beach, IL 60073",Lake,urban,3.12,3.12,3.12,3.12,4.4,42.4,43.7,88279.0,62071,3.1
IL,60074,5276,"1555 N Rand Rd, Palatine, IL 60074",Cook,urban,2.73,2.67,3.28,2.67,5.0,51.9,32.7,78287.0,37222,3.2
IL,60076,1998,"3626 Touhy Ave, Skokie, IL 60076",Cook,urban,2.82,2.82,2.82,2.82,8.8,49.0,11.4,100786.0,33170,3.2
IL,60085,3891,"3900 Fountain Square Pl, Waukegan, IL 60085",Lake,urban,3.07,3.07,3.07,3.07,16.1,15.0,59.5,58843.0,71465,3.1
IL,60090,1735,"1455 E Lake Cook Rd, Wheeling, IL 60090",Cook,urban,2.67,2.73,2.67,2.74,1.2,48.1,31.8,80060.0,38753,3.2
IL,60098,3434,"1275 Lake Ave, Woodstock, IL 60098",McHenry,rural,3.26,3.26,3.26,3.26,1.7,74.3,19.5,88059.0,33116,3.1
IL,60099,3893,"4000 Il Route 173, Zion, IL 60099",Lake,urban,3.26,3.26,3.26,3.26,19.7,33.5,38.2,65021.0,31523,3.1
IL,60101,5442,"1050 N Rohlwing Rd, Addison, IL 60101",DuPage,urban,2.67,2.67,2.67,2.67,3.2,46.3,40.2,82705.0,37175,3.2
IL,60102,5060,"1410 S Randall Rd, Algonquin, IL 60102",Kane,urban,3.07,3.07,3.07,3.07,1.8,78.1,11.4,127140.0,32227,3.2
IL,60107,1420,"850 S Barrington Rd, Streamwood, IL 60107",Cook,urban,3.23,3.23,3.23,3.23,5.1,40.5,36.3,94502.0,39450,3.2
IL,60108,1553,"314 West Army Trail Road, Bloomingdale, IL 60108",DuPage,urban,2.67,2.67,2.67,2.67,4.3,67.4,11.6,100072.0,23647,3.2
IL,60110,1531,"365 Lake Marian Road, Carpentersville, IL 60110",Kane,urban,3.07,3.07,3.07,3.07,4.6,31.2,54.6,85785.0,39383,3.2
IL,60115,786,"2300 Sycamore Rd, Dekalb, IL 60115",DeKalb,rural,2.62,2.62,2.62,2.62,14.6,59.9,15.7,47310.0,42456,3.2
IL,60123,1814,"1100 S Randall Rd, Elgin, IL 60123",Kane,urban,3.07,3.07,3.07,3.07,6.9,40.0,44.3,82358.0,49537,3.2
IL,60130,2204,"1300 Des Plaines Ave, Forest Park, IL 60130",Cook,urban,2.72,2.72,2.72,2.72,25.3,54.6,9.5,78625.0,14165,3.2
IL,60137,1848,"3s100 Route 53, Glen Ellyn, IL 60137",DuPage,urban,3.26,3.26,3.26,3.26,2.2,77.7,6.8,127886.0,38945,3.2
IL,60142,4641,"12300 Route 47, Huntley, IL 60142",Kane,rural,3.07,3.07,3.07,3.07,5.0,79.6,8.7,85824.0,29449,3.2
IL,60164,1933,"137 W North Ave, Northlake, IL 60164",Cook,urban,2.72,2.72,2.72,2.44,2.8,29.0,63.2,71549.0,21371,3.2
IL,60174,1898,"150 Smith Rd, Saint Charles, IL 60174",DuPage,urban,2.72,2.72,2.72,2.72,3.2,78.4,11.1,99185.0,30799,3.2
IL,60181,1737,"900 South Route 83, Villa Park, IL 60181",DuPage,urban,2.72,2.72,2.72,2.72,6.3,59.6,24.0,86812.0,30973,3.2
IL,60418,3601,"4700 135th St, Crestwood, IL 60418",Cook,,2.76,2.76,2.76,2.76,10.8,73.5,10.7,73479.0,10733,3.2
IL,60430,5404,"17550 South Halsted Street, Homewood, IL 60430",Cook,urban,2.76,,,,49.2,39.1,6.9,85136.0,20430,3.2
IL,60431,2956,"1401 Il Route 59, Shorewood, IL 60431",Kendall,urban,2.72,,,,13.5,57.8,22.3,109136.0,27357,3.2
IL,60435,1256,"2424 W Jefferson St, Joliet, IL 60435",Will,urban,2.72,2.72,2.72,2.72,14.6,44.6,36.0,72860.0,48574,3.2
IL,60438,2817,"17625 Torrence Ave, Lansing, IL 60438",Cook,urban,3.08,3.08,3.08,3.08,46.5,27.9,19.8,68502.0,29059,3.2
IL,60440,1596,"200 S Bolingbrook Dr, Bolingbrook, IL 60440",DuPage,urban,2.42,2.42,2.42,2.42,18.9,36.9,31.8,87009.0,51412,3.2
IL,60441,3790,"16241 S Farrell Rd, Lockport, IL 60441",Will,urban,3.23,3.23,3.23,3.23,8.0,76.6,10.8,98548.0,37046,3.2
IL,60446,4531,"420 Weber Road, Romeoville, IL 60446",Will,urban,3.16,3.16,3.16,3.16,10.7,44.6,34.5,96317.0,41253,3.2
IL,60450,844,"333 E Us Route 6, Morris, IL 60450",Grundy,rural,2.92,2.92,2.92,2.92,0.9,85.5,8.7,82295.0,20729,3.4
IL,60451,4529,"501 E Lincoln Hwy, New Lenox, IL 60451",Will,urban,3.26,3.26,3.26,3.26,0.5,91.2,4.4,128316.0,37488,3.2
IL,60455,1779,"10260 S Harlem Ave, Bridgeview, IL 60455",Cook,urban,2.72,,,,4.1,60.1,31.5,61273.0,17204,3.2
IL,60461,4049,"21000 Western Ave, Olympia Fields, IL 60461",Cook,urban,2.76,2.76,2.76,2.76,79.2,15.7,0.2,99125.0,4988,3.2
IL,60471,1497,"22401 Central Ave, Richton Park, IL 60471",Cook,urban,2.76,2.76,2.76,2.76,89.6,4.9,3.0,71432.0,13237,3.2
IL,60478,5486,"4005 167th St, Country Club Hills, IL 60478",Cook,urban,2.76,2.76,2.76,2.76,88.5,6.0,2.3,73395.0,16591,3.2
IL,60487,1556,"9265 159th St, Orland Hills, IL 60487",Cook,urban,2.76,2.76,2.76,2.76,5.3,79.1,10.3,129129.0,26198,3.2
IL,60502,4405,"2900 Kirk Rd, Aurora, IL 60502",DuPage,urban,2.72,2.72,2.72,2.72,8.1,53.2,10.1,146855.0,23056,3.2
IL,60510,5352,"801 N Randall Rd, Batavia, IL 60510",DuPage,urban,2.72,2.72,2.72,2.72,2.3,81.5,8.7,114323.0,28393,3.2
IL,60525,1892,"9450 Joliet Rd, Hodgkins, IL 60525",Cook,urban,2.72,2.72,2.72,2.72,3.2,77.6,15.3,108941.0,31647,3.2
IL,60538,4286,"2000 Orchard Rd, Montgomery, IL 60538",Kane,urban,3.26,,,,4.0,58.4,34.3,91591.0,30101,3.2
IL,60543,3400,"2300 Us Highway 34, Oswego, IL 60543",Kane,rural,3.26,3.26,3.26,3.26,8.5,66.1,18.5,108924.0,40714,3.2
IL,60545,1003,"6800 W Us Highway 34, Plano, IL 60545",Kendall,rural,3.07,3.07,3.07,3.07,3.5,58.3,33.8,88750.0,13704,3.2
IL,60561,2215,"2189 75th St, Darien, IL 60561",DuPage,urban,2.42,2.42,2.42,2.42,2.1,75.1,7.8,110061.0,22997,3.2
IL,60564,1401,"2552 W 75th St, Naperville, IL 60564",DuPage,urban,2.72,2.72,2.72,2.72,4.9,56.9,5.6,170630.0,46832,3.2
IL,60585,5038,"12690 S Route 59, Plainfield, IL 60585",Kendall,urban,3.26,,,,11.5,65.0,6.1,153026.0,24754,3.2
IL,60608,5646,2551 W Cermak Rd,Cook,urban,2.72,,,,16.5,20.1,46.8,66821.0,82749,3.2
IL,60620,3110|5781,7535 S. Ashland Ave.,Cook,urban,3.26,3.26,3.26,3.26,93.4,1.2,2.7,46472.0,68330,3.2
IL,60628,5965,10900 S. Doty Avenue,Cook,urban,3.26,3.26,3.26,3.26,90.9,2.5,4.8,48601.0,61419,3.2
IL,60638,1938,"7050 S Cicero Ave, Bedford Park, IL 60638",Cook,urban,2.73,2.73,2.73,2.73,2.3,39.3,56.3,85374.0,57799,3.2
IL,60639,5402|5617,4650 W North Ave,Cook,urban,2.72,2.72,2.72,2.72,13.2,9.7,74.0,54969.0,85248,3.2
IL,60653,3166,4720 S. Cottage Grove Avenue,Cook,urban,3.26,,,,84.2,6.5,4.2,35136.0,34364,3.2
IL,60657,5645,2844 N Broadway St,Cook,urban,2.72,,,,3.8,76.5,9.1,105428.0,71192,3.2
IL,60712,4177,"6840 N Mccormick Blvd, Lincolnwood, IL 60712",Cook,urban,2.82,,,,3.5,61.9,9.4,99390.0,13268,3.2
IL,60714,2816|3725,5630 W Touhy Ave,Cook,urban,2.82,2.82,2.82,2.92,2.0,62.5,12.0,76052.0,30857,3.2
IL,60804,3004,"3320 S Cicero Ave, Cicero, IL 60804",Cook,urban,2.72,2.72,2.72,2.72,3.2,7.9,87.9,64325.0,84189,3.2
IL,60805,5485,"2500 W 95th St, Evergreen Park, IL 60805",Cook,urban,3.26,3.26,3.26,3.26,22.6,55.8,15.5,92266.0,19730,3.2
IL,60901,4323,"505 Riverstone Pkwy, Kankakee, IL 60901",Kankakee,rural,2.72,2.72,2.72,2.72,31.0,50.2,16.2,52915.0,33968,3.4
IL,60914,1307,"2080 N State Route 50, Bourbonnais, IL 60914",Kankakee,rural,2.72,2.72,2.72,2.72,9.0,77.0,6.7,85275.0,28443,3.4
IL,60970,1548,"1790 E Walnut St, Watseka, IL 60970",Iroquois,rural,3.12,3.12,3.12,3.12,1.2,89.7,5.6,51483.0,6025,3.6
IL,61008,3597,"2101 Gateway Center Dr, Belvidere, IL 61008",Boone,rural,3.26,3.26,3.26,3.26,1.5,66.4,28.4,69945.0,34227,3.1
IL,61021,5399,"1640 S Galena Ave, Dixon, IL 61021",Lee,rural,2.77,2.77,2.77,2.77,7.6,82.0,7.4,59930.0,22593,3.2
IL,61032,1740,"2545 Il Route 26 S, Freeport, IL 61032",Stephenson,rural,3.16,3.16,3.16,3.16,12.5,74.1,5.2,49346.0,29359,3.1
IL,61036,5044,"10000 Bartel Blvd, Galena, IL 61036",Jo Daviess,rural,3.96,3.96,3.96,3.96,0.5,94.6,3.0,75412.0,6796,3.1
IL,61068,933,"311 E Route 38, Rochelle, IL 61068",DeKalb,rural,3.23,3.23,3.23,3.23,2.2,69.4,24.7,64828.0,14862,3.2
IL,61071,830,"1901 1st Ave, Rock Falls, IL 61071",Lee,rural,2.77,2.86,2.77,2.77,0.5,81.4,15.4,55478.0,13766,3.2
IL,61073,3837,"4781 E Rockton Rd, Roscoe, IL 61073",Boone,rural,3.06,3.06,3.06,3.06,2.8,86.6,6.5,98585.0,20567,3.1
IL,61081,891,"4115 E Lincolnway, Sterling, IL 61081",Lee,rural,2.77,2.77,2.77,2.77,1.9,71.8,21.0,57618.0,21138,3.2
IL,61101,5398,3902 W Riverside Blvd,Winnebago,rural,3.06,3.06,3.06,3.06,36.6,43.2,15.9,45363.0,20481,3.1
IL,61108,1490,7219 Walton St,Winnebago,urban,3.06,3.06,3.06,3.06,9.8,60.0,23.2,59783.0,29673,3.1
IL,61114,1955,3849 Northridge Dr,Boone,urban,3.06,3.06,3.06,3.06,9.2,71.8,11.8,80930.0,15017,3.1
IL,61231,792,"1500 Se 5th St, Aledo, IL 61231",Mercer,rural,3.97,3.97,3.97,3.97,1.7,93.4,3.5,59551.0,5158,3.2
IL,61254,957,"125 E Bestor Dr, Geneseo, IL 61254",Henry,rural,3.86,3.86,3.86,3.86,0.2,93.1,4.2,84009.0,12103,3.2
IL,61265,2231,"3930 44th Avenue Dr, Moline, IL 61265",Rock Island,urban,3.56,3.56,3.56,3.56,9.0,67.8,17.2,63755.0,44006,3.2
IL,61282,4511,"1601 18th St, Silvis, IL 61282",Rock Island,urban,3.56,3.56,3.56,3.56,7.1,73.4,13.4,67865.0,8234,3.2
IL,61350,852,"4041 Veterans Dr, Ottawa, IL 61350",LaSalle,rural,3.26,3.26,3.26,3.26,2.9,84.5,8.9,72323.0,24385,3.4
IL,61354,796,"5307 Rt. 251, Peru, IL 61354",Bureau,rural,3.26,3.26,3.26,3.26,1.0,89.1,6.1,64034.0,10422,3.4
IL,61356,636,"2111 Claude Bailey Pkwy, Princeton, IL 61356",Bureau,rural,3.12,3.12,3.12,3.12,0.1,90.2,4.4,63405.0,10959,3.4
IL,61364,4699,"2415 N Bloomington St, Streator, IL 61364",LaSalle,rural,3.16,3.16,3.16,3.16,2.9,81.9,13.0,52845.0,18245,3.4
IL,61401,775,"659 Knox Square Dr, Galesburg, IL 61401",Knox,rural,3.26,3.26,3.26,3.26,8.5,78.0,7.4,45426.0,30809,3.4
IL,61443,633,"730 Tenney St, Kewanee, IL 61443",Bureau,rural,3.16,3.16,3.16,3.16,6.4,80.2,10.4,48020.0,13584,3.4
IL,61455,197,"1730 E Jackson St, Macomb, IL 61455",McDonough,rural,4.06,4.06,4.06,4.06,7.7,81.9,4.2,43193.0,17653,3.4
IL,61520,1713,"2071 N Main St, Canton, IL 61520",Fulton,rural,3.26,3.26,3.26,3.26,5.0,87.4,4.4,54129.0,16176,3.4
IL,61550,5157,"155 E Courtland St, Morton, IL 61550",Tazewell,rural,2.48,2.48,2.48,2.48,1.0,91.8,1.8,88159.0,18483,3.4
IL,61554,603,"3320 Veterans Dr, Pekin, IL 61554",Tazewell,rural,2.48,2.48,2.48,2.48,2.3,91.7,2.5,58813.0,40775,3.4
IL,61571,1421,"1980 Freedom Pkwy, Washington, IL 61571",Tazewell,rural,2.48,2.48,2.48,2.48,0.3,93.3,3.5,85853.0,24712,3.4
IL,61604,1323,3315 N University St,Peoria,urban,2.48,2.48,2.48,2.48,25.8,59.6,6.9,49740.0,28220,3.4
IL,61611,1028,"401 River Rd, East Peoria, IL 61611",Tazewell,rural,2.48,2.48,2.48,2.48,1.0,93.3,2.7,74733.0,23447,3.4
IL,61615,3460,8915 N Allen Rd,Peoria,rural,2.48,2.48,2.48,2.48,10.5,70.0,7.3,81890.0,23167,3.4
IL,61705,3459,"2225 W Market St, Bloomington, IL 61705",McLean,rural,2.87,2.87,2.87,2.87,6.3,84.6,2.6,109606.0,12746,3.4
IL,61761,1125,"300 Greenbriar Dr, Normal, IL 61761",McLean,urban,2.87,2.87,2.87,2.87,12.5,75.4,6.0,64335.0,53423,3.4
IL,61764,1386,"1706 W Reynolds St, Pontiac, IL 61764",Livingston,rural,3.26,3.26,3.26,3.26,8.0,84.4,4.3,62256.0,13688,3.4
IL,61802,5403,"100 S High Cross Rd, Urbana, IL 61802",Champaign,rural,2.57,2.57,2.57,2.57,18.2,61.7,8.4,54251.0,19722,3.6
IL,61822,1734,"2610 N Prospect Ave, Champaign, IL 61822",Champaign,rural,2.57,2.57,2.57,2.57,12.1,59.1,4.8,94926.0,27929,3.6
IL,61834,2491,"4101 N Vermilion St Ste A, Danville, IL 61834",Vermilion,rural,3.12,3.12,3.12,3.12,11.7,78.3,8.0,81250.0,8281,3.6
IL,61866,1093,"845 Broadmeadow Rd, Rantoul, IL 61866",Champaign,rural,3.12,3.12,3.12,3.12,21.1,52.3,14.3,47703.0,13442,3.6
IL,61874,3255,"505 S Dunlap Ave, Savoy, IL 61874",Champaign,urban,2.57,2.57,2.57,2.57,6.5,72.1,5.9,86498.0,8653,3.6
IL,61920,612,"2250 Lincoln Ave, Charleston, IL 61920",Coles,rural,2.52,2.52,2.52,2.52,6.2,85.1,3.5,53295.0,20923,3.6
IL,61938,481,"101 Dettro Dr, Mattoon, IL 61938",Coles,rural,2.52,2.52,2.52,2.52,1.7,92.9,2.4,52279.0,20965,3.6
IL,61944,2934,"15150 Us Highway 150, Paris, IL 61944",Clark,rural,3.12,3.12,3.12,3.12,0.5,96.4,1.4,53896.0,11562,3.6
IL,62034,256,"400 Junction Dr, Glen Carbon, IL 62034",Madison,urban,2.36,2.36,2.36,2.36,7.2,83.9,4.3,91915.0,14497,3.6
IL,62035,4695,"6660 Godfrey Rd, Godfrey, IL 62035",Jersey,rural,2.16,2.16,2.16,2.16,6.2,87.5,1.8,83529.0,16172,3.6
IL,62040,1761,"379 W Pontoon Rd, Granite City, IL 62040",Madison,rural,3.92,3.92,3.92,3.92,8.8,78.4,7.7,59542.0,40716,3.6
IL,62052,253,"1316 S State St, Jerseyville, IL 62052",Greene,rural,2.16,2.16,2.16,2.16,0.2,96.8,1.1,72273.0,12625,3.6
IL,62056,213,"1205 W Ferdon St, Litchfield, IL 62056",Macoupin,rural,3.98,3.98,3.98,3.98,0.5,97.1,0.2,55227.0,8758,3.6
IL,62095,1071,"610 Wesley Dr, Wood River, IL 62095",Madison,urban,3.82,3.82,3.82,3.82,7.5,87.2,1.7,61415.0,10801,3.6
IL,62206,747,"1511 Camp Jackson Rd, Cahokia, IL 62206",St. Clair,rural,4.34,,,,65.2,25.9,1.4,33067.0,13477,3.6
IL,62221,201,"2608 Green Mount Commons Dr, Belleville, IL 62221",St. Clair,rural,2.36,2.36,2.36,2.36,27.0,59.0,4.7,75112.0,29454,3.6
IL,62231,436,"2591 12th St, Carlyle, IL 62231",Clinton,rural,3.97,3.97,3.97,3.97,1.3,92.9,1.5,76055.0,6680,3.6
IL,62233,352,"2206 State St, Chester, IL 62233",Randolph,rural,3.97,3.97,3.97,3.97,21.8,72.1,5.0,69882.0,8217,3.6
IL,62234,2425|361,1101 Belt Line Rd,Madison,rural,2.36,2.36,2.36,2.36,11.8,75.5,9.2,63527.0,32491,3.6
IL,62249,435,"12495 State Route 143, Highland, IL 62249",Bond,rural,4.02,4.02,4.02,4.02,0.2,92.7,1.0,86493.0,16649,3.6
IL,62269,1418,"1530 West Hwy 50, O Fallon, IL 62269",St. Clair,urban,2.36,2.36,2.36,2.36,13.0,71.2,4.7,99258.0,35467,3.6
IL,62286,222,"1410 N Market St, Sparta, IL 62286",Randolph,rural,3.72,3.72,3.72,3.72,10.2,83.7,1.8,61315.0,5372,3.6
IL,62298,328,"961 N Market St, Waterloo, IL 62298",Monroe,rural,4.02,4.02,4.02,4.02,0.6,97.1,0.7,93066.0,17192,3.6
IL,62305,1454,"5211 Broadway St, Quincy, IL 62305",Adams,rural,3.26,3.26,3.26,3.26,1.9,95.3,0.9,84700.0,19473,3.2
IL,62363,480,"151 Shetland Dr, Pittsfield, IL 62363",Pike,rural,4.03,4.03,4.03,4.03,1.3,95.8,1.2,52899.0,5195,3.4
IL,62401,936,"1204 Avenue Of Mid America, Effingham, IL 62401",Effingham,rural,3.16,3.16,3.16,3.16,0.9,94.0,2.9,72438.0,19240,3.6
IL,62439,550,"2610 W Haven Rd, Lawrenceville, IL 62439",Lawrence,rural,3.12,3.12,3.12,3.12,3.1,89.7,0.7,53766.0,7005,3.6
IL,62441,798,"108 Kyden Dr, Marshall, IL 62441",Clark,rural,3.12,3.12,3.12,3.12,0.3,96.6,1.7,76681.0,6927,3.6
IL,62450,254,"1001 North West, Olney, IL 62450",Richland,rural,3.12,3.12,3.12,3.12,0.8,93.1,2.1,62033.0,12327,3.6
IL,62454,422,"1304 E Main St, Robinson, IL 62454",Crawford,rural,3.12,3.12,3.12,3.12,7.6,87.2,3.5,64668.0,10604,3.6
IL,62471,317,"201 Mattes Ave, Vandalia, IL 62471",Fayette,rural,3.96,3.96,3.96,3.96,5.9,86.9,4.2,51429.0,10305,3.6
IL,62521,2728,4625 E Maryland St,Macon,rural,2.52,2.52,2.52,2.52,17.3,74.4,2.3,62955.0,33453,3.4
IL,62526,1690,4224 N Prospect St,Macon,rural,2.52,2.52,2.52,2.52,20.9,69.9,3.3,46599.0,30572,3.4
IL,62565,4259,"2607 W Main St, Shelbyville, IL 62565",Shelby,rural,4.02,4.02,4.02,4.02,0.2,96.9,0.4,61389.0,7590,3.6
IL,62568,343,"1530 W Springfield Rd, Taylorville, IL 62568",Christian,rural,3.82,3.82,3.82,3.82,5.1,90.9,1.4,56201.0,16292,3.6
IL,62618,1451,"100 Lincoln Ave, Beardstown, IL 62618",Cass,rural,4.02,4.02,4.02,4.02,5.3,56.6,33.8,62768.0,7318,3.4
IL,62626,334,"18600 Shipman Blackt, Carlinville, IL 62626",Macoupin,rural,4.0,4.0,4.0,4.0,2.4,90.7,3.4,64888.0,7840,3.6
IL,62650,200,"1941 W Morton Ave, Jacksonville, IL 62650",Morgan,rural,3.82,3.82,3.82,3.82,6.3,85.7,2.8,60143.0,24627,3.4
IL,62656,199,"825 Malerich Dr, Lincoln, IL 62656",Logan,rural,3.16,3.16,3.16,3.16,9.2,82.6,3.9,57379.0,18216,3.4
IL,62702,3210,2760 No. Dirksen Pkwy,Sangamon,urban,2.47,2.47,2.47,2.47,16.8,73.3,3.1,51814.0,32539,3.4
IL,62703,3602,1100 Lejune Dr,Sangamon,urban,2.47,2.47,2.47,2.47,35.1,54.8,4.9,43760.0,28809,3.4
IL,62704,1602,3401 Freedom Dr,Sangamon,urban,2.47,2.47,2.47,2.47,15.2,74.5,2.7,63120.0,40495,3.4
IL,62801,1395,"1212 W Mccord St, Centralia, IL 62801",Clinton,rural,3.79,3.79,3.82,3.82,10.8,81.0,3.9,52840.0,19976,3.6
IL,62812,262,"919 Giacone Dr, Benton, IL 62812",Franklin,rural,4.08,4.08,4.08,4.08,0.5,93.0,3.3,51978.0,11396,3.6
IL,62821,833,"1344 Illinois Hwy 1, Carmi, IL 62821",White,rural,4.06,4.06,4.06,4.06,0.8,95.8,1.7,55646.0,7005,3.6
IL,62832,252,"215 E Grantway St, Du Quoin, IL 62832",Jackson,rural,3.96,3.96,3.96,3.96,5.4,87.9,2.3,55152.0,8986,3.6
IL,62837,454,"150 Commerce Drive, Fairfield, IL 62837",Wayne,rural,3.12,3.12,3.12,3.12,1.1,93.9,2.9,52321.0,8300,3.6
IL,62839,506,"1540 N Worthey St, Flora, IL 62839",Clay,rural,3.12,3.12,3.12,3.12,0.1,93.3,0.0,54436.0,6286,3.6
IL,62864,224,"110 Davidson Rd, Mount Vernon, IL 62864",Jefferson,rural,3.26,3.26,3.26,3.26,8.1,82.6,3.1,54560.0,23253,3.6
IL,62881,198,"1870 W Main St, Salem, IL 62881",Marion,rural,3.12,3.12,3.12,3.12,2.3,95.0,0.3,64688.0,10995,3.6
IL,62901,196,"1450 E Main St, Carbondale, IL 62901",Jackson,rural,3.02,3.02,3.02,3.02,25.6,60.7,4.8,31857.0,23178,3.6
IL,62906,233,"300 Leigh Ave, Anna, IL 62906",Union,rural,4.02,4.02,4.02,4.02,2.7,92.9,3.3,45427.0,7217,4.0
IL,62946,237,"710 S Commercial St, Harrisburg, IL 62946",Pope,rural,3.82,3.82,3.82,3.82,1.6,92.7,1.6,49643.0,11795,4.0
IL,62948,596,"1713 S Park Ave, Herrin, IL 62948",Williamson,rural,3.02,3.02,3.02,3.02,4.0,86.7,4.4,55272.0,12679,4.0
IL,62959,216,"2802 Outer Dr, Marion, IL 62959",Williamson,rural,3.02,3.02,3.02,3.02,4.7,87.0,2.5,61850.0,27255,4.0
IL,62966,302,"6495 Country Club Rd, Murphysboro, IL 62966",Jackson,rural,3.02,3.02,3.02,3.02,8.4,77.4,6.3,51648.0,14198,3.6
IN,46013,1728,"2321 Charles St, Anderson, IN 46013",Madison,rural,2.78,2.78,2.78,2.78,7.6,85.2,3.1,48512.0,16906,3.6
IN,46033,1601,"2001 E 151st St, Carmel, IN 46033",Hamilton,urban,3.07,3.07,3.07,3.07,1.8,80.0,5.3,147998.0,39859,3.6
IN,46037,1557,8300 E 96th St,Hamilton,urban,3.07,,,,3.1,81.8,2.9,132272.0,46858,3.6
IN,46038,5767,9354 Ambleside Drive,Hamilton,urban,3.07,3.07,3.07,3.07,5.9,80.6,3.1,105057.0,43112,3.6
IN,46041,854,"2460 E Wabash St, Frankfort, IN 46041",Carroll,rural,2.36,2.36,2.36,2.36,0.5,75.2,22.6,56975.0,23188,3.6
IN,46052,1275,"2440 N Lebanon St, Lebanon, IN 46052",Boone,rural,3.16,3.16,3.16,3.16,0.9,91.3,5.4,70562.0,23443,3.6
IN,46060,923,"16865 Clover Rd, Noblesville, IN 46060",Hamilton,rural,3.07,3.07,3.07,3.07,5.6,81.4,5.0,89655.0,47340,3.6
IN,46112,2788,"400 W Northfield Dr, Brownsburg, IN 46112",Boone,urban,2.62,2.62,2.62,2.62,7.6,85.5,3.3,106043.0,41437,3.6
IN,46113,4417,"8191 Upland Bnd, Camby, IN 46113",Hendricks,rural,3.16,3.16,3.16,3.16,13.7,78.6,4.8,86407.0,16217,3.6
IN,46122,6476,"1894 Ridge Avenue, Danville, IN 46122",Hendricks,rural,3.16,3.16,3.16,3.16,2.1,92.3,2.5,94199.0,16233,3.6
IN,46123,2786,"9500 E Us Highway 36, Avon, IN 46123",Hendricks,urban,3.16,3.16,3.16,3.16,11.0,74.5,6.1,100020.0,41870,3.6
IN,46131,995,"2125 N Morton St, Franklin, IN 46131",Johnson,rural,3.12,3.12,3.12,3.12,2.9,90.2,2.4,79234.0,34801,3.6
IN,46135,902,"1750 Indianapolis Rd, Greencastle, IN 46135",Parke,rural,3.16,3.16,3.16,3.16,4.9,87.8,1.8,65046.0,19696,3.6
IN,46140,1141,"1965 N State St, Greenfield, IN 46140",Hancock,rural,2.89,2.89,2.89,2.92,1.0,92.9,2.1,77236.0,41879,3.6
IN,46143,3435|5483,1133 No. Emerson Road,Johnson,urban,2.62,2.62,2.62,2.62,3.3,81.8,4.6,84766.0,58153,3.6
IN,46151,1356,"410 Grand Valley Blvd, Martinsville, IN 46151",Johnson,rural,3.12,3.12,3.12,3.12,0.4,95.5,1.1,79808.0,32564,3.6
IN,46168,6470|828,900 West Main Street,Hendricks,urban,3.16,3.16,3.16,3.16,8.4,77.3,5.6,81450.0,38284,3.6
IN,46176,884,"2500 Progress Pkwy, Shelbyville, IN 46176",Shelby,rural,3.26,3.26,3.26,3.26,1.9,88.9,6.5,62222.0,28727,3.6
IN,46203,5443,4650 S Emerson Ave,Marion,urban,2.62,,,,17.8,67.2,10.2,51050.0,36544,3.6
IN,46221,4054,4837 Kentucky Avenue,Marion,urban,2.62,2.62,2.62,2.62,13.9,71.4,9.2,57379.0,27038,3.6
IN,46224,5804,5835 W. 10th St,Marion,urban,2.62,2.62,2.62,2.62,37.2,35.3,22.3,49950.0,39704,3.6
IN,46226,6390,5550 Fall Creek Parkway N Dr.,Marion,urban,2.62,2.62,2.62,2.62,53.0,26.3,14.9,43371.0,45716,3.6
IN,46227,5408|1459,3805 S Keystone Ave,Marion,urban,2.62,,2.62,2.62,9.4,64.2,8.7,49032.0,56794,3.6
IN,46228,4053,5555 Michigan Road,Marion,urban,2.62,2.62,2.62,2.62,42.2,40.6,5.5,85272.0,16397,3.6
IN,46229,1580,10617 E Washington St,Hancock,urban,2.49,2.49,2.49,2.49,50.3,36.0,6.9,63857.0,28629,3.6
IN,46236,3529,10735 Pendleton Pike,Hamilton,urban,2.62,2.62,2.62,2.62,13.8,66.2,12.9,107469.0,26993,3.6
IN,46240,2787,7325 N Keystone Ave,Hamilton,urban,2.62,2.62,2.62,2.62,10.7,73.1,5.0,63317.0,20123,3.6
IN,46254,3781,4545 Lafayette Rd,Marion,urban,2.62,2.62,2.62,2.62,59.2,20.7,13.8,54562.0,41259,3.6
IN,46268,1518,3221 W 86th St,Boone,urban,2.62,2.62,2.62,2.62,42.3,38.3,12.3,57683.0,25140,3.6
IN,46320,4631,1100 5th Ave,Lake,urban,3.08,,,,44.6,14.7,37.8,34806.0,13822,3.3
IN,46324,2818,7850 Cabela Dr,Lake,urban,3.08,3.08,3.08,3.08,21.5,37.2,37.2,58158.0,21703,3.3
IN,46350,2276,"333 Boyd Blvd, La Porte, IN 46350",LaPorte,rural,2.62,2.62,2.62,2.62,2.7,83.2,8.8,70758.0,44923,3.3
IN,46360,1487,"5780 Franklin St, Michigan City, IN 46360",LaPorte,rural,3.16,3.16,3.16,3.16,20.4,67.3,6.7,58215.0,43891,3.3
IN,46368,2544,"6087 Us Highway 6, Portage, IN 46368",Porter,urban,3.23,3.23,3.23,3.23,9.0,68.6,18.5,71188.0,39947,3.3
IN,46375,1576,"1555 Us Highway 41, Schererville, IN 46375",Lake,urban,3.08,3.08,3.08,3.08,7.0,72.0,13.8,85217.0,23740,3.3
IN,46383,1479,"2400 Morthland Dr, Valparaiso, IN 46383",Porter,rural,2.72,2.72,2.77,2.77,3.0,84.7,8.5,68331.0,41811,3.3
IN,46410,1618,"2936 E 79th Ave, Merrillville, IN 46410",Lake,urban,3.02,3.02,3.02,3.02,46.5,31.1,17.2,60432.0,39121,3.3
IN,46514,2679|4399,175 Country Road #6 West,Elkhart,urban,3.22,3.22,3.22,3.22,5.5,76.9,10.7,60300.0,41248,3.3
IN,46526,1378|1566,2304 Lincolnway E,Elkhart,rural,3.23,3.23,3.23,3.23,2.2,72.7,21.4,60980.0,33339,3.3
IN,46545,2678,"316 Indian Ridge Blvd, Mishawaka, IN 46545",St. Joseph,urban,3.26,3.26,3.26,,5.9,77.5,7.1,52621.0,27000,3.3
IN,46563,1978,"2505 N Oak Dr, Plymouth, IN 46563",Marshall,rural,3.26,3.26,3.26,3.26,1.1,81.3,15.7,66150.0,23675,3.3
IN,46582,1304,"2501 Walton Blvd, Warsaw, IN 46582",Kosciusko,rural,3.26,3.26,3.26,3.26,1.9,77.3,13.9,68343.0,14063,3.3
IN,46614,3436,700 W Ireland Rd,St. Joseph,rural,3.12,3.12,3.12,3.12,13.2,72.4,8.2,65395.0,29545,3.3
IN,46628,2680,3701 Portage Rd,St. Joseph,rural,3.12,,,,30.1,55.9,8.3,52882.0,27344,3.3
IN,46703,1709,"2016 N Wayne St, Angola, IN 46703",Steuben,rural,3.23,3.23,3.23,3.23,0.4,91.5,5.2,67895.0,18891,3.3
IN,46706,1570,"505 Touring Dr, Auburn, IN 46706",Allen,rural,3.26,3.26,3.26,3.26,0.1,97.3,0.8,73165.0,20000,3.3
IN,46714,2819,"2100 N Main St, Bluffton, IN 46714",Adams,rural,3.12,3.12,3.12,3.12,1.8,90.5,4.8,66588.0,15367,3.3
IN,46725,1425,"402 W Plaza Dr, Columbia City, IN 46725",Noble,rural,2.62,2.62,2.62,2.62,0.4,93.5,2.4,73891.0,23463,3.3
IN,46733,1647,"1700 S 13th St, Decatur, IN 46733",Adams,rural,3.12,3.12,3.12,3.12,1.0,91.5,5.1,62325.0,19008,3.3
IN,46750,2311,"2800 Wal Mart Dr, Huntington, IN 46750",Huntington,rural,2.26,2.26,2.26,2.26,1.2,93.7,2.6,57139.0,27018,3.3
IN,46755,1388,"2501 E North St, Kendallville, IN 46755",DeKalb,rural,3.12,3.12,3.12,3.12,0.0,89.4,6.7,63160.0,15666,3.3
IN,46804,1804,1710 Apple Glen Blvd,Allen,urban,2.16,2.16,2.16,2.16,6.4,82.6,4.4,83220.0,29045,3.3
IN,46816,4231,7502 Southtown Crossing Blvd,Allen,rural,2.16,2.16,2.16,2.16,31.8,32.8,11.0,43960.0,19501,3.3
IN,46818,4230,10105 Lima Rd,Allen,rural,2.16,2.16,2.16,2.16,3.5,81.2,6.0,80874.0,21752,3.3
IN,46825,1419,5311 Coldwater Rd,Allen,urban,2.16,2.16,2.16,2.16,10.6,72.9,5.1,67401.0,29183,3.3
IN,46835,5025,10420 Maysville Rd,Allen,urban,2.16,2.16,2.16,2.16,6.5,78.3,7.1,71641.0,36557,3.3
IN,46901,1962,"1920 E Markland Ave, Kokomo, IN 46901",Cass,rural,3.16,3.16,3.16,3.16,8.7,83.4,4.2,59629.0,38719,3.3
IN,46947,1329,"240 Mall Rd, Logansport, IN 46947",Carroll,rural,1.92,1.92,1.92,1.92,1.5,71.6,21.0,54617.0,28590,3.6
IN,46953,1294,"3240 Southwestern, Marion, IN 46953",Grant,rural,2.16,2.16,2.16,2.16,14.2,74.8,5.6,45701.0,23334,3.3
IN,46975,1639,"2395 Main St, Rochester, IN 46975",Fulton,rural,3.12,3.12,3.12,3.12,1.1,91.7,4.0,64084.0,13910,3.3
IN,46992,1667,"1601 No. Cass St, Wabash, IN 46992",Miami,rural,3.12,3.12,3.12,3.12,0.5,94.4,3.1,65734.0,16668,3.3
IN,47001,1160,"100 Sycamore Estates Dr, Aurora, IN 47001",Dearborn,rural,3.16,3.16,3.16,3.16,0.3,93.5,2.1,72137.0,10112,3.7
IN,47112,922,"2363 Highway 135 Nw, Corydon, IN 47112",Harrison,rural,3.12,3.12,3.12,3.12,1.0,93.4,3.7,66403.0,16935,4.0
IN,47129,1476,"1351 Veterans Pkwy, Clarksville, IN 47129",Clark,urban,2.96,2.96,2.96,2.96,7.3,74.1,15.6,51602.0,19617,4.0
IN,47150,2691,"2910 Grant Line Rd, New Albany, IN 47150",Clark,urban,2.96,2.96,2.96,2.96,7.6,82.4,4.3,61558.0,49722,4.0
IN,47167,7087,"1309 E Hackberry Street, Salem, IN 47167",Washington,rural,3.12,3.12,3.12,3.12,0.1,95.7,1.5,55646.0,15592,4.0
IN,47170,1142,"1618 W Mcclain Ave, Scottsburg, IN 47170",Jefferson,rural,3.12,3.12,3.12,3.12,0.2,92.8,3.0,49181.0,14239,4.0
IN,47201,1371|4216,735 Whitfield Dr,Bartholomew,rural,2.62,2.62,2.62,2.62,2.1,76.0,9.2,79582.0,48043,3.7
IN,47240,1180,"790 Greensburg Commons Ctr, Greensburg, IN 47240",Decatur,rural,3.07,3.07,3.07,3.07,0.2,93.3,2.4,71682.0,21755,3.7
IN,47250,1327,"567 Ivy Tech Dr, Madison, IN 47250",Jefferson,rural,3.26,3.26,3.26,3.26,2.8,90.9,3.5,56330.0,23434,4.0
IN,47265,1157,"2410 N State Hwy 3, North Vernon, IN 47265",Decatur,rural,3.12,3.12,3.12,3.12,1.0,92.9,3.7,63428.0,21520,3.7
IN,47274,1033,"1600 E Tipton St, Seymour, IN 47274",Bartholomew,rural,3.26,3.26,3.26,3.26,1.4,81.5,10.7,66520.0,33170,3.7
IN,47302,3747,1501 E 29th St,Delaware,rural,2.46,2.46,2.46,2.46,7.7,84.8,3.5,44362.0,25086,3.6
IN,47304,1665,4801 W Clara Ln,Delaware,rural,2.46,2.46,2.46,2.46,4.4,85.8,2.8,64368.0,31757,3.6
IN,47331,1729,"4200 Western Ave, Connersville, IN 47331",Fayette,rural,2.49,2.49,2.49,3.12,1.1,93.7,1.5,51868.0,22714,3.6
IN,47362,1758,"3167 S State Road 3, New Castle, IN 47362",Henry,rural,2.92,2.92,2.92,2.92,3.8,90.6,2.1,54252.0,29377,3.6
IN,47371,2388,"950 W Votaw St, Portland, IN 47371",Jay,rural,3.12,3.12,3.12,3.12,0.3,94.5,3.2,55830.0,12462,3.3
IN,47374,1745,"3601 E Main St, Richmond, IN 47374",Union,rural,3.16,3.16,3.16,3.16,5.7,82.9,4.0,50880.0,45480,3.6
IN,47394,1480,"950 E Greenville Pike, Winchester, IN 47394",Randolph,rural,3.12,3.12,3.12,3.12,0.4,96.5,0.8,65801.0,8396,3.6
IN,47403,1991,"3313 W State Rd 45, Bloomington, IN 47403",Greene,rural,3.16,3.16,3.16,3.16,6.0,83.5,6.0,66572.0,34165,3.7
IN,47421,1026,"3200 John Williams Blvd, Bedford, IN 47421",Lawrence,rural,3.26,3.26,3.26,3.26,0.3,94.2,2.6,65630.0,27661,3.7
IN,47441,1002,"2251 E State Highway 54, Linton, IN 47441",Greene,rural,3.23,3.23,3.23,3.23,0.2,95.1,3.6,50528.0,8850,3.7
IN,47454,2563,"735 N Gospel St, Paoli, IN 47454",Orange,rural,3.12,3.12,3.12,3.12,0.1,93.4,2.2,48185.0,7649,3.7
IN,47460,996,"823 W State Highway 46, Spencer, IN 47460",Greene,rural,4.16,4.16,4.16,4.16,0.2,95.4,1.3,59427.0,11442,3.7
IN,47501,1162,"1801 S State Road 57, Washington, IN 47501",Daviess,rural,3.12,3.12,3.12,3.12,2.8,81.6,9.7,56901.0,18168,3.7
IN,47546,870,"4040 N Newton St, Jasper, IN 47546",Dubois,rural,3.12,3.12,3.12,3.12,0.5,92.0,4.7,64411.0,22186,3.7
IN,47586,1676,"730 Us Highway 66 E, Tell City, IN 47586",Perry,rural,3.12,3.12,3.12,3.12,2.3,94.0,1.5,57027.0,10947,4.0
IN,47591,492,"650 Kimmell Rd, Vincennes, IN 47591",Knox,rural,3.12,3.12,3.12,3.12,3.3,89.0,3.1,57594.0,25378,3.7
IN,47601,566,"1115 American Way, Boonville, IN 47601",Spencer,rural,3.12,3.12,3.12,3.12,0.4,94.6,3.4,77254.0,13566,4.0
IN,47630,5728,"8599 High Pointe Dr, Newburgh, IN 47630",Warrick,rural,2.22,2.22,2.22,2.22,3.3,87.7,2.1,97764.0,38772,3.7
IN,47670,7266|1783,"4924 S. Maple Tree Dr.,",Gibson,rural,3.12,3.12,3.12,3.12,4.1,85.4,4.1,63333.0,11566,3.7
IN,47710,5452,2500 N. First Avenue,Vanderburgh,urban,2.22,2.22,2.22,2.22,6.4,83.6,3.7,44767.0,18815,3.7
IN,47712,1341,335 S Red Bank Rd,Posey,rural,2.22,2.22,2.22,2.22,1.6,91.2,2.4,59121.0,25051,3.7
IN,47714,5372,3430 Taylor Ave,Vanderburgh,urban,2.22,2.22,2.22,2.22,18.2,72.1,4.1,53840.0,33571,3.7
IN,47715,1263,401 N Burkhardt Rd,Vanderburgh,urban,2.22,2.22,2.22,2.22,13.5,75.5,4.6,58265.0,28079,3.7
IN,47802,1310,5555 S Us Hwy #41,Clay,rural,3.22,3.22,3.22,3.22,9.0,83.1,3.3,58923.0,32891,3.6
IN,47803,4235,2399 S State Road 46,Vigo,rural,3.22,3.22,3.22,3.22,3.7,85.4,2.3,58477.0,21008,3.6
IN,47834,1629,"2150 E National Ave, Brazil, IN 47834",Clay,rural,4.16,4.16,4.16,4.16,0.5,93.7,2.3,66519.0,19215,3.6
IN,47842,1013,"1795 E State Road 163, Clinton, IN 47842",Vermillion,rural,4.16,4.16,4.16,4.16,0.7,96.6,0.5,55053.0,9730,3.6
IN,47882,617,"757 W Wolfe St, Sullivan, IN 47882",Sullivan,rural,4.92,3.47,3.47,3.47,0.1,97.4,0.4,52232.0,7984,3.7
IN,47905,1547,4205 Commerce Dr,Carroll,rural,2.42,2.42,2.42,2.42,7.4,77.0,8.8,63072.0,41689,3.6
IN,47906,2339,"2801 Northwestern Ave, West Lafayette, IN 47906",Tippecanoe,rural,2.42,2.42,2.42,2.42,4.6,69.7,6.3,46732.0,73916,3.6
IN,47909,3851,2347 Veterans Memorial Pkwy S,Tippecanoe,rural,2.42,2.42,2.42,2.42,7.0,75.1,12.5,64328.0,43169,3.6
IN,47933,1655,"1835 S Us Highway 231, Crawfordsville, IN 47933",Boone,rural,3.12,3.12,3.12,3.12,0.8,88.8,6.2,59648.0,28319,3.6
IN,47960,2771,"1088 W Broadway St, Monticello, IN 47960",Carroll,rural,3.23,3.23,3.23,3.23,0.3,92.9,4.6,63498.0,15434,3.6
IN,47978,2020,"905 S College Ave, Rensselaer, IN 47978",Jasper,rural,3.12,3.12,3.12,3.12,1.2,86.7,6.8,68299.0,9954,3.6
KS,66002,1054,"1920 Highway 73, Atchison, KS 66002",Atchison,rural,4.12,4.12,4.12,4.12,4.5,85.1,3.9,53875.0,13376,2.9
KS,66012,486,"12801 Kansas Ave, Bonner Springs, KS 66012",Leavenworth,rural,3.88,3.88,3.88,3.88,2.5,77.4,11.0,91524.0,10295,2.9
KS,66030,5307,"1725 E Santa Fe St, Gardner, KS 66030",Johnson,rural,3.92,3.92,3.92,3.92,5.9,79.4,6.5,91842.0,25625,3.2
KS,66046,484,3300 Iowa St,Douglas,rural,3.52,3.52,3.52,3.52,4.8,69.0,9.4,60658.0,19069,2.9
KS,66048,26,"5000 10th Ave, Leavenworth, KS 66048",Leavenworth,rural,3.82,3.82,3.82,3.82,9.3,76.9,5.4,68963.0,35970,2.9
KS,66049,5219,550 Congressional Dr,Douglas,rural,3.52,,3.52,3.52,4.2,77.9,4.1,80539.0,31608,2.9
KS,66061,4475,395 N K 7 Hwy,Johnson,urban,3.88,3.88,3.88,3.88,4.9,72.8,15.3,103770.0,66897,3.2
KS,66062,4198|577,18555 W. 151st St,Johnson,urban,3.88,3.88,3.88,3.88,5.1,77.0,8.7,111902.0,77312,3.2
KS,66067,382,"2101 S Princeton St, Ottawa, KS 66067",Franklin,rural,4.12,4.12,,4.12,0.6,89.1,4.3,63794.0,15904,2.9
KS,66071,242,"310 Hedge Ln, Paola, KS 66071",Miami,rural,4.12,4.12,4.12,4.12,1.2,93.0,1.9,83087.0,13005,3.2
KS,66106,6172,2300 Metropolitan Avenue,Wyandotte,urban,4.06,4.06,4.06,4.06,7.0,51.7,35.5,58539.0,22729,3.2
KS,66109,1151,10824 Parallel Pkwy,Leavenworth,rural,3.88,3.88,3.88,3.88,21.5,56.9,9.4,95089.0,27934,2.9
KS,66203,5308,11010 W 74th Ter,Johnson,urban,3.88,3.88,3.88,3.88,6.0,74.4,11.6,74635.0,19087,3.2
KS,66204,1691,7701 Frontage Rd,Johnson,urban,3.88,3.88,3.88,3.88,8.2,73.5,13.3,72569.0,18931,3.2
KS,66205,2490|998,"5150 Roe Blvd, Roeland Park, KS 66205",Johnson,urban,4.06,4.06,4.06,4.06,1.4,80.5,10.4,98475.0,13830,3.2
KS,66210,1599,11701 Metcalf Ave,Johnson,urban,3.88,3.88,3.88,3.88,6.2,72.3,8.5,89587.0,19881,3.2
KS,66212,5180|5207,10303 Metcalf Ave,Johnson,urban,3.88,3.88,3.88,3.88,7.6,75.0,10.0,77016.0,32806,3.2
KS,66217,2855,16100 W 65th St,Johnson,rural,3.88,3.88,3.88,3.88,3.5,89.8,2.5,81500.0,5427,3.2
KS,66223,3273,15700 Metcalf Ave,Johnson,urban,3.88,3.88,3.88,3.88,3.2,67.9,2.6,109835.0,25217,3.2
KS,66226,4611,5701 Silverheel Street,Johnson,urban,3.88,3.88,3.88,3.88,2.4,85.5,6.8,162551.0,16165,3.2
KS,66434,342,"701 Hopi St, Hiawatha, KS 66434",Brown,rural,4.12,4.12,4.12,4.12,1.3,88.6,1.2,64817.0,4570,2.9
KS,66436,378,"427 S Arizona Ave, Holton, KS 66436",Atchison,rural,4.12,4.12,4.12,4.12,2.0,84.8,7.7,66406.0,5901,2.9
KS,66441,4626|43,1723 Mcfarland Road,Dickinson,rural,3.82,3.82,3.82,3.82,17.6,53.1,16.4,59270.0,25582,2.7
KS,66502,35,"101 Bluemont Ave, Manhattan, KS 66502",Geary,rural,3.52,3.52,3.52,3.52,4.8,78.1,8.1,50614.0,44813,2.7
KS,66508,341,"1174 Pony Express Hwy, Marysville, KS 66508",Marshall,rural,4.0,4.0,4.0,4.0,1.5,90.6,3.9,57537.0,4034,2.7
KS,66604,1802,1501 Sw Wanamaker Rd,Shawnee,urban,3.06,,,,6.3,72.7,13.7,57191.0,22933,2.9
KS,66605,6392,2630 Se California Avenue,Shawnee,urban,3.06,3.06,3.06,3.06,14.9,56.9,22.2,56602.0,21779,2.9
KS,66606,6585,335 Sw Macvicar Avenue,Shawnee,urban,3.06,3.06,3.06,3.06,5.0,80.5,9.9,50805.0,9656,2.9
KS,66611,2131,1301 Sw 37th St,Shawnee,urban,3.06,3.06,3.06,3.06,10.7,65.5,13.9,51741.0,10441,2.9
KS,66617,5441,2600 Nw Rochester Rd,Jackson,rural,3.06,3.06,3.06,3.06,1.7,84.3,4.7,81824.0,8876,2.9
KS,66701,39,"2500 S Main St, Fort Scott, KS 66701",Bourbon,rural,4.26,4.26,4.26,4.26,3.1,89.3,2.5,52562.0,11206,3.2
KS,66720,111,"2700 S Santa Fe Ave, Chanute, KS 66720",Allen,rural,4.22,4.22,4.22,4.22,1.0,88.0,7.2,55787.0,10835,2.9
KS,66749,1187,"2200 N State St, Iola, KS 66749",Allen,rural,4.22,4.22,4.22,4.22,2.8,86.8,5.0,53565.0,7290,2.9
KS,66762,5791|72,1011 East Centennial Drive,Cherokee,rural,3.92,3.92,3.92,3.92,2.3,81.7,9.0,48570.0,25006,3.2
KS,66801,557,"2301 Industrial Rd, Emporia, KS 66801",Chase,rural,3.92,3.92,3.92,3.92,2.0,65.6,26.1,54322.0,27416,2.7
KS,66901,1282,"140 E College Dr, Concordia, KS 66901",Cloud,rural,4.12,4.12,4.12,4.12,1.0,87.3,5.5,51458.0,6226,2.7
KS,67005,978,"2701 N Summit St, Arkansas City, KS 67005",Cowley,rural,4.06,4.06,4.06,4.04,2.4,70.2,17.1,52487.0,15552,2.9
KS,67010,346,"719 W 7th Ave, Augusta, KS 67010",Butler,rural,4.0,4.0,4.0,4.0,1.1,92.4,4.3,68046.0,13884,2.9
KS,67042,186,"301 S Village Rd, El Dorado, KS 67042",Butler,rural,4.02,4.02,4.02,4.02,5.3,83.2,5.1,54792.0,17257,2.9
KS,67052,3103,"18631 W Kellogg Dr, Goddard, KS 67052",Sedgwick,rural,2.98,2.98,2.98,2.98,0.3,90.4,6.4,99821.0,8755,2.9
KS,67114,2428,"1701 S Kansas Rd, Newton, KS 67114",Butler,rural,4.02,4.02,4.02,4.02,2.0,75.9,17.5,68750.0,21113,2.9
KS,67124,419,"2003 E 1st St, Pratt, KS 67124",Pratt,rural,4.06,4.06,4.06,4.06,2.6,86.3,7.9,62788.0,7845,2.6
KS,67152,370,"2022 E 16th St, Wellington, KS 67152",Sumner,rural,4.17,4.17,4.17,4.02,1.4,82.4,9.5,48979.0,9006,2.9
KS,67156,369,"2202 Pike Rd, Winfield, KS 67156",Cowley,rural,4.02,4.02,4.02,4.02,2.4,82.1,8.4,56591.0,14258,2.9
KS,67203,5990,2111 N Amidon Ave,Sedgwick,urban,2.98,2.98,2.98,2.98,7.2,58.7,26.0,47367.0,30358,2.9
KS,67204,4321,5475 N Meridian Ave,Sedgwick,urban,2.98,2.98,2.98,2.98,3.1,50.5,41.9,66041.0,22626,2.9
KS,67205,3283,10600 W 21st St N,Sedgwick,urban,2.98,,,,0.8,87.6,7.0,114191.0,20192,2.9
KS,67207,5991|3492,3137 S Seneca St,Sedgwick,urban,2.83,2.83,2.83,2.83,11.9,48.9,16.6,67348.0,27432,2.9
KS,67209,1221,6110 W Kellogg Dr,Sedgwick,urban,2.83,2.83,2.83,2.83,2.7,82.1,8.5,83357.0,12810,2.9
KS,67211,1099,501 E Pawnee St,Sedgwick,urban,2.98,2.98,2.98,2.98,10.2,51.3,26.4,43206.0,18593,2.9
KS,67212,5855,10550 W Central Ave,Sedgwick,urban,2.98,2.98,2.98,2.98,4.0,76.3,11.3,63226.0,44171,2.9
KS,67226,1507,3030 N Rock Rd,Sedgwick,rural,2.83,2.83,2.83,2.83,12.5,70.9,5.8,85930.0,21750,2.9
KS,67301,2893,"121 Peter Pan Rd, Independence, KS 67301",Montgomery,rural,4.22,4.22,4.22,4.22,4.5,81.3,5.5,52040.0,12932,3.2
KS,67337,42,"1863 Cr 5300, Coffeyville, KS 67337",Labette,rural,4.28,4.28,4.28,4.28,8.5,66.6,14.0,46473.0,10995,3.2
KS,67357,368,"3201 No 16th St, Parsons, KS 67357",Labette,rural,4.27,4.27,4.27,4.27,6.4,82.3,6.1,55667.0,11874,3.2
KS,67401,558,"2900 S 9th St, Salina, KS 67401",Ottawa,rural,2.52,2.52,2.52,2.52,3.1,79.1,12.0,59008.0,50638,2.7
KS,67460,993,"205 S Centennial Dr, Mcpherson, KS 67460",McPherson,rural,4.06,4.06,4.06,4.06,2.1,87.9,5.6,71906.0,15967,2.7
KS,67501,794,"1905 E 17th Ave, Hutchinson, KS 67501",Reno,rural,3.86,3.86,3.86,3.86,4.5,74.4,15.2,47593.0,24491,2.9
KS,67530,770,"3503 10th St, Great Bend, KS 67530",Barton,rural,4.07,4.07,4.07,4.07,1.0,74.9,20.5,56238.0,17668,2.6
KS,67601,664,"4301 Vine St, Hays, KS 67601",Ellis,rural,4.12,4.12,4.12,4.12,0.7,87.7,7.0,56845.0,24045,2.5
KS,67701,1214,"115 W Willow St, Colby, KS 67701",Rawlins,rural,4.37,4.37,4.37,4.37,0.7,90.5,7.5,68063.0,6220,2.5
KS,67735,2562,"2160 C0mmerce Road, Goodland, KS 67735",Cheyenne,rural,4.42,4.42,4.42,4.42,0.4,82.4,12.9,60788.0,5110,2.5
KS,67801,372,"1905 N 14th Ave, Dodge City, KS 67801",Ford,rural,4.12,4.12,4.12,4.12,2.0,32.4,62.1,68808.0,30935,2.5
KS,67846,4625|652,2424 N Taylor Ave,Finney,rural,4.16,4.16,4.16,4.16,4.6,36.9,53.0,68412.0,34584,2.5
KS,67901,799,"250 E Tucker Rd, Liberal, KS 67901",Seward,rural,4.16,4.16,4.16,4.16,3.1,26.1,66.1,56158.0,20990,2.5
KY,40004,729,"3795 E John Rowan Blvd, Bardstown, KY 40004",Nelson,rural,3.12,3.12,3.12,3.12,6.8,86.8,2.9,62732.0,30528,4.2
KY,40014,7290,"6501 Veterans Memorial Pkwy, Crestwood, KY 40014",Jefferson,rural,2.92,2.92,2.92,2.92,1.6,88.8,4.7,116176.0,23009,4.0
KY,40031,1053,"1015 New Moody Ln, La Grange, KY 40031",Henry,rural,2.92,2.92,2.92,2.92,6.6,86.2,3.6,90652.0,25091,4.0
KY,40033,1675,"2136 Campbellsville Rd, Lebanon, KY 40033",Marion,rural,4.08,4.08,4.08,4.08,9.8,82.3,4.2,45932.0,12107,4.2
KY,40065,497,"500 Taylorsville Rd, Shelbyville, KY 40065",Shelby,rural,3.12,3.12,3.12,3.12,6.3,74.6,12.2,76617.0,31439,4.0
KY,40143,760,"1002 Old Us 60 E, Hardinsburg, KY 40143",Breckinridge,rural,3.59,3.59,3.59,3.96,1.2,94.1,2.8,59489.0,6350,4.0
KY,40160,5135|1165,102 Gateway Crossings Blvd.,Hardin,urban,3.12,3.12,3.12,3.12,23.9,59.3,8.2,54046.0,23539,4.2
KY,40165,4118,"545 Conestoga Pkwy, Shepherdsville, KY 40165",Bullitt,rural,2.67,2.67,2.67,2.67,1.9,93.4,1.6,73712.0,38074,4.0
KY,40207,5297,"143 Thierman Ln, Saint Matthews, KY 40207",Jefferson,urban,2.92,2.92,2.92,2.92,3.1,88.8,2.8,97754.0,29014,4.0
KY,40214,5417,175 Outer Loop,Jefferson,urban,2.67,2.67,2.67,2.67,23.4,53.2,11.6,55218.0,46033,4.0
KY,40216,4524|3610,5360 Dixie Hwy,Jefferson,urban,2.67,2.67,2.67,2.67,42.5,44.2,6.4,51221.0,43167,4.0
KY,40218,5418,2020 Bashford Manor Ln,Jefferson,urban,2.67,2.67,2.67,2.67,35.5,42.4,13.5,52584.0,33479,4.0
KY,40219,6931,4840 Outer Loop,Jefferson,urban,2.67,2.67,2.67,2.67,25.0,50.0,20.8,53059.0,38245,4.0
KY,40229,589,11901 Standiford Plaza Dr,Bullitt,urban,2.67,2.67,2.67,2.67,11.5,74.4,8.7,75827.0,39621,4.0
KY,40241,526,3706 Diann Marie Rd,Jefferson,urban,2.92,2.92,,2.92,9.9,74.2,5.2,95309.0,30986,4.0
KY,40243,4450,"12981 Shelbyville Rd, Middletown, KY 40243",Jefferson,urban,2.92,2.92,2.92,2.92,6.4,85.2,1.7,85716.0,11943,4.0
KY,40272,1170,10445 Dixie Hwy,Bullitt,urban,2.67,2.67,2.67,2.67,10.0,79.9,4.9,64617.0,38114,4.0
KY,40291,3294,7101 Cedar Springs Blvd,Jefferson,urban,2.67,2.67,2.67,2.67,17.3,70.9,6.3,81059.0,40888,4.0
KY,40299,5183,"3800 Ruckriegel Pkwy, Jeffersontown, KY 40299",Bullitt,rural,2.92,2.92,2.92,2.92,10.3,81.2,3.8,83783.0,40816,4.0
KY,40324,7259|571,1001 Cherry Blossom Way Gate 7,Bourbon,rural,3.23,3.23,3.23,3.23,5.0,85.0,5.3,79997.0,51072,4.2
KY,40330,519,"591 Joseph Dr, Harrodsburg, KY 40330",Mercer,rural,4.08,4.08,4.08,4.08,3.8,89.1,3.7,59211.0,20437,4.2
KY,40342,507,"1000 Bypass N, Lawrenceburg, KY 40342",Anderson,rural,3.12,3.12,3.12,3.12,3.1,92.6,2.2,70132.0,23430,4.2
KY,40351,1139,"200 Walmart Way, Morehead, KY 40351",Carter,rural,3.57,3.57,3.57,3.57,2.1,94.0,1.9,49339.0,22738,4.2
KY,40353,1140,"499 Indian Mound Dr, Mount Sterling, KY 40353",Bath,rural,3.62,3.62,3.62,3.62,3.4,91.4,3.3,54757.0,22425,4.2
KY,40356,1210,"1024 N Main St, Nicholasville, KY 40356",Jessamine,rural,3.12,3.12,3.12,3.12,4.0,87.4,4.4,69954.0,44299,4.2
KY,40361,493,"305 Letton Dr, Paris, KY 40361",Bourbon,rural,3.62,3.62,3.62,3.62,4.9,83.8,7.9,56701.0,18286,4.2
KY,40391,702,"1859 Bypass Rd, Winchester, KY 40391",Clark,rural,3.62,3.62,,3.62,3.9,89.0,3.4,62198.0,36584,4.2
KY,40403,1190,"120 Jill Dr, Berea, KY 40403",Garrard,rural,2.86,2.86,2.86,2.86,1.5,92.0,3.4,57500.0,26104,4.2
KY,40422,692,"100 Walton Ave, Danville, KY 40422",Boyle,rural,3.98,3.98,3.98,4.16,9.4,82.4,3.5,55342.0,25623,4.2
KY,40475,719,"820 Eastern Byp, Richmond, KY 40475",Madison,rural,2.86,,2.86,2.86,4.8,87.5,2.6,60449.0,64678,4.2
KY,40484,825,"1283 Us Highway 27 N, Stanford, KY 40484",Casey,rural,4.16,4.16,,4.16,3.1,90.7,2.7,55746.0,12220,4.2
KY,40503,2628,4051 Nicholasville Rd,Fayette,urban,3.0,3.0,3.0,3.0,2.4,82.3,4.9,71131.0,28186,4.2
KY,40509,3894,2350 Grey Lag Way Road,Clark,urban,3.0,3.0,3.0,3.0,14.5,67.6,5.7,90503.0,45181,4.2
KY,40511,2783,500 W New Circle Rd,Bourbon,rural,3.0,3.0,3.0,3.0,27.0,54.1,12.8,76863.0,34873,4.2
KY,40513,4607,3735 Palomar Centre Dr,Fayette,rural,3.0,3.0,3.0,3.0,2.5,73.9,3.3,123662.0,10697,4.2
KY,40515,4413,4230 Saron Dr,Clark,rural,3.0,3.0,3.0,3.0,7.6,77.7,5.9,84280.0,36163,4.2
KY,40601,720,"301 Leonardwood Rd, Frankfort, KY 40601",Franklin,rural,3.22,3.22,3.22,3.22,8.8,81.1,3.9,63296.0,51579,4.0
KY,40701,1259,"60 S Stewart Rd, Corbin, KY 40701",Knox,rural,3.62,3.62,3.62,3.62,0.5,95.0,1.8,50346.0,29988,4.5
KY,40741,1113,"1851 Highway 192 W, London, KY 40741",Clay,rural,3.62,3.62,3.62,3.62,0.4,96.7,1.1,53075.0,24282,4.5
KY,40769,1048,"589 W Highway 92, Williamsburg, KY 40769",McCreary,rural,3.88,3.88,3.88,3.88,1.3,94.1,2.3,44553.0,18167,4.5
KY,40831,1743,"201 Walton Road, Harlan, KY 40831",Harlan,rural,3.88,3.88,3.88,3.88,3.0,93.4,0.1,29746.0,5100,4.8
KY,40906,1189,"301 Parkway Plz, Barbourville, KY 40906",Knox,rural,3.88,3.88,3.88,3.88,1.8,96.9,0.4,22221.0,11665,4.5
KY,40962,545,"240 Manchester Square Shpg Ctr, Manchester, KY 40962",Clay,rural,3.88,3.88,4.06,3.88,4.6,90.5,1.3,36017.0,17490,4.5
KY,40965,739,"Us Hwy 441 Hwy 25e, Middlesboro, KY 40965",Bell,rural,3.88,3.88,3.88,3.88,2.8,91.7,2.1,30000.0,11635,4.8
KY,41001,1961,"6711 Alexandria Pike, Alexandria, KY 41001",Campbell,rural,2.72,2.72,2.72,2.72,1.0,93.1,1.7,97299.0,19060,4.0
KY,41008,2968,"200 Floyd Dr, Carrollton, KY 41008",Carroll,rural,3.12,3.12,3.12,3.12,4.4,85.6,8.5,52083.0,7646,4.0
KY,41017,2967,"3450 Valley Plaza Pkwy, Ft Wright, KY 41017",Kenton,urban,2.72,2.72,2.72,2.72,3.1,91.7,2.0,96151.0,41040,4.0
KY,41031,591,"805 Us Highway 27 S, Cynthiana, KY 41031",Bourbon,rural,3.62,3.62,3.62,3.62,2.4,92.8,2.8,57783.0,16416,4.2
KY,41035,584,"20 Ferguson Blvd, Dry Ridge, KY 41035",Grant,rural,3.12,3.12,3.12,3.12,0.0,92.3,6.1,65937.0,11522,4.0
KY,41042,1510,"7625 Doering Dr, Florence, KY 41042",Boone,urban,2.72,2.72,2.72,2.72,7.2,80.4,5.3,74074.0,55347,4.0
KY,41056,1569,"240 Wal Mart Way, Maysville, KY 41056",Fleming,rural,3.62,3.62,3.62,3.62,8.3,86.1,2.1,46231.0,13714,4.2
KY,41101,1426,351 River Hill Dr,Boyd,urban,3.46,3.46,3.46,3.46,1.8,87.3,4.0,51595.0,18686,4.2
KY,41102,2638,12504 U.s. Route 60,Boyd,rural,3.46,,,,2.8,93.5,1.0,64994.0,21026,4.2
KY,41230,4461,"275 Walton Dr, Louisa, KY 41230",Lawrence,rural,3.5,3.5,3.5,3.5,0.3,96.2,2.0,47004.0,12346,4.2
KY,41240,1233,"470 N. Mayo Trail, Paintsville, KY 41240",Johnson,rural,3.52,3.52,3.52,3.52,0.4,96.3,0.2,46090.0,6520,4.5
KY,41339,693,"1589 Kentucky, Jackson, KY 41339",Breathitt,rural,3.88,3.88,3.88,3.88,1.2,95.7,1.1,38209.0,10684,4.5
KY,41501,1505,"254 Cassidy Blvd, Pikeville, KY 41501",Pike,rural,3.52,3.52,3.52,3.52,1.2,94.6,1.4,41636.0,23114,4.5
KY,41503,2548,"28402 Us Highway 119, South Williamson, KY 41503",Pike,rural,3.52,3.52,3.52,3.52,0.0,95.4,0.0,112037.0,367,4.5
KY,41653,696,"477 Village Dr, Prestonsburg, KY 41653",Floyd,rural,3.52,3.52,3.52,3.52,1.3,94.7,0.2,36841.0,10972,4.5
KY,41701,1247,"120 Daniel Boone Plz, Hazard, KY 41701",Knott,rural,3.88,3.88,3.88,3.88,0.6,93.0,1.3,43307.0,16470,4.5
KY,41858,552,"350 Whitesburg Plaza, Whitesburg, KY 41858",Letcher,rural,3.34,3.34,3.34,3.34,0.1,98.1,1.0,40038.0,7473,4.8
KY,42001,491,5130 Hinkleville Rd,McCracken,rural,3.76,3.76,3.76,3.76,12.9,79.3,2.1,62956.0,30634,4.0
KY,42003,431,3220 Irvin Cobb Dr,Graves,rural,3.76,3.76,3.76,3.76,10.3,83.2,2.9,52342.0,29313,4.2
KY,42025,143,"310 W 5th St, Benton, KY 42025",Calloway,rural,4.0,4.0,4.0,4.0,0.7,95.2,2.2,68840.0,18836,4.2
KY,42041,106,"1405 Middle Rd, Fulton, KY 42041",Fulton,rural,4.32,4.32,4.32,4.32,17.7,72.6,3.1,33895.0,4908,4.0
KY,42066,430,"1225 Paris Rd, Mayfield, KY 42066",Calloway,rural,3.82,3.82,3.82,3.82,5.8,80.6,9.9,49067.0,23902,4.2
KY,42071,410,"809 N 12th St, Murray, KY 42071",Calloway,rural,3.78,3.78,3.78,4.07,4.0,88.2,2.7,46304.0,30254,4.2
KY,42101,5236,1201 Morgantown Rd,Butler,rural,3.46,3.46,3.46,3.46,13.2,69.7,7.9,47003.0,62041,4.2
KY,42104,299,150 Walton Ave,Simpson,rural,3.46,3.46,3.46,3.46,5.4,81.2,2.6,73458.0,40285,4.2
KY,42134,282,"1550 Nashville Rd, Franklin, KY 42134",Allen,rural,3.82,3.82,3.82,3.82,9.5,84.9,2.8,53864.0,19185,4.2
KY,42141,711,"2345 Happy Valley Rd, Glasgow, KY 42141",Barren,rural,4.12,4.12,4.12,4.12,3.7,88.4,4.2,51023.0,31732,4.2
KY,42167,2654,"1650 Edmonton Rd, Tompkinsville, KY 42167",Cumberland,rural,4.12,4.12,,4.12,3.5,91.4,4.2,44767.0,8442,4.5
KY,42240,5059|653,3106 Canton Street,Christian,rural,2.48,2.48,2.48,2.48,24.0,65.5,3.4,46116.0,41788,4.2
KY,42262,3362,"14800 Fort Campbell Blvd, Oak Grove, KY 42262",Christian,rural,2.88,2.88,2.88,2.88,21.0,59.7,12.1,44044.0,9441,4.2
KY,42276,736,"120 Sam Walton Dr, Russellville, KY 42276",Butler,rural,3.82,3.82,3.82,3.82,7.7,86.0,3.6,62148.0,15942,4.2
KY,42301,701,5031 Frederica St,Daviess,rural,3.23,3.23,3.23,3.23,6.7,83.6,3.0,59478.0,45851,4.0
KY,42303,3363,3151 Leitchfield Rd,Daviess,rural,3.23,3.23,,3.23,3.8,86.4,4.7,61777.0,41608,4.0
KY,42320,333,"1701 N Main St, Beaver Dam, KY 42320",Butler,rural,4.02,4.02,4.02,4.02,0.9,88.5,7.3,50422.0,8913,4.2
KY,42330,294,"1725 West Everely Br, Central City, KY 42330",Muhlenberg,rural,4.02,4.02,4.02,4.02,1.8,90.9,3.0,49200.0,10184,4.0
KY,42413,655,"420 Factory Outlet Dr, Hanson, KY 42413",Hopkins,rural,4.02,4.02,,4.02,0.5,94.4,3.4,82083.0,2406,4.0
KY,42420,694,"1195 Barrett Blvd, Henderson, KY 42420",Henderson,rural,3.12,3.12,3.12,3.12,7.9,83.6,3.4,55423.0,38528,4.0
KY,42437,257,"901 Us Highway 60 E, Morganfield, KY 42437",Union,rural,4.02,4.02,4.02,4.02,12.3,82.0,2.7,60664.0,7419,4.0
KY,42445,204,"1500 Us Highway 62 W, Princeton, KY 42445",Caldwell,rural,3.82,3.82,3.82,3.82,7.3,87.1,2.7,51049.0,10242,4.0
KY,42501,689,"177 Washington Dr, Somerset, KY 42501",Pulaski,rural,4.07,4.07,4.07,4.07,2.1,92.2,2.5,47279.0,17080,4.5
KY,42633,1234,"175 Walmart Plaza Dr, Monticello, KY 42633",Wayne,rural,3.88,3.88,3.88,4.08,0.5,92.3,3.9,41970.0,18483,4.5
KY,42701,709,"100 Walmart Dr, Elizabethtown, KY 42701",Hardin,rural,3.12,3.12,3.12,3.12,9.0,80.0,4.4,65070.0,52618,4.2
KY,42718,665,"725 Campbellsville Byp, Campbellsville, KY 42718",Green,rural,4.08,4.08,4.08,4.08,4.4,89.5,2.6,61184.0,25984,4.2
KY,42728,569,"2988 Burkesville Rd, Columbia, KY 42728",Adair,rural,4.08,4.08,4.08,4.08,1.8,91.5,2.6,49112.0,15789,4.2
KY,42754,445,"1801 Elizabethtown Rd, Leitchfield, KY 42754",Breckinridge,rural,3.82,3.82,3.82,3.82,0.7,95.9,0.5,44958.0,15918,4.0
LA,70003,989,8912 Veterans Memorial Blvd,Jefferson,urban,4.67,4.48,4.44,4.44,9.0,70.8,11.9,76626.0,40529,5.6
LA,70005,9894,615 Veterans Boulevard,Jefferson,urban,4.67,,,,0.9,83.1,11.2,82890.0,23555,5.6
LA,70039,2913,"13001 Highway 90, Boutte, LA 70039",St. Charles,rural,4.67,4.48,,4.38,60.0,32.8,4.7,74034.0,2240,5.6
LA,70043,909,"8101 W Judge Perez Dr, Chalmette, LA 70043",St. Bernard,urban,4.67,4.48,4.44,4.44,26.4,58.5,8.6,55655.0,22192,5.6
LA,70053,5102,"99 Westbank Expy, Gretna, LA 70053",Jefferson,urban,4.67,4.48,4.44,4.44,31.0,40.1,22.7,43463.0,16743,5.6
LA,70058,5722|2706,3265 Manhattan Blvd,Jefferson,urban,4.67,4.48,4.44,4.44,61.8,20.4,9.7,58881.0,40856,5.6
LA,70065,3703|1342,3520 Williams Blvd,Jefferson,urban,4.67,4.48,,4.32,14.3,51.6,23.2,63379.0,50210,5.6
LA,70068,961,"1616 W Airline Hwy, La Place, LA 70068",St. Charles,rural,4.66,4.48,4.37,4.2,50.6,34.4,7.6,70274.0,33371,5.6
LA,70072,911,"4810 Lapalco Blvd, Marrero, LA 70072",Jefferson,urban,4.67,4.48,4.44,4.44,38.7,42.4,8.7,56643.0,55332,5.6
LA,70075,5081,"2500 Archbishop Hannan Blvd, Meraux, LA 70075",St. Bernard,urban,4.66,4.48,4.37,4.37,9.1,73.9,11.6,65880.0,5112,5.6
LA,70114,1163,4001 Behrman Pl,Orleans,urban,4.67,4.48,4.44,4.44,74.0,17.5,4.3,40175.0,22010,5.6
LA,70123,1353,"5110 Jefferson Hwy, Harahan, LA 70123",Jefferson,urban,4.67,4.48,4.44,4.44,11.7,75.5,8.3,78415.0,27633,5.6
LA,70126,3167,4301 Chef Menteur Highway,Orleans,urban,4.67,4.48,,4.44,87.4,4.2,4.8,34621.0,30154,5.6
LA,70128,912,6000 Bullard Ave,Orleans,urban,4.67,4.48,4.44,4.44,85.5,3.9,0.6,47937.0,22538,5.6
LA,70130,5022,1901 Tchoupitoulas St,Orleans,urban,4.67,4.48,4.44,4.44,30.9,57.4,7.6,78674.0,13202,5.6
LA,70301,5464|1016,224 W Main St,Assumption,rural,4.32,4.13,4.0,4.0,21.0,70.2,4.1,61296.0,47429,5.2
LA,70345,502,"16759 Highway 3235, Galliano, LA 70345",Lafourche,rural,4.32,4.13,4.06,4.06,1.1,78.2,9.7,60212.0,8692,5.6
LA,70346,485,"37000 Hwy 3089, Donaldsonville, LA 70346",Ascension,rural,4.32,4.22,4.22,4.22,72.0,24.3,1.5,29220.0,9347,5.2
LA,70360,542,1633 Martin Luther King Jr Blvd,Terrebonne,rural,4.32,4.13,4.0,4.0,17.9,72.1,3.4,82759.0,28470,5.6
LA,70363,3483,933 Grand Caillou Rd,Terrebonne,rural,4.32,4.13,,,22.2,59.6,5.1,44797.0,24886,5.6
LA,70364,5774,6411 W Park Ave,Lafourche,rural,4.32,,,,14.8,66.4,8.3,69953.0,29691,5.6
LA,70380,7099|540,1002 La Hwy 70,Assumption,rural,4.32,4.22,4.22,4.22,11.5,66.5,14.6,47406.0,20877,5.2
LA,70394,761,"4858 Highway 1, Raceland, LA 70394",Lafourche,rural,4.32,4.13,4.06,4.06,21.7,73.6,1.3,52083.0,14491,5.6
LA,70401,489,"2799 W Thomas St, Hammond, LA 70401",Livingston,rural,4.64,4.46,,4.36,35.9,53.4,4.9,46669.0,20748,5.4
LA,70422,3616,"1200 W Oak St, Amite, LA 70422",Livingston,rural,4.64,4.46,4.36,4.36,41.7,51.1,2.6,46363.0,13048,5.4
LA,70427,803,"401 Ontario Ave, Bogalusa, LA 70427",St. Tammany,rural,4.64,4.48,4.36,4.36,31.8,60.1,4.3,41890.0,17894,5.6
LA,70433,3042|541,2800 N Hwy 190,St. Tammany,rural,4.67,4.48,,4.27,9.0,80.1,6.1,76753.0,40598,5.6
LA,70448,5832,"3009 E Causeway Approach, Mandeville, LA 70448",St. Tammany,urban,4.67,4.48,4.34,4.27,3.5,84.8,6.2,90475.0,26364,5.6
LA,70454,4129,"1331 Hwy 51, Ponchatoula, LA 70454",Tangipahoa,rural,4.64,4.46,4.36,4.36,14.9,74.2,6.8,65355.0,32111,5.4
LA,70458,6577|6588,637 Robert Blvd,St. Tammany,urban,4.67,4.48,4.34,4.32,16.0,70.3,6.2,67311.0,39555,5.6
LA,70460,2665,167 Northshore Blvd,St. Tammany,rural,4.67,4.48,4.36,4.27,30.4,54.6,7.2,58535.0,21843,5.6
LA,70461,553,39142 Natchez Dr,St. Tammany,rural,4.67,4.48,4.34,4.27,24.3,54.9,9.9,84973.0,32229,5.6
LA,70506,531,3142 Ambassador Caffery Pkwy,Lafayette,urban,4.32,4.13,4.12,4.12,21.6,62.6,9.4,53426.0,39926,5.2
LA,70508,2938,2428 W Pinhook Rd,Lafayette,urban,4.32,4.13,4.12,4.12,11.5,78.4,2.8,85006.0,39962,5.2
LA,70510,309,"3005 Charity Street, Abbeville, LA 70510",Vermilion,rural,4.32,4.22,4.22,4.22,24.6,63.9,3.8,50594.0,23864,5.2
LA,70517,402,"1932 Rees St, Breaux Bridge, LA 70517",Lafayette,rural,4.32,4.22,4.22,4.22,29.0,63.7,3.0,53012.0,26453,5.2
LA,70518,415,"123 Saint Nazaire Rd, Broussard, LA 70518",Iberia,rural,4.32,4.13,4.12,4.12,16.9,73.4,3.4,88824.0,15991,5.2
LA,70520,7301,"3810 Ne Evangeline Trwy, Carencro, LA 70520",Lafayette,rural,4.32,4.13,4.12,4.12,35.0,59.2,1.6,56277.0,20619,5.2
LA,70526,310,"729 Odd Fellows Rd, Crowley, LA 70526",Acadia,rural,4.32,4.22,4.22,4.22,20.9,72.8,1.0,35934.0,17332,5.2
LA,70535,773,"1538 Highway 190, Eunice, LA 70535",Acadia,rural,4.32,4.13,4.06,4.06,25.5,67.8,3.2,46358.0,16892,5.2
LA,70538,311,"200 Northwest Blvd, Franklin, LA 70538",St. Mary,rural,4.32,4.22,4.03,4.06,42.9,49.6,1.8,47174.0,13342,5.2
LA,70546,386,"303 E Interstate Dr, Jennings, LA 70546",Acadia,rural,4.32,4.13,,4.06,15.1,78.0,2.2,49339.0,16526,5.2
LA,70560,533,1205 E Admiral Doyle Dr,Iberia,rural,4.32,,,4.0,35.6,51.2,5.2,45313.0,37763,5.2
LA,70563,5773,1201 Parkview Drive,Iberia,rural,4.32,4.13,,4.0,17.8,74.4,4.2,71826.0,19873,5.2
LA,70570,5125|543,2310 S Union Street,St. Landry,rural,4.32,4.13,4.06,4.06,56.0,38.2,3.0,43750.0,38498,5.2
LA,70586,312,"891 E Lasalle St, Ville Platte, LA 70586",Evangeline,rural,4.32,4.13,4.06,4.06,29.4,63.3,3.4,35759.0,19474,4.9
LA,70601,6583|521,2011 Ryan St,Calcasieu,urban,4.32,4.13,4.06,4.06,64.2,28.8,3.4,48385.0,32936,4.9
LA,70605,1204,3451 Nelson Rd,Calcasieu,rural,4.32,4.13,4.06,4.06,8.2,80.0,5.4,86068.0,40870,4.9
LA,70607,469,3415 Gerstner Memorial Blvd,Calcasieu,rural,4.32,4.13,4.06,4.06,40.0,48.3,3.8,50358.0,28165,4.9
LA,70611,6590,260 Sam Houston Jones Parkway,Calcasieu,rural,4.32,4.13,4.06,4.06,10.8,84.5,1.9,96187.0,20383,4.9
LA,70634,505,"1125 N Pine St, Deridder, LA 70634",Beauregard,rural,4.32,4.22,4.22,4.22,15.0,72.2,5.3,68331.0,25441,4.9
LA,70663,331,"525 N Cities Service Hwy, Sulphur, LA 70663",Calcasieu,rural,4.32,4.13,4.06,4.06,8.6,83.0,3.9,56276.0,30299,4.9
LA,70706,4679,34025 La Highway 16,Livingston,rural,4.77,4.62,4.48,4.48,4.6,88.3,3.6,94375.0,22172,5.4
LA,70714,1102,"14507 Plank Rd, Baker, LA 70714",East Baton Rouge,rural,4.77,4.62,,4.48,70.1,26.0,0.7,61103.0,17817,5.2
LA,70726,7241|935,25820 La Hwy 16,Livingston,rural,4.77,4.62,,4.48,12.1,78.1,6.2,78119.0,60707,5.4
LA,70737,532,"308 N Airline Hwy, Gonzales, LA 70737",Ascension,rural,4.77,4.62,4.48,4.48,25.1,63.5,6.6,78946.0,45958,5.2
LA,70760,1196,"460 Hospital Rd, New Roads, LA 70760",Pointe Coupee,rural,4.77,4.62,4.48,4.48,61.4,35.3,0.1,46939.0,6663,5.2
LA,70764,401,"59690 Belleview Dr, Plaquemine, LA 70764",Iberville,rural,4.77,4.62,4.46,4.46,39.3,51.3,2.2,62892.0,15578,5.2
LA,70767,1136,"3255 La Highway 1 S, Port Allen, LA 70767",Pointe Coupee,rural,4.77,4.62,4.48,4.48,44.2,50.4,3.5,65669.0,15647,5.2
LA,70769,4048|5310|5056,40567 La Hwy 42,Ascension,urban,4.77,4.62,,,14.7,73.4,6.0,113521.0,48856,5.2
LA,70785,2822,"28270 Walker Rd S, Walker, LA 70785",Livingston,rural,4.77,4.62,4.48,4.48,3.3,90.8,1.3,77222.0,22804,5.4
LA,70791,428,"5801 Main St, Zachary, LA 70791",East Baton Rouge,rural,4.77,4.62,4.48,4.48,41.7,53.1,0.9,78977.0,30458,5.2
LA,70809,2132,10606 N Mall Dr,East Baton Rouge,urban,4.77,4.62,4.48,4.48,26.9,60.1,4.5,79148.0,26684,5.2
LA,70810,4683,10550 Burbank Dr,East Baton Rouge,urban,4.78,4.58,4.48,4.48,29.2,58.9,4.8,91057.0,42219,5.2
LA,70815,839,9350 Cortana Pl,East Baton Rouge,urban,4.77,4.62,4.48,4.48,51.6,27.3,8.7,56405.0,31423,5.2
LA,70816,5327|7262|1266,9830 Old Hammond Hwy,East Baton Rouge,urban,4.77,,,,41.6,39.6,9.9,64960.0,44610,5.2
LA,70817,5328,14241 Coursey Blvd,East Baton Rouge,urban,4.77,,,,20.0,66.5,3.1,99753.0,33478,5.2
LA,70818,7233|3288,11825 Hooper Road,East Baton Rouge,rural,4.77,4.62,,4.48,16.8,73.4,1.8,73316.0,10155,5.2
LA,71052,323,"7292 Hwy 509, Mansfield, LA 71052",De Soto,rural,4.73,4.56,4.46,4.46,72.0,23.6,1.0,33304.0,9023,4.3
LA,71055,87,"1379 Homer Rd, Minden, LA 71055",Bienville,rural,4.72,4.62,4.62,4.62,40.7,55.8,1.3,31629.0,17894,4.6
LA,71075,1169,"1920 S Arkansas St, Springhill, LA 71075",Bossier,rural,4.72,4.54,4.43,4.43,32.0,57.8,7.4,32670.0,5737,4.3
LA,71082,116,"929 S Pine St, Vivian, LA 71082",Caddo,rural,4.72,4.56,4.17,4.04,36.0,60.7,0.6,29755.0,3871,4.3
LA,71105,278|3868,1645 E Bert Kouns Industrial Loop,Bossier,urban,4.19,4.19,4.19,4.19,16.0,73.2,4.7,62865.0,19705,4.3
LA,71106,3746,412 Bert Kouns Industrial Loop,Caddo,urban,4.73,4.56,4.44,4.44,38.0,53.2,4.1,68085.0,33470,4.3
LA,71107,6932,4701 Northport Boulevard,Bossier,rural,4.72,4.56,4.44,4.44,52.2,42.3,2.3,47024.0,33632,4.3
LA,71111,3752|376,5700 Shed Road,Bossier,rural,4.72,4.56,4.44,4.44,30.7,55.9,7.6,65463.0,42953,4.3
LA,71112,5204,4000 Barksdale Blvd,Bossier,rural,4.72,4.56,4.44,4.44,23.3,62.7,9.7,57053.0,33084,4.3
LA,71118,450,9550 Mansfield Rd,Caddo,urban,4.73,4.56,4.44,4.44,54.7,36.7,3.5,56933.0,25193,4.3
LA,71129,448,6235 W Port Ave,Caddo,rural,4.73,4.56,4.44,4.46,61.4,30.5,3.1,50996.0,12958,4.3
LA,71201,3745|1193,1840 Mckeen Place,Ouachita,urban,4.72,4.54,4.42,4.42,33.9,59.1,1.8,56521.0,20817,4.9
LA,71203,2919,4430 Desiard Street,Ouachita,rural,4.77,4.56,4.46,4.42,48.1,45.3,1.9,43298.0,40063,4.9
LA,71220,98,"6091 Mer Rouge Rd, Bastrop, LA 71220",Morehouse,rural,4.72,4.62,4.62,4.62,50.9,45.4,1.3,37774.0,20973,4.9
LA,71241,1110,"833 Sterlington Hwy, Farmerville, LA 71241",Union,rural,4.72,4.6,4.6,4.6,25.3,68.3,3.7,49015.0,8045,4.6
LA,71251,149,"184 Old Winnfield Rd, Jonesboro, LA 71251",Bienville,rural,4.72,4.56,4.46,4.44,33.4,59.6,3.1,35091.0,7555,4.6
LA,71263,1108,"705 S Constitution Ave, Oak Grove, LA 71263",West Carroll,rural,4.72,4.62,4.62,4.62,14.4,82.7,2.6,41576.0,6443,4.9
LA,71269,1109,"1806 Julia St, Rayville, LA 71269",Richland,rural,4.72,4.56,4.44,4.46,36.3,60.4,2.3,46238.0,12865,4.9
LA,71270,4577|23,321 W California,Jackson,rural,4.72,4.62,4.62,4.62,38.0,52.1,3.2,36679.0,33112,4.6
LA,71291,2940|3743|307,5251 Cypress Street,Ouachita,rural,4.72,4.54,4.42,4.42,13.2,81.3,2.4,67448.0,34606,4.9
LA,71295,976,"3360 Front St, Winnsboro, LA 71295",Franklin,rural,4.73,4.56,4.46,4.46,35.1,60.0,2.2,41923.0,14331,4.9
LA,71301,3727|539,812 Belleau Wood,Rapides,urban,4.32,4.13,4.02,4.02,54.7,35.9,3.8,42314.0,19165,4.9
LA,71303,4295,6225 Coliseum Blvd,Rapides,rural,4.32,4.18,4.18,4.18,35.4,56.5,3.8,67717.0,23505,4.9
LA,71342,498,"3670 W Oak St, Jena, LA 71342",LaSalle,rural,4.74,4.56,4.46,4.46,13.2,77.2,5.6,58772.0,7417,4.9
LA,71350,1128,"7162 Highway 1, Marksville, LA 71350",Avoyelles,rural,4.32,4.13,4.06,4.06,28.2,64.9,0.8,45015.0,4510,5.2
LA,71360,3736|75,2750 Hwy 28 East,Avoyelles,rural,4.32,4.18,4.18,4.18,18.1,73.1,2.9,60090.0,35832,5.2
LA,71373,1106,"4283 Carter St, Vidalia, LA 71373",Concordia,rural,4.32,4.22,4.22,4.22,27.6,71.6,0.2,40493.0,5583,5.2
LA,71446,405,"2204 S 5th St, Leesville, LA 71446",Vernon,rural,4.32,4.13,4.06,4.06,14.2,71.9,6.9,55243.0,22152,4.6
LA,71449,876,"25800 Highway 171, Many, LA 71449",Sabine,rural,4.74,4.62,4.62,4.62,18.4,71.5,2.0,36284.0,9084,4.6
LA,71457,170,"925 Keyser Ave, Natchitoches, LA 71457",Natchitoches,rural,4.74,4.62,4.62,4.62,49.0,44.4,2.0,43057.0,25608,4.6
LA,71463,1107,"1900 Highway 165 S, Oakdale, LA 71463",Allen,rural,4.32,4.13,4.06,4.03,20.1,63.0,11.8,51250.0,9312,4.9
LA,71483,244,"5940 Highway 167 N, Winnfield, LA 71483",Winn,rural,4.73,4.56,4.46,4.46,37.5,56.0,4.6,45000.0,9636,4.6
MA,01020,5278,"591 Memorial Dr, Chicopee, MA 01020",Hampden,urban,3.37,3.37,3.37,3.37,4.4,74.0,17.5,67617.0,30417,4.7
MA,01035,2683,"337 Russell St, Hadley, MA 01035",Hampshire,rural,2.92,2.92,2.92,2.92,0.1,90.7,3.5,112450.0,5295,4.7
MA,01060,2901,"180 N King St, Northampton, MA 01060",Hampshire,urban,2.92,2.92,2.92,2.92,1.0,82.4,8.6,79604.0,14724,4.7
MA,01082,2386,"352 Palmer Rd, Ware, MA 01082",Hampden,rural,3.76,3.76,3.76,3.76,2.8,90.8,4.2,66607.0,10533,4.7
MA,01085,2174,"141 Springfield Rd, Westfield, MA 01085",Hampden,rural,3.32,3.32,3.32,3.32,1.3,81.6,10.2,78901.0,41592,4.7
MA,01119,1967,"1105 Boston Rd, Springfield, MA 01119",Hampden,urban,3.32,3.32,3.32,3.32,20.4,41.1,31.0,54326.0,14182,4.7
MA,01201,2228,"555 Hubbard Ave Ste 12, Pittsfield, MA 01201",Berkshire,rural,3.17,3.23,3.17,3.23,5.3,79.9,8.2,67262.0,45188,4.5
MA,01247,1984,"1415 Curran Memorial Hwy, North Adams, MA 01247",Berkshire,rural,3.76,3.76,3.76,3.76,1.4,87.5,5.7,53692.0,15279,4.5
MA,01364,2329,"555 E Main St, Orange, MA 01364",Franklin,rural,2.58,2.58,2.58,2.58,1.0,90.8,4.9,55773.0,7643,4.7
MA,01440,2155,"677 Timpany Blvd, Gardner, MA 01440",Worcester,rural,3.76,3.76,3.76,3.76,1.8,83.7,8.3,57289.0,21231,4.9
MA,01453,2964,"11 Jungle Rd, Leominster, MA 01453",Worcester,urban,3.76,3.76,3.76,,5.9,70.7,13.9,75954.0,43550,4.9
MA,01462,2118,"301 Massachusetts Ave, Lunenburg, MA 01462",Worcester,rural,3.76,3.76,3.76,3.76,1.8,89.0,3.9,106473.0,11765,4.9
MA,01524,3409,"20 Soojian Dr, Leicester, MA 01524",Worcester,rural,3.76,3.76,3.76,3.76,3.9,88.7,3.5,88933.0,6077,4.9
MA,01532,2158,"200 Otis St, Northborough, MA 01532",Worcester,rural,2.73,2.73,2.73,2.73,3.3,77.5,4.0,160801.0,15647,4.9
MA,01537,2012,"742 Main St, North Oxford, MA 01537",Worcester,rural,2.58,2.58,2.58,2.58,4.2,92.8,0.1,67750.0,1935,4.9
MA,01566,2797,"100 Charlton Rd, Sturbridge, MA 01566",Worcester,rural,3.76,3.76,3.76,3.76,1.4,89.7,2.9,122844.0,6795,4.9
MA,01583,2267,"137 W Boylston St, West Boylston, MA 01583",Worcester,rural,2.52,2.52,2.52,2.52,3.5,85.5,6.2,97736.0,7476,4.9
MA,01588,2629,"100 Valley Pkwy, Whitinsville, MA 01588",Worcester,urban,3.76,3.76,3.76,3.76,0.1,87.3,9.7,88487.0,10468,4.9
MA,01607,4387,"25 Tobias Boland Way, Worcester, MA 01607",Worcester,urban,2.73,2.73,2.73,2.73,19.6,53.9,20.3,63718.0,8630,4.9
MA,01701,2902,"121 Worcester Rd, Framingham, MA 01701",Middlesex,urban,2.73,2.73,2.73,2.73,4.3,70.0,8.8,124532.0,32973,5.1
MA,01749,1970,"280 Washington St, Hudson, MA 01749",Middlesex,urban,2.73,2.73,2.73,2.73,0.8,82.2,5.9,103086.0,19947,5.1
MA,01824,2903,"66 Parkhurst Rd, Chelmsford, MA 01824",Middlesex,urban,3.76,3.76,3.76,3.76,1.8,80.4,5.0,137778.0,26612,5.1
MA,01844,3491,"70 Pleasant Valley St, Methuen, MA 01844",Essex,urban,4.32,3.06,3.06,3.06,4.9,57.9,30.0,93739.0,52780,5.1
MA,01864,2660,"72 Main St, North Reading, MA 01864",Middlesex,urban,2.52,2.52,2.57,2.57,1.1,87.8,1.6,141442.0,15529,5.1
MA,01876,2222,"333 Main St, Tewksbury, MA 01876",Essex,urban,3.76,3.76,3.76,3.76,2.9,88.0,3.2,120891.0,30817,5.1
MA,01905,2139,"780 Lynnway, Lynn, MA 01905",Essex,urban,2.52,2.52,2.52,2.52,12.1,33.3,42.2,74792.0,26986,5.1
MA,01906,3114,"770 Broadway, Saugus, MA 01906",Essex,urban,2.52,2.52,2.52,2.52,3.2,77.5,10.6,96064.0,28566,5.1
MA,01923,2180,"55 Brooksby Village Way, Danvers, MA 01923",Essex,urban,2.52,2.52,2.52,2.52,2.3,88.8,4.2,116636.0,27734,5.1
MA,01970,2640,"450 Highland Ave, Salem, MA 01970",Essex,urban,2.52,2.52,2.52,2.52,4.6,68.9,19.1,79267.0,44435,5.1
MA,02019,1918,"250 Hartford Ave, Bellingham, MA 02019",Norfolk,rural,2.73,2.73,2.73,2.73,0.8,83.0,7.2,116152.0,17025,5.1
MA,02081,2103,"550 Providence Hwy, Walpole, MA 02081",Norfolk,urban,2.62,2.62,2.62,2.62,2.4,86.7,4.7,141599.0,19990,5.1
MA,02169,2341,"301 Falls Blvd, Quincy, MA 02169",Norfolk,urban,3.76,3.76,3.76,3.76,7.8,57.1,6.4,86335.0,60938,5.1
MA,02188,3200,"740 Middle St, Weymouth, MA 02188",Norfolk,urban,3.76,3.76,3.76,3.76,5.5,78.9,4.8,100650.0,15313,5.1
MA,02301,2904,"700 Oak St, Brockton, MA 02301",Plymouth,urban,2.62,2.62,2.62,2.62,39.2,26.9,13.3,70837.0,69225,5.1
MA,02322,2122,"30 Memorial Dr, Avon, MA 02322",Norfolk,urban,2.62,2.62,2.62,2.62,20.8,67.5,2.6,125000.0,4730,5.1
MA,02338,2128,"295 Plymouth St, Halifax, MA 02338",Plymouth,rural,3.76,3.76,3.76,3.76,0.0,91.1,1.9,110763.0,7728,5.1
MA,02351,2227,"777 Brockton Ave, Abington, MA 02351",Plymouth,urban,2.62,2.62,2.62,2.62,0.9,86.0,2.8,120535.0,17003,5.1
MA,02360,2336,"300 Colony Place Rd, Plymouth, MA 02360",Plymouth,rural,2.62,2.62,2.62,2.62,1.0,89.4,3.0,107067.0,61412,5.1
MA,02536,3561,"137 Teaticket Hwy, Teaticket, MA 02536",Barnstable,rural,4.32,3.06,3.06,3.06,1.3,86.5,3.4,89132.0,20909,5.1
MA,02571,2095,"15 Tobey Rd, Wareham, MA 02571",Plymouth,rural,2.92,2.92,2.92,2.92,1.9,82.4,1.2,82591.0,10530,5.1
MA,02719,1906,"42 Fairhaven Commons Way, Fairhaven, MA 02719",Bristol,urban,3.72,3.72,3.72,3.72,0.3,93.5,1.8,86676.0,15899,5.1
MA,02721,3560,"638 Quequechan Street, Fall River, MA 02721",Bristol,urban,2.86,2.86,2.86,2.86,5.2,67.8,12.6,51958.0,26807,5.1
MA,02747,2157,"506 State Rd, North Dartmouth, MA 02747",Bristol,rural,3.72,3.72,3.72,3.72,3.5,83.4,4.6,94831.0,21383,5.1
MA,02760,2366,"1470 S Washington St, North Attleboro, MA 02760",Bristol,urban,3.76,3.76,3.76,3.76,2.0,84.8,3.7,104360.0,29149,5.1
MA,02767,2021|5448,36 Paramount Dr,Bristol,rural,3.72,3.72,3.72,3.72,6.4,82.5,2.9,110573.0,15432,5.1
MA,02771,2184,"1180 Fall River Ave, Seekonk, MA 02771",Bristol,rural,3.02,3.02,3.02,3.02,1.2,89.0,3.6,108479.0,15475,5.1
MA,02777,2953,"54 Cousineau Dr, Swansea, MA 02777",Bristol,rural,3.76,3.76,3.76,3.76,0.9,90.2,3.6,110975.0,17158,5.1
MD,20601,1717,"11930 Acton Ln, Waldorf, MD 20601",Charles,rural,2.36,2.36,2.36,2.36,56.1,26.6,8.0,115742.0,27328,4.8
MD,20619,1981,"45485 Miramar Way, California, MD 20619",St. Mary's,rural,3.26,3.26,3.26,3.26,12.4,71.5,9.6,110960.0,13925,4.8
MD,20646,2853,"40 Drury Dr, La Plata, MD 20646",Charles,rural,2.36,2.36,2.36,2.36,23.7,65.1,3.8,130168.0,21248,4.8
MD,20678,1716,"150 Solomons Island Rd N, Prince Frederick, MD 20678",Calvert,rural,3.32,3.32,3.32,3.32,16.7,67.4,7.3,115710.0,12874,4.8
MD,20716,1893,"3300 Crain Hwy, Bowie, MD 20716",Prince George's,urban,3.36,3.36,3.36,3.36,66.5,18.1,7.9,119507.0,22340,4.6
MD,20724,1985,"3549 Russett Grn, Laurel, MD 20724",Anne Arundel,urban,3.32,3.32,3.32,3.32,45.4,26.7,18.7,105757.0,18345,4.6
MD,20735,2799,"8745 Branch Ave, Clinton, MD 20735",Prince George's,urban,2.72,2.72,2.72,2.72,76.8,7.5,9.4,124371.0,39399,4.6
MD,20754,5345,"10600 Towne Center Blvd, Dunkirk, MD 20754",Anne Arundel,rural,3.36,3.36,3.36,3.36,7.7,80.9,4.4,166976.0,7344,4.6
MD,20784,5129,"6210 Annapolis Rd, Landover Hills, MD 20784",Prince George's,urban,3.22,3.22,3.22,3.22,53.1,5.8,36.6,80170.0,32191,4.6
MD,20876,2357,"20910 Frederick Rd, Germantown, MD 20876",Montgomery,urban,3.32,3.32,3.32,,29.8,23.9,21.6,107542.0,26572,4.6
MD,21001,1968,"645 S Philadelphia Blvd, Aberdeen, MD 21001",Harford,rural,3.16,3.16,3.16,3.16,23.7,57.8,9.4,76250.0,25908,4.4
MD,21009,2009,"401 Constant Friendship Blvd, Abingdon, MD 21009",Harford,urban,3.32,3.32,3.32,3.32,17.1,70.4,4.8,108703.0,32565,4.4
MD,21030,2577,"1 Frankel Way, Cockeysville, MD 21030",Baltimore,urban,2.52,2.52,2.52,2.52,17.4,56.5,10.5,92333.0,25133,4.4
MD,21043,2412,"3200 North Ridge Rd, Ellicott City, MD 21043",Baltimore,urban,2.46,,,,11.8,49.7,5.9,145000.0,47309,4.4
MD,21045,5228,"6405 Dobbin Rd, Columbia, MD 21045",Howard,urban,2.46,2.46,2.46,2.52,30.8,42.1,10.9,115134.0,40980,4.6
MD,21047,3780,"303 Fallston Blvd, Fallston, MD 21047",Harford,rural,3.32,3.32,3.32,3.32,2.1,85.8,5.5,150593.0,13419,4.4
MD,21060,2279,"6721 Chesapeake Center Dr, Glen Burnie, MD 21060",Anne Arundel,urban,2.46,2.46,2.46,2.46,22.0,59.9,10.2,95596.0,38418,4.6
MD,21074,2850,"2320 No. Hanover Pike, Hampstead, MD 21074",Baltimore,rural,3.48,3.48,3.48,3.48,3.5,87.5,2.7,96367.0,15146,4.4
MD,21076,3490,"7081 Arundel Mills Cir, Hanover, MD 21076",Anne Arundel,urban,2.46,2.46,2.46,2.46,32.9,42.6,6.9,137237.0,22041,4.6
MD,21122,5382,"8107 Governor Ritchie Hwy, Pasadena, MD 21122",Anne Arundel,urban,2.46,3.34,2.46,2.34,6.9,80.3,4.9,118302.0,61444,4.6
MD,21133,3804,"8730 Liberty Rd, Randallstown, MD 21133",Baltimore,urban,2.46,2.46,2.46,2.46,77.0,10.8,6.1,83305.0,32070,4.4
MD,21144,1875,"407 George Claus Blvd, Severn, MD 21144",Anne Arundel,urban,2.46,2.46,2.46,2.46,32.4,45.0,9.4,127055.0,37041,4.6
MD,21157,1867,"280 Woodward Rd, Westminster, MD 21157",Carroll,rural,3.12,3.12,3.12,3.12,3.8,87.6,5.1,96406.0,39816,4.4
MD,21220,3481,112 Carroll Island Rd,Baltimore,urban,2.57,2.57,2.57,2.57,25.3,57.6,6.4,77571.0,42652,4.4
MD,21222,2435,"2399 North Point Blvd, Dundalk, MD 21222",Baltimore,urban,2.5,2.5,2.5,2.5,17.6,61.6,13.4,60483.0,60013,4.4
MD,21227,3720,"3601 Washington Blvd, Arbutus, MD 21227",Baltimore,urban,2.46,2.46,2.46,2.46,17.8,62.9,9.3,78626.0,35052,4.4
MD,21228,2248,"6205 Baltimore National Pike, Catonsville, MD 21228",Baltimore,urban,2.46,2.46,2.46,2.46,19.9,55.9,5.7,102592.0,50268,4.4
MD,21236,2045,"8118 Perry Hills Ct, Nottingham, MD 21236",Baltimore,urban,2.5,2.5,2.5,2.5,19.5,56.7,4.9,91855.0,38632,4.4
MD,21237,3489,6420 Petrie Way Rd,Baltimore,urban,2.5,2.5,2.5,2.5,38.1,41.2,8.1,84118.0,30983,4.4
MD,21286,5344,"1238 Putty Hill Ave Ste 5, Towson, MD 21286",Baltimore,urban,2.5,,,,15.3,70.1,6.4,92722.0,21142,4.4
MD,21502,2027,"12500 Country Club Mall Rd, Lavale, MD 21502",Allegany,rural,3.06,3.06,3.06,3.06,9.6,83.4,2.1,56958.0,41291,4.1
MD,21550,2894,"13164 Garrett Hwy, Oakland, MD 21550",Garrett,rural,3.47,3.47,3.47,3.47,0.5,96.3,0.8,61824.0,13640,4.1
MD,21601,1715,"8155 Elliott Rd, Easton, MD 21601",Talbot,rural,3.32,3.32,3.32,3.32,14.6,72.4,8.0,80434.0,23589,4.6
MD,21613,2272,"2775 Dorchester Sq, Cambridge, MD 21613",Dorchester,rural,2.52,2.52,2.52,2.52,33.6,51.1,6.6,51094.0,17945,4.8
MD,21629,3843,"610 Legion Rd, Denton, MD 21629",Caroline,rural,3.32,3.32,3.32,3.32,14.5,79.1,1.9,65541.0,9988,4.6
MD,21701,2756,2421 Monocacy Blvd,Frederick,urban,2.92,2.92,2.92,2.92,12.0,73.2,6.1,97769.0,40787,4.4
MD,21704,2233,7400 Guilford Dr,Frederick,rural,2.92,2.92,2.92,2.92,10.8,55.3,13.6,162437.0,18473,4.4
MD,21740,1674|2790,17850 Garland Groh Blvd,Washington,rural,3.32,3.32,3.32,3.32,17.0,67.4,8.5,57150.0,62760,4.2
MD,21771,2551,"209 E Ridgeville Blvd, Mount Airy, MD 21771",Carroll,rural,3.36,3.36,3.36,3.36,4.2,85.0,6.4,148909.0,31653,4.4
MD,21784,2436,"6400a Ridge Rd, Sykesville, MD 21784",Carroll,rural,2.92,2.92,2.92,2.92,6.3,80.1,5.1,138923.0,37219,4.4
MD,21801,2931|1890,"409 N Fruitland Blvd, Fruitland, MD 21801",Wicomico,rural,3.32,3.32,3.32,3.32,33.6,53.1,5.9,65750.0,30766,4.8
MD,21811,2560,"11416 Ocean Gtwy, Berlin, MD 21811",Worcester,rural,2.92,2.92,2.92,2.92,8.4,82.3,3.6,87611.0,24456,4.8
MD,21851,2514,"2132 Old Snow Hill Rd, Pocomoke City, MD 21851",Somerset,rural,3.34,3.34,3.34,3.34,36.2,56.5,2.9,47901.0,7072,4.8
MD,21901,5450,"75 North East Plz, North East, MD 21901",Cecil,rural,3.32,3.32,3.32,3.32,5.9,85.5,2.3,105876.0,19938,4.4
MD,21921,1860,"1000 E Pulaski Hwy, Elkton, MD 21921",Cecil,rural,3.32,,,,9.3,77.3,5.6,80999.0,45081,4.4
ME,04005,2153,"50 Boulder Way, Biddeford, ME 04005",York,rural,4.95,4.81,4.7,4.65,1.2,91.3,2.7,65485.0,24590,4.5
ME,04011,1939,"15 Tibbetts Dr, Brunswick, ME 04011",Cumberland,rural,4.95,4.81,4.7,4.65,1.5,89.1,2.7,71236.0,21691,4.5
ME,04062,2202,"30 Landing Rd, Windham, ME 04062",Cumberland,rural,4.95,4.81,4.7,4.65,0.5,89.8,2.1,92813.0,18648,4.5
ME,04073,1954,"1930 Main St, Sanford, ME 04073",York,rural,4.95,4.81,4.7,4.65,1.8,88.6,2.3,70605.0,17389,4.5
ME,04074,1788,"500 Gallery Blvd, Scarborough, ME 04074",Cumberland,rural,4.95,4.81,4.7,4.65,0.2,90.5,3.6,114395.0,22098,4.5
ME,04105,2659,"206 Us Route 1, Falmouth, ME 04105",Cumberland,rural,4.95,4.81,4.7,4.65,0.1,90.8,3.3,143235.0,12436,4.5
ME,04210,1868,"100 Mount Auburn Ave, Auburn, ME 04210",Androscoggin,rural,4.95,4.81,4.7,4.65,2.1,92.0,2.0,59659.0,24038,4.2
ME,04257,3269,"258 River Rd, Mexico, ME 04257",Oxford,rural,4.95,4.81,4.7,4.65,0.0,96.7,2.3,44943.0,2758,4.2
ME,04270,2183,"1240 Main St, Oxford, ME 04270",Oxford,rural,4.95,4.81,4.7,4.65,0.0,95.5,1.4,72284.0,6127,4.2
ME,04330,2046,"201 Civic Center Dr, Augusta, ME 04330",Kennebec,rural,4.95,4.81,4.7,4.65,1.3,93.0,2.0,52500.0,26394,4.2
ME,04401,1856,"900 Stillwater Ave, Bangor, ME 04401",Penobscot,rural,4.95,4.81,4.7,4.65,2.0,89.3,2.9,62287.0,44285,3.9
ME,04412,5076,"24 Walton Dr, Brewer, ME 04412",Penobscot,rural,4.95,4.81,4.7,4.65,0.4,94.5,1.5,55870.0,9633,3.9
ME,04457,1919,"250 W Broadway, Lincoln, ME 04457",Penobscot,rural,4.95,4.81,4.7,4.65,0.0,98.0,0.3,45019.0,5794,3.9
ME,04605,1932,"17 Myrick St, Ellsworth, ME 04605",Hancock,rural,4.95,4.81,4.7,4.65,0.9,91.3,2.4,65131.0,14686,3.9
ME,04619,2178,"379 South St, Calais, ME 04619",Washington,rural,4.95,4.81,4.7,4.65,2.4,93.4,1.4,45250.0,3078,3.9
ME,04730,1974,"17 Ludlow Rd, Houlton, ME 04730",Aroostook,rural,4.95,4.81,4.7,4.65,1.3,91.7,2.4,51017.0,10092,3.9
ME,04769,1924,"781 Main St, Presque Isle, ME 04769",Aroostook,rural,4.95,4.81,4.7,4.65,1.2,89.9,1.5,52109.0,8772,3.9
ME,04861,1797,"55 Thomaston Commons Way, Thomaston, ME 04861",Knox,rural,4.95,4.81,4.7,4.65,1.3,87.8,8.5,58426.0,2753,4.2
ME,04901,2013,"80 Waterville Commons Dr, Waterville, ME 04901",Kennebec,rural,4.95,4.81,4.7,4.65,0.7,91.3,2.0,50835.0,26463,4.2
ME,04938,1866,"615 Wilton Rd, Farmington, ME 04938",Franklin,rural,4.95,4.81,4.7,4.65,0.7,93.0,0.9,52471.0,10261,4.2
ME,04965,2047,"1573 Main St, Palmyra, ME 04965",Somerset,rural,4.95,4.81,4.7,4.65,0.5,97.7,0.8,59643.0,2147,3.9
ME,04976,2143,"60 Fairgrounds Mkt Pl, Skowhegan, ME 04976",Somerset,rural,4.95,4.81,4.7,4.65,0.2,95.3,1.9,53453.0,10036,3.9
MI,48038,4660,"18400 Hall Rd, Clinton Township, MI 48038",Macomb,urban,2.5,2.5,2.5,2.5,11.6,76.9,2.5,77375.0,44255,3.3
MI,48051,2692,"45400 Marketplace Blvd, Chesterfield, MI 48051",Macomb,urban,2.5,2.5,2.5,2.5,7.5,81.2,5.7,86051.0,17542,3.3
MI,48059,1611,"4845 24th Ave, Fort Gratiot, MI 48059",St. Clair,rural,3.16,3.16,3.16,3.16,0.8,91.6,4.9,77696.0,15314,3.3
MI,48066,2959,"28804 Gratiot Ave, Roseville, MI 48066",Macomb,urban,2.97,2.97,2.97,2.98,22.8,67.7,3.8,57274.0,47476,3.3
MI,48084,2873,"2001 W Maple Rd, Troy, MI 48084",Oakland,urban,3.16,3.16,3.16,3.16,5.8,54.2,2.4,106250.0,15571,3.3
MI,48093,4424,"29176 Van Dyke Ave, Warren, MI 48093",Macomb,urban,2.92,2.92,2.92,2.92,17.0,70.2,1.5,65245.0,24441,3.3
MI,48111,2872,"10562 Belleville Rd, Belleville, MI 48111",Monroe,rural,2.97,2.97,2.97,2.97,23.2,64.8,4.5,71090.0,44169,3.3
MI,48126,4383,"5851 Mercury Dr, Dearborn, MI 48126",Wayne,urban,2.82,2.82,2.82,2.82,2.9,88.6,1.4,46565.0,53044,3.3
MI,48150,2631,29555 Plymouth Rd,Wayne,urban,3.23,3.23,3.23,3.23,3.2,84.7,5.2,90999.0,26707,3.3
MI,48152,5844,29574 7 Mile Rd,Wayne,urban,3.23,3.23,3.23,3.23,6.2,79.1,3.8,83074.0,30954,3.3
MI,48162,1790,"2150 N Telegraph Rd, Monroe, MI 48162",Monroe,rural,2.62,2.62,2.62,2.62,1.9,91.3,3.0,67774.0,28740,3.3
MI,48165,5048,"30729 Lyon Center Dr E, New Hudson, MI 48165",Oakland,rural,3.06,3.06,3.06,3.06,1.2,79.0,8.6,100734.0,9128,3.3
MI,48176,7260|5472,8777 Platt Rd,Lenawee,rural,2.98,2.98,2.98,2.98,2.0,84.2,5.5,110355.0,23240,3.3
MI,48180,2912,"7555 Telegraph Rd, Taylor, MI 48180",Wayne,urban,2.82,2.82,2.82,2.82,20.1,66.9,7.7,59352.0,62937,3.3
MI,48183,3336,"23800 Allen Rd, Woodhaven, MI 48183",Wayne,urban,2.86,2.86,2.86,2.86,4.8,83.8,5.0,74519.0,42467,3.3
MI,48187,3476,39500 Ford Rd,Wayne,urban,2.97,2.97,2.97,2.97,8.6,66.7,4.7,112395.0,52861,3.3
MI,48188,5761,45555 Michigan Ave,Wayne,urban,2.97,2.97,2.97,2.97,11.4,58.1,2.9,115025.0,45390,3.3
MI,48195,5842,"14900 Dix Toledo Rd, Southgate, MI 48195",Wayne,urban,2.82,2.82,2.82,2.82,7.7,76.3,10.5,62792.0,29948,3.3
MI,48309,2354,"2500 S Adams Rd, Rochester Hills, MI 48309",Oakland,urban,3.16,3.16,3.16,3.16,3.4,77.0,4.5,117439.0,30626,3.3
MI,48312,2559,33201 Van Dyke Ave,Macomb,urban,2.92,2.92,2.92,2.92,9.1,75.8,2.1,70549.0,34921,3.3
MI,48314,2558,44575 Mound Rd,Macomb,urban,2.5,2.5,2.5,2.5,3.0,77.4,3.7,77463.0,21587,3.3
MI,48315,3487,"51450 Shelby Pkwy, Shelby Township, MI 48315",Macomb,urban,2.5,2.5,2.5,2.5,3.1,87.0,2.6,101538.0,28248,3.3
MI,48375,5893,"26090 Ingersol Dr, Novi, MI 48375",Oakland,urban,3.06,3.06,3.06,3.06,6.4,56.9,5.0,110666.0,23933,3.3
MI,48386,2700,"9190 Highland Rd, White Lake, MI 48386",Oakland,urban,3.02,3.02,3.02,3.02,0.8,90.5,3.3,88119.0,18043,3.3
MI,48390,2618,"3301 N Pontiac Trl, Commerce, MI 48390",Oakland,urban,3.26,3.26,3.26,3.26,2.9,83.8,3.8,84172.0,23854,3.3
MI,48413,1592,"901 N Van Dyke Rd, Bad Axe, MI 48413",Huron,rural,3.12,3.12,3.12,3.12,0.3,90.5,5.4,53267.0,7445,3.3
MI,48420,4243,"11493 N Linden Rd, Clio, MI 48420",Genesee,rural,3.12,3.12,3.12,3.12,3.1,88.2,3.9,62934.0,21019,3.3
MI,48430,2693,"3700 Owen Rd, Fenton, MI 48430",Genesee,rural,3.12,3.12,3.12,3.12,0.7,91.9,3.4,93613.0,38929,3.3
MI,48439,3726,"6170 S Saginaw Rd, Grand Blanc, MI 48439",Genesee,rural,2.96,2.96,2.96,2.96,10.8,77.3,3.0,86151.0,52012,3.3
MI,48446,1987,"555 E Genesee St, Lapeer, MI 48446",Lapeer,rural,2.96,2.96,2.96,2.96,2.9,90.4,2.8,66787.0,30693,3.3
MI,48471,3632,"655 W Sanilac Rd, Sandusky, MI 48471",Sanilac,rural,3.23,3.23,3.23,3.23,0.9,91.2,5.3,55613.0,5613,3.3
MI,48509,2273,"5323 E Court St N, Burton, MI 48509",Genesee,urban,2.96,2.96,2.96,2.96,6.3,81.1,3.7,63125.0,9354,3.3
MI,48532,1928,"4313 Corunna Rd, Flint, MI 48532",Genesee,urban,2.96,2.96,2.96,2.96,38.9,49.1,4.5,52377.0,20531,3.3
MI,48604,5097,5650 Bay Rd,Bay,rural,2.82,2.82,2.82,2.82,9.9,77.4,8.3,52285.0,11793,3.3
MI,48629,2014,"2129 W Houghton Lake Dr, Houghton Lake, MI 48629",Missaukee,rural,3.12,3.12,3.12,,0.4,95.1,1.4,50948.0,7691,3.3
MI,48638,2644,5825 Brockway Rd,Saginaw,urban,2.82,2.82,2.82,2.82,16.4,72.6,7.5,60262.0,12157,3.3
MI,48642,2619,"910 Joe Mann Blvd, Midland, MI 48642",Bay,rural,2.92,2.92,2.92,2.92,1.9,88.1,3.2,75798.0,33483,3.3
MI,48661,5159,"2750 Cook Rd, West Branch, MI 48661",Ogemaw,rural,3.26,3.26,3.26,3.26,0.6,92.7,2.2,56349.0,10538,3.3
MI,48706,1752,"3921 Wilder Rd, Bay City, MI 48706",Bay,rural,2.96,2.96,2.96,2.96,1.1,89.3,4.7,58211.0,39182,3.3
MI,48723,1798,"1121 E Caro Rd, Caro, MI 48723",Tuscola,rural,3.16,3.16,3.16,3.16,1.4,90.5,4.5,56116.0,12389,3.3
MI,48763,5376,"621 E Lake St, Tawas City, MI 48763",Arenac,rural,3.12,3.12,3.12,3.12,1.1,93.8,1.6,57011.0,4943,3.3
MI,48801,1422,"7700 N Alger Rd, Alma, MI 48801",Gratiot,rural,3.12,3.12,3.12,3.12,1.9,86.8,8.6,53601.0,13621,3.3
MI,48813,1642,"1680 Packard Hwy, Charlotte, MI 48813",Calhoun,rural,3.12,3.12,3.12,3.12,1.5,88.6,5.5,77111.0,20165,3.3
MI,48836,4540,"970 Gehringer Dr, Fowlerville, MI 48836",Livingston,rural,3.12,3.12,3.12,3.12,0.0,95.8,0.7,79765.0,14779,3.3
MI,48838,3328,"10772 W Carson City Rd, Greenville, MI 48838",Ionia,rural,3.16,3.16,3.16,3.16,1.0,88.2,4.9,62355.0,18043,3.3
MI,48843,1754,"3850 E Grand River Ave, Howell, MI 48843",Livingston,rural,3.16,3.16,3.16,3.16,0.8,93.0,3.1,89542.0,46734,3.3
MI,48846,5411,"152 W Sprague Rd, Ionia, MI 48846",Ionia,rural,3.26,3.26,3.26,3.26,10.2,77.4,8.4,64111.0,22038,3.3
MI,48858,1428,"4730 Encore Blvd, Mount Pleasant, MI 48858",Isabella,rural,3.16,3.16,3.16,3.16,3.1,81.6,5.1,47228.0,43036,3.3
MI,48864,2866,"5110 Times Square Pl, Okemos, MI 48864",Ingham,urban,2.92,2.92,2.92,2.92,5.5,59.1,3.7,105883.0,23359,3.3
MI,48867,1733,"1621 E M 21, Owosso, MI 48867",Shiawassee,rural,2.58,2.58,2.58,2.58,0.7,92.7,3.6,56695.0,27154,3.3
MI,48879,1423,"1165 Superior Dr, Saint Johns, MI 48879",Clinton,rural,2.92,2.92,2.92,2.92,0.8,92.6,3.3,77321.0,18607,3.3
MI,48912,2867,3225 Towne Centre Blvd,Ingham,urban,2.92,2.92,2.92,2.92,21.8,55.2,12.2,50822.0,16378,3.3
MI,48917,2869,409 N Marketplace Blvd,Eaton,urban,2.92,2.92,2.92,2.92,13.7,68.0,8.5,71370.0,32379,3.3
MI,49009,5065,501 N 9th St,Kalamazoo,rural,3.23,3.23,3.23,3.23,8.5,76.3,4.4,78609.0,47139,3.3
MI,49014,2080,"6020 B Dr N, Battle Creek, MI 49014",Calhoun,rural,3.17,3.17,3.17,3.17,9.4,77.1,5.8,64291.0,21118,3.3
MI,49022,2062,"1400 Mall Dr, Benton Harbor, MI 49022",Berrien,rural,3.26,3.26,3.26,3.26,53.1,36.3,6.0,36647.0,29985,3.3
MI,49024,5280,"8350 Shaver Rd, Portage, MI 49024",Kalamazoo,urban,3.12,3.12,3.12,3.12,5.9,80.0,5.5,78666.0,30539,3.3
MI,49036,1593,"800 E Chicago St, Coldwater, MI 49036",Branch,rural,3.02,3.02,3.02,3.02,3.2,87.3,6.5,58498.0,24990,3.3
MI,49048,5064,6065 Gull Rd,Kalamazoo,rural,3.26,3.26,3.26,3.26,19.7,65.6,6.9,62081.0,23626,3.3
MI,49058,2620,"1618 W M 43 Hwy, Hastings, MI 49058",Barry,rural,3.16,3.16,3.16,3.16,0.1,93.5,3.6,67942.0,19153,3.3
MI,49079,4439,"1013 S Kalamazoo St, Paw Paw, MI 49079",Van Buren,rural,3.12,3.12,3.12,3.12,1.4,87.1,6.1,71463.0,13469,3.3
MI,49080,2061,"412 Oaks Xing, Plainwell, MI 49080",Allegan,rural,3.26,3.26,3.26,3.26,1.1,88.4,7.2,71451.0,15516,3.3
MI,49090,1540,"201 73rd St, South Haven, MI 49090",Allegan,rural,3.26,3.26,3.26,3.26,6.6,74.8,12.6,63020.0,13714,3.3
MI,49091,1771,"1500 S Centerville Rd, Sturgis, MI 49091",St. Joseph,rural,3.26,3.26,3.26,3.26,1.1,77.6,17.1,60606.0,19831,3.3
MI,49093,3791,"101 S Tolbert Dr, Three Rivers, MI 49093",Cass,rural,3.12,3.12,3.12,3.12,5.0,84.2,5.1,61937.0,18445,3.3
MI,49120,2010,"2107 S 11th St, Niles, MI 49120",Berrien,rural,3.12,3.12,3.12,3.12,7.1,83.4,4.8,59450.0,36792,3.3
MI,49202,5160,"1700 W Michigan Ave, Jackson, MI 49202",Jackson,urban,3.26,3.26,3.26,3.26,9.7,77.0,4.7,39850.0,18234,3.3
MI,49221,1836,"1601 E Us Highway 223, Adrian, MI 49221",Lenawee,rural,3.16,3.16,3.16,3.16,4.1,76.9,14.4,56640.0,41209,3.3
MI,49250,1809,"701 Olds St, Jonesville, MI 49250",Hillsdale,rural,3.02,3.02,3.02,3.02,0.9,94.5,1.7,60069.0,5825,3.3
MI,49307,1719,"21400 Perry Ave, Big Rapids, MI 49307",Mecosta,rural,2.97,2.97,2.97,2.97,4.2,87.0,2.9,50573.0,18169,3.3
MI,49321,1923,"3999 Alpine Ave Nw, Comstock Park, MI 49321",Kent,rural,3.23,3.23,3.23,3.23,7.1,75.7,11.1,66326.0,15740,3.3
MI,49412,1791,"7083 W 48th St, Fremont, MI 49412",Muskegon,rural,2.62,2.62,2.62,2.62,1.0,90.6,5.6,59205.0,12180,3.3
MI,49417,5386,"14700 Us Highway 31, Grand Haven, MI 49417",Ottawa,rural,3.16,3.16,3.16,3.16,0.5,90.4,5.0,79710.0,33104,3.3
MI,49418,2567,"4542 Kenowa Ave Sw, Grandville, MI 49418",Kent,urban,3.16,3.16,3.16,3.16,4.0,82.4,6.2,82661.0,30419,3.3
MI,49424,1942,"2629 N Park Dr, Holland, MI 49424",Ottawa,rural,3.16,3.16,3.16,3.16,2.0,65.3,24.6,79616.0,48493,3.3
MI,49431,2102,"4854 W Us Highway 10, Ludington, MI 49431",Mason,rural,3.26,3.26,3.26,3.26,1.8,90.7,3.7,62715.0,17121,3.3
MI,49441,3876,3285 Henry St,Muskegon,urban,3.22,3.22,3.22,3.23,9.7,80.4,4.5,62921.0,36649,3.3
MI,49444,2238,1879 E Sherman Blvd,Muskegon,urban,3.22,3.22,3.22,3.22,31.5,57.5,5.6,50162.0,26309,3.3
MI,49461,3458,"2755 Holton-whitehall Road, Whitehall, MI 49461",Muskegon,rural,3.12,3.12,3.12,3.12,0.9,87.4,6.6,74545.0,9362,3.3
MI,49546,2493,"5859 28th St Se, Grand Rapids, MI 49546",Kent,urban,3.16,3.16,3.16,3.16,6.9,79.7,3.1,92095.0,34308,3.3
MI,49548,3453,"355 54th Street Sw, Wyoming, MI 49548",Kent,urban,3.23,3.23,3.23,3.23,14.2,51.9,21.5,58593.0,34615,3.3
MI,49601,1432,"8917 E 34 Rd, Cadillac, MI 49601",Lake,rural,3.23,3.23,3.23,3.23,1.2,92.2,1.9,61186.0,22300,3.3
MI,49684,2338,"2640 Crossing Cir, Traverse City, MI 49684",Benzie,rural,3.12,3.12,3.12,3.12,0.8,91.7,3.3,73730.0,21171,3.3
MI,49707,2358,"1180 M 32 W, Alpena, MI 49707",Alpena,rural,3.12,3.12,3.12,3.12,0.9,93.6,2.0,48094.0,22009,3.3
MI,49721,2100,"1150 S Main St, Cheboygan, MI 49721",Cheboygan,rural,3.12,3.12,3.12,3.12,0.8,91.2,2.1,58163.0,14034,3.3
MI,49735,1542,"950 Edelweiss Parkway, Gaylord, MI 49735",Otsego,rural,3.16,3.16,3.16,3.16,0.9,93.5,1.9,63549.0,20570,3.3
MI,49770,2417,"1850 Anderson Rd, Petoskey, MI 49770",Charlevoix,rural,3.26,3.26,3.26,3.26,0.6,92.4,1.9,76971.0,17555,3.3
MI,49783,1936,"3763 I-75 Business Spur, Sault Sainte Marie, MI 49783",Chippewa,rural,4.26,4.26,4.26,4.26,0.8,71.5,1.5,57667.0,18905,3.0
MI,49801,2434,"1920 S Stephenson Ave, Iron Mountain, MI 49801",Dickinson,rural,4.12,4.12,4.12,4.12,0.9,94.2,2.0,57034.0,11504,2.8
MI,49829,2522,"601 N Lincoln Rd, Escanaba, MI 49829",Delta,rural,3.79,3.79,3.79,3.82,0.3,88.8,2.4,45578.0,16869,2.8
MI,49855,2079,"3225 Us Highway 41 W, Marquette, MI 49855",Marquette,rural,3.88,3.88,3.88,3.88,2.5,90.4,2.1,62168.0,33075,3.0
MI,49931,2192,"995 Razorback Dr, Houghton, MI 49931",Houghton,rural,4.12,4.12,4.12,4.12,2.9,80.7,3.0,38750.0,10282,3.0
MI,49938,5444,"10305 Country Club Road, Ironwood, MI 49938",Gogebic,rural,3.92,3.92,3.92,3.92,0.5,93.9,2.1,43990.0,7636,2.8
MN,55008,2352,"2101 2nd Ave Se, Cambridge, MN 55008",Chisago,rural,3.43,3.43,3.43,3.43,1.7,92.2,1.0,80877.0,15589,2.8
MN,55014,3498,4369 Ball Road Ne,Anoka,urban,2.86,2.86,2.86,2.86,3.5,87.0,2.2,98305.0,28740,2.8
MN,55016,2448,"9300 E Point Douglas Rd S, Cottage Grove, MN 55016",Washington,urban,3.22,3.22,3.22,3.22,6.2,78.1,5.2,117255.0,38842,2.9
MN,55021,1657,"150 Western Ave Nw, Faribault, MN 55021",Rice,rural,3.76,3.76,3.76,3.76,12.1,72.6,11.9,66742.0,30973,2.8
MN,55025,2274,"200 12th St Sw, Forest Lake, MN 55025",Anoka,rural,3.26,3.26,3.26,3.26,2.5,85.5,5.0,96006.0,25732,2.8
MN,55033,1472,"1752 N Frontage Rd, Hastings, MN 55033",Dakota,rural,3.22,3.22,3.22,3.22,1.1,89.5,3.8,98346.0,29454,2.9
MN,55044,5992,"20710 Keokuk Ave, Lakeville, MN 55044",Dakota,rural,3.07,3.07,3.07,3.07,4.2,80.8,5.4,133085.0,61134,2.9
MN,55060,982,"1130 W Frontage Rd, Owatonna, MN 55060",Steele,rural,3.62,3.62,3.62,3.62,3.8,85.7,6.8,80313.0,29657,2.8
MN,55063,2367,"950 11th St Sw, Pine City, MN 55063",Pine,rural,3.83,3.86,3.86,3.86,0.8,94.2,1.9,70864.0,9214,2.8
MN,55066,3534,"295 Tyler Rd S, Red Wing, MN 55066",Goodhue,rural,3.22,3.22,3.22,3.22,2.7,88.8,5.1,68925.0,19002,2.8
MN,55076,5089,"9165 Cahill Ave, Inver Grove Heights, MN 55076",Dakota,urban,3.22,3.22,3.22,3.22,4.3,78.4,12.2,92946.0,21771,2.9
MN,55082,1861,"5815 Norell Ave N, Oak Park Heights, MN 55082",Washington,rural,3.52,3.52,3.52,3.52,2.6,88.0,4.6,111571.0,36154,2.9
MN,55113,3404,"1960 Twin Lakes Parkway, Roseville, MN 55113",Ramsey,urban,3.32,3.32,3.32,3.32,7.5,72.3,5.0,84854.0,41369,2.9
MN,55118,3364,"1644 Robert St S, Saint Paul, MN 55118",Dakota,urban,3.07,3.07,3.07,3.07,4.3,72.0,15.6,82969.0,29026,2.9
MN,55123,1786,"1360 Town Centre Dr, Eagan, MN 55123",Dakota,urban,3.07,3.07,3.07,3.07,3.3,79.5,4.1,131344.0,27821,2.9
MN,55124,2642,"7835 150th St W, Apple Valley, MN 55124",Dakota,urban,3.07,3.07,3.07,3.07,10.0,70.3,7.6,97588.0,55594,2.9
MN,55127,2087,"850 East County Rd E, Vadnais Heights, MN 55127",Ramsey,urban,3.02,3.02,3.02,3.02,1.6,80.2,7.4,110767.0,18601,2.9
MN,55129,2643,"10240 Hudson Rd, Woodbury, MN 55129",Washington,urban,3.52,3.52,3.52,3.52,5.1,70.1,3.2,152532.0,29714,2.9
MN,55304,1999,"1851 Bunker Lake Blvd Nw, Andover, MN 55304",Anoka,rural,2.86,2.86,2.86,2.86,2.8,87.9,2.3,120854.0,49175,2.8
MN,55311,2882,"9451 Dunkirk Ln N, Maple Grove, MN 55311",Hennepin,urban,3.26,3.26,3.26,3.26,7.3,79.8,1.6,143375.0,37797,2.9
MN,55313,1577,"1315 Highway 25 N, Buffalo, MN 55313",Hennepin,rural,3.56,3.52,3.52,3.52,0.1,92.5,3.2,88893.0,25268,2.9
MN,55330,3209,"18185 Zane St Nw, Elk River, MN 55330",Anoka,rural,3.32,3.32,3.32,3.32,3.2,87.0,3.2,108077.0,44149,2.8
MN,55337,5977,"12200 River Ridge Blvd, Burnsville, MN 55337",Dakota,urban,3.07,3.07,3.07,3.07,14.1,63.9,9.4,83575.0,47697,2.9
MN,55344,1855,"12195 Singletree Ln, Eden Prairie, MN 55344",Hennepin,urban,3.07,3.07,3.07,3.07,15.1,51.2,8.9,90861.0,14759,2.9
MN,55350,1738,"1300 Highway 15 S, Hutchinson, MN 55350",McLeod,rural,3.52,3.52,3.52,3.52,0.4,91.5,4.4,72133.0,18636,2.8
MN,55355,4374,"2301 East Frontage Road, Litchfield, MN 55355",Meeker,rural,3.86,3.86,3.86,3.86,0.0,92.4,5.9,70167.0,9552,2.8
MN,55362,3624,"9320 Cedar St, Monticello, MN 55362",Wright,rural,3.52,3.52,3.52,3.52,0.5,86.6,6.1,90873.0,19885,2.8
MN,55371,3102,"300 21st Ave N, Princeton, MN 55371",Benton,rural,3.26,3.26,3.26,3.26,0.2,93.1,2.3,89238.0,17500,2.8
MN,55379,3513,"8101 Old Carriage Ct, Shakopee, MN 55379",Scott,rural,3.07,3.07,3.07,3.07,7.6,63.7,10.1,103278.0,48318,2.9
MN,55420,2198,"700 American Blvd E, Bloomington, MN 55420",Hennepin,urban,3.07,3.07,3.07,3.07,17.3,55.6,12.5,73527.0,23433,2.9
MN,55430,5625,"1200 Shingle Creek Crossing, Brooklyn Center, MN 55430",Hennepin,urban,2.86,,,,29.1,35.5,16.4,74368.0,23363,2.9
MN,55432,1952,"8450 University Ave Ne, Fridley, MN 55432",Anoka,urban,2.86,2.86,2.86,2.86,17.2,59.2,12.6,75288.0,32670,2.8
MN,55434,5976,11505 Ulysses St Ne,Anoka,urban,2.86,2.86,2.86,2.86,9.2,70.9,5.2,88593.0,32682,2.8
MN,55445,1864,"8000 Lakeland Ave N, Brooklyn Park, MN 55445",Hennepin,urban,3.26,3.26,3.26,3.26,15.8,47.2,7.4,101820.0,13459,2.9
MN,55448,1562,"13020 Riverdale Dr Nw, Coon Rapids, MN 55448",Anoka,urban,2.86,,,,9.3,76.7,5.3,92596.0,29170,2.8
MN,55720,1929,"1308 Highway 33 S, Cloquet, MN 55720",Carlton,rural,3.62,3.62,3.62,3.62,0.9,82.2,2.3,62750.0,17511,2.8
MN,55744,1609,"100 Se 29th St, Grand Rapids, MN 55744",Itasca,rural,3.07,3.07,3.07,3.07,0.7,90.8,1.7,64158.0,20207,2.3
MN,55746,2937,"12080 Highway 169 W, Hibbing, MN 55746",Itasca,rural,3.92,3.92,3.92,3.92,1.9,93.2,1.5,53209.0,16963,2.3
MN,55768,4849,"8580 Rock Ridge Dr, Mountain Iron, MN 55768",St. Louis,rural,3.52,3.52,3.52,3.52,0.2,95.4,0.9,66023.0,2649,2.3
MN,55811,1757,"4740 Mall Dr, Hermantown, MN 55811",St. Louis,rural,3.07,3.07,3.07,3.07,1.2,91.8,1.5,74809.0,27832,2.3
MN,55901,1971,3400 55th St Nw,Olmsted,urban,3.67,3.67,3.67,3.67,11.4,71.1,5.4,85890.0,58015,2.8
MN,55904,2812,25 25th St Se,Olmsted,rural,3.67,3.67,3.67,3.67,10.1,74.5,6.8,73588.0,28816,2.8
MN,55912,4257,"1000 18th Ave Nw, Austin, MN 55912",Freeborn,rural,3.62,3.62,3.62,3.62,5.2,68.1,16.0,63467.0,29316,2.8
MN,55987,5397,"955 Frontenac Dr, Winona, MN 55987",Winona,rural,3.32,3.32,3.32,3.32,1.9,89.8,3.2,58356.0,34052,2.8
MN,56001,1473,"1881 E Madison Ave, Mankato, MN 56001",Blue Earth,rural,3.52,3.52,3.52,3.52,6.1,83.8,4.5,65317.0,50524,2.8
MN,56007,1020,"1550 Blake Ave, Albert Lea, MN 56007",Freeborn,rural,3.86,3.86,3.86,,1.5,79.2,13.8,62113.0,21621,2.8
MN,56031,3806,"1250 Goemann Rd, Fairmont, MN 56031",Martin,rural,3.52,3.48,3.48,3.48,0.8,88.0,8.0,58647.0,11861,2.8
MN,56073,3760,"1720 Westridge Rd, New Ulm, MN 56073",Blue Earth,rural,3.67,3.67,3.67,3.67,1.1,93.6,3.0,67047.0,17418,2.8
MN,56093,1038,"2103 State St N, Waseca, MN 56093",Rice,rural,3.86,3.86,3.86,3.86,0.7,85.3,8.9,69965.0,12658,2.8
MN,56187,2820,"1055 Ryans Rd, Worthington, MN 56187",Jackson,rural,3.52,3.48,3.48,3.48,7.0,43.4,37.6,61164.0,15355,2.8
MN,56201,1470,"700 19th Ave Se, Willmar, MN 56201",Kandiyohi,rural,3.52,3.52,3.52,3.52,10.3,64.8,21.0,64573.0,24685,2.8
MN,56258,1722,"1221 E Main St, Marshall, MN 56258",Lyon,rural,3.76,3.76,3.76,3.76,4.6,78.8,8.1,65903.0,15593,2.7
MN,56265,1858,"3001 E Highway 7, Montevideo, MN 56265",Chippewa,rural,3.92,3.92,3.92,3.92,1.9,85.8,8.9,60885.0,7666,2.8
MN,56283,1865,"1410 E Bridge St, Redwood Falls, MN 56283",Redwood,rural,3.92,3.92,3.92,3.92,0.0,89.7,3.5,67766.0,6410,2.8
MN,56301,3088,"3601 2nd St South, St Cloud, MN 56301",Stearns,rural,3.32,3.32,3.32,3.32,18.7,68.5,4.5,66436.0,35150,2.8
MN,56303,1633,"21 County Road 120, Sartell, MN 56303",Stearns,urban,3.32,,,,9.8,79.5,3.9,64278.0,25299,2.8
MN,56308,1632,"4611 State Highway 29 S, Alexandria, MN 56308",Douglas,rural,3.67,,3.67,3.67,0.4,93.5,2.6,70915.0,26369,2.8
MN,56345,1634,"15091 18th St Ne, Little Falls, MN 56345",Morrison,rural,3.43,3.43,3.43,3.43,0.3,94.7,1.6,57639.0,15121,2.8
MN,56378,4253,"205 12th St S, Sauk Centre, MN 56378",Stearns,rural,3.76,3.72,3.72,3.72,0.5,90.9,4.7,73947.0,8517,2.8
MN,56425,1654,"7295 Glory Rd, Baxter, MN 56425",Crow Wing,rural,2.46,2.46,2.46,2.46,0.8,95.3,2.2,67195.0,8626,2.8
MN,56470,4244,"1303 Charles St, Park Rapids, MN 56470",Becker,rural,3.76,3.72,3.72,3.72,0.5,92.0,3.0,65305.0,10653,2.8
MN,56482,4246,"100 Juniper Ave, Wadena, MN 56482",Otter Tail,rural,3.76,3.72,3.72,3.72,0.6,92.3,3.2,54310.0,7456,2.8
MN,56501,2957,"1583 Highway 10 W, Detroit Lakes, MN 56501",Becker,rural,3.43,3.43,3.43,3.43,0.5,91.6,0.8,68413.0,18085,2.8
MN,56529,1627,"415 34th St N, Dilworth, MN 56529",Clay,rural,3.82,3.82,3.82,3.82,5.1,86.7,6.1,84602.0,4621,2.8
MN,56537,1696,"3300 State Highway 210 W, Fergus Falls, MN 56537",Otter Tail,rural,3.62,3.62,3.62,3.62,1.1,91.8,1.7,59824.0,19870,2.8
MN,56601,3233,"2025 Paul Bunyan Dr Nw, Bemidji, MN 56601",Beltrami,rural,3.67,3.67,3.67,3.67,1.1,80.5,2.8,65939.0,34476,2.3
MN,56701,3761,"1755 Highway 59 S, Thief River Falls, MN 56701",Marshall,rural,3.76,3.72,3.72,3.72,1.3,88.6,5.0,71781.0,12898,2.3
MN,56716,3758,"1930 Sahlstrom Dr, Crookston, MN 56716",Polk,rural,3.72,3.68,3.68,3.68,1.8,80.9,11.0,54521.0,9048,2.3
MO,63005,2600,"100 Thf Blvd, Chesterfield, MO 63005",Franklin,rural,4.34,4.14,4.0,3.92,1.6,73.8,3.9,183260.0,19734,3.6
MO,63010,1514,"2201 Michigan Ave, Arnold, MO 63010",Jefferson,urban,4.34,4.14,4.0,3.92,0.9,91.2,1.9,74776.0,34744,3.6
MO,63011,1177,"201 Highlands Boulevard Dr, Manchester, MO 63011",St. Louis,urban,4.36,4.16,4.0,3.92,2.2,80.1,3.9,121639.0,36515,3.6
MO,63020,152,"12862 State Route 21, De Soto, MO 63020",Jefferson,rural,4.3,4.1,4.06,4.06,0.0,89.4,1.7,62370.0,20282,3.6
MO,63025,295,"131 Eureka Towne Center Dr, Eureka, MO 63025",Jefferson,rural,4.34,4.14,,4.0,0.3,87.3,3.8,127689.0,17708,3.6
MO,63026,805,"653 Gravois Bluffs Blvd, Fenton, MO 63026",Jefferson,urban,4.34,4.14,4.0,3.92,1.2,88.6,2.4,93400.0,44824,3.6
MO,63028,69,"650 S Truman Blvd, Festus, MO 63028",Jefferson,rural,4.28,4.12,4.0,4.0,1.8,89.7,2.0,71004.0,28276,3.6
MO,63033,5927,"3390 N Highway 67, Florissant, MO 63033",St. Louis,urban,4.33,4.13,3.98,3.92,68.6,25.6,0.8,62997.0,41037,3.6
MO,63044,1188,"11900 St Charles Rock Rd, Bridgeton, MO 63044",St. Louis,rural,4.33,4.13,3.98,3.92,17.2,65.7,10.1,71188.0,10821,3.6
MO,63049,313,"2700 Ridge Point Dr, High Ridge, MO 63049",Jefferson,rural,4.34,4.14,4.0,3.92,0.5,91.5,1.6,83631.0,17455,3.6
MO,63080,65,"350 Park Ridge Rd, Sullivan, MO 63080",Crawford,rural,4.37,4.17,4.03,4.0,0.9,90.2,2.2,61169.0,13530,3.6
MO,63084,99,"1445 E Central Ct, Union, MO 63084",Franklin,rural,4.36,4.16,4.02,4.0,1.6,88.7,2.1,69079.0,20071,3.6
MO,63090,172,"1701 A Roy Dr, Washington, MO 63090",Franklin,rural,4.36,4.16,4.02,4.0,0.2,92.9,1.6,79373.0,22105,3.6
MO,63119,3061,"7437 Watson Road, Shrewsbury, MO 63119",St. Louis,urban,4.34,4.14,4.0,3.92,8.2,78.7,3.3,97963.0,34732,3.6
MO,63122,2694,"1202 S Kirkwood Rd, Kirkwood, MO 63122",St. Louis,urban,4.34,4.14,4.0,3.92,3.7,85.8,2.2,124718.0,41416,3.6
MO,63125,2213,3270 Telegraph Rd,St. Louis,urban,4.34,4.14,4.0,3.92,4.7,85.1,2.8,58755.0,32750,3.6
MO,63136,1265,10741 West Florissant Ave,St. Louis,urban,4.33,4.13,3.98,3.92,89.7,6.3,0.6,37810.0,42385,3.6
MO,63143,5150,"1900 Maplewood Commons Dr, Maplewood, MO 63143",St. Louis,urban,4.34,4.14,4.0,3.92,10.3,74.5,3.1,59583.0,9097,3.6
MO,63303,1161,"2897 Veterans Memorial Pkwy, Saint Charles, MO 63303",St. Charles,urban,4.33,4.13,4.02,4.02,6.8,80.0,4.2,94658.0,47285,3.6
MO,63304,648,"1661 Jungermann Rd, Saint Peters, MO 63304",St. Charles,urban,4.34,4.14,4.02,4.02,3.9,87.9,3.4,111114.0,42738,3.6
MO,63334,145,"3 Town Center Dr, Bowling Green, MO 63334",Lincoln,rural,4.34,4.14,4.0,4.0,10.0,84.6,0.6,51059.0,7534,3.6
MO,63366,2616,"1307 Highway K, O Fallon, MO 63366",St. Charles,rural,4.34,4.14,4.02,4.02,4.4,84.3,4.4,91698.0,52746,3.6
MO,63367,5313,"6100 Ronald Reagan Dr, Lake Saint Louis, MO 63367",St. Charles,urban,4.34,4.14,4.02,4.02,5.3,85.1,4.0,131657.0,27371,3.6
MO,63376,5421|5427,45 Sutters Mill Road,St. Charles,urban,4.34,4.14,4.02,4.02,4.6,87.0,2.1,93140.0,74967,3.6
MO,63379,60,"101 Highway 47 E, Troy, MO 63379",Lincoln,rural,4.36,4.16,4.0,3.88,2.4,90.7,3.3,84766.0,27318,3.6
MO,63383,1021,"500 Warren County Ctr, Warrenton, MO 63383",Lincoln,rural,4.34,4.14,4.0,4.0,1.0,91.4,3.9,71311.0,15041,3.6
MO,63385,243,"1971 Wentzville Pkwy, Wentzville, MO 63385",St. Charles,rural,4.34,4.14,4.02,4.02,5.5,86.7,3.0,109802.0,48535,3.6
MO,63401,609,"3650 Stardust Dr, Hannibal, MO 63401",Marion,rural,4.36,4.16,4.12,4.12,6.2,89.5,0.8,59395.0,21167,3.2
MO,63501,189,"2206 N Baltimore St, Kirksville, MO 63501",Adair,rural,4.43,4.26,4.12,4.12,4.9,87.4,2.4,48157.0,20924,3.2
MO,63552,783,"705 E Briggs Dr, Macon, MO 63552",Macon,rural,4.42,4.24,4.12,4.12,3.4,88.5,2.5,55589.0,7305,3.2
MO,63601,95,"407 N State St, Desloge, MO 63601",St. Francois,rural,4.32,4.12,4.0,4.0,0.1,94.0,0.9,52270.0,16424,3.6
MO,63640,37,"707 Walton Dr, Farmington, MO 63640",Ste. Genevieve,rural,4.32,4.12,4.0,4.0,3.7,90.4,2.6,57569.0,29073,3.6
MO,63645,337,"1025 Walton Dr, Fredericktown, MO 63645",Madison,rural,4.32,4.13,4.02,4.02,1.2,93.7,2.8,52493.0,11638,3.6
MO,63664,173,"1 Memorial Dr, Potosi, MO 63664",Washington,rural,4.3,4.12,3.97,3.97,0.2,91.3,2.2,53967.0,9039,3.6
MO,63701,7072|188,2021 Independence Street,Cape Girardeau,rural,4.33,,,,9.5,80.8,3.5,64661.0,37821,3.6
MO,63755,122,"3051 E Jackson Blvd, Jackson, MO 63755",Cape Girardeau,rural,4.33,4.16,4.02,3.93,1.6,93.3,1.7,77581.0,27269,3.6
MO,63775,82,"1750 S Perryville Blvd, Perryville, MO 63775",Bollinger,rural,4.32,4.13,4.02,4.02,0.7,93.4,2.8,61408.0,16130,3.6
MO,63801,9,"1303 S Main St, Sikeston, MO 63801",Mississippi,rural,3.34,4.42,4.26,4.13,19.0,72.7,2.8,53026.0,22273,4.0
MO,63841,30,"2025 W Business Us Highway 60, Dexter, MO 63841",Stoddard,rural,4.36,4.18,4.06,4.06,1.1,93.3,2.3,52483.0,13346,4.0
MO,63857,190,"1500 1st St, Kennett, MO 63857",Dunklin,rural,4.63,4.44,4.32,4.32,12.2,76.2,3.6,54235.0,12125,4.3
MO,63863,453,"1007 N Douglass St, Malden, MO 63863",Dunklin,rural,4.5,4.33,4.18,4.17,11.4,79.0,2.7,39660.0,5424,4.3
MO,63901,7127|19,3001 Oak Grove Road,Butler,rural,4.36,4.17,4.03,3.96,6.0,85.5,2.2,47157.0,34545,4.0
MO,64014,5149|184,1700 N 7 Hwy,Jackson,urban,4.42,4.22,4.08,4.0,7.2,80.8,6.7,83205.0,27964,3.2
MO,64024,195,"2203 Patsy Ln, Excelsior Springs, MO 64024",Clay,rural,4.42,4.22,4.08,4.0,4.1,85.2,5.2,77087.0,15158,3.2
MO,64037,326,"1180 W 19th St, Higginsville, MO 64037",Johnson,rural,4.48,4.38,4.26,4.26,6.2,88.0,2.2,87561.0,6217,3.2
MO,64055,6500|1014,3411 S. Noland Road,Jackson,urban,4.42,4.22,4.16,3.24,10.9,75.9,9.0,66447.0,36162,3.2
MO,64075,2856,"201 Se Salem St, Oak Grove, MO 64075",Jackson,rural,4.42,4.22,4.07,4.07,2.2,93.7,1.8,83125.0,11780,3.2
MO,64082,4590,3410 Sw Market St,Cass,rural,4.42,4.22,4.08,4.0,9.6,79.5,4.9,133533.0,19261,3.2
MO,64083,319,"2015 W Foxwood Dr, Raymore, MO 64083",Cass,rural,4.42,4.22,4.08,4.0,10.1,76.9,5.3,95327.0,24733,3.2
MO,64085,325,"908 Walton Way, Richmond, MO 64085",Ray,rural,4.44,4.24,4.12,4.12,2.1,91.7,3.7,65361.0,8372,3.2
MO,64086,573,1000 Ne Sam Walton Ln,Jackson,rural,4.42,4.22,4.08,4.0,3.8,82.6,6.9,107677.0,24030,3.2
MO,64093,61,"301 E Cooper St, Warrensburg, MO 64093",Johnson,rural,4.52,4.34,4.18,4.06,3.5,84.7,4.4,57664.0,27432,3.2
MO,64119,1120|2442,"7207 N M1 Hwy, Gladstone, MO 64119",Clay,urban,4.42,4.22,4.08,4.06,7.6,74.5,9.7,77763.0,32294,3.2
MO,64133,4553,11601 E Us Highway 40,Jackson,urban,4.42,4.22,4.08,4.0,37.3,47.0,10.6,64289.0,37442,3.2
MO,64138,1094,"10300 E Highway 350, Raytown, MO 64138",Jackson,urban,4.42,4.22,4.08,4.0,49.6,39.5,4.4,53226.0,24183,3.2
MO,64145,2955,1701 W 133rd St,Jackson,rural,4.42,4.22,4.08,3.96,9.1,76.3,5.6,93493.0,5132,3.2
MO,64154,2857,8551 N Boardwalk Ave,Platte,rural,4.72,4.62,4.08,4.44,10.9,71.5,7.6,87323.0,12999,3.2
MO,64158,234,8301 N Church Rd,Clay,urban,4.42,4.22,4.08,4.12,4.7,66.5,18.5,101189.0,7091,3.2
MO,64424,834,"810 S 37th St, Bethany, MO 64424",Harrison,rural,4.48,4.27,4.12,4.12,2.1,91.7,3.3,53552.0,3806,2.9
MO,64429,109,"2000 N Walnut St, Cameron, MO 64429",Caldwell,rural,4.46,4.26,4.12,4.12,7.6,86.0,2.1,57620.0,12480,3.2
MO,64468,801,"1605 S Main St, Maryville, MO 64468",Nodaway,rural,4.48,4.27,4.12,4.12,3.1,91.5,2.1,51973.0,14283,2.9
MO,64503,2994,3022 S Belt Hwy,Buchanan,rural,4.44,4.24,4.16,4.13,2.1,86.5,5.1,52197.0,12033,3.2
MO,64506,560,4201 N Belt Hwy,Andrew,urban,4.46,4.26,4.16,4.13,6.7,78.0,7.4,60657.0,22241,2.9
MO,64601,135,"1000 Graves St, Chillicothe, MO 64601",Daviess,rural,4.43,4.26,4.12,4.12,3.4,91.1,2.3,58526.0,11979,3.2
MO,64628,203,"937 Park Circle Dr, Brookfield, MO 64628",Chariton,rural,4.43,4.26,4.12,4.12,1.3,94.4,2.0,55735.0,5590,3.2
MO,64701,96,"1700 N State Route 291, Harrisonville, MO 64701",Cass,rural,4.44,4.24,4.12,4.0,0.4,92.0,2.1,67959.0,14474,3.2
MO,64730,888,"400 S Fran, Butler, MO 64730",Bates,rural,4.44,4.36,4.22,4.22,3.6,91.8,1.8,45833.0,6651,3.2
MO,64735,20,"1712 E Ohio St, Clinton, MO 64735",Benton,rural,4.5,4.33,4.18,4.06,1.2,92.2,2.3,54741.0,13419,3.2
MO,64759,338,"29 Sw 1st Ln, Lamar, MO 64759",Barton,rural,4.43,4.34,4.36,4.36,0.4,92.9,2.6,44224.0,7803,3.2
MO,64772,34,"2250 Lincoln Ave, Nevada, MO 64772",Vernon,rural,4.43,4.34,4.18,4.18,0.8,91.9,3.0,54353.0,12958,3.2
MO,64801,4057|4470|79,1600 East 7th St,Jasper,rural,4.43,4.34,4.18,4.06,2.9,82.9,5.8,51503.0,37027,3.2
MO,64804,4478|59,2426 S Maiden Ln,Jasper,rural,4.44,4.34,4.18,4.06,1.6,84.0,6.6,59563.0,37043,3.2
MO,64836,13,"2705 Grand Ave, Carthage, MO 64836",Jasper,rural,4.43,4.34,4.18,4.06,1.6,68.6,22.7,51116.0,25464,3.2
MO,64850,17,"3200 Lusk Dr, Neosho, MO 64850",McDonald,rural,4.43,4.34,4.18,4.16,1.2,78.2,8.6,56937.0,23931,3.2
MO,64856,5261,"100 Commercial Ln, Pineville, MO 64856",McDonald,rural,4.48,4.38,4.23,4.12,1.0,88.1,1.0,46068.0,3724,3.2
MO,64870,267,"1212 S Madison St, Webb City, MO 64870",Jasper,rural,4.43,,,,2.0,88.6,2.2,61606.0,15700,3.2
MO,65020,89,"94 Cecil St, Camdenton, MO 65020",Camden,rural,4.36,4.26,4.12,4.12,0.9,92.7,3.4,56466.0,14963,3.4
MO,65026,44,"1802 S Business 54, Eldon, MO 65026",Miller,rural,4.86,4.12,3.9,3.77,0.0,94.7,2.2,43676.0,11246,3.4
MO,65065,815,"4252 Highway 54, Osage Beach, MO 65065",Camden,rural,4.36,4.26,4.12,4.12,1.8,85.6,9.9,58464.0,6841,3.4
MO,65066,354,"1888 Highway 28, Owensville, MO 65066",Crawford,rural,4.47,4.28,4.16,4.16,0.0,95.4,1.1,59261.0,5983,3.6
MO,65084,357,"1003 W Newton St, Versailles, MO 65084",Moniteau,rural,4.37,4.27,4.13,4.13,0.6,92.9,2.6,50739.0,7332,3.4
MO,65101,5477,401 Supercenter Dr,Callaway,rural,4.37,4.18,4.12,4.12,19.8,73.8,2.5,68657.0,30144,3.4
MO,65109,29,724 Stadium West Blv,Cole,rural,4.37,4.18,4.12,4.12,6.8,82.8,3.5,71844.0,40191,3.4
MO,65201,159|451,415 Conley Rd,Boone,rural,4.44,4.26,4.12,4.12,8.6,75.9,4.6,42274.0,48537,3.4
MO,65203,80,3001 W Broadway,Boone,rural,4.42,4.22,4.12,4.12,9.1,77.2,2.8,75543.0,59673,3.4
MO,65233,820,"2150 Main St, Boonville, MO 65233",Cooper,rural,4.42,4.22,4.06,4.06,8.1,83.7,2.8,60061.0,10903,3.4
MO,65251,51,"1701 N Bluff St, Fulton, MO 65251",Callaway,rural,4.42,4.22,4.06,4.06,6.5,87.2,2.2,69195.0,21172,3.4
MO,65265,25,"4820 S Clark St, Mexico, MO 65265",Audrain,rural,4.42,4.22,4.08,4.12,4.4,85.2,4.6,51089.0,15403,3.4
MO,65270,40,"1301 E Highway 24, Moberly, MO 65270",Monroe,rural,4.42,4.22,4.08,4.0,7.0,84.6,2.6,43808.0,16888,3.4
MO,65301,219,"3201 W Broadway Blvd, Sedalia, MO 65301",Cooper,rural,4.52,4.34,4.18,4.06,3.3,82.2,9.5,56271.0,34994,3.4
MO,65340,363,"855 Cherokee Dr, Marshall, MO 65340",Pettis,rural,4.42,4.22,4.08,4.0,6.1,71.9,15.1,53971.0,15805,3.4
MO,65355,250,"103 W Polk St, Warsaw, MO 65355",Benton,rural,4.43,4.34,4.36,4.36,0.4,92.2,2.4,47795.0,10836,3.2
MO,65401,101,"500 S Bishop Ave, Rolla, MO 65401",Dent,rural,4.47,4.28,4.14,4.06,2.8,85.1,2.7,50366.0,32444,3.6
MO,65453,895,"100 Ozark Dr, Cuba, MO 65453",Crawford,rural,4.5,4.32,4.17,4.16,0.6,94.0,2.8,54088.0,9093,3.6
MO,65483,166,"1433 S Sam Houston Blvd, Houston, MO 65483",Texas,rural,4.43,4.34,4.18,4.18,0.3,92.6,1.4,43594.0,4667,3.6
MO,65536,14,"1800 S Jefferson Ave, Lebanon, MO 65536",Camden,rural,4.42,4.32,4.16,4.04,0.5,91.0,2.8,49587.0,29974,3.4
MO,65548,871,"101 W Us Highway 60, Mountain View, MO 65548",Howell,rural,4.44,4.36,4.22,4.22,0.1,94.6,2.5,49411.0,6577,3.6
MO,65560,27,"1101 W Highway 32, Salem, MO 65560",Crawford,rural,4.48,4.32,4.16,4.16,0.5,91.7,2.2,49598.0,13305,3.6
MO,65584,21,"185 Saint Robert Blvd, Saint Robert, MO 65584",Pulaski,rural,4.43,4.34,4.18,4.18,8.0,62.9,13.1,60507.0,10535,3.4
MO,65605,92,"3020 S Elliott Ave, Aurora, MO 65605",Barry,rural,4.42,4.32,4.17,4.17,0.1,87.7,6.0,51238.0,11705,3.2
MO,65608,56,"1309 Nw 12th Ave, Ava, MO 65608",Douglas,rural,4.42,4.32,4.17,4.17,0.4,94.4,1.3,47561.0,8389,3.3
MO,65613,46,"2451 S Springfield Ave, Bolivar, MO 65613",Polk,rural,4.42,4.32,4.17,4.17,2.0,92.3,2.3,51951.0,17701,3.2
MO,65616,32|4381,2050 W 76 Country Blvd,Stone,rural,4.42,4.32,4.16,4.04,2.3,82.9,9.1,55167.0,27811,3.3
MO,65622,845,"1250 W Dallas St, Buffalo, MO 65622",Dallas,rural,4.42,4.32,4.17,4.17,0.0,92.8,5.0,33149.0,7756,3.3
MO,65625,914,"1401 Old Exeter Road, Cassville, MO 65625",Barry,rural,4.43,4.34,4.18,4.18,0.9,91.2,4.0,58627.0,7549,3.2
MO,65706,78,"14740 State Highway 38, Marshfield, MO 65706",Greene,rural,4.42,4.32,4.16,4.16,0.4,92.1,1.7,70315.0,16623,3.2
MO,65708,48,"885 E Us Highway 60, Monett, MO 65708",Barry,rural,4.44,4.34,,4.22,0.2,69.9,23.4,49994.0,13114,3.2
MO,65711,88,"2100 N Main Ave, Mountain Grove, MO 65711",Douglas,rural,4.43,4.34,4.18,4.18,0.0,89.0,3.8,43903.0,8536,3.3
MO,65712,7249,"500 W Mount Vernon Blvd, Mount Vernon, MO 65712",Lawrence,rural,4.42,4.32,4.17,4.17,0.7,93.7,2.4,60270.0,9381,3.2
MO,65714,2702,"1102 N Massey Blvd, Nixa, MO 65714",Christian,rural,4.42,4.32,4.16,4.03,0.8,89.4,4.8,77475.0,34681,3.3
MO,65721,379,"2004 W Marler Ln, Ozark, MO 65721",Christian,rural,4.42,4.32,4.16,4.03,1.1,92.3,3.1,72055.0,33581,3.3
MO,65737,2175,"18401 State Hwy 13, Branson West, MO 65737",Christian,rural,4.42,4.32,4.17,4.17,0.4,91.0,4.4,56957.0,8062,3.3
MO,65738,1009,"1150 Us Highway 60 E, Republic, MO 65738",Christian,rural,4.42,4.32,4.16,4.03,2.4,90.6,2.2,66504.0,20507,3.3
MO,65775,15,"1310 Preacher Roe Blvd, West Plains, MO 65775",Douglas,rural,4.44,4.36,4.22,4.12,0.3,94.6,1.9,47216.0,25173,3.3
MO,65791,837,"333 E Walnut St, Thayer, MO 65791",Oregon,rural,4.47,4.37,4.22,4.22,0.0,92.8,2.6,42045.0,4234,4.0
MO,65802,3062|3111,3536 W Mount Vernon St,Greene,rural,4.42,4.32,4.16,4.03,3.6,84.7,4.7,48304.0,46532,3.2
MO,65803,86|138,2825 N Kansas Expy,Greene,rural,4.42,4.32,4.16,4.03,4.5,82.6,5.1,45440.0,42975,3.2
MO,65804,5693|2221,1320 S Glenstone Ave,Greene,urban,4.42,4.32,4.16,4.03,2.1,89.8,3.1,55775.0,39032,3.2
MO,65807,2839|179|444,444 W Grand Street,Greene,urban,4.42,4.32,4.16,4.03,4.2,82.4,4.9,48029.0,55384,3.2
MO,65809,3238,3720 East Sunshine Street,Greene,rural,4.42,4.32,4.16,4.03,1.0,89.0,2.2,102103.0,11341,3.2
MO,65810,5692,3150 W Republic Rd,Greene,urban,4.42,,,,2.2,87.2,4.1,85126.0,22408,3.2
MS,38606,1468,"205 House Carlson Dr, Batesville, MS 38606",Lafayette,rural,4.4,4.4,4.4,4.42,44.1,51.6,0.8,59444.0,15509,4.9
MS,38614,707,"1000 S State St, Clarksdale, MS 38614",Bolivar,rural,4.46,4.46,4.46,4.46,77.3,17.4,2.1,36225.0,16530,4.9
MS,38632,5419,"2600 Mcingvale Rd, Hernando, MS 38632",DeSoto,rural,3.16,3.16,3.16,3.16,12.8,81.6,2.5,80956.0,29491,4.6
MS,38635,303,"950 Mackie Dr, Holly Springs, MS 38635",Benton,rural,4.62,4.62,4.62,4.62,70.7,25.2,0.3,55723.0,15608,4.9
MS,38637,3593|6964,2401 Goodman Rd W,DeSoto,urban,3.12,3.12,3.12,3.18,44.1,42.2,8.8,57111.0,26652,4.6
MS,38652,153,"202 Park Plaza Dr, New Albany, MS 38652",Union,rural,4.46,4.46,4.46,4.46,19.8,68.9,8.2,54879.0,15071,4.9
MS,38654,2846,"7950 Craft Goodman Frontage Rd, Olive Branch, MS 38654",DeSoto,rural,3.02,3.02,3.02,3.02,30.0,60.3,4.6,96145.0,56449,4.6
MS,38655,699,"2530 Jackson Ave W, Oxford, MS 38655",Lafayette,rural,4.46,4.46,4.46,4.46,25.0,69.0,2.3,59963.0,45290,4.9
MS,38663,176,"822 City Ave S, Ripley, MS 38663",Benton,rural,5.22,3.66,3.66,3.66,11.2,78.1,6.0,48519.0,11868,4.9
MS,38668,155,"5219 Highway 51 N, Senatobia, MS 38668",Panola,rural,4.42,4.42,4.42,4.42,35.8,60.1,1.9,67077.0,14076,4.9
MS,38701,182,"1831 Highway 1 S, Greenville, MS 38701",Washington,rural,4.56,4.56,4.56,4.56,70.9,26.2,0.7,36358.0,21738,4.9
MS,38732,1530,"710 N Davis Ave, Cleveland, MS 38732",Bolivar,rural,4.52,4.52,4.52,4.52,54.2,37.7,2.8,44095.0,16741,4.9
MS,38751,347,"633 Highway 82 W, Indianola, MS 38751",Sunflower,rural,4.52,4.52,4.52,4.52,80.0,18.7,0.8,37176.0,10455,4.9
MS,38801,4619|391,316 S Gloster Street,Lee,rural,4.12,4.12,4.12,4.12,45.7,45.3,6.0,60141.0,29680,5.2
MS,38804,258,3929 N Gloster St,Itawamba,rural,4.12,,,,29.9,65.5,0.7,61070.0,16824,5.2
MS,38821,118,"1515 Highway 278 E, Amory, MS 38821",Monroe,rural,4.46,4.46,4.46,4.46,16.0,79.0,2.5,57206.0,12222,5.2
MS,38829,114,"300 Walmart Cir, Booneville, MS 38829",Prentiss,rural,4.46,4.46,4.46,4.46,9.1,82.9,0.7,51013.0,17749,4.9
MS,38834,105,"2301 S Harper Rd, Corinth, MS 38834",Alcorn,rural,2.78,2.78,2.78,2.78,10.0,81.0,4.1,48031.0,27521,4.9
MS,38843,273,"100 Interchange Dr, Fulton, MS 38843",Itawamba,rural,4.46,4.46,4.46,4.46,11.6,83.7,0.9,52083.0,11463,5.2
MS,38851,411,"660 E Madison St, Houston, MS 38851",Chickasaw,rural,5.22,3.66,3.28,3.24,36.7,51.9,8.2,39544.0,9475,5.2
MS,38863,164,"100 Mccord Rd, Pontotoc, MS 38863",Lafayette,rural,4.46,4.46,4.46,4.46,16.1,72.6,8.0,54641.0,18465,4.9
MS,38901,1074,"1655 Sunset Dr, Grenada, MS 38901",Carroll,rural,4.48,4.48,4.48,4.48,47.5,50.0,0.2,44820.0,18263,5.2
MS,38930,716,"2202 Highway 82 W, Greenwood, MS 38930",Carroll,rural,4.72,4.72,4.72,4.72,70.3,25.1,3.4,34072.0,23682,5.2
MS,39046,3059,"244 Feather Ln, Canton, MS 39046",Madison,rural,4.56,4.56,4.56,4.56,62.5,32.6,3.4,46565.0,28460,5.4
MS,39051,305,"905 Highway 16 W, Carthage, MS 39051",Attala,rural,4.38,4.38,4.38,4.38,40.5,47.0,7.0,41647.0,15238,5.2
MS,39056,1710,"950 Highway 80 E, Clinton, MS 39056",Hinds,rural,3.82,3.82,3.82,3.82,42.1,51.5,1.8,71667.0,27760,5.4
MS,39074,1059,"1309 Highway 35 S, Forest, MS 39074",Scott,rural,4.42,4.42,4.42,4.42,38.2,44.2,15.9,44555.0,13684,5.4
MS,39083,954,"527 Lake St, Hazlehurst, MS 39083",Copiah,rural,4.62,4.62,4.62,,68.6,24.4,5.0,40407.0,8745,5.4
MS,39090,239,"220 Veterans Memorial Dr, Kosciusko, MS 39090",Attala,rural,4.36,4.36,4.36,4.36,43.4,50.5,3.5,41026.0,12510,5.2
MS,39110,2720,"127 Grandview Blvd, Madison, MS 39110",Madison,rural,3.82,3.82,3.82,3.82,16.5,76.0,1.6,123606.0,46642,5.4
MS,39111,1192,"1625 Simpson Highway 49, Magee, MS 39111",Simpson,rural,4.43,4.43,4.43,4.43,23.4,70.8,4.2,43806.0,8889,5.6
MS,39120,874,"314 Sgt Prentiss Dr, Natchez, MS 39120",Adams,rural,4.42,4.42,4.42,4.42,53.6,36.2,7.2,38255.0,29526,5.2
MS,39157,875,"815 S Wheatley St, Ridgeland, MS 39157",Madison,rural,3.82,,,,41.3,45.9,6.8,66513.0,24624,5.4
MS,39180,708,"2150 Iowa Blvd, Vicksburg, MS 39180",Warren,rural,4.62,4.62,4.62,4.62,51.9,43.2,2.2,53293.0,29769,5.2
MS,39194,3060,"2129 Grand Ave, Yazoo City, MS 39194",Humphreys,rural,4.62,4.62,4.62,4.62,68.4,25.3,4.9,35754.0,20525,5.2
MS,39204,903,"2711 Greenway Dr, Jackson, MS 39204",Hinds,urban,3.82,3.82,3.82,3.82,89.7,5.4,2.3,28618.0,14149,5.4
MS,39208,365,"5520 Highway 80 E, Pearl, MS 39208",Rankin,rural,3.82,3.82,3.82,3.82,34.6,58.4,3.5,57893.0,33371,5.4
MS,39218,2939,"200 Market Place Dr, Richland, MS 39218",Rankin,rural,3.82,3.82,3.82,3.82,19.7,70.5,3.4,53457.0,6882,5.4
MS,39232,2755,"5341 Highway 25, Flowood, MS 39232",Rankin,rural,3.82,,,,26.0,62.2,3.7,88817.0,9429,5.4
MS,39272,6469,"131 Handley Blvd, Byram, MS 39272",Hinds,rural,3.82,3.82,3.82,3.82,75.9,21.0,1.3,72209.0,13731,5.4
MS,39301,3990|981,3310-a Highway 39 North,Clarke,rural,4.12,4.12,4.12,4.12,40.7,54.7,2.7,40776.0,22937,5.6
MS,39307,1271,2400 Highway 19 N,Lauderdale,rural,4.12,4.12,4.12,4.12,70.3,26.7,0.2,23917.0,15763,5.6
MS,39339,183,"159 Highway 15 S, Louisville, MS 39339",Winston,rural,4.42,4.42,4.42,4.42,50.4,45.8,1.4,40582.0,14341,5.4
MS,39345,1069,"231 Eastside Dr, Newton, MS 39345",Jasper,rural,4.56,4.56,4.56,4.56,60.5,37.0,1.2,41132.0,5464,5.6
MS,39350,205,"1002 W Beacon St, Philadelphia, MS 39350",Kemper,rural,4.42,4.42,4.42,4.42,26.0,50.0,0.2,48008.0,23804,5.4
MS,39367,785,"1350 Azalea Dr, Waynesboro, MS 39367",Clarke,rural,4.46,4.46,4.46,4.46,38.1,55.3,5.0,34371.0,14332,5.6
MS,39402,916|2717,6072 U S Highway 98,Covington,rural,4.46,4.46,4.46,4.46,30.0,61.0,4.4,68157.0,44020,5.6
MS,39429,1168,"1001 Highway 98 Byp, Columbia, MS 39429",Jefferson Davis,rural,4.56,4.56,4.56,4.56,33.3,63.6,1.0,38933.0,15815,5.6
MS,39440,501,"1621 Highway 15 N, Laurel, MS 39440",Jones,urban,4.43,4.43,4.43,4.43,63.2,32.0,3.7,38400.0,20459,5.6
MS,39452,1260,"11228 Old 63 S, Lucedale, MS 39452",George,rural,4.66,4.66,4.66,4.66,6.7,87.8,3.2,52957.0,28368,5.8
MS,39465,887,"36 Byrd Blvd, Petal, MS 39465",Forrest,rural,4.46,4.46,4.46,4.46,11.2,82.8,2.9,67971.0,23008,5.8
MS,39466,970,"235 Frontage Rd, Picayune, MS 39466",Hancock,rural,4.36,4.36,4.36,4.36,17.1,73.9,4.3,47131.0,28433,5.8
MS,39503,6323|969,11333 Highway 49,Harrison,rural,4.02,4.02,4.02,4.02,28.9,58.2,5.7,62005.0,53049,5.8
MS,39507,6165,1733 East Pass Road,Harrison,urban,4.02,4.02,4.02,4.02,24.2,64.9,5.9,52158.0,18151,5.8
MS,39531,6849|1088,2050 Pass Road,Harrison,urban,4.02,4.02,4.02,4.02,19.5,61.8,9.3,56424.0,18766,5.8
MS,39532,4586,1820-a Popps Ferry Rd,Harrison,rural,4.02,4.02,4.02,4.02,14.7,71.8,4.1,63291.0,36004,5.8
MS,39540,6166|2715,10290 D'iberville Rd,Harrison,urban,4.02,4.02,4.02,4.02,16.9,64.7,5.6,52625.0,12922,5.8
MS,39564,5776|1346,6412 Washington Avenue,Jackson,rural,4.02,4.02,4.02,4.02,8.7,74.9,8.0,71860.0,41748,5.8
MS,39571,5079,"1617 E Beach Blvd, Pass Christian, MS 39571",Hancock,rural,4.02,4.02,4.02,4.02,15.3,75.5,5.3,60198.0,14010,5.8
MS,39576,1195,"460 Highway 90, Waveland, MS 39576",Hancock,rural,4.42,4.42,4.42,4.42,14.6,78.9,3.0,59643.0,6228,5.8
MS,39577,3528,"1053 Frontage Dr E, Wiggins, MS 39577",Forrest,rural,4.66,4.66,4.66,4.66,22.2,71.4,2.1,44329.0,11133,5.8
MS,39581,1066,"4253 Denny Ave, Pascagoula, MS 39581",Jackson,rural,4.5,4.5,4.5,4.5,39.7,38.2,18.8,36576.0,11755,5.8
MS,39601,816,"960 Brookway Blvd, Brookhaven, MS 39601",Franklin,rural,4.42,4.42,4.42,4.42,36.0,61.0,1.9,45318.0,23520,5.2
MS,39648,1025,"1608 Veterans Blvd, Mccomb, MS 39648",Pike,rural,4.12,4.12,4.12,4.12,60.2,36.3,1.7,38870.0,20071,5.4
MS,39705,495,"1913 Highway 45 N, Columbus, MS 39705",Lowndes,rural,4.42,4.42,4.42,4.42,29.3,58.2,5.7,75940.0,12285,5.2
MS,39759,5459|112,105 Market Street,Clay,rural,3.94,3.94,3.94,3.94,38.2,54.4,1.9,42761.0,43243,5.2
MS,39773,115,"5509 Highway 45 Alt S, West Point, MS 39773",Clay,rural,4.62,4.62,4.62,4.62,60.4,38.0,0.0,37437.0,14799,5.2
MT,59044,4412,"101 Bernhardt Rd, Laurel, MT 59044",Carbon,rural,3.76,3.76,3.76,3.76,0.6,87.8,4.8,83687.0,12851,2.4
MT,59102,1956,2525 King Ave W,Yellowstone,urban,3.76,3.76,3.76,3.76,0.5,87.5,5.5,72044.0,48480,2.4
MT,59105,2923,1649 Main St,Yellowstone,rural,3.76,3.76,3.76,3.76,0.3,85.9,6.3,75985.0,34895,2.4
MT,59301,2608,"3205 Stower St, Miles City, MT 59301",Custer,rural,3.76,3.76,3.76,3.76,0.2,89.4,3.6,60997.0,11610,2.4
MT,59404,2455,701 Smelter Ave Ne,Cascade,rural,3.96,3.96,3.96,3.96,0.6,87.7,4.0,77829.0,28417,1.8
MT,59405,7199,5320 10th Ave S,Cascade,rural,3.96,3.96,3.96,3.96,2.7,79.9,5.2,53901.0,34010,1.8
MT,59501,4247,"3510 Us Highway 2 W, Havre, MT 59501",Blaine,rural,3.96,3.96,3.96,,0.2,79.7,4.2,62188.0,12358,2.0
MT,59601,1872,"2750 Prospect Ave, Helena, MT 59601",Lewis and Clark,rural,3.96,3.96,3.96,3.96,0.8,90.1,3.5,65696.0,31447,1.7
MT,59701,1901,"3901 Harrison Ave, Butte, MT 59701",Deer Lodge,rural,3.96,3.96,3.96,3.96,0.2,89.6,4.6,55818.0,33990,1.8
MT,59715,2084,"1500 N 7th Ave, Bozeman, MT 59715",Gallatin,rural,3.76,3.76,3.76,3.76,0.8,87.2,4.0,76708.0,39061,2.0
MT,59804,2147,4000 Hwy 93 South,Missoula,rural,3.96,,,,0.0,89.5,1.5,78551.0,7847,1.8
MT,59808,3259,3555 Mullan Rd,Missoula,rural,3.96,3.96,3.96,3.96,0.2,87.0,2.3,72702.0,22921,1.8
MT,59860,2607,"36318 Memory Ln, Polson, MT 59860",Lake,rural,3.96,3.96,3.96,3.96,0.3,71.9,3.8,57204.0,11528,2.0
MT,59901,2259,"170 Hutton Ranch Rd, Kalispell, MT 59901",Flathead,rural,3.96,3.96,3.96,3.96,0.2,90.4,3.4,67936.0,60177,2.0
MT,82801,1508,"1695 Coffeen Ave, Sheridan, WY 82801",Big Horn,rural,4.03,4.03,4.03,,0.3,89.3,5.4,67276.0,25665,2.4
NC,27012,6243,"3633 Clemmons Rd, Clemmons, NC 27012",Davidson,rural,2.46,2.46,2.46,2.46,4.8,81.0,7.2,91003.0,28173,5.6
NC,27021,6789,"204 Ingram Dr, King, NC 27021",Forsyth,rural,3.98,3.98,3.98,3.98,1.4,92.9,4.2,59316.0,16678,5.4
NC,27027,3305,"6711 Nc Highway 135, Mayodan, NC 27027",Rockingham,rural,3.98,3.98,3.98,3.98,4.4,87.5,2.0,43768.0,4209,5.4
NC,27028,1096,"261 Cooper Creek Dr, Mocksville, NC 27028",Davie,rural,3.98,3.98,3.98,,4.7,79.8,10.2,58298.0,26025,5.6
NC,27030,1039,"2241 Rockford St, Mount Airy, NC 27030",Stokes,rural,3.58,3.58,3.58,3.58,5.0,82.5,9.6,44653.0,37035,5.4
NC,27103,6264|2472,180 Harvey Street,Forsyth,urban,2.46,2.46,2.46,2.46,16.5,63.7,12.0,59073.0,34970,5.4
NC,27104,6814,"5175 Brookberry Park Ave, Winston Salem, NC 27104",Forsyth,urban,2.46,,,,10.2,75.6,6.9,75592.0,30256,5.4
NC,27105,1849,320 E Hanes Mill Rd,Forsyth,urban,2.42,,,,58.5,18.8,18.4,34873.0,41043,5.4
NC,27106,6263,5039 University Pkwy,Forsyth,urban,2.42,2.42,2.42,2.42,28.9,52.2,13.0,63308.0,48823,5.4
NC,27127,3626,3475 Parkway Village Ct,Davidson,urban,2.46,2.46,2.46,2.46,23.6,49.4,22.0,60235.0,41958,5.6
NC,27203,1132,"1226 E Dixie Dr, Asheboro, NC 27203",Randolph,urban,2.66,2.66,2.66,2.66,13.7,51.1,28.4,43879.0,21982,5.6
NC,27209,2908,"201 Montgomery Xing, Biscoe, NC 27209",Montgomery,rural,4.02,4.02,4.02,4.02,12.1,38.9,46.2,49271.0,4521,5.6
NC,27215,1287,3141 Garden Rd,Alamance,rural,2.92,,,,19.8,65.6,9.4,63844.0,45982,5.4
NC,27217,3612,530 S Graham Hopedale Rd,Alamance,rural,2.92,2.92,2.92,2.92,30.9,40.5,24.3,50450.0,40036,5.4
NC,27263,7206|1613,"10250 S Main St, Archdale, NC 27263",Guilford,rural,2.68,2.68,2.68,2.68,13.6,64.3,8.9,51423.0,21597,5.4
NC,27265,5013|4477,4102 Precision Way,Davidson,urban,2.62,2.62,2.62,2.62,22.5,58.8,7.3,68621.0,50977,5.6
NC,27278,1191,"501 Hampton Pointe B, Hillsborough, NC 27278",Durham,rural,4.02,4.02,4.02,4.02,11.3,72.9,10.5,94525.0,28048,5.4
NC,27284,6828|2793,1035 Beesons Field Drive,Davidson,rural,2.82,2.82,2.82,2.82,12.2,72.2,10.4,75707.0,56773,5.6
NC,27288,1558,"304 E Arbor Ln, Eden, NC 27288",Rockingham,rural,4.14,4.14,4.14,4.14,21.4,68.9,5.2,49219.0,23604,5.4
NC,27292,1322,160 Lowes Blvd,Davidson,rural,2.88,2.88,2.88,2.92,16.1,72.4,6.9,49809.0,40338,5.6
NC,27295,7205,90 W Us Highway 64,Davidson,rural,2.88,2.88,2.88,2.88,5.2,82.9,7.0,59526.0,38895,5.6
NC,27302,5346,"1318 Mebane Oaks Rd, Mebane, NC 27302",Alamance,rural,3.98,3.98,3.98,3.98,18.0,64.1,8.3,77308.0,34394,5.4
NC,27317,2704,"1021 High Point St, Randleman, NC 27317",Guilford,rural,2.66,2.66,2.66,2.66,4.1,82.4,9.6,58285.0,18092,5.4
NC,27320,3304,"1624 Nc 14 Hwy, Reidsville, NC 27320",Caswell,rural,3.98,3.98,3.98,3.98,24.2,63.9,6.0,50070.0,37213,5.4
NC,27332,1774,"3310 Nc Highway 87 S, Sanford, NC 27332",Harnett,rural,2.92,2.92,2.92,2.92,16.2,60.0,18.5,71554.0,33892,5.8
NC,27344,2845,"14215 Us Highway 64 W, Siler City, NC 27344",Chatham,rural,3.98,3.98,3.98,3.98,17.6,46.2,29.5,60133.0,18894,5.6
NC,27360,3503,"1585 Liberty Dr Ste 1, Thomasville, NC 27360",Davidson,rural,3.38,3.38,3.38,3.38,11.4,71.8,11.4,56383.0,47432,5.6
NC,27405,3658,2107 Pyramid Village Blvd,Guilford,urban,2.62,2.62,2.62,2.62,55.0,21.5,13.4,42497.0,51962,5.4
NC,27406,5393|5320,1050 Alamance Church Rd,Guilford,rural,2.62,2.62,2.62,2.62,55.8,26.5,10.1,53222.0,64386,5.4
NC,27407,5014|1842,3605 High Point Rd,Guilford,urban,2.62,2.62,2.62,2.62,40.9,31.8,12.4,56198.0,54257,5.4
NC,27410,6176|1498,5611 W. Friendly Avenue,Guilford,urban,2.62,2.62,2.62,2.62,15.7,69.8,4.8,80271.0,54951,5.4
NC,27502,3889,"3151 Apex Peakway, Apex, NC 27502",Chatham,urban,2.48,2.48,2.48,2.48,6.8,69.7,6.8,130683.0,47943,5.6
NC,27513,2414,973 N Harrison Ave,Wake,urban,2.82,2.82,2.82,2.82,8.5,65.2,9.1,116669.0,47195,5.6
NC,27517,3182,"12500 Us 15 501 N, Chapel Hill, NC 27517",Chatham,rural,4.14,4.14,4.14,4.14,8.4,70.1,9.8,117757.0,27761,5.6
NC,27518,2247,2010 Kildaire Farm Rd,Wake,urban,2.48,2.48,2.48,2.48,6.5,75.2,3.4,117647.0,19102,5.6
NC,27519,4157,2750 Nc 55 Hwy,Chatham,urban,2.82,2.82,2.82,2.82,7.7,45.8,5.7,154632.0,66046,5.6
NC,27520,5046,"805 Town Centre Blvd, Clayton, NC 27520",Johnston,rural,2.48,2.48,2.48,2.48,22.4,60.3,14.2,82694.0,46059,5.8
NC,27526,2836,"1051 E Broad St, Fuquay Varina, NC 27526",Harnett,rural,2.48,2.48,2.48,2.48,12.9,70.7,10.6,90325.0,56866,5.8
NC,27529,5743,"5141 Nc Highway 42 W, Garner, NC 27529",Johnston,rural,2.48,2.48,2.48,2.48,23.5,59.6,11.3,80021.0,53223,5.8
NC,27530,4564,2908 Us Highway 70 W,Wayne,rural,2.82,2.82,2.82,2.82,40.7,47.5,7.2,52466.0,37447,5.8
NC,27534,7334|7340|1236,4350 Us 70 Hwy East,Greene,rural,2.82,2.82,2.82,2.82,34.3,51.9,7.2,56745.0,30742,5.8
NC,27536,2256,"200 N Cooper Dr, Henderson, NC 27536",Vance,urban,2.88,2.88,2.88,2.88,63.0,24.8,9.9,39028.0,15383,5.4
NC,27540,4458,"7016 Gb Alford Hwy, Holly Springs, NC 27540",Chatham,rural,2.48,2.48,2.48,2.48,9.8,74.2,6.2,121108.0,44843,5.6
NC,27545,1816,"7106 Knightdale Blvd, Knightdale, NC 27545",Wake,urban,2.48,2.48,2.48,2.48,39.3,35.6,16.8,81507.0,32684,5.6
NC,27549,1953,"705 Retail Way, Louisburg, NC 27549",Franklin,rural,3.98,3.98,3.98,3.98,25.7,61.8,9.7,61581.0,25193,5.6
NC,27560,4147|4250,3560 Davis Dr,Durham,urban,2.82,2.82,2.82,2.82,14.0,36.8,4.1,110458.0,38567,5.4
NC,27565,1579,"1015 Lewis St, Oxford, NC 27565",Granville,rural,4.02,4.02,4.02,4.02,36.8,49.1,9.3,57169.0,25938,5.4
NC,27573,1288,"1049 Durham Rd Ste A, Roxboro, NC 27573",Person,rural,3.98,3.98,3.98,3.98,35.5,47.2,9.1,45057.0,11664,5.4
NC,27577,1321,"1299 N Brightleaf Blvd, Smithfield, NC 27577",Johnston,rural,3.49,3.19,3.19,3.19,20.1,56.6,18.7,57281.0,26778,5.8
NC,27587,5254,"2114 S Main St, Wake Forest, NC 27587",Franklin,rural,2.48,2.48,2.48,2.48,14.8,70.9,7.2,116593.0,78666,5.6
NC,27597,4499,"841 E Gannon Ave, Zebulon, NC 27597",Franklin,rural,3.98,3.98,3.98,3.98,22.5,58.1,14.7,77283.0,27962,5.6
NC,27603,1372,4500 Fayetteville Rd,Johnston,urban,2.48,2.48,2.48,2.48,16.7,62.5,13.9,84569.0,53535,5.8
NC,27609,2058,1725 New Hope Church Rd,Wake,urban,2.48,2.48,2.48,2.48,15.4,66.7,13.2,78118.0,35038,5.6
NC,27610,5292,4431 New Bern Ave,Johnston,urban,2.48,2.48,2.48,2.48,60.3,15.5,18.5,62900.0,81219,5.8
NC,27612,1751,6600 Glenwood Ave,Wake,urban,2.56,2.56,2.56,,12.8,72.9,5.5,94710.0,39546,5.6
NC,27616,4484,8000 Town Dr.,Wake,urban,2.48,2.48,2.48,2.48,38.3,32.2,19.2,77566.0,57599,5.6
NC,27617,5118,10050 Glenwood Ave,Durham,urban,3.02,3.02,3.02,3.02,20.0,62.2,4.6,102207.0,19202,5.4
NC,27704,1614,1525 Glenn School Rd,Durham,urban,4.02,4.02,4.02,4.02,51.1,22.8,20.0,59237.0,41966,5.4
NC,27707,2137,5450 New Hope Commons Dr,Durham,urban,2.72,2.72,,2.72,34.7,40.9,14.8,69579.0,50696,5.4
NC,27804,1197,"1511 Benvenue Rd, Rocky Mount, NC 27804",Nash,rural,3.08,3.08,3.08,3.08,50.3,39.1,5.1,54604.0,29646,5.6
NC,27834,7222|1379,2830 Gateway Drive,Beaufort,rural,2.52,2.52,2.52,,53.8,33.9,7.9,44515.0,54547,5.8
NC,27856,4459,"1205 Eastern Ave, Nashville, NC 27856",Nash,rural,3.08,3.08,3.08,3.08,36.4,55.3,3.3,63180.0,16826,5.6
NC,27858,7337|5851,1826 E. Arlington Blvd,Pitt,rural,2.52,2.52,2.52,2.52,21.4,67.5,5.0,56533.0,57075,5.8
NC,27870,1502,"251 Premier Blvd, Roanoke Rapids, NC 27870",Halifax,rural,3.78,3.78,3.78,3.78,41.6,47.1,4.6,44416.0,25279,5.6
NC,27886,2730,"110 River Oaks Dr, Tarboro, NC 27886",Edgecombe,rural,3.78,3.78,,3.78,47.0,39.6,11.0,47766.0,18341,5.6
NC,27889,1354,"570 Pamlico Plz, Washington, NC 27889",Beaufort,rural,3.77,3.77,3.77,3.77,27.4,59.4,9.1,49382.0,24515,5.8
NC,27892,1641,"1529 Washington St, Williamston, NC 27892",Beaufort,rural,3.77,3.77,3.77,3.77,38.1,53.5,5.1,46425.0,13960,5.8
NC,27893,4545|1664,2700 Ward Blvd,Wilson,rural,2.82,2.82,2.82,2.82,52.5,28.0,15.6,37737.0,38929,5.8
NC,27909,1527,"101 Tanglewood Pkwy N, Elizabeth City, NC 27909",Camden,rural,3.26,3.26,3.26,3.26,35.1,53.7,6.2,61499.0,40490,5.6
NC,27910,1950,"2150 Us 13 South, Ahoskie, NC 27910",Bertie,rural,3.77,3.77,3.77,3.77,60.4,29.7,3.0,42849.0,10971,5.6
NC,27949,2000,"5400 N Croatan Hwy Ste 100, Kitty Hawk, NC 27949",Dare,rural,3.77,3.77,3.77,3.77,0.8,91.3,2.0,103429.0,7874,5.8
NC,28001,1133,"781 Leonard Ave, Albemarle, NC 28001",Stanly,rural,2.98,2.98,2.98,2.98,15.9,75.4,4.3,54284.0,25949,5.6
NC,28012,5085,"701 Hawley Ave, Belmont, NC 28012",Gaston,rural,2.88,2.88,2.88,2.88,5.3,85.1,3.0,81045.0,26027,5.6
NC,28021,4594,"2505 Lincolnton Hwy, Cherryville, NC 28021",Cleveland,rural,3.88,3.88,3.88,3.88,4.7,89.6,3.2,53377.0,13702,5.6
NC,28027,6586|1027|4574,3905 Concord Parkway S,Cabarrus,urban,2.88,2.88,2.88,2.88,18.4,54.7,13.8,87934.0,79079,5.6
NC,28034,7004,"1300 Dallas Cherryville Rd, Dallas, NC 28034",Gaston,rural,2.86,2.86,2.86,2.86,16.7,68.5,10.2,57496.0,19063,5.6
NC,28037,4274,"7131 Highway 73, Denver, NC 28037",Catawba,rural,2.88,2.88,2.88,2.88,1.8,90.9,4.0,110932.0,24834,5.6
NC,28043,1036,"197 Plaza Dr, Forest City, NC 28043",Rutherford,rural,3.86,3.86,3.86,3.86,13.9,70.0,8.9,43770.0,21264,5.6
NC,28052,5298,223 N Myrtle School Rd,Gaston,rural,2.86,2.86,2.86,2.86,33.6,48.7,13.6,44448.0,35894,5.6
NC,28054,7062,2324 S New Hope Rd,Gaston,urban,2.86,2.86,2.86,2.86,27.3,56.4,8.9,55892.0,40345,5.6
NC,28056,1385,3000 E Franklin Blvd,Gaston,rural,2.86,,,,13.5,71.6,8.7,86118.0,35493,5.6
NC,28078,5879,"11145 Bryton Town Center Dr, Huntersville, NC 28078",Cabarrus,urban,2.88,2.88,2.88,2.88,11.9,72.8,7.1,112278.0,68639,5.6
NC,28079,3700,"2101 Younts Rd, Indian Trail, NC 28079",Union,rural,2.5,2.5,2.5,2.5,8.2,76.8,7.0,94991.0,40539,5.8
NC,28083,2005,"2420 Supercenter Dr Ne, Kannapolis, NC 28083",Cabarrus,urban,2.88,2.88,2.88,2.88,25.2,57.9,11.4,57054.0,25746,5.6
NC,28086,7146,"1011 Shelby Road, Kings Mountain, NC 28086",Cleveland,rural,3.28,3.28,3.28,3.28,17.1,75.1,4.0,59020.0,28652,5.6
NC,28092,1209,"306 N Generals Blvd, Lincolnton, NC 28092",Catawba,rural,3.88,3.88,3.88,3.88,8.8,76.2,10.9,59979.0,41002,5.6
NC,28097,5747,"1876 Main St W, Locust, NC 28097",Cabarrus,rural,3.98,3.98,3.98,,1.2,94.5,3.4,56000.0,7162,5.6
NC,28110,877,"2406 W Roosevelt Blvd, Monroe, NC 28110",Union,rural,2.5,2.5,2.5,2.5,11.5,65.5,19.2,81495.0,54577,5.8
NC,28115,4431,966 East Iredell,Iredell,rural,3.08,3.08,3.08,3.08,8.0,80.6,5.2,80837.0,41386,5.6
NC,28117,1156,169 Norman Station Blvd,Iredell,urban,3.08,3.08,3.08,3.08,6.5,78.7,6.1,104449.0,47574,5.6
NC,28144,1552,"323 S Arlington St, Salisbury, NC 28144",Rowan,rural,2.66,2.66,3.76,2.66,36.1,50.1,9.7,50938.0,27049,5.6
NC,28152,1034,"705 E Dixon Blvd, Shelby, NC 28152",Cleveland,rural,3.58,3.58,3.58,3.58,24.9,64.2,4.4,51549.0,25873,5.6
NC,28173,7180,"2520 Cuthbertson Rd, Waxhaw, NC 28173",Union,rural,2.32,2.32,2.32,2.32,8.7,72.7,7.0,144544.0,62501,5.8
NC,28205,1666,3850 E Independence Blvd,Mecklenburg,urban,2.88,2.88,2.88,2.88,26.7,45.2,19.6,68418.0,51160,5.6
NC,28208,3371,3240 Wilkinson Blvd,Mecklenburg,urban,2.88,2.88,2.88,2.88,61.4,15.2,13.7,48819.0,40502,5.6
NC,28216,5481,9820 Callabridge Ct,Mecklenburg,urban,2.88,2.88,2.88,2.88,61.8,21.2,10.3,58579.0,53422,5.6
NC,28226,4848|1452,8322 Pineville Matthews Rd,Mecklenburg,urban,2.72,2.72,2.72,2.72,8.2,74.2,11.4,116220.0,38475,5.6
NC,28227,4148|1821,8800 East W T Harris Blvd,Mecklenburg,urban,2.88,2.88,2.88,2.88,29.7,46.5,16.5,72119.0,59904,5.6
NC,28262,6233|2134,11530 N Tryon St,Cabarrus,urban,2.88,2.88,2.88,2.88,47.4,27.6,7.9,63631.0,45186,5.6
NC,28270,5063,1830 Galleria Blvd,Mecklenburg,urban,2.72,,,,13.0,64.9,8.8,120894.0,34169,5.6
NC,28273,1464,8180 S Tryon St,Mecklenburg,urban,2.88,2.88,2.88,2.88,41.2,23.9,22.6,83822.0,46663,5.6
NC,28303,1238,1550 Skibo Rd,Cumberland,urban,3.16,3.16,3.16,3.16,35.8,38.6,10.9,50620.0,30468,5.8
NC,28304,3600|3595,970 Strickland Bridge Road,Cumberland,urban,3.16,3.16,3.16,3.16,38.8,37.2,14.3,54444.0,36289,5.8
NC,28306,6879,2820 Gillespie St.,Bladen,rural,3.16,3.16,3.16,3.16,31.9,44.4,14.0,61053.0,43736,5.8
NC,28311,1261,4601 Ramsey St,Cumberland,rural,3.16,3.16,3.76,3.16,40.6,40.2,9.0,55849.0,34683,5.8
NC,28314,3411,8660 Cliffdale Road,Cumberland,urban,3.16,3.16,3.16,3.16,49.9,24.8,15.9,57151.0,57908,5.8
NC,28315,1097,"250 Turner St, Aberdeen, NC 28315",Hoke,rural,3.26,3.26,3.26,3.26,16.9,68.4,4.4,68776.0,13997,5.8
NC,28326,6958,"2800 Nc 24-87, Cameron, NC 28326",Harnett,rural,3.16,3.16,3.16,3.16,25.6,53.7,13.4,78270.0,25713,5.8
NC,28328,2580,"1415 Sunset Ave, Clinton, NC 28328",Sampson,rural,3.98,3.98,3.98,3.98,27.5,43.4,24.4,47087.0,26101,5.8
NC,28337,1166,"1347 W Broad St, Elizabethtown, NC 28337",Bladen,rural,3.98,3.98,3.98,3.98,35.9,54.1,7.5,36762.0,8920,5.8
NC,28339,1237,"590 E Jackson Blvd, Erwin, NC 28339",Harnett,rural,3.98,3.98,3.98,3.98,25.8,60.6,9.8,48958.0,6508,5.8
NC,28348,3456|2929,4220 Legion Road,Cumberland,rural,3.16,3.16,3.16,3.16,27.6,49.4,12.9,65407.0,38665,5.8
NC,28352,1255,"901 Us Highway 401 S, Laurinburg, NC 28352",Scotland,rural,3.98,3.98,3.98,3.98,42.0,38.2,4.1,40794.0,24403,5.8
NC,28358,7209|1155,2985 E Elizabethtown Rd,Robeson,rural,3.08,3.08,3.08,3.08,31.8,37.9,8.6,45595.0,34093,5.8
NC,28365,3701,"308 Nc Highway 55 W, Mount Olive, NC 28365",Duplin,rural,3.98,3.98,,3.98,20.7,55.2,19.7,48406.0,14898,5.8
NC,28372,5489,"930 Highway 711 East, Pembroke, NC 28372",Robeson,rural,4.14,4.14,4.14,4.14,11.2,10.6,1.4,33788.0,12346,5.8
NC,28376,5787,"4545 Fayetteville Rd, Raeford, NC 28376",Hoke,rural,3.16,3.16,3.16,3.16,35.6,38.5,14.8,59427.0,43457,5.8
NC,28379,1010,"720 E Us Highway 74, Rockingham, NC 28379",Richmond,rural,3.56,3.56,3.56,3.56,28.9,58.9,8.3,45298.0,24537,5.8
NC,28384,7329,"120 S Odom Rd, Saint Pauls, NC 28384",Bladen,rural,3.98,3.98,3.98,3.98,23.6,32.7,31.4,42016.0,10146,5.8
NC,28390,1312,"670 Lillington Hwy, Spring Lake, NC 28390",Cumberland,rural,3.16,,,,31.9,40.7,15.9,53547.0,24902,5.8
NC,28403,1392,5226 Sigmon Rd,New Hanover,urban,2.28,2.28,2.28,2.28,12.0,76.6,6.2,50757.0,39628,6.0
NC,28411,4065,8035 Market Street,New Hanover,rural,2.28,2.28,2.28,2.28,6.5,81.2,5.0,91121.0,36536,6.0
NC,28412,1348,5135 Carolina Beach Rd,New Hanover,urban,2.28,2.28,2.28,2.28,8.0,78.7,7.3,62850.0,42122,6.0
NC,28425,7243,"908 Nc Highway 53 E, Burgaw, NC 28425",Pender,rural,4.16,4.16,4.16,4.16,24.0,65.7,5.9,63750.0,10903,6.0
NC,28443,7162,"420 Fun Center Dr, Surf City, NC 28443",Pender,rural,3.98,3.98,3.98,3.98,4.7,83.9,3.9,86162.0,25655,6.0
NC,28451,4273,"1112 New Pointe Blvd, Leland, NC 28451",Brunswick,rural,2.28,2.28,2.28,2.32,13.1,72.4,8.4,71534.0,42073,6.0
NC,28461,2772,"1675 N Howe St, Southport, NC 28461",Brunswick,rural,4.14,4.14,4.14,4.14,4.4,89.2,3.3,77470.0,22255,6.0
NC,28466,1352,"5625 S Nc 41 Hwy, Wallace, NC 28466",Duplin,rural,3.98,3.98,3.98,3.98,16.4,68.9,10.9,59163.0,8470,5.8
NC,28470,1767,"4540 Main St. B 3079, Shallotte, NC 28470",Brunswick,rural,3.98,3.98,3.98,3.98,15.1,73.0,7.7,58843.0,10645,6.0
NC,28472,1268,"200 Columbus Corners Dr, Whiteville, NC 28472",Columbus,rural,3.98,3.98,3.98,3.98,29.1,58.8,5.7,41755.0,17854,6.0
NC,28504,1661,"4101 W Vernon Ave, Kinston, NC 28504",Jones,rural,3.68,3.68,3.68,3.68,31.9,59.6,5.7,46043.0,20321,6.0
NC,28529,7238,"11233 B Nc 55 Hwy, Grantsboro, NC 28529",Pamlico,rural,4.14,4.14,4.14,4.14,5.6,91.2,1.6,61875.0,1776,6.0
NC,28532,3825,"566 Us Highway 70 W, Havelock, NC 28532",Craven,rural,3.98,3.98,3.98,3.98,19.1,58.5,12.3,61389.0,20301,6.0
NC,28540,3864,561 Yopp Rd,Onslow,rural,3.48,3.48,3.48,3.48,15.0,63.4,11.4,58242.0,50207,6.0
NC,28546,7137|1298,4250 Western Boulevard,Onslow,rural,3.48,3.48,3.48,3.48,21.2,53.5,17.3,56434.0,47841,6.0
NC,28557,1355,"300 Nc Highway 24, Morehead City, NC 28557",Carteret,urban,3.98,3.98,3.98,3.98,4.8,84.2,4.9,62947.0,15379,6.0
NC,28562,1300,3105 Dr M L King Jr Blvd,Craven,rural,3.02,,,,19.9,69.3,6.3,73010.0,38048,6.0
NC,28570,7098,"6645 Highway 70, Newport, NC 28570",Carteret,rural,3.98,3.98,3.98,3.98,2.6,85.0,7.0,73008.0,21518,6.0
NC,28574,7009,"349 Kinston Hwy, Richlands, NC 28574",Duplin,rural,3.48,3.48,3.48,3.48,8.9,79.2,7.0,61312.0,19987,5.8
NC,28584,7179,"1109 W Corbett Ave, Swansboro, NC 28584",Carteret,rural,3.98,,,,2.2,87.5,5.1,74698.0,14197,6.0
NC,28590,7235,"3801 S Memorial Dr, Winterville, NC 28590",Pitt,rural,2.52,2.52,2.52,2.52,30.3,59.2,3.6,81951.0,26154,5.8
NC,28601,3504,2415 Springs Road Ne,Alexander,urban,3.52,3.52,3.52,3.52,7.8,74.1,9.3,65158.0,53172,5.6
NC,28602,7315|948,483 Hwy 70 Sw,Burke,rural,3.52,3.52,3.52,3.52,12.1,69.2,9.1,53180.0,29298,5.6
NC,28607,2496,"200 Watauga Village Dr, Boone, NC 28607",Watauga,rural,3.98,3.98,3.98,3.98,2.1,90.2,4.1,45476.0,35423,5.4
NC,28613,4224,"201 Zelkova Ct Nw, Conover, NC 28613",Catawba,rural,3.52,3.52,3.52,3.52,3.0,69.4,16.2,55261.0,23916,5.6
NC,28621,1337,"548 Cc Camp Rd, Elkin, NC 28621",Surry,rural,3.98,3.98,3.98,3.98,2.2,82.2,13.3,54493.0,9751,5.4
NC,28625,1662,"1116 Crossroads Dr, Statesville, NC 28625",Alexander,rural,3.67,3.67,3.67,3.67,12.5,72.0,10.3,60569.0,38125,5.6
NC,28630,4410,"4780 Hickory Blvd, Granite Falls, NC 28630",Alexander,rural,3.52,3.52,3.52,3.52,1.8,87.0,6.3,61924.0,20715,5.6
NC,28638,7296,"2794 Hickory Blvd, Hudson, NC 28638",Caldwell,rural,3.52,3.52,3.52,3.52,1.1,91.4,5.3,49489.0,11630,5.6
NC,28645,1064,"935 Blowing Rock Blvd, Lenoir, NC 28645",Burke,rural,3.52,3.52,3.52,3.52,6.3,83.8,6.6,49136.0,46424,5.6
NC,28655,7304|1060,1001 N Green Street,Burke,rural,3.68,3.68,3.68,3.68,8.2,77.1,8.4,51689.0,56692,5.6
NC,28658,4432,"1818 Northwest Blvd, Newton, NC 28658",Catawba,rural,3.52,3.52,3.52,3.52,8.6,70.0,12.0,62265.0,25561,5.6
NC,28681,1131,"901 Nc Highway 16 S, Taylorsville, NC 28681",Alexander,rural,3.98,3.98,3.98,3.98,5.4,87.0,3.9,59309.0,25825,5.6
NC,28694,3289,"1489 Mount Jefferson Rd, West Jefferson, NC 28694",Ashe,rural,3.98,3.98,3.98,3.98,2.1,86.4,9.2,49154.0,6809,5.4
NC,28697,1290,"1801 Us Highway 421, Wilkesboro, NC 28697",Wilkes,rural,3.42,3.42,3.42,3.42,4.5,82.2,9.6,47340.0,13751,5.4
NC,28704,1179,"60 Airport Rd, Arden, NC 28704",Buncombe,rural,2.52,2.52,2.52,2.52,8.4,73.9,10.2,75969.0,22399,5.4
NC,28734,1217,"273 Commons Dr, Franklin, NC 28734",Clay,rural,3.78,3.78,3.78,3.86,1.0,86.6,8.9,48428.0,29040,5.6
NC,28752,1694,"2875 Sugar Hill Rd, Marion, NC 28752",McDowell,rural,3.98,3.98,3.98,3.98,4.5,83.7,7.9,53910.0,30472,5.6
NC,28768,1795,"177 Forest Gate Dr, Pisgah Forest, NC 28768",Transylvania,rural,3.28,3.28,3.28,3.28,1.0,90.7,6.5,63542.0,6720,5.6
NC,28777,2749,"2514 Halltown Rd, Spruce Pine, NC 28777",Avery,rural,3.86,3.86,3.86,3.86,4.9,81.8,9.2,57154.0,10723,5.4
NC,28779,2440,"210 Walmart Plz, Sylva, NC 28779",Jackson,rural,3.86,3.86,3.86,3.86,0.8,87.9,4.0,53470.0,18421,5.6
NC,28786,1663,"135 Town Center Loop, Waynesville, NC 28786",Haywood,rural,3.86,3.86,3.86,3.86,1.3,92.2,4.2,54008.0,21927,5.4
NC,28787,4334,"25 Northridge Commons Pkwy, Weaverville, NC 28787",Buncombe,rural,2.82,2.82,2.82,2.82,1.4,88.8,7.0,67833.0,23208,5.4
NC,28792,1242,"250 Highlands Square Dr, Hendersonville, NC 28792",Buncombe,rural,3.32,3.32,3.32,3.32,4.0,75.4,17.2,52327.0,35885,5.4
NC,28803,4428,1636 Hendersonville Rd,Buncombe,rural,2.52,,,,9.0,79.5,7.3,65642.0,34577,5.4
NC,28805,1317,125 Bleachery Blvd,Buncombe,rural,2.52,2.52,2.52,2.52,9.7,81.0,5.4,61404.0,20017,5.4
NC,28906,515,"2330 Us 19, Murphy, NC 28906",Cherokee,rural,3.96,3.96,3.96,3.96,1.0,92.1,3.1,49426.0,19586,5.4
ND,58075,3875,"1625 Commerce Dr, Wahpeton, ND 58075",Richland,rural,3.95,3.83,3.81,3.69,1.1,89.5,3.2,60451.0,8955,2.6
ND,58103,1581,4731 13th Ave S,Cass,urban,3.95,3.83,3.81,3.69,12.7,73.1,3.3,56786.0,48577,2.8
ND,58104,4352,3757 55th Ave S,Cass,urban,3.95,3.83,3.81,3.69,7.8,84.3,2.0,85919.0,46165,2.8
ND,58201,1545,2551 32nd Ave S,Grand Forks,rural,3.95,,,,4.4,82.2,4.3,65498.0,42353,2.3
ND,58203,5806,5755 Gateway Drive,Grand Forks,rural,3.95,3.83,3.81,3.69,3.6,78.5,6.2,54692.0,16280,2.3
ND,58301,1695,"1424 Hwy 2 E, Devils Lake, ND 58301",Benson,rural,3.95,3.83,3.81,3.69,0.6,81.0,2.7,58272.0,10190,2.3
ND,58318,4569,"912 11th St E, Bottineau, ND 58318",Bottineau,rural,3.95,3.83,3.81,3.69,0.8,88.3,0.6,79830.0,3874,2.3
ND,58401,1649,"921 25th St Sw, Jamestown, ND 58401",Stutsman,rural,3.95,3.83,3.81,3.69,2.1,90.5,2.9,57278.0,17410,2.4
ND,58503,3648,1400 Skyline Blvd,Burleigh,rural,3.95,3.83,3.81,3.69,1.2,89.8,1.6,101618.0,36944,2.4
ND,58504,1534,2717 Rock Island Pl,Burleigh,rural,3.95,3.83,3.81,3.69,0.8,85.7,3.9,79652.0,29545,2.4
ND,58554,2033,"1000 Old Red Trl Nw, Mandan, ND 58554",Morton,rural,3.95,3.83,3.81,3.69,1.5,87.0,4.6,83542.0,28814,2.4
ND,58601,1567,"2456 3rd Ave W, Dickinson, ND 58601",Dunn,rural,3.95,3.83,3.81,3.69,2.6,85.6,6.9,78864.0,29309,2.4
ND,58701,1636,"3900 S Broadway, Minot, ND 58701",Ward,rural,3.95,3.83,3.81,3.69,2.5,82.4,5.0,74753.0,32855,2.3
ND,58801,1565,"4001 2nd Ave W, Williston, ND 58801",Williams,rural,3.95,3.83,3.81,3.69,6.0,75.4,10.3,85913.0,33579,2.3
NE,68008,4568,"1882 Holly St, Blair, NE 68008",Washington,rural,3.48,3.48,3.48,3.48,0.7,95.3,1.8,87196.0,12662,2.6
NE,68025,776,"3010 E 23rd St, Fremont, NE 68025",Dodge,rural,2.92,2.92,2.92,2.92,0.6,79.4,16.2,65775.0,31304,2.6
NE,68028,4600,"11350 Wickersham Blvd, Gretna, NE 68028",Sarpy,rural,3.02,3.02,3.02,3.02,0.1,92.0,3.8,139955.0,17155,2.7
NE,68104,3151,5018 Ames Ave,Douglas,urban,3.02,3.02,3.02,3.02,24.1,48.3,7.8,56480.0,37834,2.7
NE,68116,5141,16960 W Maple Rd,Douglas,urban,3.02,3.02,3.02,3.02,4.9,79.7,5.6,115159.0,33936,2.7
NE,68117,3172,5051 L St,Douglas,urban,3.02,3.02,3.02,3.02,0.6,53.9,42.5,71196.0,8678,2.7
NE,68123,3154|2847,2109 Towne Center Dr,Sarpy,urban,3.02,3.02,3.02,3.02,5.7,71.6,11.3,90019.0,33758,2.7
NE,68124,4358,1606 S 72nd St,Douglas,urban,3.02,3.02,3.02,3.02,4.8,82.7,7.1,96759.0,15187,2.7
NE,68128,3173,"9460 Giles Rd, La Vista, NE 68128",Sarpy,urban,3.02,3.02,3.02,3.02,4.7,79.3,10.4,80488.0,19022,2.7
NE,68130,3267,18201 Wright St,Douglas,urban,3.02,3.02,3.02,3.02,1.3,84.5,5.3,127602.0,21444,2.7
NE,68131,4139,360 North Saddlecreek Road,Douglas,urban,3.02,3.02,3.02,3.02,16.3,62.4,11.4,46172.0,12891,2.7
NE,68133,1671,"8525 S 71st Plz, Papillion, NE 68133",Sarpy,rural,3.02,,,,2.6,82.0,8.7,122533.0,13468,2.7
NE,68134,3152|1637,2451 North 90th Street,Douglas,urban,3.02,3.02,3.02,3.02,15.0,69.1,8.9,64096.0,29580,2.7
NE,68135,3153,6710 S 167th St,Douglas,urban,3.02,3.02,3.02,3.02,2.1,81.6,5.9,134087.0,30216,2.7
NE,68137,5361,12850 L St,Douglas,urban,3.02,3.02,3.02,3.02,3.0,80.3,8.7,80856.0,24580,2.7
NE,68164,4138,13105 Birch Dr,Douglas,urban,3.02,3.02,3.02,3.02,10.6,73.8,7.4,84603.0,29359,2.7
NE,68310,2784,"3620 N 6th St, Beatrice, NE 68310",Gage,rural,3.57,3.57,3.57,3.57,0.9,92.6,3.7,53956.0,14232,2.7
NE,68333,4322,"1800 E 29th St, Crete, NE 68333",Lancaster,rural,3.57,3.57,3.57,3.57,1.1,59.8,33.3,72400.0,8727,2.6
NE,68352,418,"2831 Highway 15, Fairbury, NE 68352",Jefferson,rural,3.58,3.58,3.58,3.58,1.1,90.1,6.3,50735.0,4903,2.6
NE,68410,4209,"2101 S 11th St, Nebraska City, NE 68410",Otoe,rural,3.57,3.57,3.57,3.57,1.1,82.0,11.9,66730.0,8795,2.7
NE,68434,885,"1326 280th, Seward, NE 68434",Seward,rural,3.57,3.57,3.57,3.57,0.4,94.1,3.6,80443.0,9101,2.6
NE,68467,350,"101 E David Dr, York, NE 68467",York,rural,3.57,3.57,3.57,3.57,1.3,88.6,5.9,72051.0,9600,2.6
NE,68507,3823,3400 N 85th St,Lancaster,urban,3.32,3.32,3.32,3.32,1.1,83.6,8.1,70160.0,15788,2.6
NE,68512,2432,2500 Jamie Ln,Lancaster,urban,3.32,3.32,3.32,3.32,3.1,82.8,3.4,99583.0,13990,2.6
NE,68521,1943,4700 N 27th St,Lancaster,urban,3.32,3.32,3.32,3.32,5.3,70.7,10.7,62582.0,38231,2.6
NE,68526,3278,8700 Andermatt Dr,Lancaster,rural,3.32,3.32,3.32,3.32,0.5,88.3,3.8,121900.0,8088,2.6
NE,68601,774,"818 E 23rd St, Columbus, NE 68601",Butler,rural,3.48,3.48,3.48,3.48,0.7,72.1,24.6,67871.0,30224,2.6
NE,68701,645,"2400 W Pasewalk Ave, Norfolk, NE 68701",Madison,rural,3.48,3.48,3.48,3.48,0.9,80.6,13.5,61351.0,31116,2.6
NE,68776,1332,"1601 Cornhusker Dr, South Sioux City, NE 68776",Dakota,rural,3.26,3.26,3.26,3.26,9.7,34.9,46.7,61923.0,15167,2.6
NE,68801,3395,3501 S Locust St,Hall,rural,3.57,,,,4.3,48.7,43.4,58266.0,30277,2.6
NE,68803,1326,2250 N Diers Ave,Hall,rural,3.57,3.57,3.57,3.57,2.1,76.1,18.9,66885.0,25824,2.6
NE,68847,598,"5411 2nd Ave, Kearney, NE 68847",Buffalo,rural,3.57,3.57,3.57,3.57,0.6,82.4,11.2,66818.0,17104,2.5
NE,68850,637,"200 Frontier St, Lexington, NE 68850",Dawson,rural,3.86,3.86,3.86,3.86,11.7,24.0,60.9,66875.0,12175,2.5
NE,68901,1460,"3803 Osborne Dr W, Hastings, NE 68901",Adams,rural,3.57,3.57,3.57,3.57,0.5,81.9,13.3,59579.0,26307,2.6
NE,69001,790,"1902 W B St, Mccook, NE 69001",Frontier,rural,3.86,3.86,3.86,3.86,1.2,91.4,4.4,58557.0,8926,2.5
NE,69101,1585,"1401 S Dewey St, North Platte, NE 69101",Lincoln,rural,3.86,3.86,3.86,3.86,1.3,85.1,10.5,60724.0,28136,2.5
NE,69153,7129,"201 Pony Express Ln, Ogallala, NE 69153",Keith,rural,3.92,3.92,3.92,3.92,2.0,86.9,8.8,59200.0,6007,2.5
NE,69162,5170,"3001 Silverberg Dr, Sidney, NE 69162",Cheyenne,rural,3.92,3.92,3.92,3.92,1.4,85.8,9.3,52672.0,7260,2.4
NE,69337,2579,"510 Linden St, Chadron, NE 69337",Dawes,rural,3.96,3.96,3.96,,3.0,84.7,5.2,52560.0,6552,2.4
NE,69361,867,"3322 Avenue I, Scottsbluff, NE 69361",Scotts Bluff,rural,3.88,3.88,3.88,3.88,0.4,68.6,25.7,57188.0,17231,2.4
NH,03031,1796,"85 State Route 101a, Amherst, NH 03031",Hillsborough,rural,2.62,2.62,2.62,,0.0,93.9,3.4,152796.0,11814,4.5
NH,03038,1753,"11 Ashleigh Drive, Derry, NH 03038",Rockingham,rural,2.52,2.52,2.52,2.52,0.7,89.8,5.8,94655.0,34506,4.5
NH,03042,3535,"35 Fresh River Rd, Epping, NH 03042",Rockingham,rural,3.76,3.76,3.76,3.76,0.4,92.7,2.4,96558.0,7180,4.5
NH,03051,1785,"254 Lowell Rd, Hudson, NH 03051",Hillsborough,rural,3.76,3.76,3.76,3.76,1.4,90.1,2.5,125216.0,25385,4.5
NH,03079,2142,"326 N Broadway, Salem, NH 03079",Rockingham,urban,2.52,2.52,2.52,2.57,0.9,83.1,9.2,101856.0,30350,4.5
NH,03103,2399,"725 Gold St, Manchester, NH 03103",Hillsborough,urban,2.92,2.92,2.92,2.92,4.1,63.9,21.0,68344.0,37093,4.5
NH,03106,1698,"3 Commerce Dr, Hooksett, NH 03106",Merrimack,rural,2.58,2.58,2.58,2.58,1.7,88.7,2.6,100711.0,14654,4.5
NH,03249,2639,"1458 Lake Shore Rd, Gilford, NH 03249",Belknap,rural,3.76,3.76,3.76,3.76,0.0,90.7,2.1,112522.0,7725,4.5
NH,03264,2758,"683 Tenney Mountain Hwy, Plymouth, NH 03264",Grafton,rural,3.76,3.76,3.76,3.76,3.0,88.5,2.9,72025.0,6917,4.4
NH,03276,2369,"33 Sherwood Drive, Tilton, NH 03276",Belknap,rural,3.76,3.76,3.76,3.76,0.7,94.7,1.2,68898.0,8811,4.5
NH,03301,2055,"344 Loudon Rd, Concord, NH 03301",Merrimack,rural,2.62,2.62,2.62,2.62,3.2,84.8,3.5,78394.0,33986,4.5
NH,03431,3549,"350 Winchester St, Keene, NH 03431",Cheshire,rural,2.52,2.52,2.52,2.52,1.0,92.6,2.1,69848.0,24891,4.5
NH,03451,1907,"724 Brattleboro Rd, Hinsdale, NH 03451",Cheshire,rural,3.43,3.43,3.43,3.43,0.0,96.5,0.7,67054.0,3965,4.5
NH,03461,2057,"750 Us Route 202, Rindge, NH 03461",Cheshire,rural,3.76,3.76,3.76,3.24,1.0,85.6,5.7,97794.0,6446,4.5
NH,03561,2681,"615 Meadow St, Littleton, NH 03561",Grafton,rural,3.6,3.82,3.82,3.82,0.0,90.9,3.6,50881.0,6021,4.4
NH,03581,2634,"561 Main St, Gorham, NH 03581",Coos,rural,3.82,3.82,3.82,3.82,0.0,93.6,0.8,58484.0,3285,4.2
NH,03743,1975,"14 Bowen St, Claremont, NH 03743",Sullivan,rural,2.59,2.59,2.59,2.59,1.9,90.5,1.7,53957.0,13647,4.5
NH,03784,2138,"285 Plainfield Rd, West Lebanon, NH 03784",Grafton,rural,3.82,3.82,3.82,,1.5,78.1,2.1,72114.0,4181,4.4
NH,03785,4389,"4901 Dartmouth College Hwy, Woodsville, NH 03785",Grafton,rural,3.82,3.82,3.82,3.82,0.2,93.6,3.8,57216.0,2154,4.4
NH,03801,2398|2130,"2200 Woodbury Ave, Newington, NH 03801",Rockingham,rural,2.58,2.58,2.58,2.58,1.1,87.4,2.4,100839.0,23102,4.5
NH,03860,2140,"46 N South Rd, North Conway, NH 03860",Carroll,rural,3.76,3.76,3.76,3.76,0.0,96.7,1.2,67105.0,4040,4.5
NH,03865,1930,"58 Plaistow Rd, Plaistow, NH 03865",Rockingham,rural,2.98,2.98,2.98,2.98,0.7,84.8,7.2,103788.0,7843,4.5
NH,03867,2330,"116 Farmington Rd, Rochester, NH 03867",Strafford,rural,2.62,2.62,2.62,2.62,0.8,92.7,2.0,74194.0,22349,4.5
NH,03874,1762,"700 Lafayette Rd, Seabrook, NH 03874",Rockingham,rural,2.5,,2.5,2.5,2.4,91.4,2.1,85767.0,8614,4.5
NH,03878,1749,"59 Waltons Way, Somersworth, NH 03878",Strafford,urban,2.62,2.62,2.62,2.62,2.0,84.0,4.6,75833.0,12088,4.5
NJ,07002,5867,"500 Bayonne Crossing Way, Bayonne, NJ 07002",Hudson,urban,4.43,4.26,4.11,4.02,10.4,41.3,34.7,80044.0,70497,5.0
NJ,07005,5077,"300 Wootton St, Boonton, NJ 07005",Morris,rural,4.43,4.26,4.11,4.02,4.3,72.6,11.6,120783.0,15106,4.9
NJ,07026,5752,"174 Passaic St, Garfield, NJ 07026",Bergen,urban,4.43,4.26,4.11,4.02,4.7,51.3,40.4,72026.0,32472,5.0
NJ,07032,5447,"150 Harrison Ave, Kearny, NJ 07032",Hudson,urban,4.43,4.26,4.11,4.02,3.9,32.5,54.7,81307.0,41157,5.0
NJ,07036,3469,"1050 W Edgar Rd, Linden, NJ 07036",Union,urban,4.43,4.26,4.11,4.02,26.6,34.7,33.6,85748.0,44996,5.0
NJ,07047,3795,"2100 88th St, North Bergen, NJ 07047",Hudson,urban,4.43,4.26,4.11,4.02,1.9,20.0,69.7,76053.0,62066,5.0
NJ,07069,5111,"1501 Us Highway 22, Watchung, NJ 07069",Somerset,urban,4.43,4.26,4.11,4.02,0.2,75.0,7.0,152168.0,6651,4.9
NJ,07083,3292,"900 Springfield Rd, Union, NJ 07083",Union,urban,4.43,4.26,4.11,4.02,33.8,31.0,17.8,114938.0,56900,5.0
NJ,07094,3520,"400 Park Pl, Secaucus, NJ 07094",Hudson,urban,4.43,4.26,4.11,4.02,3.8,39.0,20.7,129348.0,21470,5.0
NJ,07095,5281,"360 Us Highway 9 Route N, Woodbridge, NJ 07095",Middlesex,urban,4.43,4.26,4.11,4.02,11.4,40.8,27.3,103481.0,20927,4.9
NJ,07416,2090,"230 State Highway, Franklin, NJ 07416",Sussex,rural,4.43,4.26,3.28,3.24,1.0,80.2,13.1,88557.0,5736,4.7
NJ,07457,3443,"48 State Rt 23, Riverdale, NJ 07457",Morris,urban,4.43,4.26,4.11,4.02,1.6,75.6,15.6,103214.0,4081,4.9
NJ,07608,3159,"1 Teterboro Landing Dr, Teterboro, NJ 07608",Bergen,rural,4.43,4.26,4.11,4.02,4.4,30.8,63.7,,91,5.0
NJ,07663,3562,"189 Us Highway 46, Saddle Brook, NJ 07663",Bergen,urban,4.43,4.26,4.11,4.02,3.9,64.1,23.4,123238.0,14320,5.0
NJ,07728,3236,"326 W Main St, Freehold, NJ 07728",Monmouth,urban,4.43,4.26,4.11,4.02,5.6,67.5,18.1,104417.0,56896,4.9
NJ,07731,2195,"4900 Us Highway 9, Howell, NJ 07731",Monmouth,urban,4.43,4.26,4.11,4.02,3.2,75.9,14.5,129501.0,39684,4.9
NJ,07753,5142,"3575 State Route 66, Neptune, NJ 07753",Monmouth,urban,4.43,4.26,4.11,4.02,27.1,52.2,14.3,85352.0,37243,4.9
NJ,07836,3291,"40 International Dr S, Flanders, NJ 07836",Morris,rural,4.43,4.26,4.11,4.02,2.1,74.4,15.7,141646.0,12034,4.9
NJ,07840,2503,"1885 State Route 57 Ste 100, Hackettstown, NJ 07840",Morris,rural,4.43,4.26,4.11,4.02,6.7,70.7,14.0,104664.0,32952,4.9
NJ,07860,2604,"26 Hampton House Rd, Newton, NJ 07860",Sussex,rural,4.43,4.26,4.11,4.02,3.8,84.3,7.6,103876.0,26507,4.7
NJ,07866,5178,"220 Enterprise Dr, Rockaway, NJ 07866",Morris,urban,4.43,4.26,4.11,4.02,1.3,78.5,12.7,123710.0,22383,4.9
NJ,07927,3598,"235 Ridgedale Ave, Cedar Knolls, NJ 07927",Morris,urban,4.43,4.26,4.11,4.02,0.9,71.3,9.5,138304.0,4181,4.9
NJ,08002,5340,"500 Route 38, Cherry Hill, NJ 08002",Camden,urban,4.43,4.26,4.11,4.02,7.7,65.6,11.0,103031.0,23630,4.7
NJ,08012,1742,"3501 Route 42, Turnersville, NJ 08012",Camden,urban,4.43,,,,10.8,71.3,9.5,86872.0,40320,4.7
NJ,08016,2040,"2106 Mount Holly Rd, Burlington, NJ 08016",Burlington,urban,4.43,4.26,4.11,4.02,34.1,43.6,9.6,88691.0,34710,4.7
NJ,08037,2254,"55 S White Horse Pike, Hammonton, NJ 08037",Atlantic,rural,4.43,4.26,4.11,4.02,2.5,74.6,20.6,79671.0,23392,4.7
NJ,08048,2841,"1740 Route 38, Lumberton, NJ 08048",Burlington,rural,4.43,4.26,4.11,4.02,15.7,67.7,4.9,112540.0,12786,4.7
NJ,08050,1921,"525 Route 72 W, Manahawkin, NJ 08050",Ocean,rural,4.43,4.26,4.11,4.02,0.4,89.8,6.9,103030.0,27097,4.9
NJ,08053,1869,"150 E Route 70, Marlton, NJ 08053",Burlington,urban,4.43,4.26,4.11,4.02,5.4,79.9,4.9,111893.0,47200,4.7
NJ,08054,5944,"934 Route 73, Mount Laurel, NJ 08054",Burlington,urban,4.43,,,,12.2,65.7,6.5,111272.0,44929,4.7
NJ,08070,2041,"709 S Broadway, Pennsville, NJ 08070",Salem,rural,4.43,4.26,4.11,4.02,1.7,87.1,5.8,74518.0,12468,4.7
NJ,08077,2871,"2501 Route 130 S, Cinnaminson, NJ 08077",Burlington,urban,4.43,4.26,4.11,4.02,4.6,83.1,6.3,129163.0,20456,4.7
NJ,08083,4456,"1 Coopertown Blvd, Somerdale, NJ 08083",Camden,urban,4.43,4.26,4.11,4.02,17.5,68.2,8.5,89964.0,9464,4.7
NJ,08087,3830,"631 Rt. 9 South, Little Egg Harbor, NJ 08087",Burlington,rural,4.43,4.26,4.11,4.02,2.3,88.5,4.6,83224.0,25057,4.7
NJ,08091,1807,"265 N Route 73, West Berlin, NJ 08091",Camden,urban,4.43,4.26,4.11,4.02,5.3,67.7,16.7,87593.0,5881,4.7
NJ,08094,3774,"1840 S Black Horse Pike, Williamstown, NJ 08094",Atlantic,rural,4.43,4.26,4.11,4.02,10.7,73.7,10.2,96741.0,41089,4.7
NJ,08096,3422|5476,"2000 Clements Bridge Rd Ste 100, Deptford, NJ 08096",Gloucester,urban,4.43,4.26,4.11,4.02,11.7,69.6,10.0,91275.0,35573,4.7
NJ,08106,5047,"130 Black Horse Pike, Audubon, NJ 08106",Camden,urban,4.43,4.26,4.11,4.02,2.2,91.9,3.7,93670.0,9726,4.7
NJ,08234,3212,"6801 Black Horse Pike, Egg Hbr Twp, NJ 08234",Atlantic,rural,4.43,4.26,4.11,4.02,9.5,55.1,16.2,92681.0,46462,4.7
NJ,08242,3337,"3159 Route 9 South, Rio Grande, NJ 08242",Cape May,rural,4.43,4.26,4.11,4.02,8.6,63.5,21.7,88853.0,3726,4.7
NJ,08302,5384,"1130 Highway 77, Bridgeton, NJ 08302",Cumberland,rural,4.43,4.26,4.11,4.02,25.9,33.0,36.1,58185.0,47487,4.7
NJ,08330,2108,"4620 Black Horse Pike, Mays Landing, NJ 08330",Atlantic,rural,4.43,4.26,4.11,4.02,12.0,63.3,12.0,83663.0,29895,4.7
NJ,08332,2109,"2291 N 2nd St, Millville, NJ 08332",Cumberland,rural,4.43,4.26,4.11,4.02,14.9,64.6,13.1,64973.0,35292,4.7
NJ,08360,3339,"1070 W Landis Ave, Vineland, NJ 08360",Atlantic,urban,4.43,4.26,4.11,4.02,11.4,34.0,49.4,61484.0,43784,4.7
NJ,08520,3266,"839 Us Highway 130, East Windsor, NJ 08520",Mercer,urban,4.43,4.26,4.11,4.02,6.6,47.4,24.4,115931.0,29296,4.7
NJ,08619,5012,1750 Nottingham Way,Mercer,urban,4.43,4.26,4.11,4.02,10.6,68.2,12.1,97161.0,23446,4.7
NJ,08691,2518,700 Marketplace Blvd,Mercer,rural,4.43,4.26,4.11,4.02,3.9,63.3,3.9,126628.0,16935,4.7
NJ,08724,1977,"1872 Route 88, Brick, NJ 08724",Monmouth,urban,4.43,4.26,4.11,4.02,4.3,80.8,9.3,87644.0,40560,4.9
NJ,08734,5414,"580 Us Highway 9, Lanoka Harbor, NJ 08734",Ocean,urban,4.43,4.26,4.11,4.02,1.3,92.1,5.4,115040.0,7715,4.9
NJ,08755,1844,"950 Route 37 W, Toms River, NJ 08755",Ocean,urban,4.43,4.26,4.11,4.02,6.2,77.1,10.6,76355.0,28586,4.9
NJ,08809,2582,"Route 513 And I78, Clinton, NJ 08809",Hunterdon,urban,4.43,4.26,4.11,4.02,3.7,73.4,10.3,122024.0,6838,4.7
NJ,08816,3078,"290 State Route 18, East Brunswick, NJ 08816",Middlesex,urban,4.43,4.26,4.11,4.02,3.9,50.6,11.6,138166.0,49027,4.9
NJ,08817,5201,"2220 State Route 27, Edison, NJ 08817",Middlesex,urban,4.43,4.26,4.11,4.02,10.1,32.1,13.6,105419.0,48140,4.9
NJ,08822,2294,"152 Route 31 North, Flemington, NJ 08822",Hunterdon,rural,4.43,4.26,4.11,4.02,2.2,76.6,10.3,136851.0,31330,4.7
NJ,08835,2651,"100 North Main Street, Manville, NJ 08835",Somerset,urban,4.43,4.26,4.11,4.02,9.8,65.7,17.0,85925.0,10892,4.9
NJ,08854,2633,"1303 Centennial Ave, Piscataway, NJ 08854",Middlesex,urban,4.43,4.26,4.11,4.02,19.0,29.2,15.3,123236.0,60233,4.9
NJ,08857,2825|4153,1126 Us Highway 9,Middlesex,urban,4.43,4.26,4.11,4.02,4.5,62.9,16.0,102039.0,40430,4.9
NJ,08865,2497,"1300 Us Highway 22, Phillipsburg, NJ 08865",Warren,rural,4.43,4.26,4.11,4.02,8.5,72.4,12.0,73519.0,30561,4.7
NJ,08902,2003,"979 Route 1, North Brunswick, NJ 08902",Middlesex,urban,4.43,4.26,4.11,4.02,20.9,28.9,22.6,110195.0,43037,4.9
NM,79922,7229,1110 Sunland Park Drive,DoÃ±a Ana,urban,3.38,,,,0.5,25.0,69.7,90278.0,6796,2.5
NM,87002,1414,"1 I 25 Byp, Belen, NM 87002",Socorro,rural,3.53,3.53,3.53,3.53,1.3,33.0,60.8,50655.0,19985,2.5
NM,87004,3731,"460 Nm Highway 528, Bernalillo, NM 87004",Sandoval,rural,3.53,3.53,3.53,3.53,0.4,24.0,57.7,58442.0,11614,2.5
NM,87015,4201,"66 State Road 344, Edgewood, NM 87015",Bernalillo,rural,3.66,3.66,3.66,3.66,0.3,61.0,33.8,71616.0,14519,2.5
NM,87020,2652,"1000 Robert Rd, Grants, NM 87020",Cibola,rural,3.72,3.72,3.72,3.72,3.2,25.5,54.7,57051.0,10555,2.3
NM,87031,3596,"2250 Main St Nw, Los Lunas, NM 87031",Valencia,rural,3.53,3.53,3.53,3.53,1.5,29.0,64.7,58580.0,46590,2.5
NM,87108,831,301 San Mateo Blvd Se,Bernalillo,urban,3.53,,,,3.8,33.4,51.6,34016.0,36147,2.5
NM,87110,2451|850,4700 Cutler Ave Ne,Bernalillo,urban,3.53,3.53,3.53,3.53,3.1,43.4,42.4,61158.0,40404,2.5
NM,87111,3512|824,11018 Montgomery Blvd Ne,Bernalillo,urban,3.53,3.53,3.53,3.53,1.5,59.3,28.6,80358.0,56830,2.5
NM,87112,5675|5491,11001 Menaul Blvd Ne,Bernalillo,urban,3.52,3.52,3.52,3.52,2.5,50.1,36.3,63832.0,42632,2.5
NM,87114,3317|1397,8511 Golf Course Rd Nw,Bernalillo,urban,3.53,3.53,3.53,3.53,3.4,37.5,49.3,77743.0,67805,2.5
NM,87120,4676|2924,1820 Unser Boulevard Nw,Bernalillo,urban,3.53,3.53,3.53,3.53,3.0,32.6,54.5,80704.0,65918,2.5
NM,87121,3385|5430,9600 Sage Rd Sw,Bernalillo,rural,3.53,,,,1.9,9.1,83.4,53326.0,76980,2.5
NM,87123,835,400 Eubank Blvd Ne,Bernalillo,urban,3.53,3.53,3.53,3.53,2.7,40.1,44.1,59387.0,43351,2.5
NM,87124,3517|3732,1115 Nm Highway 528 Se,Bernalillo,rural,3.53,3.53,3.53,3.53,3.1,46.3,42.3,72986.0,57239,2.5
NM,87301,906,"1650 W Maloney Ave, Gallup, NM 87301",McKinley,rural,3.57,3.57,3.57,3.57,1.4,17.9,31.0,58854.0,22454,2.3
NM,87401,3428,1400 W Main St,San Juan,rural,3.57,3.57,3.57,3.57,0.6,37.9,25.8,52654.0,46398,2.3
NM,87402,826,4600 E Main St,San Juan,rural,3.57,3.57,3.57,3.57,0.9,47.9,28.2,72869.0,10362,2.3
NM,87507,829|3423,3251 Cerrillos Rd,Santa Fe,rural,3.57,3.57,3.57,3.57,0.8,23.4,70.4,60641.0,51580,2.5
NM,87532,2656,"1610 N Riverside Dr, Espanola, NM 87532",Rio Arriba,rural,3.72,3.72,3.72,3.72,0.6,12.5,77.2,51331.0,19827,2.3
NM,87571,873,"926 Paseo Del Pueblo Sur, Taos, NM 87571",Taos,rural,3.57,3.57,3.57,3.57,0.2,40.3,45.5,53915.0,11698,2.5
NM,87701,1380,"2609 7th St, Las Vegas, NM 87701",San Miguel,rural,3.57,3.57,3.57,3.57,1.1,14.7,79.3,45341.0,17991,2.5
NM,87801,5492,"700 6th St N, Socorro, NM 87801",Socorro,rural,3.66,3.66,3.66,3.66,1.6,41.3,47.8,45972.0,9486,2.5
NM,87901,4341,"2001 Hr Ashbaugh Dr, Truth Or Consequences, NM 87901",Sierra,rural,3.42,3.42,3.42,3.42,0.4,57.4,35.7,28039.0,6264,2.5
NM,88001,5782|806,150 N Sonoma Ranch Blvd,DoÃ±a Ana,urban,3.42,3.42,3.42,3.42,2.7,19.4,73.3,31701.0,39358,2.5
NM,88005,5155,1550 S Valley Dr,DoÃ±a Ana,rural,3.42,3.42,3.42,3.42,2.2,31.4,62.5,45256.0,27279,2.5
NM,88011,4601,3331 Rinconada Blvd,DoÃ±a Ana,rural,3.42,3.42,3.42,3.42,2.4,53.3,40.2,73362.0,30831,2.5
NM,88030,5166,"1021 E Pine St, Deming, NM 88030",Luna,rural,3.42,3.42,3.42,3.42,1.4,27.7,67.8,40075.0,24066,2.5
NM,88061,1357,"2501 Highway 180 E, Silver City, NM 88061",Grant,rural,3.57,3.57,3.57,3.57,1.1,51.7,43.8,46627.0,17784,2.5
NM,88101,821,"3728 N Prince St, Clovis, NM 88101",Curry,rural,3.46,3.46,3.46,3.46,5.1,43.4,45.4,54824.0,45619,2.5
NM,88130,2653,"1604 E Spruce St, Portales, NM 88130",Roosevelt,rural,3.46,3.46,3.46,3.46,2.0,48.4,44.6,52795.0,17776,2.5
NM,88201,611,"4500 N Main St Ste A, Roswell, NM 88201",Chaves,rural,3.46,3.46,3.46,3.46,1.5,45.2,48.7,61464.0,26521,2.5
NM,88210,3427,"604 N 26th St, Artesia, NM 88210",Eddy,rural,3.46,3.46,3.46,3.46,0.3,44.1,50.9,74932.0,18552,2.5
NM,88220,868,"2401 S Canal St, Carlsbad, NM 88220",Eddy,rural,3.46,3.46,3.46,3.46,1.8,43.5,51.1,79809.0,39809,2.5
NM,88240,549,"3800 N Lovington Hwy, Hobbs, NM 88240",Lea,rural,3.46,3.46,3.46,3.46,4.9,28.7,63.5,63083.0,41652,2.5
NM,88310,5726|1306,2401 Indian Wells Road,Otero,rural,3.42,3.42,3.42,,4.8,55.5,32.6,52546.0,36990,2.5
NM,88346,851,"26180 Us Highway 70, Ruidoso Downs, NM 88346",Lincoln,rural,3.46,3.46,3.46,3.46,2.6,38.5,47.9,29158.0,2770,2.5
NV,89014,2838,540 Marks St,Clark,urban,3.22,3.02,2.86,2.82,10.6,50.4,22.4,69848.0,41469,2.6
NV,89015,2050,300 E Lake Mead Pkwy,Clark,urban,3.22,3.02,2.86,2.82,4.3,60.8,24.0,66195.0,41742,2.6
NV,89027,3847,"1120 W Pioneer Blvd, Mesquite, NV 89027",Clark,rural,3.23,3.06,2.92,2.86,0.9,66.2,28.0,65267.0,18012,2.6
NV,89031,5306,5545 Simmons St,Clark,urban,3.22,3.02,2.86,2.82,20.9,28.5,34.5,79726.0,74005,2.6
NV,89032,2592|3728,1807 W Craig Rd,Clark,urban,3.22,3.02,2.86,2.82,28.0,18.8,43.2,71262.0,48711,2.6
NV,89048,5101,"300 S Highway 160, Pahrump, NV 89048",Nye,rural,3.23,3.06,2.92,2.86,2.8,71.4,12.7,52690.0,25091,2.2
NV,89074,3354,1401 American Pacific Dr,Clark,urban,3.22,3.02,2.86,2.82,5.8,60.7,19.2,86015.0,52135,2.6
NV,89081,4339,5940 Losee Rd,Clark,urban,3.22,3.02,2.86,2.82,23.2,24.9,39.4,87378.0,39702,2.6
NV,89102,3473,4505 W Charleston Blvd,Clark,urban,3.22,3.02,2.86,2.82,12.1,24.7,46.9,45724.0,37342,2.6
NV,89103,1584,3615 S Rainbow Blvd,Clark,urban,3.22,3.02,2.86,,14.4,29.7,36.8,46139.0,51343,2.6
NV,89104,3355,1400 S Lamb Blvd,Clark,urban,3.22,3.02,2.86,2.82,9.5,21.2,59.5,48355.0,39719,2.6
NV,89108,5259|1838,6151 W Lake Mead Blvd,Clark,urban,3.22,3.02,2.86,2.82,13.1,28.4,49.9,55935.0,75498,2.6
NV,89110,1559,201 N Nellis Blvd,Clark,urban,3.22,3.02,2.86,2.82,8.3,21.3,62.8,50802.0,66927,2.6
NV,89113,4356,7200 Arroyo Crossing Pkwy,Clark,urban,3.22,3.02,2.86,2.82,9.9,40.8,18.1,85504.0,36979,2.6
NV,89119,1560,6005 S Eastern Ave,Clark,urban,3.22,3.02,2.86,2.82,14.4,29.0,37.3,44939.0,50985,2.6
NV,89121,4557,3075 E Tropicana Ave,Clark,urban,3.22,,,,11.9,30.9,46.4,50757.0,67537,2.6
NV,89122,3350,5198 Boulder Hwy,Clark,urban,3.22,3.02,2.86,2.82,10.7,29.8,41.7,55216.0,51567,2.6
NV,89123,3356|2593,7445 S Eastern Ave,Clark,urban,3.22,,,,6.7,44.4,22.7,78195.0,58882,2.6
NV,89129,3655,10440 W Cheyenne Ave,Clark,urban,3.22,,,,9.5,52.2,22.2,87620.0,54002,2.6
NV,89130,5258,5850 W Craig Rd,Clark,urban,3.22,3.02,2.86,2.82,14.5,48.4,24.0,81584.0,35334,2.6
NV,89131,3351,6464 N Decatur Blvd,Clark,urban,3.22,3.02,2.86,2.82,10.5,58.7,17.0,109956.0,50384,2.6
NV,89146,3788,6310 W Charleston Blvd,Clark,urban,3.22,,,,10.1,36.2,36.3,57581.0,20719,2.6
NV,89148,5070,5200 S Fort Apache Rd,Clark,urban,3.22,3.02,2.86,2.82,12.1,39.1,18.0,92362.0,62337,2.6
NV,89149,2884,8060 W Tropical Pkwy,Clark,urban,3.22,3.02,2.86,2.82,11.2,55.9,17.6,96454.0,43929,2.6
NV,89156,5423,6570 E Lake Mead Blvd,Clark,rural,3.22,3.02,2.86,2.82,10.5,26.0,54.8,61856.0,31570,2.6
NV,89178,2483,6973 Blue Diamond Rd,Clark,urban,3.22,,,,9.5,42.8,18.2,101256.0,41051,2.6
NV,89183,5269,490 E Silverado Ranch Blvd,Clark,urban,3.22,3.02,2.86,2.82,9.9,36.3,27.4,76488.0,40562,2.6
NV,89406,2453,"2333 Reno Hwy, Fallon, NV 89406",Churchill,rural,4.12,3.98,3.92,3.92,1.9,71.2,15.2,69922.0,25327,1.9
NV,89408,4370,"1550 Newlands Dr E, Fernley, NV 89408",Churchill,rural,4.12,3.96,3.72,3.72,1.4,70.4,18.3,84104.0,23611,1.9
NV,89410,5864,"1511 Grant St, Gardnerville, NV 89410",Douglas,rural,4.12,3.96,3.88,3.88,1.8,74.3,16.6,77800.0,11138,1.8
NV,89436,3729,"5065 Pyramid Way, Sparks, NV 89436",Washoe,urban,4.06,3.92,3.72,3.72,2.0,68.2,20.4,105324.0,47159,2.0
NV,89502,2106,2425 E 2nd St,Washoe,urban,4.06,,,,4.2,43.7,41.6,58228.0,46412,2.0
NV,89506,4239,250 Vista Knoll Parkway,Washoe,rural,4.06,3.92,3.72,3.72,3.6,54.7,28.4,82606.0,45383,2.0
NV,89509,2189,4855 Kietzke Ln,Washoe,urban,4.06,3.92,3.72,3.72,1.4,72.1,15.4,78362.0,36048,2.0
NV,89521,3277,155 Damonte Ranch Pkwy,Storey,rural,4.06,3.92,3.72,3.72,1.5,70.2,10.7,116246.0,38484,1.9
NV,89523,3254,5260 W 7th St,Washoe,urban,4.06,3.92,3.72,3.72,2.1,69.4,14.4,94915.0,36538,2.0
NV,89705,1648,3770 Us Highway 395 S,Douglas,rural,4.12,3.96,3.72,3.72,0.0,77.2,12.4,77826.0,5219,1.8
NV,89706,3408,3200 Market St,Lyon,rural,4.06,3.92,3.72,3.72,0.9,60.2,32.7,59636.0,20089,1.9
NV,89801,2402,"2944 Mountain City Hwy, Elko, NV 89801",Elko,rural,3.82,3.56,3.36,3.36,1.0,60.0,28.4,87718.0,26023,2.0
NY,10547,2531,"3133 E Main St, Mohegan Lake, NY 10547",Westchester,urban,3.34,3.34,3.28,3.24,14.6,57.9,21.4,132330.0,7665,5.0
NY,10901,2905,"250 Route 59, Suffern, NY 10901",Rockland,urban,3.87,3.87,3.87,,8.9,70.9,12.5,110758.0,25498,5.0
NY,10940,1959,"470 Route 211 E, Middletown, NY 10940",Orange,rural,3.73,3.73,3.72,3.73,19.7,39.9,32.7,81158.0,51853,4.7
NY,10950,2637,"288 Larkin Dr, Monroe, NY 10950",Orange,urban,3.22,3.22,3.22,3.22,2.6,81.4,12.5,76375.0,63011,4.7
NY,11553,2583,"1123 Jerusalem Ave, Uniondale, NY 11553",Nassau,urban,3.02,3.02,3.02,3.02,40.9,9.0,46.0,102066.0,27886,5.1
NY,11554,2916,"2465 Hempstead Tpke, East Meadow, NY 11554",Nassau,urban,3.02,3.02,3.02,3.02,4.6,61.8,13.3,129268.0,36856,5.1
NY,11581,5293,"77 Green Acres Rd, Valley Stream, NY 11581",Nassau,urban,2.86,2.86,2.86,2.86,16.7,42.2,17.2,135060.0,22770,5.1
NY,11590,3420,"1220 Old Country Rd, Westbury, NY 11590",Nassau,urban,3.02,3.02,3.02,3.02,18.0,33.7,34.2,133349.0,47951,5.1
NY,11720,2286,"161 Centereach Mall, Centereach, NY 11720",Suffolk,urban,3.52,3.52,3.52,3.52,4.9,68.6,16.4,123603.0,29193,5.1
NY,11725,5202,"85 Crooked Hill Rd, Commack, NY 11725",Suffolk,urban,3.82,3.82,3.82,3.82,1.4,83.1,8.6,168786.0,28735,5.1
NY,11733,2915,"3990 Nesconset Hwy, East Setauket, NY 11733",Suffolk,urban,3.52,3.52,3.52,3.57,1.6,77.7,7.5,170074.0,17304,5.1
NY,11735,5295,"965 Broadhollow Rd, Farmingdale, NY 11735",Nassau,urban,3.02,3.02,3.02,3.02,3.6,71.9,14.3,143242.0,32716,5.1
NY,11749,2917,"1850 Veterans Hwy, Islandia, NY 11749",Suffolk,urban,3.82,3.82,3.82,3.82,12.1,32.0,38.2,109964.0,3568,5.1
NY,11756,4184,"3335 Hempstead Tpke, Levittown, NY 11756",Nassau,urban,3.02,3.02,3.02,3.02,1.2,67.9,17.8,141442.0,42459,5.1
NY,11901,2906,"1890 Old Country Rd, Riverhead, NY 11901",Suffolk,rural,3.82,3.82,3.82,3.82,12.0,53.9,28.0,78857.0,32330,5.1
NY,11953,2156,"750 Middle Country Rd, Middle Island, NY 11953",Suffolk,urban,3.52,3.52,3.52,3.52,13.3,68.7,14.2,89802.0,13701,5.1
NY,12010,2146,"101 Sanford Farms Shopping Ctr, Amsterdam, NY 12010",Fulton,rural,3.56,3.56,3.56,3.56,3.8,68.9,23.3,55083.0,27213,4.1
NY,12043,2135,"139 Merchant Pl, Cobleskill, NY 12043",Otsego,rural,3.58,3.58,3.58,3.58,2.2,85.5,4.6,75276.0,7719,4.1
NY,12065,2844,"1549 Route 9, Clifton Park, NY 12065",Saratoga,urban,3.16,3.16,3.16,3.16,2.6,82.1,4.0,112512.0,44563,4.2
NY,12077,3583,"311 Route 9w, Glenmont, NY 12077",Albany,rural,3.16,3.16,3.16,3.16,6.7,81.7,4.7,131000.0,6752,4.4
NY,12078,1806,"329 S Kingsboro Ave Ext, Gloversville, NY 12078",Fulton,rural,3.52,3.52,3.52,3.52,1.6,87.1,4.9,51756.0,23144,4.1
NY,12110,1997,"800 Loudon Road, Latham, NY 12110",Albany,urban,3.16,3.16,3.16,3.16,3.4,76.8,3.1,96724.0,19744,4.4
NY,12144,1940,"279 Troy Rd, East Greenbush, NY 12144",Rensselaer,urban,3.16,3.16,3.16,3.16,5.5,78.6,5.2,92875.0,21808,4.4
NY,12180,2370,"760 Hoosick Rd, Troy, NY 12180",Rensselaer,rural,3.16,3.16,3.16,3.16,12.4,69.0,7.5,68766.0,53807,4.4
NY,12205,2152,"141 Washington Ave Extension, Albany, NY 12205",Albany,urban,3.16,3.16,3.16,3.16,5.3,75.7,5.7,87681.0,26436,4.4
NY,12302,2874,"200 Dutch Meadows Ln, Glenville, NY 12302",Saratoga,rural,3.16,3.16,3.16,3.16,0.9,90.9,3.5,89468.0,27915,4.2
NY,12303,2264,"1320 Altamont Ave, Schenectady, NY 12303",Albany,urban,3.16,3.16,3.28,3.24,8.2,68.5,9.9,77917.0,29680,4.4
NY,12401,2504,"601 Frank Stottile Blvd, Kingston, NY 12401",Ulster,rural,3.43,3.43,3.43,3.43,10.5,69.1,13.2,65289.0,35138,4.4
NY,12414,2351,"30 Catskill Cmns, Catskill, NY 12414",Greene,rural,2.92,2.92,2.92,2.92,7.0,78.4,9.9,62665.0,10065,4.4
NY,12458,4570,"7500 Route 209, Napanoch, NY 12458",Sullivan,rural,3.76,3.76,3.76,3.76,20.3,53.8,21.5,58576.0,3501,4.4
NY,12524,1810,"26 W Merritt Blvd, Fishkill, NY 12524",Dutchess,rural,3.76,3.76,3.76,3.76,6.4,71.9,13.4,90654.0,15609,4.7
NY,12534,2097,"460 Fairview Ave, Hudson, NY 12534",Columbia,rural,2.92,2.92,2.92,2.92,7.8,72.7,6.7,72331.0,17792,4.4
NY,12550,2104,"1201 Route 300, Newburgh, NY 12550",Orange,urban,3.26,3.26,3.26,3.26,20.6,36.1,37.6,73148.0,55404,4.7
NY,12701,2547,"41 Anawana Lake Rd, Monticello, NY 12701",Sullivan,rural,3.76,3.76,3.82,3.76,14.6,46.9,28.7,52244.0,12448,4.4
NY,12804,2116|4403,891 Route #9,Warren,rural,3.66,3.66,3.66,3.66,0.8,92.7,2.7,87589.0,27805,4.2
NY,12866,2056,"16 Old Gick Rd, Saratoga Springs, NY 12866",Saratoga,rural,3.56,3.56,3.56,3.56,2.7,87.3,3.8,96678.0,38813,4.2
NY,12883,2424,"1134 Wicker St, Ticonderoga, NY 12883",Essex,rural,3.76,3.76,3.76,3.76,0.0,98.0,0.8,65200.0,4797,4.2
NY,12901,1994,"25 Consumer Sq, Plattsburgh, NY 12901",Clinton,rural,3.67,3.67,3.67,3.67,3.0,88.4,2.9,57811.0,32431,4.2
NY,12953,3334,"3222 State Route 11, Malone, NY 12953",Franklin,rural,3.72,3.72,3.72,3.72,9.4,81.5,7.0,59191.0,13323,4.1
NY,13021,1830,"297 Grant Ave, Auburn, NY 13021",Cayuga,rural,3.56,3.56,3.56,3.56,3.2,87.6,2.9,56649.0,37640,3.9
NY,13031,2581,"5399 W Genesee St, Camillus, NY 13031",Onondaga,rural,2.72,2.72,2.72,2.72,0.7,92.8,1.9,87663.0,15741,3.9
NY,13036,2911,"3018 East Ave, Central Square, NY 13036",Oswego,rural,3.58,3.58,3.58,3.58,0.1,96.7,0.7,79681.0,9020,3.9
NY,13039,5242,"8064 Brewereton Road, Cicero, NY 13039",Onondaga,rural,2.72,2.72,2.72,2.72,1.0,93.2,1.1,104541.0,17033,3.9
NY,13045,1781,"819 Bennie Rd, Cortland, NY 13045",Cayuga,rural,3.57,3.57,3.57,3.57,3.0,88.5,4.2,63762.0,28157,3.9
NY,13057,2166,"6438 Basile Rowe, East Syracuse, NY 13057",Onondaga,rural,2.72,2.72,2.72,,2.3,89.4,1.8,72302.0,14329,3.9
NY,13069,3332,"1818 State Route 3, Fulton, NY 13069",Onondaga,rural,2.88,2.88,2.88,2.88,0.5,93.9,3.2,59318.0,23378,3.9
NY,13090,1831,"8770 Dell Center Dr, Liverpool, NY 13090",Onondaga,urban,2.72,2.72,2.72,2.72,5.8,79.1,7.1,85313.0,29344,3.9
NY,13126,1926,"341 State Route 104, Oswego, NY 13126",Cayuga,rural,3.26,3.26,3.26,3.26,2.0,88.6,4.4,60475.0,36278,3.9
NY,13165,1705,"1860 N Road, Waterloo, NY 13165",Seneca,rural,2.86,2.86,2.86,2.86,1.5,89.0,5.2,64668.0,9511,3.9
NY,13350,2285,"103 N Caroline St, Herkimer, NY 13350",Herkimer,rural,3.32,3.32,3.32,3.32,1.9,90.9,0.7,61489.0,9695,4.0
NY,13367,5498,"7155 E State St, Lowville, NY 13367",Herkimer,rural,3.58,3.58,3.76,3.58,1.3,92.8,3.1,63361.0,8682,4.0
NY,13413,1677,"4765 Commercial Dr, New Hartford, NY 13413",Herkimer,rural,3.52,3.52,3.52,3.52,0.3,89.5,3.0,93729.0,16282,4.0
NY,13421,2444,"2024 Genesee St, Oneida, NY 13421",Madison,rural,3.32,3.32,3.37,3.32,0.9,92.1,2.4,60459.0,12857,3.9
NY,13440,2234,"5815 Rome Taberg Rd, Rome, NY 13440",Oneida,rural,3.56,3.56,3.56,3.56,3.8,84.6,6.1,62141.0,41198,3.9
NY,13502,2093,"710 Horatio St, Utica, NY 13502",Herkimer,rural,3.52,3.52,3.52,3.52,12.0,68.1,9.7,53548.0,33962,4.0
NY,13601,1871,"20823 State Route 3, Watertown, NY 13601",Jefferson,rural,2.66,2.66,2.66,2.66,6.2,80.2,6.6,57936.0,38332,3.9
NY,13637,5497,"25737 Us Route 11, Evans Mills, NY 13637",Jefferson,rural,2.66,2.66,2.66,2.66,15.9,52.4,21.1,61261.0,4493,3.9
NY,13662,1946,"43 Stephenville St, Massena, NY 13662",St. Lawrence,rural,3.62,3.62,3.62,3.62,0.3,94.9,1.1,54359.0,16117,3.9
NY,13669,2092,"3000 Ford Street Ext, Ogdensburg, NY 13669",St. Lawrence,rural,3.32,3.32,3.32,3.32,4.3,91.1,1.7,62099.0,16044,3.9
NY,13676,3329,"7494 Us Highway 11, Potsdam, NY 13676",St. Lawrence,rural,3.22,3.22,3.22,3.22,2.4,89.5,2.8,54113.0,14179,3.9
NY,13790,5732,"2 Gannett Dr, Johnson City, NY 13790",Broome,rural,3.16,3.16,3.16,3.16,5.7,76.2,4.4,54014.0,18584,4.0
NY,13815,2120,"5396 State Highway 12, Norwich, NY 13815",Chenango,rural,3.52,3.52,3.52,3.52,1.2,89.9,4.6,61750.0,12925,4.0
NY,13820,2262,"5054 State Highway 23, Oneonta, NY 13820",Delaware,rural,3.57,3.57,3.57,3.57,4.3,84.2,6.5,65483.0,22500,4.2
NY,13850,1835,"2405 Vestal Pkwy E, Vestal, NY 13850",Broome,rural,3.16,3.16,3.16,3.16,2.7,78.9,2.4,74621.0,23544,4.0
NY,14020,2088,"4133 Veterans Memorial Dr, Batavia, NY 14020",Genesee,rural,3.32,3.32,3.32,3.32,3.4,87.4,4.0,57294.0,22442,3.9
NY,14043,5027,"4975 Transit Rd, Lancaster, NY 14043",Erie,urban,3.22,3.22,3.22,3.22,2.8,91.1,3.1,69673.0,24936,3.9
NY,14063,1949,"10401 Bennett Rd, Fredonia, NY 14063",Chautauqua,rural,2.92,2.92,2.92,2.92,3.9,82.8,8.3,60741.0,13123,3.9
NY,14075,2405,"5360 Southwestern Blvd, Hamburg, NY 14075",Erie,urban,3.07,3.07,3.07,3.07,1.1,93.9,2.2,76691.0,44610,3.9
NY,14094,2107,"5735 South Transit Road, Lockport, NY 14094",Niagara,rural,3.22,3.22,3.22,3.22,6.1,84.4,3.1,69489.0,50302,3.9
NY,14120,4597,"886 Niagara Falls Blvd, North Tonawanda, NY 14120",Niagara,urban,3.22,3.22,3.22,3.22,2.0,92.5,1.7,77888.0,44414,3.9
NY,14141,2164,"317 S Cascade Dr, Springville, NY 14141",Cattaraugus,rural,3.62,3.62,3.62,3.62,0.5,96.7,1.2,59948.0,7492,3.9
NY,14221,2355,"5033 Transit Rd, Williamsville, NY 14221",Erie,urban,3.22,3.22,3.22,3.22,1.6,84.5,3.0,96266.0,55228,3.9
NY,14225,2586,"2500 Walden Ave, Cheektowaga, NY 14225",Erie,urban,3.22,3.22,3.22,3.22,12.8,74.2,4.0,61630.0,34063,3.9
NY,14226,2210,"3290 Sheridan Dr, Amherst, NY 14226",Erie,urban,3.22,3.22,3.22,3.22,9.6,72.7,5.3,79330.0,29273,3.9
NY,14304,1909,"1540 Military Rd, Niagara Falls, NY 14304",Niagara,urban,3.22,3.22,3.22,3.22,2.4,86.9,4.7,64161.0,28582,3.9
NY,14411,3607,"13858 State Route 31, Albion, NY 14411",Orleans,rural,3.62,3.62,3.62,3.62,10.8,82.3,4.0,49320.0,12608,3.9
NY,14420,1993,"6265 Brockport Spencerport Rd, Brockport, NY 14420",Monroe,rural,3.12,3.12,3.12,3.12,4.9,82.5,7.7,66821.0,19945,3.9
NY,14424,1673,"4238 Recreation Dr, Canandaigua, NY 14424",Ontario,rural,3.28,3.28,3.28,,1.2,90.9,4.4,75481.0,28582,3.9
NY,14454,1966,"4235 Veteran Dr, Geneseo, NY 14454",Livingston,rural,3.26,3.26,3.26,3.26,2.6,87.0,5.5,62500.0,11058,3.9
NY,14456,1731,"990 State Route 5 And 20, Geneva, NY 14456",Ontario,rural,3.62,3.62,3.62,3.58,5.1,77.7,11.5,71052.0,19796,3.9
NY,14502,3842,"425 State Route 31, Macedon, NY 14502",Monroe,rural,3.32,3.32,3.32,3.32,1.2,87.9,1.6,89333.0,10135,3.9
NY,14513,1813,"6788 State Route 31 E, Newark, NY 14513",Ontario,rural,3.32,3.32,3.32,3.32,3.0,79.0,13.2,58595.0,13835,3.9
NY,14564,2785,"441 Commerce Dr, Victor, NY 14564",Monroe,rural,3.32,3.32,3.32,3.32,1.4,89.9,2.4,109861.0,16006,3.9
NY,14569,2043,"2348 Route 19 N, Warsaw, NY 14569",Wyoming,rural,3.62,3.62,3.62,3.62,0.4,95.9,1.6,57309.0,6387,3.9
NY,14580,1744,"1990 Brandt Point Drive, Webster, NY 14580",Monroe,urban,3.32,3.32,3.32,3.32,1.9,88.7,3.4,90799.0,54520,3.9
NY,14616,5282,3800 Dewey Ave,Monroe,urban,3.32,3.32,3.32,3.32,12.3,68.3,12.3,63643.0,27250,3.9
NY,14621,3280,1490 Hudson Ave,Monroe,urban,3.32,3.32,3.32,3.32,40.5,15.5,37.9,32713.0,32976,3.9
NY,14623,1619,1200 Marketplace Dr,Monroe,urban,3.32,3.32,3.32,3.32,10.4,64.3,5.6,58217.0,25958,3.9
NY,14624,2859,2150 Chili Ave,Monroe,urban,3.32,3.32,3.32,3.32,9.5,78.5,6.0,85773.0,39028,3.9
NY,14626,1610,100 Elmridge Center Dr,Monroe,urban,3.32,3.32,3.32,3.32,7.0,78.7,7.7,76513.0,29138,3.9
NY,14750,1973,"350 E Fairmount Ave, Lakewood, NY 14750",Chautauqua,rural,2.82,2.82,2.82,2.82,0.1,90.4,6.0,66250.0,4521,3.9
NY,14760,2159,"1869 Plaza Dr, Olean, NY 14760",Cattaraugus,rural,3.26,3.26,3.26,3.26,2.2,90.1,1.1,49705.0,17675,3.9
NY,14843,2326,"1000 State Route 36, Hornell, NY 14843",Allegany,rural,3.46,3.46,3.46,3.46,1.3,93.1,2.1,53542.0,12418,3.9
NY,14845,1976,"1400 County Rd 64, Horseheads, NY 14845",Chemung,rural,3.02,3.02,3.02,3.02,2.4,88.3,2.2,74931.0,20756,4.0
NY,14850,5240,"135 Fairgrounds Memorial Pkwy, Ithaca, NY 14850",Tompkins,rural,3.12,3.12,3.12,3.12,3.6,69.8,6.9,64911.0,65740,3.9
NY,14870,2992,"3217 Silverback Ln, Painted Post, NY 14870",Schuyler,rural,3.02,3.02,3.02,3.02,2.3,82.8,2.0,82134.0,9970,3.9
NY,14891,3221,"515 E 4th St, Watkins Glen, NY 14891",Schuyler,rural,3.62,3.62,3.62,3.62,1.9,90.9,1.6,55259.0,4416,3.9
OH,43015,1990,"1760 Columbus Pike, Delaware, OH 43015",Delaware,rural,2.86,2.86,2.86,2.86,4.3,83.4,3.7,92895.0,57745,3.6
OH,43016,2471|2774,5900 Britton Pkwy,Delaware,urban,3.12,3.12,3.12,3.12,3.4,67.0,3.4,108502.0,44092,3.6
OH,43035,2725,"8659 Columbus Pike, Lewis Center, OH 43035",Delaware,urban,2.92,2.92,2.92,2.92,6.6,68.5,3.3,146408.0,34661,3.6
OH,43040,1595,"555 Colemans Crossing Blvd, Marysville, OH 43040",Delaware,rural,2.86,2.86,2.86,2.86,2.5,89.2,3.0,89984.0,36678,3.6
OH,43050,2149,"1575 Coshocton Ave, Mount Vernon, OH 43050",Knox,rural,3.43,3.43,3.43,3.43,1.1,92.0,2.5,62235.0,31064,3.8
OH,43055,3580,"1315 N 21st St, Newark, OH 43055",Licking,rural,2.67,2.67,2.67,2.67,2.7,89.4,2.5,59345.0,62460,3.8
OH,43056,1594,"911 Hebron Rd, Heath, OH 43056",Licking,rural,2.67,2.67,2.67,2.67,2.0,91.8,2.1,78473.0,17504,3.8
OH,43068,2726,"2793 Taylor Road Ext, Reynoldsburg, OH 43068",Fairfield,urban,3.26,3.26,,3.26,30.6,47.8,6.8,67943.0,58916,3.8
OH,43078,1239,"1840 E Us Highway 36, Urbana, OH 43078",Champaign,rural,3.12,3.12,3.12,3.12,3.1,89.6,1.7,69137.0,20269,3.6
OH,43081,5857,"50 E Schrock Rd, Westerville, OH 43081",Delaware,urban,2.82,2.82,2.82,2.82,12.3,74.4,3.1,90043.0,64746,3.6
OH,43110,5184,"6674 Winchester Blvd, Canal Winchester, OH 43110",Fairfield,rural,3.12,3.12,3.12,3.12,27.8,57.1,3.0,70549.0,38235,3.8
OH,43113,1427,"1470 S Court St, Circleville, OH 43113",Fairfield,rural,2.97,2.97,2.97,2.97,1.4,95.7,0.7,60570.0,24365,3.8
OH,43123,5466,"1693 Stringtown Rd, Grove City, OH 43123",Franklin,urban,2.88,2.88,2.88,2.88,5.4,84.3,3.6,83056.0,66365,3.6
OH,43130,3792,"2687 N Memorial Dr, Lancaster, OH 43130",Fairfield,rural,3.16,3.16,3.16,3.16,2.1,91.8,2.1,64691.0,62187,3.8
OH,43138,3282,"12910 State Route 664 S, Logan, OH 43138",Hocking,rural,3.52,3.52,3.52,3.52,0.6,93.7,1.4,59418.0,19164,4.0
OH,43140,5203,"375 Lafayette St, London, OH 43140",Clark,rural,3.12,3.12,3.12,3.12,8.9,83.5,1.5,71642.0,23812,3.6
OH,43160,3251,"1397 Leesburg Ave, Washington Court House, OH 43160",Fayette,rural,3.32,3.32,3.32,3.32,2.7,90.4,2.3,54780.0,21847,3.8
OH,43207,2666,3579 S High St,Franklin,urban,2.88,,,,27.4,60.8,4.4,58748.0,46010,3.6
OH,43213,3447,"3657 E Main St, Whitehall, OH 43213",Franklin,urban,3.26,3.26,3.26,3.26,45.5,37.1,9.3,51202.0,36724,3.6
OH,43219,2098,3900 Morse Rd,Franklin,urban,3.26,,,,66.2,16.3,7.3,48946.0,32136,3.6
OH,43220,3812,2700 Bethel Rd,Franklin,urban,3.12,3.12,3.12,3.12,5.0,74.5,4.9,77199.0,29355,3.6
OH,43228,2426|5185,5200 West Pointe Plaza,Franklin,urban,3.17,3.17,3.17,3.17,21.1,58.5,11.3,61008.0,57406,3.6
OH,43302,1750,"1546 Marion-mt. Gilead Road, Marion, OH 43302",Crawford,rural,3.26,3.26,3.26,3.26,5.7,85.2,3.3,51210.0,55090,3.6
OH,43311,1264,"2281 Us Highway 68 S, Bellefontaine, OH 43311",Logan,rural,3.02,3.02,3.02,3.02,3.0,89.8,2.4,65391.0,19969,3.6
OH,43326,5355,"1241 E Columbus St, Kenton, OH 43326",Hardin,rural,3.12,3.12,3.12,3.12,0.5,95.8,0.7,53662.0,12990,3.6
OH,43351,3809,"1855 E Wyandot Ave, Upper Sandusky, OH 43351",Wyandot,rural,3.12,3.12,3.12,3.12,0.3,93.0,4.9,66720.0,10591,3.6
OH,43402,1913,"131 W Gypsy Lane Rd, Bowling Green, OH 43402",Wood,rural,2.93,2.93,2.93,2.93,3.3,84.9,6.5,53095.0,31472,3.6
OH,43420,1429,"2052 N State Route 53, Fremont, OH 43420",Ottawa,rural,3.26,3.26,3.26,3.26,5.5,76.3,14.2,57972.0,29304,3.6
OH,43452,1445,"2826 East Harbor Rd, Port Clinton, OH 43452",Ottawa,rural,3.12,3.12,3.12,3.12,2.3,90.5,4.7,59206.0,14048,3.6
OH,43506,2191,"1215 S Main St, Bryan, OH 43506",Defiance,rural,3.12,3.12,3.12,3.12,1.0,93.5,3.5,60298.0,14584,3.3
OH,43512,5385,"1804 N Clinton St, Defiance, OH 43512",Defiance,rural,2.62,2.62,2.62,2.62,1.9,83.3,12.2,69889.0,28435,3.3
OH,43528,3445,"1355 S Mccord Rd, Holland, OH 43528",Lucas,rural,3.16,3.16,3.16,3.16,7.4,75.6,8.2,85275.0,16683,3.3
OH,43545,1416,"1815 Scott St, Napoleon, OH 43545",Defiance,rural,3.12,3.12,3.12,3.12,0.7,87.9,7.5,67490.0,14573,3.3
OH,43551,4479,"10392 Fremont Pike, Perrysburg, OH 43551",Wood,rural,2.98,2.98,2.98,2.98,1.3,86.9,4.8,91007.0,42914,3.6
OH,43567,2350,"485 Airport Hwy, Wauseon, OH 43567",Fulton,rural,3.12,3.12,3.12,3.12,0.3,84.8,12.1,73347.0,12987,3.3
OH,43614,5028,2925 Glendale Ave,Lucas,urban,2.98,2.98,2.98,2.98,16.8,70.3,7.4,52877.0,28885,3.3
OH,43615,5030,5821 W Central Ave,Lucas,urban,2.98,2.98,2.98,2.98,24.9,63.3,3.9,54503.0,39405,3.3
OH,43616,5029,"3721 Navarre Ave, Oregon, OH 43616",Lucas,rural,2.98,2.98,2.98,2.98,1.4,85.9,8.8,73253.0,20215,3.3
OH,43701,2209|3581,2850 Maple Ave,Muskingum,rural,3.46,3.46,3.46,3.46,4.5,87.8,1.9,52283.0,55531,3.8
OH,43725,3262,"61205 Southgate Rd, Cambridge, OH 43725",Guernsey,rural,3.16,3.16,3.16,3.16,3.1,91.3,1.7,51954.0,19662,3.8
OH,43812,1937,"23605 Airport Rd, Coshocton, OH 43812",Coshocton,rural,3.42,3.42,3.42,3.42,1.7,94.1,0.7,49106.0,18834,3.8
OH,43920,1707,"16280 Dresden Ave, East Liverpool, OH 43920",Columbiana,rural,2.98,2.98,2.98,2.98,5.0,88.8,1.3,47277.0,21462,4.0
OH,43950,2199,"50739 Valley Plaza Dr, Saint Clairsville, OH 43950",Belmont,rural,2.92,2.92,2.92,2.92,6.0,89.1,2.2,71067.0,16472,3.8
OH,43952,2193,"100 Mall Dr, Steubenville, OH 43952",Jefferson,rural,3.18,3.18,3.18,3.18,13.6,75.1,4.2,43153.0,17412,3.8
OH,44004,2359,"3551 N Ridge Rd E, Ashtabula, OH 44004",Ashtabula,rural,2.82,2.82,2.82,2.82,6.0,78.7,9.1,47370.0,31348,3.8
OH,44011,3335|5066,35901 Chester Road,Lorain,urban,3.06,3.06,3.12,3.06,4.3,86.4,3.9,128087.0,24822,3.8
OH,44024,3293,"223 Meadowlands Dr, Chardon, OH 44024",Geauga,rural,3.46,3.46,3.76,3.46,0.8,92.3,2.6,103250.0,24558,3.8
OH,44035,4255,"1000 Chestnut Commons Dr, Elyria, OH 44035",Lorain,urban,2.62,2.62,2.62,2.62,11.2,72.3,9.0,51258.0,62050,3.8
OH,44053,1839,"4380 Leavitt Rd, Lorain, OH 44053",Lorain,urban,3.26,3.26,3.26,3.26,10.7,61.6,23.1,64212.0,20973,3.8
OH,44056,1927,"8160 Macedonia Commons Blvd, Macedonia, OH 44056",Summit,urban,3.26,3.26,3.26,3.26,10.7,78.0,1.5,97611.0,12126,3.8
OH,44057,3608,"6067 N Ridge Rd, Madison, OH 44057",Ashtabula,rural,3.07,3.07,3.07,3.07,0.8,94.4,2.4,68966.0,19273,3.8
OH,44060,1857,"9303 Mentor Ave, Mentor, OH 44060",Geauga,urban,3.26,3.26,3.26,3.26,1.8,89.4,2.7,81656.0,59932,3.8
OH,44062,5387,"15050 S Springdale Ave, Middlefield, OH 44062",Ashtabula,rural,3.22,3.22,3.22,3.22,0.9,96.7,0.7,73083.0,16090,3.8
OH,44070,2316,"24801 Brookpark Rd, North Olmsted, OH 44070",Cuyahoga,urban,3.06,3.06,3.06,3.06,2.2,84.5,6.9,81768.0,32244,3.8
OH,44074,5309,"46440 Us Route 20, Oberlin, OH 44074",Lorain,rural,3.26,3.26,3.26,3.26,9.7,74.4,4.8,68014.0,11727,3.8
OH,44095,1863,"33752 Vine St, Eastlake, OH 44095",Lake,urban,3.42,3.42,3.42,3.42,5.4,87.6,2.6,66792.0,32635,3.8
OH,44109,4285,3400 Steelyard Dr,Cuyahoga,urban,3.06,3.06,3.06,3.06,14.4,52.9,27.0,41411.0,38026,3.8
OH,44121,2362,"1868 Warrensville Center Rd, South Euclid, OH 44121",Cuyahoga,urban,3.32,3.32,3.32,3.32,54.1,37.1,2.2,72606.0,32840,3.8
OH,44124,5083,"6594 Mayfield Rd, Mayfield Heights, OH 44124",Cuyahoga,urban,3.32,,,,14.0,71.3,3.7,75255.0,40208,3.8
OH,44129,5082,"8303 W Ridgewood Dr, Parma, OH 44129",Cuyahoga,urban,3.06,3.06,3.06,3.06,6.2,78.5,10.3,65273.0,28851,3.8
OH,44130,2073,10000 Brookpark Rd,Cuyahoga,urban,3.06,,,,9.3,77.2,5.9,65619.0,50548,3.8
OH,44136,2266,"8585 Pearl Rd, Strongsville, OH 44136",Cuyahoga,urban,3.06,3.06,3.06,3.06,3.5,82.5,3.5,90800.0,25261,3.8
OH,44202,3250,"7235 Market Place Dr, Bainbridge, OH 44202",Geauga,rural,3.26,3.26,3.26,3.26,4.1,86.1,1.6,118563.0,22106,3.8
OH,44224,2323,"3520 Hudson Dr, Stow, OH 44224",Portage,urban,3.27,3.27,3.27,3.27,3.6,86.7,2.0,89790.0,38715,3.8
OH,44240,3722,"250 Tallmadge Rd, Kent, OH 44240",Portage,rural,3.27,3.27,3.27,3.27,5.6,84.2,2.4,54700.0,38208,3.8
OH,44241,2313,"905 Singletary Dr, Streetsboro, OH 44241",Portage,rural,2.98,2.98,2.98,2.98,7.6,84.7,1.3,76481.0,18161,3.8
OH,44256,1894,"4141 Pearl Rd, Medina, OH 44256",Lorain,rural,3.06,3.06,3.06,3.06,1.9,91.2,2.9,99679.0,64186,3.8
OH,44266,2506,"2600 State Route 59, Ravenna, OH 44266",Portage,rural,3.22,3.22,3.22,3.22,6.0,85.5,3.4,59310.0,32530,3.8
OH,44281,2966,"222 E Smokerise Dr, Wadsworth, OH 44281",Medina,rural,3.42,3.42,3.42,3.42,1.3,94.9,1.3,84130.0,33768,3.8
OH,44312,1911,"2887 S Arlington Rd, Akron, OH 44312",Portage,urban,3.05,3.05,3.05,3.07,2.6,91.9,1.8,62815.0,30508,3.8
OH,44333,1895,"3750 W Market St, Fairlawn, OH 44333",Medina,rural,3.46,3.46,3.46,3.46,7.8,83.4,2.0,110474.0,19315,3.8
OH,44410,2197,"2016 Millennium Blvd, Cortland, OH 44410",Trumbull,rural,2.92,2.92,2.92,2.92,1.4,92.9,1.5,61858.0,16549,4.0
OH,44460,2910,"2875 E State St, Salem, OH 44460",Columbiana,rural,3.46,3.46,3.46,3.46,0.5,97.0,0.5,56313.0,25215,4.0
OH,44505,3860,"200 Goldie Rd, Youngstown, OH 44505",Mahoning,rural,3.46,3.46,3.46,3.46,41.7,38.0,11.2,36521.0,16534,4.0
OH,44514,2211,"1300 Doral Dr, Poland, OH 44514",Mahoning,urban,3.42,3.42,3.42,3.42,1.3,90.8,3.3,78078.0,23391,4.0
OH,44515,2063,"6001 Mahoning Ave, Austintown, OH 44515",Mahoning,urban,3.06,3.06,3.06,3.06,8.0,82.7,4.9,52705.0,27543,4.0
OH,44601,2541,"2700 W State St, Alliance, OH 44601",Columbiana,rural,3.32,3.26,3.26,3.26,6.3,88.9,0.8,59177.0,32716,4.0
OH,44646,2914,"1 Massillon Marketplace Dr Sw, Massillon, OH 44646",Stark,urban,2.92,2.92,2.92,2.92,5.5,87.5,2.1,64757.0,48507,3.8
OH,44654,1724,"1640 S Washington St, Millersburg, OH 44654",Coshocton,rural,3.46,3.46,3.46,3.46,0.3,97.4,1.1,73390.0,20163,3.8
OH,44663,2115,"231 Bluebell Dr Sw, New Philadelphia, OH 44663",Tuscarawas,rural,2.92,2.92,2.92,2.92,0.8,89.6,6.1,58271.0,24924,3.8
OH,44691,1812,"3883 Burbank Rd, Wooster, OH 44691",Ashland,rural,3.46,3.46,3.46,3.46,1.9,91.2,2.2,69578.0,44775,3.8
OH,44705,5285,3200 Atlantic Blvd Ne,Stark,urban,2.92,2.92,2.92,2.92,25.9,57.8,6.4,38179.0,18179,3.8
OH,44708,5410,4004 Tuscarawas St W,Stark,urban,2.92,2.92,2.92,2.92,8.0,81.8,2.6,58760.0,24858,3.8
OH,44720,2361,"4572 Mega St Nw, North Canton, OH 44720",Stark,urban,2.92,2.92,2.92,2.92,2.6,91.3,1.7,78578.0,39942,3.8
OH,44805,1448,"1996 E Main St, Ashland, OH 44805",Ashland,rural,2.88,2.88,2.88,2.88,1.1,94.2,1.4,60214.0,31447,3.8
OH,44820,2613,"1875 E Mansfield St, Bucyrus, OH 44820",Crawford,rural,3.26,3.26,3.26,3.26,0.5,93.3,2.7,52657.0,17088,3.6
OH,44857,1986,"340 Westwind Dr, Norwalk, OH 44857",Erie,rural,3.26,3.26,3.26,3.26,0.8,88.0,7.0,62528.0,23215,3.6
OH,44870,1628,"5500 Milan Rd Ste 200, Sandusky, OH 44870",Erie,rural,3.22,3.22,3.22,3.22,16.0,72.0,5.2,55588.0,40067,3.6
OH,44883,1622,"2801 W State Route 18, Tiffin, OH 44883",Seneca,rural,3.26,3.26,3.26,3.26,3.3,90.8,3.4,59583.0,28667,3.6
OH,44903,5471,"2485 Possum Run Rd, Mansfield, OH 44903",Ashland,rural,2.82,,,,9.9,79.4,2.1,61688.0,25860,3.8
OH,44906,1539,"359 N Lexington Springmill Rd, Ontario, OH 44906",Richland,rural,2.82,2.82,2.82,2.82,3.8,87.2,1.4,48924.0,16890,3.6
OH,45005,3784,"1275 E 2nd St, Franklin, OH 45005",Montgomery,rural,2.72,2.72,2.72,2.72,0.6,91.5,2.0,70385.0,31739,3.6
OH,45011,3502,3201 Princeton Rd,Butler,urban,2.72,2.72,2.72,2.77,11.7,69.9,9.5,84785.0,73596,3.8
OH,45013,2441,1505 Main St,Butler,rural,2.72,2.72,2.72,2.72,2.6,89.5,2.5,68922.0,52953,3.8
OH,45036,1407,"1530 Walmart Dr, Lebanon, OH 45036",Warren,rural,2.72,2.72,2.72,2.72,8.6,84.7,2.0,94571.0,42346,3.8
OH,45040,1441,"5303 Bowen Dr, Mason, OH 45040",Warren,urban,2.72,2.72,2.72,2.72,4.4,69.2,3.5,128034.0,57214,3.8
OH,45044,3571,"2900 Towne Blvd, Middletown, OH 45044",Butler,urban,2.72,2.72,2.72,2.72,10.5,76.3,6.0,68744.0,53909,3.8
OH,45056,2275,"5720 College Corner Pike, Oxford, OH 45056",Butler,rural,2.72,2.72,2.72,,4.3,80.1,2.5,51273.0,27391,3.8
OH,45069,2309,"8288 Cincinnati Dayton Rd, West Chester, OH 45069",Butler,urban,2.72,2.72,2.72,2.72,9.1,75.1,3.1,109433.0,55414,3.8
OH,45102,3342,"1815 E Ohio Pike, Amelia, OH 45102",Clermont,urban,2.72,2.72,2.72,2.72,1.0,93.4,2.2,77521.0,24243,4.0
OH,45133,3515,"540 Harry Sauner Rd, Hillsboro, OH 45133",Brown,rural,3.38,3.38,3.52,3.52,1.6,93.9,1.4,57914.0,23399,4.0
OH,45150,5499,"201 Chamber Dr, Milford, OH 45150",Clermont,urban,2.72,2.72,2.72,2.72,3.1,90.5,1.9,87950.0,33853,4.0
OH,45177,1289,"2825 Progress Way, Wilmington, OH 45177",Clinton,rural,2.06,2.06,2.58,2.56,3.1,90.2,2.2,64282.0,22683,3.8
OH,45227,2250,4000 Red Bank Rd,Hamilton,urban,2.72,2.72,2.72,2.72,24.5,69.1,1.8,65100.0,18801,3.8
OH,45238,2447,2322 Ferguson Rd,Hamilton,urban,2.72,2.72,2.72,2.78,24.4,68.8,2.5,62751.0,47154,3.8
OH,45239,1521,8451 Colerain Ave,Hamilton,urban,2.72,2.72,2.72,2.72,36.3,48.7,3.4,56148.0,29506,3.8
OH,45240,3656,1143 Smiley Ave,Hamilton,urban,2.72,,,,58.1,25.0,8.8,67558.0,29219,3.8
OH,45241,3749,2801 Cunningham Rd,Butler,urban,2.72,2.72,2.72,2.72,4.7,79.3,5.7,94229.0,23727,3.8
OH,45245,1443,4370 Eastgate Square Dr,Clermont,urban,2.72,2.72,2.72,2.72,1.2,88.5,4.1,70279.0,20352,4.0
OH,45251,4609,10240 Colerain Ave,Hamilton,urban,2.72,2.72,2.72,2.72,32.5,59.4,1.9,69936.0,20834,3.8
OH,45315,5409,"7725 Hoke Rd, Englewood, OH 45315",Montgomery,rural,2.77,2.77,2.77,2.77,20.9,65.2,2.0,94348.0,4402,3.6
OH,45320,5374,"100a E Washington Jackson Rd, Eaton, OH 45320",Preble,rural,3.12,3.12,3.12,3.12,0.8,94.7,0.8,64828.0,15525,3.6
OH,45331,2035,"1501 Wagner Avenue, Greenville, OH 45331",Darke,rural,3.16,3.16,3.16,3.16,0.7,95.2,1.3,52349.0,22027,3.6
OH,45356,3765,"1300 E Ash St, Piqua, OH 45356",Miami,rural,2.92,2.92,2.92,2.92,1.5,93.0,1.3,58233.0,24926,3.6
OH,45365,1331,"2400 Michigan St, Sidney, OH 45365",Champaign,rural,3.16,3.16,3.16,3.16,3.2,89.6,2.0,69951.0,29336,3.6
OH,45373,1410,"1801 W Main St, Troy, OH 45373",Miami,rural,2.92,2.92,2.92,2.92,2.7,87.3,3.1,77348.0,37714,3.6
OH,45385,1463,"70 Hospitality Dr, Xenia, OH 45385",Greene,rural,2.77,2.77,2.77,2.77,6.7,84.3,2.0,71684.0,39699,3.6
OH,45414,3783,3465 York Commons Blvd,Montgomery,rural,2.77,2.77,2.77,2.77,13.2,76.6,2.4,54284.0,20423,3.6
OH,45424,1495,"7680 Brandt Pike, Huber Heights, OH 45424",Greene,urban,2.77,2.77,2.77,2.77,15.8,72.5,3.2,77670.0,50221,3.6
OH,45431,2124,"3360 Pentagon Blvd, Beavercreek, OH 45431",Greene,urban,2.77,2.77,2.77,2.77,3.8,79.5,4.9,75293.0,26446,3.6
OH,45439,5104,"1701 W Dorothy Ln, Moraine, OH 45439",Montgomery,urban,2.77,2.77,2.77,2.77,9.6,77.6,7.3,47007.0,12591,3.6
OH,45458,1504,8800 Kingsridge Dr,Greene,urban,2.77,2.77,2.77,2.77,6.3,78.3,5.2,107229.0,37128,3.6
OH,45459,1503,6244 Wilmington Pike,Greene,urban,2.77,,,,5.2,85.0,3.7,88282.0,28509,3.6
OH,45504,2429,2100 N Bechtle Ave,Clark,rural,3.26,3.26,3.26,3.26,5.1,86.5,3.1,62780.0,16069,3.6
OH,45505,3641,200 S Tuttle Rd,Clark,urban,3.26,3.26,3.26,3.26,13.9,74.3,5.3,42692.0,20485,3.6
OH,45601,2400,"85 River Trce, Chillicothe, OH 45601",Jackson,rural,3.47,3.47,3.47,3.47,7.2,86.5,1.8,55539.0,56300,4.0
OH,45631,2605,"2145 Eastern Ave, Gallipolis, OH 45631",Gallia,rural,3.47,3.47,3.47,3.47,2.0,91.3,1.7,52231.0,13061,4.3
OH,45640,1519,"100 Walmart Dr, Jackson, OH 45640",Jackson,rural,3.5,3.5,3.5,3.5,1.0,95.3,1.0,61007.0,16217,4.0
OH,45662,1564,"4490 Gallia St, New Boston, OH 45662",Scioto,rural,3.26,3.26,3.26,3.26,4.0,88.3,2.6,37980.0,27304,4.0
OH,45680,1478,"354 Private Drive 288, South Point, OH 45680",Lawrence,rural,3.46,3.46,3.46,3.46,4.3,90.7,1.2,48969.0,11968,4.3
OH,45690,2572,"990 W Emmitt Ave, Waverly, OH 45690",Pike,rural,3.52,3.52,3.52,3.52,0.1,97.0,0.1,53021.0,13581,4.0
OH,45693,1368,"11217 State Route 41, West Union, OH 45693",Adams,rural,3.52,3.52,3.52,3.52,0.6,96.0,1.0,46250.0,8575,4.0
OH,45701,3486,"929 E State St, Athens, OH 45701",Athens,rural,3.13,3.13,3.13,3.13,3.5,84.8,2.8,47002.0,33363,4.0
OH,45750,2078,"804 Pike St, Marietta, OH 45750",Washington,rural,3.12,3.12,3.12,3.12,1.6,93.5,1.0,53713.0,26250,4.0
OH,45804,3206,2400 Harding Hwy,Allen,rural,1.92,1.92,1.92,1.92,20.1,69.9,2.5,41536.0,14567,3.3
OH,45805,1330,2450 Allentown Rd,Allen,urban,1.92,1.92,1.92,1.97,15.0,74.1,4.7,62034.0,24679,3.3
OH,45822,1433,"1950 Havemann Rd, Celina, OH 45822",Mercer,rural,2.26,2.26,2.26,2.26,0.8,92.8,1.9,65707.0,19779,3.3
OH,45840,1718|3840,2500 Tiffin Ave,Hancock,rural,3.12,3.12,3.12,3.16,2.2,85.8,6.9,62163.0,54557,3.6
OH,45875,2542,"1720 N Perry St, Ottawa, OH 45875",Putnam,rural,3.12,3.12,3.12,3.12,0.5,91.9,5.7,82903.0,11052,3.3
OH,45891,1333,"301 Town Center Blvd, Van Wert, OH 45891",Van Wert,rural,3.12,3.12,3.12,3.12,0.7,91.3,4.6,60000.0,15234,3.3
OH,45895,3300,"1257 Bellefontaine St, Wapakoneta, OH 45895",Allen,rural,3.26,3.26,3.26,3.26,0.4,94.1,3.4,73651.0,17655,3.3
OK,73003,2803,2200 W Danforth Rd,Oklahoma,urban,2.92,2.92,2.92,,9.3,69.8,9.4,72894.0,22494,3.3
OK,73005,162,"1201 W Petree Rd, Anadarko, OK 73005",Caddo,rural,4.02,4.06,4.06,4.06,5.7,36.6,14.9,50071.0,8033,2.9
OK,73013,3275,"1101 Nw 164th St, Edmond, OK 73013",Oklahoma,urban,2.92,2.92,2.92,2.92,10.3,68.6,3.7,106958.0,58211,3.3
OK,73018,113,"2001 S 1st St, Chickasha, OK 73018",Grady,rural,3.92,3.92,3.92,,5.4,74.0,8.1,56720.0,20373,3.3
OK,73020,4195,"14185 Mack Harrington Dr, Choctaw, OK 73020",Cleveland,rural,2.86,2.86,2.86,2.86,5.4,77.4,5.9,94346.0,25295,3.3
OK,73034,2876|389,1301 E 2nd St,Logan,rural,2.92,2.92,2.92,2.92,3.1,78.1,6.8,106367.0,46751,3.3
OK,73036,227,"2400 S Country Club Rd, El Reno, OK 73036",Canadian,rural,4.12,4.12,4.12,4.12,6.4,66.0,15.8,55629.0,20263,2.9
OK,73044,108,"1608 S Division St, Guthrie, OK 73044",Logan,rural,4.12,4.12,4.12,4.12,6.8,77.2,8.1,71571.0,24043,3.3
OK,73052,893,"401 Linwood Plz, Lindsay, OK 73052",Garvin,rural,4.82,3.28,3.28,3.24,0.2,78.8,8.9,57911.0,6183,3.3
OK,73064,517,"951 E State Highway 152, Mustang, OK 73064",Canadian,rural,2.86,2.86,2.86,2.86,2.8,76.2,8.8,91142.0,26536,2.9
OK,73065,1056,"3300 Tri City Dr, Newcastle, OK 73065",McClain,rural,2.86,2.86,2.86,,1.6,79.7,6.6,81633.0,9877,3.3
OK,73069,5805|212,3571 W. Rock Creek Road,Cleveland,urban,2.92,,,,3.8,65.7,12.7,54194.0,27926,3.3
OK,73071,7308|2734|7294,2551 Classen Blvd,Cleveland,urban,2.98,2.98,2.98,2.98,7.9,66.3,8.6,57428.0,43027,3.3
OK,73075,1043,"2008 W Grant Ave, Pauls Valley, OK 73075",Garvin,rural,4.02,4.02,4.02,4.17,3.3,66.4,17.2,49175.0,9374,3.3
OK,73080,139,"2015 S Green Ave, Purcell, OK 73080",McClain,rural,4.02,4.02,4.02,4.02,0.8,72.3,15.3,75545.0,10037,3.3
OK,73086,225,"2705 W Broadway Ave, Sulphur, OK 73086",Johnston,rural,4.04,4.04,4.04,4.04,0.9,68.3,8.5,60616.0,8480,3.6
OK,73096,392,"1349 E Eagle Rd, Weatherford, OK 73096",Blaine,rural,4.06,4.06,4.06,4.06,2.7,72.2,13.1,54740.0,14107,2.9
OK,73099,3637|221,1001 E Main Street,Canadian,rural,2.86,2.86,2.86,2.86,3.3,74.7,9.5,83891.0,83451,2.9
OK,73107,3615,2217 Nw 23rd St,Oklahoma,urban,2.86,2.86,2.86,2.86,5.1,47.3,36.0,55881.0,25594,3.3
OK,73109,5314,4420 S Western Ave,Oklahoma,urban,2.86,2.86,2.86,2.86,9.4,27.3,57.2,36617.0,19637,3.3
OK,73110,5863,7520 E Reno Ave,Oklahoma,urban,2.86,2.86,2.86,2.86,24.2,55.9,7.3,49064.0,32742,3.3
OK,73115,544,"5401 Tinker Diagonal St, Del City, OK 73115",Oklahoma,urban,2.86,2.86,2.86,2.86,19.8,49.8,14.0,47305.0,20462,3.3
OK,73118,2804,1801 Belle Isle Blvd,Oklahoma,urban,2.86,2.86,,2.86,5.9,69.3,12.7,64553.0,13942,3.3
OK,73119,2394,1500 Sw 59th St,Oklahoma,urban,2.92,2.92,2.92,2.92,6.7,27.6,60.6,41818.0,30414,3.3
OK,73120,5286,"9320 N Pennsylvania Pl, The Village, OK 73120",Oklahoma,urban,2.86,2.86,2.86,2.86,19.9,59.3,5.4,58632.0,35070,3.3
OK,73127,564,6100 W Reno Ave,Canadian,urban,2.92,2.92,2.92,2.92,13.9,34.8,36.6,46399.0,26031,2.9
OK,73132,622|2875,7800 N.w. Expressway,Oklahoma,urban,2.92,2.92,2.92,2.92,19.4,50.1,15.6,55875.0,27479,3.3
OK,73134,1626,2000 W Memorial Rd,Oklahoma,urban,2.92,2.92,2.92,2.92,18.6,48.2,12.1,53694.0,6494,3.3
OK,73135,3202,4900 S. Sooner Rd,Cleveland,urban,2.86,2.86,2.86,2.86,27.2,38.6,18.4,61844.0,22020,3.3
OK,73139,2878,911 Sw 104th St,Cleveland,urban,2.86,,,,9.2,45.7,32.6,45884.0,18165,3.3
OK,73141,3430,9011 Ne 23rd St,Oklahoma,rural,2.86,2.86,2.86,2.86,42.8,35.4,12.3,55174.0,2772,3.3
OK,73149,743,100 East I-240 Service Rd,Cleveland,urban,2.86,2.86,2.86,2.86,6.0,35.5,40.9,46607.0,5691,3.3
OK,73159,7326,3301 Sw 104th Street,Cleveland,urban,2.86,2.86,2.86,2.86,8.5,47.9,28.0,53829.0,32234,3.3
OK,73160,2393|277,640 Se 4th St,Cleveland,urban,2.92,2.92,2.92,2.86,5.1,68.3,11.5,72490.0,61987,3.3
OK,73162,2877,11101 N Rockwell Ave,Oklahoma,urban,2.86,2.86,2.86,2.86,14.4,63.7,5.1,84862.0,29216,3.3
OK,73170,3327|5323,2900 Sw 134th Street,Cleveland,urban,2.86,2.86,2.86,2.86,4.7,66.6,9.5,89925.0,41645,3.3
OK,73401,129,"1715 N Commerce St, Ardmore, OK 73401",Carter,rural,3.86,3.86,3.86,3.86,6.9,64.7,9.6,57468.0,36324,3.3
OK,73446,1295,"1100 S 1st St, Madill, OK 73446",Carter,rural,4.07,4.07,4.07,4.07,1.4,52.8,28.9,55591.0,8731,3.3
OK,73505,2984|269|5071,3745 Sw Lee Blvd,Comanche,rural,3.86,3.86,3.86,3.86,18.5,49.0,15.3,55574.0,47658,2.9
OK,73521,479,"2500 N Main St, Altus, OK 73521",Jackson,rural,4.08,4.08,4.08,4.08,6.5,59.0,26.9,61441.0,20479,2.9
OK,73533,1116,"3393 N 81 Hwy, Duncan, OK 73533",Cotton,rural,4.06,4.06,4.06,4.06,2.2,75.9,10.5,56934.0,27866,3.3
OK,73644,134,"210 Regional Dr, Elk City, OK 73644",Beckham,rural,4.24,4.24,,4.24,1.9,75.6,19.1,50221.0,13419,2.6
OK,73651,607,"923 W 11th St, Hobart, OK 73651",Kiowa,rural,4.88,3.34,3.34,3.24,6.4,68.5,15.6,32926.0,4015,2.9
OK,73703,4390|499,1018 N. Cleveland Street,Garfield,rural,3.77,3.77,3.77,3.77,2.3,80.7,8.1,70243.0,29157,2.9
OK,73717,178,"914 E Oklahoma Blvd, Alva, OK 73717",Alfalfa,rural,4.06,4.06,4.06,4.06,3.6,82.6,8.7,46964.0,6972,2.6
OK,73750,132,"200 Starlite Dr, Kingfisher, OK 73750",Kingfisher,rural,4.0,4.0,4.0,4.0,1.0,75.0,14.4,63346.0,7019,2.9
OK,73801,150,"3215 Williams Ave, Woodward, OK 73801",Harper,rural,4.08,4.24,4.24,4.24,0.7,76.8,16.0,60556.0,15407,2.6
OK,73942,1437,"2600 N Highway 64, Guymon, OK 73942",Texas,rural,4.16,4.17,4.17,4.17,8.9,34.2,52.4,55401.0,13791,2.5
OK,74006,41,"4000 Se Green Country Rd, Bartlesville, OK 74006",Washington,rural,3.5,3.5,3.5,3.5,2.4,74.5,6.0,71671.0,27280,3.2
OK,74010,324,"105 W Highway 16, Bristow, OK 74010",Creek,rural,4.16,4.16,,4.16,3.4,75.4,2.9,54078.0,10544,3.3
OK,74011,3295,6310 S Elm Pl,Tulsa,urban,3.56,3.56,3.56,3.56,3.8,71.2,8.6,93336.0,32273,3.3
OK,74012,3508|4655|6942|472,1770 S Elm Pl,Tulsa,urban,3.56,3.56,3.56,3.56,6.7,65.6,9.7,78630.0,63498,3.3
OK,74014,4637,3900 E Hillside Dr,Tulsa,rural,3.5,3.5,3.5,3.5,3.5,69.6,9.5,90769.0,41348,3.3
OK,74015,3055,"19801 Robson Rd, Catoosa, OK 74015",Rogers,rural,3.5,3.5,3.5,,0.9,62.6,9.8,68272.0,8551,3.2
OK,74017,12,"1500 S Lynn Riggs Blvd, Claremore, OK 74017",Rogers,rural,3.5,3.5,3.5,3.5,1.3,67.6,6.2,63959.0,28841,3.2
OK,74020,207,"772 N Airport Rd, Cleveland, OK 74020",Pawnee,rural,4.17,4.17,4.17,4.17,0.4,75.6,5.3,59433.0,7499,3.2
OK,74023,360,"3100 E Main St, Cushing, OK 74023",Lincoln,rural,4.08,4.08,4.08,4.08,4.3,75.4,6.6,51848.0,12214,3.3
OK,74033,4615,"12200 S Waco Ave, Glenpool, OK 74033",Tulsa,urban,3.56,3.56,3.56,3.56,3.4,63.8,9.3,76168.0,13016,3.3
OK,74037,5336,"11020 Elm St, Jenks, OK 74037",Tulsa,urban,3.5,3.5,3.5,3.5,3.0,65.6,7.8,96750.0,23879,3.3
OK,74055,4585|5840|168,11551 N 129th East Ave,Rogers,rural,3.5,3.5,3.5,3.5,3.2,72.7,6.9,85374.0,48185,3.2
OK,74063,838,"220 S Highway 97, Sand Springs, OK 74063",Creek,rural,3.5,3.5,3.5,3.5,1.5,76.1,5.1,68948.0,31174,3.3
OK,74066,73,"1002 W Taft St, Sapulpa, OK 74066",Creek,rural,3.5,3.5,3.5,3.5,2.4,71.3,5.6,63428.0,31578,3.3
OK,74070,246,"700 W Rogers Blvd, Skiatook, OK 74070",Osage,rural,4.34,4.34,4.34,4.34,0.1,73.4,3.4,65011.0,14990,3.2
OK,74074,4241,4545 W 6th Ave,Payne,rural,3.47,3.47,3.47,3.47,3.9,77.5,4.7,50429.0,32069,3.3
OK,74075,5364|137,2315 N. Perkins Road,Noble,rural,3.42,3.47,3.42,3.47,3.8,70.5,5.5,41178.0,25930,3.2
OK,74105,5093,4404 S Peoria Ave,Tulsa,urban,3.5,3.5,3.5,3.5,8.1,72.2,5.9,65130.0,26445,3.3
OK,74112,576,207 S Memorial Dr,Tulsa,urban,3.5,,,,9.4,58.6,18.0,54483.0,21629,3.3
OK,74114,3340,4720 E 21st St,Tulsa,urban,3.5,,,,1.8,82.4,5.3,90282.0,16969,3.3
OK,74133,2880|894|1597,6606 E 81st St,Tulsa,urban,3.5,3.5,3.5,3.5,11.0,61.0,9.9,74314.0,48350,3.3
OK,74135,6170,3139 S Harvard Ave E,Tulsa,urban,3.5,3.5,3.5,3.5,6.2,68.9,8.1,61862.0,20060,3.3
OK,74137,2395|992,9411 S Delaware Ave,Tulsa,urban,3.5,3.5,3.5,3.5,4.2,75.6,5.4,99497.0,28577,3.3
OK,74146,3457,3116 S Garnett Rd,Tulsa,urban,3.56,3.56,3.56,3.56,14.4,25.1,51.8,42121.0,16019,3.3
OK,74301,50,"268 S 7th St, Vinita, OK 74301",Craig,rural,4.22,4.22,4.22,4.22,4.2,58.8,5.0,47889.0,11093,3.2
OK,74344,90,"2115 S Main St, Grove, OK 74344",Delaware,rural,4.16,4.16,4.16,4.16,0.7,74.4,5.3,54717.0,14436,3.2
OK,74352,3723,"800 E Main, Locust Grove, OK 74352",Cherokee,rural,4.16,4.16,4.16,4.16,0.5,51.2,3.4,46713.0,5412,3.3
OK,74354,28,"2415 N Main St, Miami, OK 74354",Craig,rural,4.18,4.18,4.18,4.18,1.8,63.0,5.4,48242.0,17071,3.2
OK,74361,22,"4901 S Mill St, Pryor, OK 74361",Mayes,rural,4.22,4.22,4.22,4.22,0.4,65.6,5.9,58074.0,17213,3.2
OK,74401,130,"1000 W Shawnee St, Muskogee, OK 74401",Muskogee,rural,3.86,3.86,3.86,3.86,25.6,43.6,6.0,39845.0,15921,3.3
OK,74426,340,"131 Paul Carr Dr, Checotah, OK 74426",McIntosh,rural,4.22,4.22,4.22,4.22,2.8,62.3,4.9,45533.0,9131,3.3
OK,74429,374,"11207 S State Highway 51, Coweta, OK 74429",Wagoner,rural,3.5,3.5,3.5,3.5,3.0,72.5,5.1,70938.0,15955,3.3
OK,74437,247,"605 E Main St, Henryetta, OK 74437",McIntosh,rural,4.98,3.36,3.76,,2.9,64.2,4.7,44091.0,9148,3.3
OK,74447,121,"1800 S Wood Dr, Okmulgee, OK 74447",Okmulgee,rural,4.16,4.16,4.16,4.16,13.8,54.4,4.0,42237.0,15212,3.3
OK,74462,276,"1312 E Main St, Stigler, OK 74462",Haskell,rural,4.22,4.22,4.22,4.22,0.2,69.2,7.1,42184.0,6934,3.6
OK,74464,10,"2020 S Muskogee Ave, Tahlequah, OK 74464",Cherokee,rural,4.18,4.18,4.18,4.18,1.3,41.9,10.3,49755.0,30812,3.3
OK,74467,63,"410 S Dewey Ave, Wagoner, OK 74467",Wagoner,rural,4.16,4.17,4.17,4.17,4.5,66.0,3.5,55520.0,14147,3.3
OK,74501,151,"432 S George Nigh Expy, Mcalester, OK 74501",Pittsburg,rural,4.26,4.26,4.26,4.26,3.2,67.0,6.3,54549.0,28740,3.6
OK,74525,232,"1983 S Mississippi Ave, Atoka, OK 74525",Atoka,rural,4.27,4.27,4.27,4.27,4.0,66.9,4.6,47449.0,10284,3.6
OK,74601,823,"1101 E Prospect Ave, Ponca City, OK 74601",Kay,rural,4.02,4.02,4.02,4.02,3.4,65.1,10.4,46365.0,18994,2.9
OK,74631,136,"1219 W Doolin Ave, Blackwell, OK 74631",Kay,rural,4.0,4.0,4.0,4.0,0.9,71.1,15.2,49350.0,7013,2.9
OK,74701,975,"3712 W Main St, Durant, OK 74701",Bryan,rural,2.72,2.72,2.72,2.72,2.4,66.5,8.6,56342.0,26158,3.6
OK,74728,117,"501 S Park Dr, Broken Bow, OK 74728",McCurtain,rural,5.08,3.42,3.42,3.32,5.5,58.4,8.4,56330.0,11352,3.6
OK,74743,49,"1911 E Jackson St, Hugo, OK 74743",Choctaw,rural,4.26,4.26,4.26,4.26,14.4,54.0,7.4,39286.0,7964,3.6
OK,74745,38,"1907 Se Washington St, Idabel, OK 74745",McCurtain,rural,4.26,4.26,4.26,4.26,13.4,57.1,7.8,39738.0,9835,3.6
OK,74804,103,"196 Shawnee Mall Dr, Shawnee, OK 74804",Pottawatomie,rural,3.86,3.86,3.86,3.86,3.8,70.9,5.7,59160.0,21652,3.3
OK,74820,231,"1419 N Country Club Rd, Ada, OK 74820",Pontotoc,rural,3.62,3.62,3.62,3.62,2.8,62.4,6.1,58703.0,31368,3.3
OK,74834,387,"3100 E 1st St, Chandler, OK 74834",Lincoln,rural,4.06,4.06,4.06,4.06,3.9,78.8,1.8,58142.0,7553,3.3
OK,74848,210,"500 East Highway 270, Holdenville, OK 74848",Hughes,rural,4.12,4.12,4.12,4.12,5.6,60.2,7.7,45122.0,7729,3.3
OK,74868,123,"1500 E Wrangler Blvd, Seminole, OK 74868",Seminole,rural,4.06,4.06,4.06,4.06,3.4,65.3,5.8,42071.0,12329,3.3
OK,74953,31,"3108 N Broadway St, Poteau, OK 74953",Le Flore,rural,4.22,4.18,4.18,4.18,0.8,70.0,11.9,54172.0,12413,3.6
OK,74955,47,"1101 W Ruth Ave, Sallisaw, OK 74955",Sequoyah,rural,4.17,4.17,4.17,4.17,0.8,60.6,5.7,47136.0,14471,3.3
OK,74960,81,"84127 Highway 59, Stilwell, OK 74960",Adair,rural,4.17,4.17,4.17,4.17,0.3,29.6,7.7,45000.0,11874,3.3
OR,97006,5993|2590,17275 Nw Cornell Rd,Washington,urban,4.16,4.16,4.16,4.16,4.6,53.7,14.4,99662.0,45090,2.2
OR,97008,3050,9055 Sw Murray Blvd,Washington,urban,4.16,4.16,4.16,4.16,1.6,66.6,18.0,83309.0,29832,2.2
OR,97030,5627,3900 W Powell Blvd,Multnomah,urban,4.12,,,,3.2,63.5,20.1,61285.0,38947,2.7
OR,97031,1876,"2700 Wasco St, Hood River, OR 97031",Hood River,rural,4.68,4.68,4.68,4.68,0.8,62.4,30.6,83791.0,19376,2.2
OR,97051,2422,"2295 Gable Rd, Saint Helens, OR 97051",Columbia,rural,4.06,4.06,4.06,4.06,0.3,83.3,8.6,82123.0,17543,2.2
OR,97060,2927,"23500 Ne Sandy Blvd, Wood Village, OR 97060",Multnomah,urban,4.12,4.12,4.12,4.12,1.5,63.9,22.5,84256.0,22145,2.7
OR,97068,5994,"19133 Willamette Dr, West Linn, OR 97068",Clackamas,urban,4.16,4.16,4.16,4.16,0.8,81.8,7.3,143538.0,30336,2.7
OR,97071,1793,"3002 Stacey Allison Way, Woodburn, OR 97071",Clackamas,rural,4.02,4.02,4.02,4.02,0.6,36.8,58.1,61457.0,31534,2.7
OR,97080,3178,2444 E Powell Blvd,Clackamas,urban,4.12,4.12,4.12,4.12,1.7,75.0,12.7,91833.0,47168,2.7
OR,97086,5440,"10000 Se 82nd Ave, Happy Valley, OR 97086",Clackamas,urban,4.16,4.16,4.16,4.16,1.5,65.4,8.8,100185.0,32537,2.7
OR,97113,4221,"220 N Adair St, Cornelius, OR 97113",Washington,rural,4.08,4.08,4.08,4.08,0.9,49.2,43.7,85644.0,14984,2.2
OR,97128,1843,"2375 Ne Highway 99w, Mcminnville, OR 97128",Yamhill,rural,4.02,4.02,4.02,4.02,0.4,73.1,17.7,67176.0,38272,2.2
OR,97140,4176,"21320 Sw Langer Farms Pkwy, Sherwood, OR 97140",Clackamas,rural,4.16,4.16,4.16,4.16,0.3,81.3,7.0,122648.0,28438,2.7
OR,97146,5861,"1791 Se Ensign Ln, Warrenton, OR 97146",Clatsop,rural,4.22,4.22,4.22,,0.3,77.6,10.2,81449.0,7438,2.2
OR,97217,5899,1123 Hayden Meadows Drive,Multnomah,urban,4.16,,,,6.6,70.8,9.2,102051.0,34884,2.7
OR,97223,5935,"7600 Sw Dartmouth St, Tigard, OR 97223",Washington,urban,4.16,4.16,4.16,4.16,1.3,70.6,12.7,104463.0,50027,2.2
OR,97266,2552,4200 Se 82nd Ave,Multnomah,urban,4.16,,,,5.0,57.0,13.3,67350.0,35719,2.7
OR,97267,3144,"15600 Se Mcloughlin Blvd, Milwaukie, OR 97267",Clackamas,urban,4.16,4.16,4.16,4.16,1.3,79.7,10.6,80245.0,31130,2.7
OR,97302,5368,1940 Turner Rd Se,Marion,urban,4.02,,,,1.5,77.3,12.5,80439.0,41382,2.2
OR,97305,1784,3025 Lancaster Dr Ne,Marion,rural,4.02,4.02,4.02,4.02,0.7,44.1,45.0,65299.0,44994,2.2
OR,97306,1920,5250 Commercial St Se,Marion,urban,4.02,4.02,4.02,4.02,1.8,74.7,12.2,83039.0,34946,2.2
OR,97322,5396,"1330 Goldfish Farm Rd Se, Albany, OR 97322",Linn,rural,4.02,4.02,4.02,,0.4,76.5,16.8,63979.0,37008,2.2
OR,97330,3146,"1840 Nw 9th St, Corvallis, OR 97330",Benton,rural,4.02,4.02,4.02,4.02,1.5,76.0,8.2,66196.0,44744,2.2
OR,97338,2315,"321 Ne Kings Valley Hwy, Dallas, OR 97338",Polk,rural,4.02,4.02,4.02,4.02,1.0,83.2,8.3,75417.0,23201,2.2
OR,97355,1775,"3290 S Santiam Hwy, Lebanon, OR 97355",Linn,rural,4.02,4.02,4.02,4.02,0.1,85.9,7.0,60478.0,32777,2.2
OR,97365,1925,"160 Nw 25th St, Newport, OR 97365",Lincoln,rural,4.02,4.02,4.02,4.02,0.5,75.3,16.5,57875.0,10866,2.2
OR,97402,3258,4550 W 11th Ave,Lane,rural,4.02,4.02,4.02,4.02,1.8,72.9,15.2,53836.0,52925,2.2
OR,97408,2538,1040 Green Acres Rd,Lane,rural,4.02,4.02,4.02,4.02,2.0,80.5,7.3,95674.0,14767,2.2
OR,97420,1880,"2051 Newmark Ave, Coos Bay, OR 97420",Coos,rural,4.02,4.02,4.02,4.02,0.5,80.3,10.5,59111.0,28178,2.2
OR,97424,2320,"901 Row River Rd, Cottage Grove, OR 97424",Douglas,rural,4.02,4.02,4.02,4.02,0.5,82.3,8.4,65283.0,18382,2.2
OR,97471,2477,"2125 Nw Stewart Pkwy, Roseburg, OR 97471",Douglas,rural,4.02,4.02,4.02,4.02,0.1,83.5,7.0,65112.0,32182,2.2
OR,97477,4178|3239,2730 Gateway Street,Lane,urban,4.02,4.02,4.02,4.02,1.2,78.5,12.0,58621.0,38105,2.2
OR,97501,2069,1360 Center Dr,Jackson,rural,4.02,4.02,4.02,4.02,0.7,72.4,18.3,58722.0,45900,2.2
OR,97504,5839,3615 Crater Lake Hwy,Jackson,urban,4.02,,,,0.9,78.3,14.5,76246.0,49426,2.2
OR,97524,5424,"11500 Hannon Rd, Eagle Point, OR 97524",Jackson,rural,4.02,4.02,4.02,4.02,0.9,86.0,9.4,77608.0,15693,2.2
OR,97526,1834,"135 Ne Terry Ln, Grants Pass, OR 97526",Jackson,rural,4.02,4.02,4.02,4.02,0.3,85.2,7.4,55214.0,35742,2.2
OR,97603,1772,"3600 Washburn Way, Klamath Falls, OR 97603",Klamath,rural,4.02,4.02,4.02,4.02,0.7,72.7,15.4,62328.0,32376,2.2
OR,97702,2075,"20120 Pinebrook Blvd, Bend, OR 97702",Deschutes,rural,4.5,4.5,4.5,4.5,0.6,82.4,9.7,83598.0,52420,2.2
OR,97756,2243,"300 Nw Oaktree Ln, Redmond, OR 97756",Crook,rural,4.42,4.42,4.42,4.42,0.3,85.0,11.0,77525.0,43545,2.2
OR,97801,2492,"2203 Sw Court Ave, Pendleton, OR 97801",Umatilla,rural,3.46,3.46,3.46,3.46,1.1,74.9,10.5,71413.0,21748,2.2
OR,97838,1817,"1350 N 1st St, Hermiston, OR 97838",Morrow,rural,3.46,3.46,3.46,3.46,0.9,51.1,41.6,81239.0,27713,2.2
OR,97850,1889,"11619 Island Ave, Island City, OR 97850",Union,rural,3.46,3.46,3.46,3.46,0.9,85.6,5.7,58821.0,16646,2.2
OR,97914,1951,"1775 E Idaho Ave, Ontario, OR 97914",Malheur,rural,3.32,3.32,3.32,3.32,1.3,56.7,36.3,45110.0,19802,1.8
PA,15005,4643,"1500 Economy Way, Baden, PA 15005",Allegheny,rural,5.17,5.01,4.89,4.79,1.9,92.5,2.3,74273.0,9480,4.0
PA,15010,3223,"100 Chippewa Town Ctr, Beaver Falls, PA 15010",Beaver,rural,5.17,5.01,4.89,4.79,7.6,87.0,1.1,66338.0,28523,4.0
PA,15012,2420,"100 Sara Way, Belle Vernon, PA 15012",Fayette,rural,5.17,5.01,4.89,4.79,2.6,92.4,1.7,62760.0,15301,4.0
PA,15044,2603,"300 Walmart Dr, Gibsonia, PA 15044",Allegheny,rural,5.17,5.01,4.89,4.79,0.7,93.8,1.2,128111.0,28246,4.0
PA,15061,1883,"3942 Brodhead Rd, Monaca, PA 15061",Beaver,rural,5.17,5.01,4.89,4.79,3.4,89.4,2.8,74043.0,12393,4.0
PA,15065,3738,"100 Highlands Mall, Natrona Heights, PA 15065",Allegheny,rural,5.17,5.01,4.89,4.79,2.6,91.1,1.0,62355.0,11099,4.0
PA,15084,3838,"2010 Village Center Dr, Tarentum, PA 15084",Allegheny,rural,5.17,,,,2.2,92.5,2.0,56272.0,9767,4.0
PA,15102,5381,"5055 Library Rd, Bethel Park, PA 15102",Allegheny,urban,3.34,3.34,3.28,3.24,2.0,92.9,1.0,105413.0,30885,4.0
PA,15106,5040,"2200 Washington Pike, Carnegie, PA 15106",Allegheny,urban,5.17,5.01,4.89,4.79,6.8,84.1,1.5,68510.0,19550,4.0
PA,15108,4644,"7500 University Boulevard, Moon Township, PA 15108",Allegheny,urban,5.17,5.01,4.89,4.79,5.1,85.9,1.6,89619.0,42914,4.0
PA,15122,2281,"2351 Century Dr, West Mifflin, PA 15122",Allegheny,urban,5.17,5.01,4.89,4.79,9.5,83.3,1.8,63097.0,19220,4.0
PA,15137,2588,"100 Walmart Dr, North Versailles, PA 15137",Allegheny,urban,5.17,5.01,4.89,4.79,18.9,75.1,1.0,46509.0,10193,4.0
PA,15238,5339,877 Freeport Rd,Allegheny,rural,5.17,,,,1.1,87.2,1.4,124394.0,12805,4.0
PA,15275,2300,250 Summit Park Dr,Allegheny,,5.17,5.01,4.89,4.79,66.7,33.3,0.0,,3,4.0
PA,15301,1739,"30 Trinity Point Dr, Washington, PA 15301",Washington,rural,5.17,5.01,4.89,4.79,4.9,87.6,2.4,68854.0,50183,4.0
PA,15370,5446,"405 Murtha Dr, Waynesburg, PA 15370",Greene,rural,5.17,5.01,4.89,4.79,6.3,84.6,2.4,67730.0,13886,4.0
PA,15401,2019,"355 Walmart Dr, Uniontown, PA 15401",Fayette,rural,5.17,5.01,4.89,4.79,7.7,86.0,1.2,51611.0,29848,4.0
PA,15417,4501,"134 Daniel Kendall Dr, West Brownsville, PA 15417",Fayette,rural,5.17,5.01,4.89,4.79,7.7,85.8,1.9,58890.0,7886,4.0
PA,15425,5379,"1450 Morrell Ave, Connellsville, PA 15425",Fayette,rural,5.17,5.01,4.89,4.79,0.9,94.4,0.4,53852.0,18353,4.0
PA,15501,1765,"2028 N Center Ave, Somerset, PA 15501",Somerset,rural,5.48,5.32,5.19,5.15,2.6,93.3,2.2,55788.0,16508,4.1
PA,15537,1684,"72 Bedford Sq, Everett, PA 15537",Bedford,rural,5.48,5.32,5.19,5.15,0.6,94.2,2.3,53860.0,8169,4.1
PA,15601,2059,"2200 Greengate Centre Cir, Greensburg, PA 15601",Westmoreland,rural,5.17,5.01,4.89,4.79,2.0,93.0,1.4,71134.0,55917,4.0
PA,15626,3228,"6700 Hollywood Blvd, Delmont, PA 15626",Westmoreland,urban,5.17,5.01,4.89,4.79,0.0,94.7,0.0,67770.0,4967,4.0
PA,15642,5241,"915 Mills Dr, North Huntingdon, PA 15642",Allegheny,urban,5.17,5.01,4.89,4.79,1.1,93.6,1.5,85210.0,46855,4.0
PA,15650,2502,"100 Colony Ln, Latrobe, PA 15650",Westmoreland,rural,5.17,5.01,4.89,4.79,0.9,94.7,0.5,62516.0,27106,4.0
PA,15666,2611,"2100 Summit Ridge Plz, Mount Pleasant, PA 15666",Fayette,rural,5.17,5.01,4.89,4.79,0.7,97.9,0.3,62295.0,15592,4.0
PA,15701,2318,"3100 Oakland Ave, Indiana, PA 15701",Indiana,rural,5.48,5.32,5.19,5.15,3.6,90.2,1.6,55127.0,30941,4.0
PA,15717,5356,"300 Resort Plaza Dr, Blairsville, PA 15717",Indiana,rural,5.48,5.32,5.19,5.15,4.2,88.9,0.1,65513.0,9438,4.0
PA,15767,2664,"21920 Route 119, Punxsutawney, PA 15767",Clearfield,rural,5.48,5.32,5.19,5.15,0.2,96.9,0.5,49885.0,14156,4.0
PA,15801,1769,"20 Industrial Dr, Du Bois, PA 15801",Clearfield,rural,5.48,5.32,5.19,5.15,0.4,95.0,3.3,61757.0,20312,4.0
PA,15857,1792,"1102 Million Dollar Hwy, Saint Marys, PA 15857",Elk,rural,5.48,5.32,5.19,,1.3,93.8,1.3,62036.0,12958,4.0
PA,15904,1935,"150 Town Centre Dr, Johnstown, PA 15904",Cambria,rural,5.48,5.32,5.19,5.15,1.6,91.6,2.7,64899.0,16388,4.0
PA,15931,2663,"300 Walmart Dr, Ebensburg, PA 15931",Cambria,rural,5.48,5.32,5.19,5.15,1.8,95.8,1.2,62492.0,9018,4.0
PA,16001,1885,"400 Butler Cmns, Butler, PA 16001",Butler,rural,5.17,5.01,4.89,4.79,1.5,92.7,2.4,60866.0,39808,4.0
PA,16066,1770,"20245 Route 19, Cranberry Township, PA 16066",Butler,urban,5.17,5.01,4.89,,1.5,89.2,2.8,120458.0,33071,4.0
PA,16101,2287,"2501 W State St, New Castle, PA 16101",Lawrence,rural,5.17,5.01,4.89,4.79,7.8,83.8,2.1,46896.0,30954,4.0
PA,16125,2674,"45 Williamson Rd, Greenville, PA 16125",Crawford,rural,5.17,5.01,4.89,4.79,0.5,94.3,0.8,54596.0,17610,4.0
PA,16127,2008,"1566 W Main Street Ext, Grove City, PA 16127",Butler,rural,5.17,5.01,4.89,4.79,2.2,91.5,2.2,70475.0,15350,4.0
PA,16148,1568,"1275 N Hermitage Rd, Hermitage, PA 16148",Mercer,rural,5.17,5.01,4.89,4.79,4.8,87.3,2.0,67366.0,16710,4.0
PA,16201,1820,"1 Hilltop Plz, Kittanning, PA 16201",Armstrong,rural,5.17,5.01,4.89,4.79,1.1,94.6,1.6,67169.0,16824,4.0
PA,16214,2540,"63 Perkins Rd, Clarion, PA 16214",Clarion,rural,5.48,5.32,5.19,5.15,5.6,89.5,3.0,55859.0,8960,4.0
PA,16319,2597,"10 Kimberly Ln, Cranberry, PA 16319",Clarion,rural,5.17,5.01,4.89,4.79,0.0,94.0,5.9,62026.0,1137,4.0
PA,16335,1656,"16086 Conneaut Lake Rd, Meadville, PA 16335",Crawford,rural,5.17,5.01,4.89,4.79,2.8,91.2,1.5,59007.0,27497,4.0
PA,16354,5360,"11415 Hydetown Rd, Titusville, PA 16354",Crawford,rural,5.17,5.01,4.89,4.79,1.2,95.4,0.8,43026.0,10225,4.0
PA,16365,3429,"2901 Market St, Warren, PA 16365",Warren,rural,5.48,5.32,5.19,5.15,1.2,95.2,0.8,55831.0,17377,3.9
PA,16407,2909,"961 E Columbus Ave, Corry, PA 16407",Crawford,rural,5.17,5.01,4.89,4.79,0.2,91.9,2.9,51098.0,10656,4.0
PA,16412,3253,"108 Washington Towne Blvd N, Edinboro, PA 16412",Crawford,rural,5.17,5.01,4.89,4.79,0.7,95.0,2.6,65605.0,9504,4.0
PA,16421,3281,"5741 Buffalo Rd, Harborcreek, PA 16421",Erie,rural,5.17,5.01,4.89,4.79,0.1,96.6,0.4,72926.0,2431,3.9
PA,16504,5445,2711 Elm St,Erie,urban,5.17,5.01,4.89,4.79,11.7,75.1,4.5,47146.0,16003,3.9
PA,16506,2561,5350 W. Ridge Rd,Erie,urban,5.17,5.01,4.89,4.79,1.4,89.6,1.2,83782.0,24201,3.9
PA,16509,2278,1825 Downs Dr,Erie,rural,5.17,5.01,4.89,4.79,3.9,87.0,3.9,69496.0,28151,3.9
PA,16601,2049,"2600 Plank Road Commons, Altoona, PA 16601",Blair,rural,5.48,5.32,5.19,5.15,2.7,91.3,1.2,54831.0,33169,4.0
PA,16635,4348,"200 Commerce Dr, Duncansville, PA 16635",Blair,rural,5.48,5.32,5.19,5.15,0.0,95.4,1.7,70140.0,12231,4.0
PA,16652,5470,"6716 Towne Center Blvd, Huntingdon, PA 16652",Huntingdon,rural,5.48,5.32,5.19,5.15,4.5,88.5,1.8,62049.0,15734,4.1
PA,16701,3514,"50 Foster Brook Blvd, Bradford, PA 16701",McKean,rural,5.48,5.32,5.19,5.15,0.3,93.7,2.1,56748.0,16800,3.9
PA,16801,2230,373 Benner Pike,Centre,urban,5.48,,,,2.3,81.9,3.4,59296.0,43307,4.0
PA,16803,1640,1665 N Atherton St,Centre,rural,5.48,5.32,5.19,5.15,4.8,69.9,5.0,65224.0,23964,4.0
PA,16830,2129,"100 Supercenter Dr, Clearfield, PA 16830",Clearfield,rural,5.48,5.32,5.19,5.15,0.9,95.8,1.0,52853.0,13644,4.0
PA,16933,1945,"1169 S Main St, Mansfield, PA 16933",Tioga,rural,4.65,4.5,4.38,4.28,1.9,92.3,2.3,54332.0,6246,4.0
PA,17011,5888,"3400 Hartzdale Dr, Camp Hill, PA 17011",Cumberland,urban,4.89,4.69,4.55,4.47,6.7,75.4,6.8,85573.0,38861,4.2
PA,17013,2574,"60 Noble Blvd, Carlisle, PA 17013",Cumberland,rural,4.89,4.69,4.55,4.47,7.2,80.9,6.5,65906.0,36942,4.2
PA,17023,3412,"200 Kocher Ln, Elizabethville, PA 17023",Dauphin,rural,4.89,4.69,4.55,4.47,0.0,93.2,1.5,75060.0,3496,4.2
PA,17044,1607,"10180 Us Highway 522 S, Lewistown, PA 17044",Mifflin,rural,5.48,5.32,5.19,5.15,0.5,92.0,2.5,53770.0,20207,4.1
PA,17046,2023,"1355 E Lehman St, Lebanon, PA 17046",Lebanon,rural,4.89,4.69,4.55,4.47,2.1,62.2,32.5,54589.0,31818,4.2
PA,17050,1886,"6520 Carlisle Pike Ste 550, Mechanicsburg, PA 17050",Cumberland,urban,4.89,4.69,4.55,4.47,1.9,75.2,4.6,110267.0,42003,4.2
PA,17078,2888,"100 No Londonderry Square, Palmyra, PA 17078",Dauphin,rural,4.89,4.69,4.55,4.47,1.1,86.0,8.6,80391.0,23269,4.2
PA,17111,1591,"6535 Grayson Rd, Harrisburg, PA 17111",Dauphin,urban,4.89,4.69,4.55,,21.8,54.3,8.2,81855.0,36269,4.2
PA,17202,1850,"1730 Lincoln Way E, Chambersburg, PA 17202",Franklin,rural,4.89,4.69,4.55,4.47,1.9,88.9,4.2,92925.0,32665,4.2
PA,17257,5358,"100 S Conestoga Dr, Shippensburg, PA 17257",Cumberland,rural,4.89,4.69,4.55,4.47,3.2,88.9,3.1,67055.0,28635,4.2
PA,17268,3633,"12751 Washington Township Blvd, Waynesboro, PA 17268",Franklin,rural,4.89,4.69,4.55,4.47,3.3,85.9,7.1,65698.0,28887,4.2
PA,17319,4404,"50 Newberry Pkwy, Etters, PA 17319",York,rural,4.89,4.69,4.55,4.47,0.9,93.4,3.5,95986.0,10928,4.3
PA,17325,1537,"1270 York Rd, Gettysburg, PA 17325",Adams,rural,4.89,4.69,4.55,4.47,2.0,86.1,7.6,80655.0,29110,4.3
PA,17331,1823|5469,495 Eisenhower Dr,Adams,rural,4.89,4.69,4.55,4.47,2.8,85.9,7.4,73781.0,54942,4.3
PA,17361,2519,"698 Shrewsbury Commons Ave, Shrewsbury, PA 17361",York,urban,4.89,4.69,4.55,4.47,2.7,87.0,3.7,93886.0,6158,4.3
PA,17402,1529,2801 E Market St Bldg B,York,urban,4.89,4.69,4.55,4.47,6.9,76.3,8.2,78625.0,37867,4.3
PA,17408,2205,1000 Town Center Drive,York,rural,4.89,4.69,4.55,4.47,4.0,80.9,7.6,78468.0,23846,4.3
PA,17522,2340,"890 E Main St, Ephrata, PA 17522",Lancaster,rural,4.89,4.69,4.55,,1.0,90.0,6.5,69084.0,34061,4.3
PA,17601,5200,2030 Fruitville Pike,Lancaster,urban,4.89,4.69,4.55,4.47,3.5,77.7,10.4,93194.0,56164,4.3
PA,17602,2334,2034 Lincoln Hwy E,Lancaster,urban,4.89,4.69,4.55,4.47,12.4,53.9,28.9,69416.0,50184,4.3
PA,17751,2528,"167 Hogan Blvd, Mill Hall, PA 17751",Clinton,rural,4.65,4.5,4.38,4.28,0.3,95.9,2.0,68636.0,7180,4.0
PA,17754,1887,"1015 N Loyalsock Ave, Montoursville, PA 17754",Lycoming,rural,4.65,4.5,4.38,4.28,0.7,93.5,2.6,75169.0,12236,4.1
PA,17815,1794,"100 Lunger Dr, Bloomsburg, PA 17815",Columbia,rural,4.65,4.5,4.38,4.28,1.9,90.1,4.2,61336.0,29125,4.1
PA,17837,1644,"120 Ajk Blvd, Lewisburg, PA 17837",Union,rural,4.65,4.5,4.38,,5.7,84.2,6.6,62090.0,18670,4.1
PA,17866,2481,"9300 State Route 61, Coal Township, PA 17866",Northumberland,rural,4.65,4.5,4.38,4.28,15.0,80.0,3.9,47943.0,9905,4.1
PA,17870,2185,"980 N Susquehanna Trl, Selinsgrove, PA 17870",Snyder,rural,4.65,4.5,4.38,4.28,2.1,91.9,3.5,69476.0,14347,4.1
PA,17970,2535,"500 Terry Rich Blvd, Saint Clair, PA 17970",Schuylkill,urban,4.65,4.5,4.38,4.28,0.0,96.3,2.3,59241.0,3169,4.2
PA,18020,3563,"3926 Linden St, Bethlehem, PA 18020",Northampton,urban,4.78,4.62,4.5,4.4,4.0,73.5,14.0,118048.0,21153,4.4
PA,18041,3810,"620 Gravel Pike, East Greenville, PA 18041",Berks,rural,5.31,5.15,5.03,4.93,0.0,89.9,5.8,92500.0,5619,4.3
PA,18045,2252,"3722 Easton Nazareth Hwy, Easton, PA 18045",Northampton,urban,4.78,4.62,4.5,4.4,2.8,76.3,13.5,104285.0,29563,4.4
PA,18052,2145,"2601 Macarthur Rd, Whitehall, PA 18052",Lehigh,urban,4.78,4.62,4.5,4.4,6.5,65.2,20.6,69685.0,29286,4.3
PA,18106,2641,"1091 Millcreek Rd, Allentown, PA 18106",Lehigh,rural,4.78,4.62,4.5,4.4,2.8,73.5,15.6,84918.0,6759,4.3
PA,18202,2255,"761 Airport Rd, Hazle Township, PA 18202",Luzerne,rural,4.65,4.5,4.38,4.28,0.9,64.2,32.0,53589.0,13309,4.2
PA,18235,2169,"1731 Blakeslee Boulevard Dr E, Lehighton, PA 18235",Carbon,rural,4.65,4.5,4.38,4.28,0.3,93.8,3.4,68989.0,19064,4.3
PA,18252,3634,"35 Plaza Dr, Tamaqua, PA 18252",Schuylkill,rural,4.65,4.5,4.38,4.28,0.3,87.9,8.1,65856.0,11335,4.2
PA,18301,2368,"355 Lincoln Ave, East Stroudsburg, PA 18301",Monroe,rural,4.65,4.5,4.38,4.28,20.0,52.0,20.9,88374.0,29207,4.4
PA,18337,2064,"220 Route 6 And 209, Milford, PA 18337",Pike,rural,4.65,4.5,4.38,4.28,4.6,80.5,11.3,88674.0,15609,4.4
PA,18344,2365,"3271 Route 940, Mount Pocono, PA 18344",Monroe,rural,4.65,4.5,4.38,4.28,14.4,47.0,29.5,81373.0,3478,4.4
PA,18431,2480,"723a Old Willow Ave, Honesdale, PA 18431",Wayne,rural,4.65,4.5,4.38,4.28,0.2,93.1,3.7,53613.0,12807,4.3
PA,18517,4276,"1325 Main, Taylor, PA 18517",Lackawanna,urban,4.65,4.5,4.38,,1.7,79.2,14.5,66607.0,5320,4.3
PA,18519,1884,"900 Commerce Blvd, Dickson City, PA 18519",Lackawanna,urban,4.65,4.5,4.38,4.28,2.1,92.8,3.6,56049.0,5117,4.3
PA,18640,2543,"390 Route 315 Hwy, Pittston, PA 18640",Luzerne,rural,4.65,4.5,4.38,,4.1,87.5,4.2,49753.0,16014,4.2
PA,18657,2024,"808 Hunter Hwy, Tunkhannock, PA 18657",Wyoming,rural,4.65,4.5,4.38,4.28,0.8,95.4,1.9,72946.0,11080,4.2
PA,18702,1623,"2150 Wilkes Barre Twnsp Mktpl, Wilkes Barre, PA 18702",Luzerne,rural,4.65,4.5,4.38,4.28,10.0,60.1,24.1,53294.0,42768,4.2
PA,18840,2208,"1887 Elmira St, Sayre, PA 18840",Bradford,rural,4.65,4.5,4.38,4.28,0.7,92.3,2.0,63395.0,11281,4.0
PA,18951,2446,"195 N West End Blvd, Quakertown, PA 18951",Bucks,rural,5.31,5.15,5.03,4.93,2.1,86.5,5.7,92648.0,37140,4.5
PA,18974,2096,"100 E Street Rd, Warminster, PA 18974",Bucks,urban,5.31,5.15,5.03,4.93,3.0,84.9,5.2,95904.0,42811,4.5
PA,18976,5649,"299 Valley Gate Dr, Warrington, PA 18976",Bucks,urban,5.31,5.15,5.03,4.93,1.9,82.8,4.0,116128.0,22352,4.5
PA,19022,2830,"1570 Chester Pike, Eddystone, PA 19022",Delaware,urban,5.31,5.15,5.03,4.93,15.2,73.5,8.5,41155.0,3671,4.4
PA,19036,5495,"50 N Macdade Blvd, Glenolden, PA 19036",Delaware,urban,5.31,5.15,5.03,4.93,13.7,77.6,2.9,77014.0,13181,4.4
PA,19053,5131,"3461 Horizon Blvd, Bensalem, PA 19053",Bucks,urban,5.31,5.15,5.03,4.93,4.6,79.1,2.9,97377.0,28245,4.5
PA,19055,2068,"180 Levittown Ctr, Levittown, PA 19055",Bucks,urban,5.31,5.15,5.03,4.93,5.9,72.4,15.9,78620.0,13667,4.5
PA,19061,3252,"605 Conchester Hwy, Boothwyn, PA 19061",Delaware,urban,5.31,5.15,5.03,4.93,9.4,74.7,4.5,74623.0,20282,4.4
PA,19064,5881,"400 S State Rd, Springfield, PA 19064",Delaware,urban,5.31,5.15,5.03,4.93,2.0,88.0,3.6,128992.0,25218,4.4
PA,19090,3564,"2101 Blair Mill Rd, Willow Grove, PA 19090",Montgomery,urban,5.31,5.15,5.03,4.93,14.6,68.5,5.0,94541.0,19814,4.4
PA,19095,5229,"1000 Easton Rd Ste 200, Wyncote, PA 19095",Montgomery,urban,5.31,5.15,5.03,4.93,28.4,54.5,2.8,86250.0,7437,4.4
PA,19114,5130,9745 Roosevelt Blvd Ste A,Philadelphia,urban,5.31,5.15,5.03,4.93,10.8,69.5,9.1,77737.0,31551,4.6
PA,19124,5103,4600 Roosevelt Blvd Bldg G,Philadelphia,urban,5.31,,,,32.5,15.5,46.1,44683.0,72919,4.6
PA,19137,5891,2200 Wheatsheaf Ln,Philadelphia,urban,5.31,5.15,5.03,4.93,2.8,85.3,7.4,57259.0,8100,4.6
PA,19148,2141,1675 S Christopher Columbus Blvd,Philadelphia,urban,5.31,5.15,5.03,4.93,3.8,53.7,18.9,71533.0,50324,4.6
PA,19154,2650,4301 Byberry Road,Philadelphia,urban,5.31,5.15,5.03,4.93,10.0,74.7,8.3,89078.0,34823,4.6
PA,19341,2167,"270 Indian Run St, Exton, PA 19341",Chester,urban,5.31,5.15,5.03,4.93,0.9,74.8,6.6,120694.0,20545,4.3
PA,19348,3541,"516 School House Rd, Kennett Square, PA 19348",Chester,rural,5.31,5.15,5.03,4.93,2.6,72.0,19.4,113446.0,23707,4.3
PA,19363,5795,"800 Commons Dr, Oxford, PA 19363",Chester,rural,5.31,5.15,5.03,4.93,3.1,68.5,23.7,102390.0,17670,4.3
PA,19365,2945,"100 Commons Dr, Parkesburg, PA 19365",Chester,rural,5.31,5.15,5.03,4.93,6.6,71.6,11.8,101526.0,7402,4.3
PA,19403,3475,"650 S Trooper Rd, Norristown, PA 19403",Montgomery,urban,5.31,5.15,5.03,4.93,7.5,75.8,5.2,95711.0,44111,4.4
PA,19406,4687,"275 N Gulph Rd, King Of Prussia, PA 19406",Montgomery,urban,5.31,5.15,5.03,4.93,8.2,64.4,3.4,106952.0,28826,4.4
PA,19438,2236,"651 Main St, Harleysville, PA 19438",Montgomery,urban,3.34,3.34,3.28,3.24,3.7,84.9,4.3,136453.0,24962,4.4
PA,19440,2445,"1515 Bethlehem Pike, Hatfield, PA 19440",Bucks,urban,5.31,5.15,5.03,4.93,5.4,68.7,6.4,96831.0,19897,4.5
PA,19464,2263,"233 Shoemaker Rd, Pottstown, PA 19464",Berks,urban,5.31,5.15,5.03,4.93,14.1,70.9,8.1,73577.0,47913,4.3
PA,19505,5239,"567 Route 100 N, Bechtelsville, PA 19505",Berks,rural,4.78,4.62,4.5,4.4,3.4,94.5,0.5,94239.0,3081,4.3
PA,19520,3501,"100 Crossings Blvd, Elverson, PA 19520",Berks,rural,5.31,5.15,5.03,,0.7,92.6,2.7,98138.0,6261,4.3
PA,19526,4612,"1800 Tilden Ridge, Hamburg, PA 19526",Berks,rural,4.78,4.62,4.5,4.4,1.5,92.2,4.7,69645.0,11233,4.3
PA,19560,2614,"5370 Allentown Pike, Temple, PA 19560",Berks,urban,4.78,4.62,4.5,4.4,6.3,67.5,21.2,73143.0,9159,4.3
PA,19606,1777,"5900 Perkiomen Ave, Reading, PA 19606",Berks,urban,4.78,4.62,4.5,4.4,4.0,72.6,19.0,79636.0,35895,4.3
PA,19610,1670,"1135 Berkshire Blvd, Wyomissing, PA 19610",Berks,urban,4.78,4.62,4.5,4.4,2.4,81.2,9.9,88026.0,16401,4.3
RI,02816,2283,"650 Centre Of New England Blvd, Coventry, RI 02816",Kent,rural,3.08,3.08,3.08,3.08,0.1,91.0,4.3,94026.0,33148,5.1
RI,02840,2885,"199 Connell Hwy, Newport, RI 02840",Newport,urban,2.86,2.86,2.86,2.86,7.0,76.0,9.6,81307.0,23847,5.1
RI,02852,2261,"1031 Ten Rod Rd, North Kingstown, RI 02852",Washington,rural,2.86,2.86,2.86,2.86,0.6,87.1,3.6,103764.0,23382,5.1
RI,02886,2747,650 Bald Hill Rd,Kent,urban,3.08,3.08,3.08,3.37,1.9,83.7,6.3,81788.0,30540,5.1
RI,02888,2373,840 Post Rd,Kent,urban,3.08,3.08,3.08,3.08,6.0,83.0,6.8,81505.0,18443,5.1
RI,02891,1964,"258 Post Rd, Westerly, RI 02891",Washington,rural,2.92,2.92,2.92,2.92,0.9,90.0,4.1,89243.0,22026,5.1
RI,02896,2225,"7 Dowling Village Blvd, North Smithfield, RI 02896",Providence,rural,2.92,2.92,2.92,2.92,0.4,94.3,2.3,100669.0,11449,5.1
RI,02904,3301,"51 Silver Spring St, Providence, RI 02904",Providence,urban,3.26,3.26,3.26,3.26,7.7,54.1,24.3,61853.0,31214,5.1
RI,02921,1873,"1776 Plainfield Pike, Cranston, RI 02921",Providence,rural,3.08,3.08,3.08,3.08,1.5,84.1,1.9,123066.0,12205,5.1
SC,29020,634,"2240 W Dekalb St, Camden, SC 29020",Kershaw,rural,3.82,3.82,3.82,3.82,28.6,61.3,5.0,55972.0,22021,6.0
SC,29033,5378,"1355 Knox Abbott Dr, Cayce, SC 29033",Lexington,urban,2.72,2.72,2.72,2.72,26.3,58.6,7.5,57007.0,12890,6.0
SC,29063,4440,"1180 Dutch Fork Rd, Irmo, SC 29063",Lexington,rural,2.7,2.7,2.7,2.7,25.3,66.7,1.8,90243.0,38754,6.0
SC,29070,4420,"115 E Church St, Leesville, SC 29070",Lexington,rural,3.82,3.82,3.82,3.82,12.5,75.4,7.0,59192.0,16357,6.0
SC,29072,881,5556 Sunset Blvd,Lexington,rural,2.72,2.72,2.72,2.72,6.5,82.8,4.5,100803.0,67669,6.0
SC,29073,4521,1780 S Lake Dr,Lexington,rural,2.72,2.72,2.72,2.72,14.1,73.4,5.6,69454.0,49849,6.0
SC,29102,1017,"2010 Paxville Hwy, Manning, SC 29102",Clarendon,rural,4.0,4.0,4.0,4.0,43.1,49.7,3.7,45084.0,15831,6.0
SC,29108,624,"2812 Main St, Newberry, SC 29108",Newberry,rural,3.82,3.82,3.82,3.82,40.1,45.2,13.0,51180.0,19857,5.8
SC,29115,3724,332 Stone Wall Jackson Blvd,Orangeburg,rural,2.76,2.76,2.76,2.78,72.6,22.9,2.0,31473.0,27024,6.0
SC,29118,616,2795 North Rd,Calhoun,rural,2.76,2.76,2.76,,62.6,28.1,5.3,54599.0,16051,6.0
SC,29150,377|5383|511,343 Pinewood Rd,Sumter,rural,3.78,3.78,3.78,,48.9,40.9,5.2,46133.0,38738,6.0
SC,29169,1183,"2401 Augusta Rd, West Columbia, SC 29169",Lexington,urban,2.72,2.72,2.72,2.72,18.9,64.9,9.8,51496.0,22039,6.0
SC,29170,5291,1019 Old Barnwell Rd,Lexington,rural,2.72,2.72,2.72,2.72,16.5,69.3,7.2,69880.0,21279,6.0
SC,29203,4506,321 Killian Rd,Richland,rural,2.72,2.72,2.72,2.72,81.2,11.8,4.1,39015.0,41205,6.0
SC,29206,2214,5420 Forest Dr,Richland,urban,2.72,2.72,2.72,2.72,13.8,73.8,4.5,83708.0,18746,6.0
SC,29209,1286,7520 Garners Ferry Rd,Richland,rural,2.76,2.76,2.76,2.76,50.8,39.2,4.0,57969.0,36979,6.0
SC,29210,4379,1326 Bush River Rd,Lexington,urban,2.72,,,,55.2,34.8,3.2,49100.0,40923,6.0
SC,29212,1164,360 Harbison Blvd,Lexington,urban,2.7,,,,26.1,63.9,4.2,71968.0,27310,6.0
SC,29223,1339,10060 Two Notch Rd,Richland,urban,2.72,2.72,2.72,2.72,58.5,25.2,8.2,52603.0,51354,6.0
SC,29301,1035,141 Dorman Centre Dr,Spartanburg,urban,2.32,2.32,2.32,2.32,32.2,45.8,12.6,55011.0,35380,5.6
SC,29302,3338,203 Cedar Springs Road,Spartanburg,rural,2.32,2.32,2.32,2.32,16.1,73.4,3.4,70557.0,17897,5.6
SC,29307,1281,2151 E Main St,Cherokee,rural,2.32,2.32,2.32,2.32,21.4,71.9,3.1,62523.0,18759,5.6
SC,29316,2806,"4000 Hwy 9, Boiling Springs, SC 29316",Spartanburg,urban,2.32,2.32,2.32,,13.8,74.6,4.8,75933.0,30283,5.6
SC,29341,638,"165 Walton Dr, Gaffney, SC 29341",Cherokee,rural,3.82,3.82,3.82,3.86,25.1,61.2,8.4,50487.0,20027,5.6
SC,29360,1130,"922 E Main St, Laurens, SC 29360",Laurens,rural,3.82,3.82,3.82,,26.4,65.3,4.4,51456.0,21819,5.8
SC,29379,629,"513 N Duncan Byp, Union, SC 29379",Union,rural,3.82,,3.82,3.82,31.3,61.5,1.7,41200.0,17380,5.8
SC,29406,1359,7400 Rivers Ave,Berkeley,urban,2.86,2.92,2.86,2.86,42.5,33.8,16.1,45797.0,32570,6.0
SC,29412,2348,1231 Folly Rd,Charleston,urban,3.86,3.86,3.86,3.86,15.2,76.0,3.5,95627.0,40307,6.0
SC,29414,1748,3951 W Ashley Cir,Charleston,urban,3.86,3.86,3.86,3.86,15.3,73.8,4.6,85434.0,44196,6.0
SC,29418,3367,4920 Centre Pointe Dr,Charleston,urban,2.86,,,,50.3,34.4,9.9,58404.0,24386,6.0
SC,29440,625,"1310 N Fraser St, Georgetown, SC 29440",Georgetown,rural,3.86,3.86,3.86,3.86,46.1,49.6,2.5,50101.0,26302,6.0
SC,29445,3646|3899|2928,1635 Red Bank Road,Berkeley,urban,2.86,2.86,2.86,2.86,23.0,56.0,10.4,77235.0,60419,6.0
SC,29456,3713,"3685 Ladson Rd, Ladson, SC 29456",Berkeley,urban,2.86,2.86,2.86,2.86,28.9,48.9,12.1,74074.0,35871,6.0
SC,29461,1146,"511 N Highway 52, Moncks Corner, SC 29461",Berkeley,rural,2.86,2.86,2.86,2.86,28.2,64.4,3.0,78329.0,42217,6.0
SC,29464,632,1481 N Highway 17,Charleston,urban,3.07,3.07,3.07,3.07,5.5,89.1,2.2,104366.0,51259,6.0
SC,29466,4384,3000 Proprietors Pl,Charleston,urban,3.07,3.07,3.07,3.07,7.3,86.3,2.3,121840.0,43233,6.0
SC,29483,5279|1037,1616 Central Ave,Berkeley,rural,2.86,2.86,2.86,2.86,18.5,71.0,5.4,75698.0,56758,6.0
SC,29485,6174|628,10635 Dorchester Road,Charleston,urban,2.86,2.86,2.86,2.86,22.0,63.9,5.9,78363.0,58946,6.0
SC,29488,1358,"2110 Bells Hwy, Walterboro, SC 29488",Colleton,rural,3.86,3.86,3.86,3.86,38.6,55.1,3.5,46170.0,22354,6.0
SC,29501,3638|630,804 S. Cashua Drive,Darlington,rural,2.82,2.82,2.82,2.82,35.8,56.2,2.3,64616.0,47406,6.0
SC,29505,2703,2014 S Irby St,Florence,rural,2.82,2.82,2.82,2.82,39.6,52.7,4.4,65404.0,24562,6.0
SC,29512,4457,"1250 Bennettsville Sq, Bennettsville, SC 29512",Marlboro,rural,3.97,3.97,3.97,3.97,55.1,34.7,3.7,37104.0,17736,5.8
SC,29520,642,"1040 Chesterfield Hwy, Cheraw, SC 29520",Chesterfield,rural,3.82,3.82,3.82,3.82,41.1,49.2,3.6,40724.0,12575,5.8
SC,29526,586|4664,2709 Church St Ste A,Horry,rural,2.88,2.88,2.88,2.88,14.1,74.4,6.6,59194.0,49383,6.0
SC,29532,7188,"251 Andover Pl, Darlington, SC 29532",Darlington,rural,3.82,3.82,3.82,3.82,55.7,38.4,3.6,39553.0,20000,6.0
SC,29536,627,"805 Enterprise Rd, Dillon, SC 29536",Dillon,rural,3.82,3.82,3.82,3.82,50.7,39.9,3.8,42835.0,15690,6.0
SC,29550,1135,"1150 S 4th St, Hartsville, SC 29550",Chesterfield,rural,3.82,3.82,3.82,3.82,29.4,63.2,3.2,52525.0,29776,5.8
SC,29560,621,"900 Us 52 Hwy, Lake City, SC 29560",Clarendon,rural,3.82,3.82,3.82,3.82,52.9,40.9,1.6,49141.0,12073,6.0
SC,29572,643,10820 Kings Rd,Horry,urban,2.88,2.88,2.88,2.88,3.7,83.9,7.5,67594.0,11441,6.0
SC,29574,1829,"305 Commerce Dr, Marion, SC 29574",Dillon,rural,3.97,3.97,3.97,,57.9,39.0,1.7,34859.0,9842,6.0
SC,29575,2887|574,125 Maryport Drive,Horry,urban,2.88,2.88,2.88,2.88,2.9,87.8,3.8,68031.0,19511,6.0
SC,29576,5705|3442,"545 Garden City Connector, Garden City Beach, SC 29576",Georgetown,rural,2.88,2.88,2.88,2.88,1.6,91.8,3.9,65890.0,32817,6.0
SC,29577,2870|5367|5923|2712,3915 N Kings Hwy,Horry,urban,2.88,2.88,2.92,2.88,17.0,66.1,12.4,47107.0,34384,6.0
SC,29582,5087,"550 Highway 17 N, North Myrtle Beach, SC 29582",Horry,rural,2.97,2.97,2.97,2.97,3.2,83.1,9.1,68741.0,19701,6.0
SC,29607,640,1451 Woodruff Rd,Greenville,urban,2.5,2.5,2.5,2.5,26.4,61.9,5.3,65712.0,43466,5.6
SC,29611,641|3192,6134 White Horse Rd,Anderson,urban,2.5,2.5,2.5,2.57,28.2,45.1,20.0,45291.0,32925,5.6
SC,29615,2328|4583,2014 Wade Hampton Blvd,Greenville,urban,2.5,2.5,2.5,,9.5,74.2,7.5,72494.0,39164,5.6
SC,29617,4452,5009 Old Buncombe Road,Greenville,urban,2.5,2.5,2.5,2.5,14.6,57.8,23.2,50976.0,26649,5.6
SC,29621,4443|396,2003 E Greenville St,Anderson,rural,2.88,2.88,2.88,2.88,16.6,74.1,3.2,71438.0,44260,5.6
SC,29624,644,651 Highway 28 Byp,Anderson,rural,2.88,2.88,2.88,2.88,41.9,47.6,7.9,29953.0,14746,5.6
SC,29630,3222,"1286 Eighteen Mile Rd, Central, SC 29630",Anderson,rural,3.26,3.26,3.26,,6.6,77.4,5.0,50864.0,15638,5.6
SC,29631,4445,"680 Old Greenville Hwy, Clemson, SC 29631",Anderson,urban,3.26,3.26,3.26,3.26,7.6,79.0,3.1,50348.0,16313,5.6
SC,29640,631,"115 Rolling Hills Cir, Easley, SC 29640",Pickens,rural,2.5,2.5,2.5,2.5,6.8,82.6,7.4,58980.0,32397,5.6
SC,29646,6887,300 Bypass 25 Ne,Abbeville,rural,2.82,2.82,2.82,2.82,40.8,45.4,11.4,39899.0,28014,5.8
SC,29649,1382,508 Nw Bypass 72,Abbeville,rural,2.82,,,,29.0,63.6,3.0,51155.0,26696,5.8
SC,29650,4145,805 W Wade Hampton Blvd Ste B,Greenville,urban,2.5,,,,8.1,72.7,9.2,91439.0,38725,5.6
SC,29651,2687,14055 E Wade Hampton Blvd,Greenville,rural,2.5,,,,10.6,73.8,9.8,73505.0,53804,5.6
SC,29671,3191,"2637 Gentry Memorial Hwy, Pickens, SC 29671",Pickens,rural,3.82,3.82,3.82,3.82,5.1,89.5,1.4,63430.0,19318,5.6
SC,29678,1123,"1636 Sandifer Blvd, Seneca, SC 29678",Oconee,rural,3.26,3.26,3.26,3.26,16.8,73.7,5.2,45665.0,23359,5.6
SC,29680,5371|2265,1401 West Georgia Rd.,Greenville,urban,2.52,2.52,2.52,2.52,25.1,60.6,7.6,85911.0,33768,5.6
SC,29681,3628,115 Highway 14,Greenville,urban,2.5,2.5,2.5,2.5,11.8,74.1,7.5,104235.0,66168,5.6
SC,29687,1244,"3027 Wade Hampton Blvd, Taylors, SC 29687",Greenville,rural,2.5,2.5,2.5,2.5,11.2,73.3,10.1,71133.0,43398,5.6
SC,29690,5487,"9 Benton Rd, Travelers Rest, SC 29690",Greenville,rural,2.5,2.5,2.5,2.5,8.4,81.2,4.6,63506.0,26362,5.6
SC,29706,1603,"1691 J A Cochran Byp, Chester, SC 29706",Chester,rural,3.82,3.82,3.82,3.82,40.6,54.3,2.7,50942.0,19470,5.8
SC,29707,4237,"10048 Charlotte Hwy, Indian Land, SC 29707",Lancaster,urban,2.62,2.62,2.62,2.62,6.0,79.3,8.6,108322.0,31826,5.8
SC,29708,3733,"1151 Stonecrest Blvd, Tega Cay, SC 29708",York,urban,3.32,3.32,3.32,3.32,8.9,72.3,7.8,125677.0,42028,5.6
SC,29710,5745,"175 Highway 274, Lake Wylie, SC 29710",York,rural,3.82,,,,9.7,80.3,6.3,82554.0,38528,5.6
SC,29715,3359,"500 N Dobys Bridge Road, Fort Mill, SC 29715",York,urban,2.62,2.62,2.62,2.62,12.2,68.9,8.9,103892.0,41581,5.6
SC,29720,1030,"805 Hwy 9 Bypass Wes, Lancaster, SC 29720",Lancaster,rural,3.38,3.38,3.38,3.38,27.9,62.1,6.2,58549.0,52308,5.8
SC,29730,6962|585,1225 Cherry Rd,Chester,rural,3.32,3.32,3.32,3.36,38.8,51.0,4.8,57488.0,56727,5.8
SC,29732,4593,4875 Old York Rd,York,urban,3.32,3.32,3.32,3.32,20.0,67.8,6.7,77601.0,57182,5.6
SC,29745,1144,"970 E Liberty St, York, SC 29745",York,rural,3.82,3.82,3.82,,14.6,76.0,4.5,73416.0,34352,5.6
SC,29801,4487,3581 Richland Ave W,Aiken,rural,2.67,2.67,2.67,2.67,42.6,49.1,5.7,52973.0,30148,6.0
SC,29803,514,2035 Whiskey Rd,Aiken,rural,2.67,2.67,2.67,2.67,17.5,72.7,4.1,77868.0,38849,6.0
SC,29812,795,"11391 Dunbarton Blvd, Barnwell, SC 29812",Allendale,rural,3.86,3.86,3.86,3.86,40.2,52.7,3.2,42038.0,10773,6.0
SC,29841,1270,1201 Knox Ave,Aiken,urban,2.67,2.67,2.67,,19.4,70.2,6.3,64079.0,32505,6.0
SC,29860,6576,1041 Edgefield Rd,Aiken,rural,2.67,2.67,2.67,,15.8,74.3,5.3,88591.0,17149,6.0
SC,29906,1383,350 Robert Smalls Pkwy,Beaufort,rural,3.86,3.86,3.86,3.86,36.3,48.0,12.7,60041.0,25772,6.0
SC,29907,7181,265 Sea Island Parkway,Beaufort,rural,3.86,3.86,3.86,,12.1,78.2,4.0,85203.0,14580,6.0
SC,29910,6395,"4 Bluffton Rd, Bluffton, SC 29910",Beaufort,rural,3.38,3.38,3.38,3.38,6.8,71.9,17.2,92421.0,47927,6.0
SC,29926,728,"25 Pembroke Dr, Hilton Head Island, SC 29926",Beaufort,rural,3.86,3.86,3.86,3.86,9.8,69.7,17.7,95090.0,25384,6.0
SC,29927,2832,"4400 Us Highway 278, Hardeeville, SC 29927",Beaufort,rural,3.86,3.86,3.86,3.86,29.9,40.2,26.7,69635.0,10297,6.0
SD,57006,1538,"2233 6th St., Brookings, SD 57006",Brookings,rural,3.86,3.86,3.86,3.86,1.4,86.8,3.8,60572.0,23402,2.6
SD,57069,3734,"1207 Princeton Ave, Vermillion, SD 57069",Clay,rural,3.48,3.48,3.48,3.48,2.0,84.7,2.5,52052.0,12872,2.6
SD,57078,1483,"3001 Broadway Ave, Yankton, SD 57078",Yankton,rural,3.48,3.48,3.48,3.48,1.4,86.9,5.7,67326.0,20266,2.6
SD,57106,1535,3209 S Louise Ave,Lincoln,urban,3.06,3.06,3.06,3.06,4.7,82.1,6.7,74484.0,50299,2.6
SD,57107,4865,5200 West 60th Street North,Minnehaha,rural,3.06,3.06,3.06,3.06,7.2,75.9,10.7,76567.0,10994,2.6
SD,57108,2443,7821 South Minnesota Avenue,Lincoln,urban,3.06,3.06,3.06,3.06,1.9,90.9,2.6,93630.0,31255,2.6
SD,57110,3237,5521 E Arrowhead Pkwy,Minnehaha,urban,3.06,3.06,3.06,3.06,6.6,78.4,5.0,85363.0,21138,2.6
SD,57201,1500,"1201 29th St Se, Watertown, SD 57201",Codington,rural,3.86,3.86,3.86,3.86,0.6,90.5,3.5,65761.0,26119,2.6
SD,57301,2990,"1101 E Spruce St, Mitchell, SD 57301",Davison,rural,3.86,3.86,3.86,3.86,0.5,89.7,3.7,55076.0,18967,2.6
SD,57350,3853,"2791 Dakota Ave S, Huron, SD 57350",Beadle,rural,3.92,3.92,3.92,3.92,0.7,68.6,13.3,61444.0,15899,2.6
SD,57401,1520,"3820 7th Ave Se, Aberdeen, SD 57401",Brown,rural,3.96,3.96,3.96,3.96,2.6,83.3,4.3,67348.0,32217,2.6
SD,57501,1685,"1730 N Garfield Ave, Pierre, SD 57501",Hughes,rural,3.96,3.96,3.96,3.96,0.0,80.8,3.4,84055.0,17380,2.5
SD,57701,1604|3872,1200 N Lacrosse St,Meade,rural,3.96,3.96,3.96,3.96,1.8,72.9,6.1,52255.0,45046,2.4
SD,57783,1543,"2825 1st Ave, Spearfish, SD 57783",Butte,rural,3.96,3.96,3.96,3.96,0.6,88.6,3.5,64500.0,16533,2.4
TN,37013,5058,"3035 Hamilton Church Rd, Antioch, TN 37013",Davidson,urban,2.88,2.88,2.88,2.88,36.7,34.7,18.1,67270.0,99800,4.6
TN,37015,1226,"1626 Highway 12 S, Ashland City, TN 37015",Cheatham,rural,2.88,2.88,2.88,2.88,1.9,89.9,6.2,70271.0,19104,4.6
TN,37030,568,"125 Myers St, Carthage, TN 37030",Jackson,rural,4.44,4.23,4.12,4.03,2.5,88.8,2.8,53412.0,7595,4.6
TN,37040,4469|673,2551 Whitfield Road,Montgomery,rural,2.88,,,,26.5,55.9,8.9,62035.0,60377,4.3
TN,37042,4589|4591|1075,216 Dover Road,Montgomery,urban,2.88,2.88,2.88,2.88,26.0,47.9,15.0,61609.0,83409,4.3
TN,37043,3495,2315 Madison St,Cheatham,rural,2.88,2.88,2.88,2.88,8.7,78.5,5.7,88299.0,55127,4.6
TN,37055,264,"175 Beasley Dr, Dickson, TN 37055",Dickson,rural,2.88,2.88,2.88,2.88,5.4,85.7,5.7,65016.0,28161,4.6
TN,37062,3137,"7100 Hopgood Rd, Fairview, TN 37062",Cheatham,rural,2.88,2.88,2.88,2.88,2.7,86.7,9.2,84453.0,13194,4.6
TN,37066,674,"1112 Nashville Pike, Gallatin, TN 37066",Sumner,rural,3.52,3.52,3.52,3.52,13.3,71.9,7.9,73381.0,59554,4.6
TN,37067,272,"3600 Mallory Ln, Franklin, TN 37067",Williamson,urban,2.88,2.88,2.88,2.88,3.3,74.6,4.2,105403.0,31953,4.6
TN,37075,1376,"204 N Anderson Ln, Hendersonville, TN 37075",Sumner,urban,3.52,3.52,3.52,3.52,8.0,83.2,4.9,94234.0,72102,4.6
TN,37076,710,"4424 Lebanon Pike, Hermitage, TN 37076",Davidson,urban,2.88,,,,25.5,61.4,7.8,68894.0,38095,4.6
TN,37083,879,"419 Highway 52 Byp W, Lafayette, TN 37083",Macon,rural,4.44,4.23,4.12,4.03,0.2,89.7,7.6,54796.0,15790,4.6
TN,37086,7020,"5511 Murfreesboro Rd, La Vergne, TN 37086",Davidson,urban,2.88,2.88,2.88,2.88,25.8,47.0,20.5,73853.0,36772,4.6
TN,37087,671,"615 S Cumberland St, Lebanon, TN 37087",Smith,rural,2.88,2.88,2.88,3.24,7.9,80.2,5.8,74665.0,53068,4.6
TN,37091,737,"1334 N Ellington Pkwy, Lewisburg, TN 37091",Bedford,rural,4.44,4.23,4.12,4.03,6.1,82.0,8.0,57170.0,23650,4.9
TN,37110,668,"915 N Chancery St, Mcminnville, TN 37110",Cannon,rural,4.44,4.23,4.12,4.03,2.6,84.0,10.1,52532.0,33384,4.9
TN,37115,5107|695,109 Gallatin Pike N,Davidson,urban,2.88,2.88,2.88,2.88,36.4,38.9,19.1,55313.0,41926,4.6
TN,37122,4482,"300 Pleasant Grove Rd Ste 600, Mount Juliet, TN 37122",Davidson,rural,2.88,2.88,2.88,2.88,7.3,81.1,5.2,109308.0,65251,4.6
TN,37127,416,140 Joe B Jackson Parkway,Rutherford,rural,2.88,,,,14.1,70.7,8.6,81270.0,20734,4.6
TN,37128,5148|5182,1153 Fortress Blvd,Rutherford,urban,2.88,2.88,2.88,2.88,13.9,69.6,5.4,85544.0,73657,4.6
TN,37129,682|2757,2000 Old Fort Pkwy,Rutherford,rural,2.88,,,,12.3,74.7,5.0,84076.0,60448,4.6
TN,37130,5057,2900 S Rutherford Blvd,Rutherford,urban,2.88,,,,17.8,64.9,10.2,57425.0,58119,4.6
TN,37160,656,"1880 N Main St, Shelbyville, TN 37160",Bedford,rural,4.44,4.23,4.12,4.03,7.9,68.6,18.1,56400.0,36057,4.9
TN,37166,4414,"515 W Broad St, Smithville, TN 37166",Cannon,rural,4.44,4.23,4.12,4.03,1.5,84.1,11.1,45677.0,14051,4.9
TN,37167,406,"570 Enon Springs Rd E, Smyrna, TN 37167",Rutherford,urban,2.88,2.88,2.88,2.88,14.8,62.6,12.4,76446.0,62284,4.6
TN,37172,304,"3360 Tom Austin Hwy, Springfield, TN 37172",Robertson,rural,2.88,2.88,2.88,2.88,13.0,69.0,13.8,62608.0,31173,4.6
TN,37174,3017,"4959 Main St, Spring Hill, TN 37174",Marshall,rural,2.88,2.88,2.88,2.88,4.5,83.8,7.3,96200.0,47859,4.9
TN,37185,390,"275 Walton Dr, Waverly, TN 37185",Houston,rural,2.88,2.88,2.88,,2.4,88.1,2.7,50403.0,9125,4.6
TN,37188,4483,"225 Wilkinson Ln, White House, TN 37188",Robertson,rural,2.88,2.88,2.88,2.88,2.7,88.2,4.1,85731.0,16774,4.6
TN,37204,5616,2421 Powell Ave,Davidson,urban,2.88,2.88,2.88,,11.5,79.6,2.5,104987.0,17234,4.6
TN,37207,4435,3458 Dickerson Pike,Davidson,urban,2.88,2.88,2.88,2.88,57.9,26.0,9.7,59973.0,40144,4.6
TN,37209,659,7044 Charlotte Pike,Cheatham,urban,2.88,2.88,2.88,2.88,18.9,65.5,6.3,68898.0,38126,4.6
TN,37211,5119|688|3717,5531 Edmondson Pike,Davidson,urban,2.88,2.88,2.88,2.88,14.7,52.5,23.2,64856.0,74389,4.6
TN,37303,663,"1815 Decatur Pike, Athens, TN 37303",McMinn,rural,3.62,3.62,3.62,3.62,4.6,86.1,5.1,58466.0,25101,5.2
TN,37312,698,4495 Keith St Nw,Bradley,rural,3.32,3.32,3.32,3.32,4.1,82.5,6.5,70095.0,37452,5.2
TN,37321,619,"3034 Rhea County Hwy, Dayton, TN 37321",Bledsoe,rural,4.27,4.12,3.94,3.87,1.4,84.5,8.1,56844.0,20672,4.9
TN,37323,5263,2300 Treasury Dr Se,Bradley,rural,3.32,3.32,3.32,3.32,1.3,89.7,6.3,65572.0,31188,5.2
TN,37327,4226,"16773 Rankin Ave, Dunlap, TN 37327",Bledsoe,rural,4.27,4.12,3.94,3.87,0.7,91.6,5.0,55417.0,12165,4.9
TN,37334,314,"1224 Huntsville Hwy, Fayetteville, TN 37334",Bedford,rural,4.44,4.23,4.12,4.03,8.6,82.4,4.1,59052.0,24051,4.9
TN,37343,5188|1606,7636 Middle Valley Rd,Hamilton,urban,3.18,3.18,3.18,,6.0,81.4,5.9,79088.0,44039,5.2
TN,37347,1089,"525 Kimball Crossing Dr, Kimball, TN 37347",Marion,rural,4.27,4.12,3.94,3.87,3.8,85.6,3.2,56094.0,8452,5.2
TN,37354,366,"4525 Highway 411, Madisonville, TN 37354",McMinn,rural,4.27,4.12,3.94,3.87,1.1,89.9,3.9,50838.0,17273,5.2
TN,37355,308,"2518 Hillsboro Blvd, Manchester, TN 37355",Coffee,rural,4.44,4.23,4.12,4.03,3.2,86.8,6.0,60907.0,29152,4.9
TN,37363,3835,"5588 Little Debbie Pkwy, Collegedale, TN 37363",Hamilton,rural,3.18,3.18,3.18,3.18,9.0,80.7,6.0,91350.0,40195,5.2
TN,37379,477,"9334 Dayton Pike, Soddy Daisy, TN 37379",Bledsoe,rural,3.18,3.18,3.18,3.18,0.6,95.0,1.0,80017.0,28593,4.9
TN,37388,667,"2111 N Jackson St, Tullahoma, TN 37388",Bedford,rural,3.72,3.72,3.72,,5.0,86.6,4.0,56972.0,27036,4.9
TN,37398,735,"2675 Decherd Blvd, Winchester, TN 37398",Franklin,rural,4.44,4.23,4.12,4.03,7.0,81.6,7.4,59187.0,15207,5.2
TN,37405,3659,501 Signal Mountain Rd,Hamilton,rural,3.18,3.18,3.18,3.18,4.2,82.7,2.3,72766.0,18456,5.2
TN,37411,4671|5251,4110 Shallowford Rd,Hamilton,urban,3.18,3.18,3.18,3.18,48.2,38.3,6.6,49645.0,18710,5.2
TN,37412,4692,"4150 Ringgold Rd, East Ridge, TN 37412",Hamilton,urban,3.18,3.18,3.18,3.18,11.7,70.4,13.4,53409.0,21840,5.2
TN,37415,3619,3901 Hixson Pike Suite 181,Hamilton,urban,3.18,,,,5.7,85.6,3.3,66776.0,22928,5.2
TN,37419,3660,3550 Cummings Hwy,Hamilton,rural,4.27,4.12,3.94,3.87,5.7,84.6,0.0,76431.0,6092,5.2
TN,37421,5143|1469,8101 East Brainerd Rd,Hamilton,urban,3.18,3.18,3.18,3.18,21.9,64.0,7.2,76562.0,52507,5.2
TN,37604,1080|3829,3111 Browns Mill Rd,Carter,urban,3.36,3.36,3.36,3.42,5.5,83.4,4.5,47171.0,37090,5.2
TN,37620,620,"220 Century Blvd, Bristol, TN 37620",Sullivan,rural,3.64,,,,2.1,90.7,3.0,50154.0,38245,5.2
TN,37643,690,"1001 Over Mountain Dr, Elizabethton, TN 37643",Carter,rural,4.32,4.13,4.02,3.92,2.1,92.0,3.4,47665.0,33773,5.2
TN,37660,5734|742,750 Lynn Garden Dr,Hawkins,rural,3.42,3.42,3.42,3.42,3.7,89.6,2.1,45453.0,39481,5.2
TN,37664,599,3200 Ft Henry Drive,Sullivan,rural,3.42,3.42,3.42,3.42,1.6,93.6,1.8,58977.0,28804,5.2
TN,37692,3852,"110 Rocky Bottom Dr, Unicoi, TN 37692",Unicoi,rural,4.32,4.13,4.02,3.92,0.3,86.0,9.4,45245.0,4769,5.4
TN,37701,672,"1030 Hunters Xing, Alcoa, TN 37701",Blount,rural,2.56,2.56,2.56,,11.7,71.8,7.5,65012.0,9073,5.2
TN,37716,4635,"150 Tanner Ln, Clinton, TN 37716",Anderson,rural,4.32,4.16,,3.9,1.5,91.6,2.1,57777.0,26391,4.9
TN,37745,680,"3755 E Andrew Johnson Hwy, Greeneville, TN 37745",Greene,rural,3.47,,3.47,3.47,3.3,87.6,6.3,51823.0,20852,5.2
TN,37757,1466,"2824 Appalachian Hwy, Jacksboro, TN 37757",Campbell,rural,4.32,4.13,4.02,3.92,0.2,97.7,0.1,57302.0,10313,4.9
TN,37760,724,"630 E Broadway Blvd, Jefferson City, TN 37760",Jefferson,rural,2.62,2.62,2.62,2.62,3.0,87.0,6.9,56593.0,13887,5.2
TN,37771,741,"911 Highway 321 N, Lenoir City, TN 37771",Loudon,rural,3.0,3.0,3.0,3.0,1.0,80.0,17.0,53564.0,17802,5.2
TN,37801,4223,"2410 Us Highway 411 S, Maryville, TN 37801",Blount,rural,2.56,2.56,2.56,2.56,2.4,92.3,2.4,63983.0,27006,5.2
TN,37813,685,475 Crockett Trace Dr,Hamblen,rural,2.62,2.62,2.62,,3.3,71.0,20.6,41590.0,17188,5.2
TN,37814,5467|6370,1997 Buffalo Trail,Hamblen,rural,2.62,2.62,2.62,2.62,3.9,78.8,12.1,49686.0,34894,5.2
TN,37821,678,"1075 Cosby Hwy, Newport, TN 37821",Cocke,rural,4.27,4.12,3.94,3.87,1.0,92.5,2.3,42622.0,21751,5.2
TN,37825,1159,"432 S Broad St, New Tazewell, TN 37825",Claiborne,rural,4.32,4.13,4.02,3.92,1.6,92.8,2.4,50333.0,8916,4.9
TN,37830,1194,"373 S Illinois Ave, Oak Ridge, TN 37830",Anderson,rural,3.96,3.96,3.96,3.96,6.4,80.4,5.5,66954.0,32164,4.9
TN,37841,583,"19740 Alberta St, Oneida, TN 37841",Scott,rural,4.32,4.13,4.02,3.92,0.1,96.1,0.4,41790.0,9658,4.9
TN,37854,676,"1102 No. Gateway Ave, Rockwood, TN 37854",Cumberland,rural,4.32,4.13,4.02,3.92,0.5,92.5,0.9,52386.0,12168,4.9
TN,37857,3234,"4331 Highway 66 S, Rogersville, TN 37857",Hawkins,rural,4.32,4.13,4.02,3.92,1.6,94.1,1.6,51809.0,20759,5.2
TN,37862,5908|578,1185 Dolly Parton Pkwy,Sevier,rural,3.12,3.12,3.28,3.12,0.7,80.6,15.8,55114.0,22148,5.2
TN,37874,4166,"935 State Hwy 11 South, Sweetwater, TN 37874",Loudon,rural,4.27,4.12,3.94,3.87,3.0,84.5,6.2,48864.0,15961,5.2
TN,37912,1318,6777 Clinton Hwy,Knox,urban,3.07,3.07,3.07,3.07,14.5,71.8,7.9,42080.0,22051,4.9
TN,37920,1320,7420 Chapman Hwy,Blount,rural,4.27,4.12,3.94,,5.9,84.4,4.0,58430.0,42537,5.2
TN,37921,3959,3120 Mckamey Road,Knox,urban,3.07,3.07,3.07,3.07,20.8,65.0,8.4,55517.0,28571,4.9
TN,37923,2065,8445 Walbrook Dr,Knox,urban,3.07,3.07,3.07,,7.4,77.5,8.3,67828.0,31364,4.9
TN,37924,2310,3051 Kinzel Way,Knox,rural,3.07,3.07,3.07,3.07,7.2,80.0,5.4,67394.0,14092,4.9
TN,37934,2932,10900 Parkside Dr,Knox,urban,3.07,3.07,3.07,3.07,0.9,89.0,2.9,126402.0,27675,4.9
TN,37938,1319,7550 Norris Fwy,Anderson,rural,3.12,3.12,3.12,3.12,1.2,94.0,1.1,81140.0,17366,4.9
TN,38008,466,"1604 W Market St, Bolivar, TN 38008",Hardeman,rural,4.83,4.66,4.5,4.42,56.6,35.0,1.6,40313.0,8567,4.6
TN,38012,64,"1100 S Dupree Ave, Brownsville, TN 38012",Haywood,rural,4.82,4.63,4.56,4.56,57.7,36.7,3.6,41702.0,13095,4.6
TN,38017,175,"560 W Poplar Ave, Collierville, TN 38017",Fayette,rural,3.02,3.02,3.02,3.02,10.4,70.0,4.2,131354.0,55570,4.6
TN,38018,2322,"577 N Germantown Pkwy, Cordova, TN 38018",Shelby,urban,3.02,3.02,3.02,3.02,46.0,40.1,6.2,82355.0,38338,4.6
TN,38019,93,"201 Lanny Bridges Ave, Covington, TN 38019",Tipton,rural,4.82,4.62,4.47,4.36,35.0,60.9,1.8,57124.0,15466,4.6
TN,38024,677,"2650 Lake Rd, Dyersburg, TN 38024",Dyer,rural,4.82,4.62,4.46,4.36,16.3,75.6,3.0,52475.0,25767,4.3
TN,38053,94,"8445 Us Highway 51 N, Millington, TN 38053",Shelby,rural,4.78,4.6,4.46,4.36,25.1,62.6,7.5,57012.0,25556,4.6
TN,38060,4533,"105 Chickasaw Ridge Dr, Oakland, TN 38060",Fayette,rural,4.82,4.62,4.47,4.37,27.1,68.8,2.3,80478.0,11713,4.6
TN,38063,97,"628 Highway 51 N, Ripley, TN 38063",Haywood,rural,4.82,4.62,4.46,4.36,39.2,56.1,1.2,46929.0,15569,4.6
TN,38115,5122,2856 Hickory Hill Rd,Shelby,urban,3.02,3.02,3.02,3.02,83.6,5.1,10.3,39176.0,36574,4.6
TN,38116,5196,5255 Elvis Presley Blvd,Shelby,urban,3.16,3.16,3.16,3.16,92.0,4.7,2.3,42354.0,40212,4.6
TN,38125,5043|1248,6990 E Shelby Dr,Shelby,urban,3.02,3.02,3.02,3.02,78.3,10.7,5.1,80116.0,43305,4.6
TN,38128,1561,3950 Austin Peay Hwy,Shelby,urban,3.02,3.02,3.02,3.02,80.8,9.3,6.4,40497.0,44400,4.6
TN,38133,950|6807,8400 Highway 64,Shelby,urban,3.06,3.06,3.06,3.06,27.3,50.6,14.0,74775.0,21383,4.6
TN,38135,3599,6520 Memphis Arlington Rd,Shelby,urban,3.02,3.02,3.02,3.02,36.6,55.2,3.4,88987.0,30917,4.6
TN,38237,107,"134 Courtright Rd, Martin, TN 38237",Obion,rural,4.48,4.27,4.14,4.07,12.6,79.3,3.8,46123.0,15517,4.3
TN,38242,177,"1210 Mineral Wells Ave, Paris, TN 38242",Henry,rural,4.44,4.23,4.12,4.03,10.3,83.5,2.3,45459.0,19575,4.3
TN,38261,675,"1601 W Reelfoot Ave, Union City, TN 38261",Obion,rural,4.76,4.57,4.42,,16.3,72.0,6.7,50576.0,16325,4.3
TN,38301,393,2171 S Highland Ave,Madison,rural,2.78,2.78,2.78,2.78,51.2,41.9,3.8,37692.0,33459,4.6
TN,38305,335,2196 Emporium Dr,Carroll,rural,2.78,2.78,2.84,2.78,32.8,57.0,5.1,63477.0,52527,4.6
TN,38320,738,"2200 Highway 641 N, Camden, TN 38320",Benton,rural,4.44,4.23,4.12,4.03,2.2,91.1,1.7,49774.0,10773,4.6
TN,38343,120,"2716 N Central Ave, Humboldt, TN 38343",Crockett,rural,4.48,4.27,4.14,4.07,23.3,67.4,6.5,51843.0,15763,4.3
TN,38344,161,"180 Veterans Dr N, Huntingdon, TN 38344",Carroll,rural,4.44,4.23,4.12,4.03,10.2,82.9,3.5,50883.0,8453,4.6
TN,38351,684,"547 W Church St, Lexington, TN 38351",Henderson,rural,4.44,4.23,4.12,,10.4,83.9,3.2,52933.0,18210,4.6
TN,38358,104,"15427 S First St, Milan, TN 38358",Gibson,rural,4.48,4.27,4.14,4.07,16.7,76.3,0.3,54514.0,12466,4.3
TN,38372,268,"175 Ji Bell Ln, Savannah, TN 38372",Hardin,rural,4.44,4.23,4.12,4.03,2.7,89.7,3.5,48537.0,17468,4.9
TN,38375,218,"1017 Mulberry Ave, Selmer, TN 38375",McNairy,rural,4.44,4.23,4.12,4.03,11.1,84.2,0.9,45785.0,8260,4.9
TN,38401,192,"2200 Brookmeade Dr, Columbia, TN 38401",Marshall,rural,2.88,2.88,2.88,2.88,12.9,75.7,7.2,66047.0,65393,4.9
TN,38462,1115,"612 E Main St, Hohenwald, TN 38462",Hickman,rural,4.44,4.23,4.12,4.03,0.5,92.9,2.3,43730.0,10145,4.6
TN,38464,683,"2130 N Locust Ave, Lawrenceburg, TN 38464",Giles,rural,4.44,4.23,4.12,,2.2,89.3,3.5,44848.0,23178,4.9
TN,38478,238,"1655 W College St, Pulaski, TN 38478",Giles,rural,4.44,4.23,4.12,4.03,11.8,76.5,4.3,55383.0,18545,4.9
TN,38501,657,"768 S Jefferson Ave, Cookeville, TN 38501",Jackson,rural,3.47,,,,3.1,83.0,8.6,49373.0,41930,4.6
TN,38506,5175,"589 W Main St, Algood, TN 38506",Jackson,rural,3.47,3.47,3.47,3.47,0.8,92.8,4.2,60588.0,29243,4.6
TN,38555,687,"168 Obed Plz Ste 108, Crossville, TN 38555",Cumberland,rural,4.32,,4.02,3.92,1.6,89.8,5.9,51697.0,21627,4.9
TN,38556,1467,"539 E Central Ave, Jamestown, TN 38556",Fentress,rural,4.32,4.16,3.98,3.9,0.2,94.9,2.5,41641.0,11684,4.6
TN,38583,587,"202 Sam Walton Dr, Sparta, TN 38583",Cumberland,rural,4.27,4.1,3.96,3.87,2.1,93.8,1.8,50582.0,25269,4.9
TX,75002,3574|5672,1520 E Exchange Pkwy,Collin,urban,2.56,2.56,2.56,2.56,12.9,56.7,12.9,119301.0,72679,3.7
TX,75006,2625|8899|1216,1025 W Trinity Mills,Dallas,urban,2.56,2.56,2.56,,9.0,33.1,48.3,79672.0,48062,3.7
TX,75007,3198,4025 Old Denton Rd,Collin,urban,2.56,2.56,2.56,2.56,8.1,43.7,27.5,105969.0,54498,3.7
TX,75013,2918,730 W Exchange Pkwy,Collin,urban,2.56,2.56,2.56,,7.1,49.8,9.2,149549.0,46649,3.7
TX,75020,147,"401 N Us Highway 75, Denison, TX 75020",Grayson,rural,2.72,2.72,2.72,2.72,6.5,76.2,10.7,64734.0,24486,3.7
TX,75022,5963,"2800 Flower Mound Rd, Flower Mound, TX 75022",Denton,urban,2.78,2.78,2.78,,2.8,64.6,13.5,179892.0,27000,3.7
TX,75023,997|1117|2926,6040 Coit Road,Collin,urban,2.56,,,,8.9,57.7,15.6,101246.0,49376,3.7
TX,75024,7261|2883,6565 Headquarters Dr,Collin,urban,2.56,2.56,2.56,2.56,9.3,41.1,7.7,114623.0,43520,3.7
TX,75025,2995,8040 Independence Pkwy,Collin,urban,2.56,2.56,2.56,,9.7,41.0,9.9,134740.0,54201,3.7
TX,75033,3777,12220 Fm 423,Collin,,2.56,,,,11.1,58.2,13.7,165218.0,47416,3.7
TX,75034,2463|5866,355 Stonebrook Pkwy,Collin,rural,2.56,,,,9.3,52.9,14.6,104323.0,48749,3.7
TX,75035,202,16066 State Highway 121,Collin,urban,3.34,2.56,2.56,2.56,8.6,40.8,12.5,154811.0,83930,3.7
TX,75040,2433|4046|1055,101 W Buckingham Rd,Dallas,urban,2.64,2.64,2.64,2.64,12.4,22.3,49.4,70592.0,63143,3.7
TX,75041,1800,1801 Marketplace Dr,Dallas,urban,2.64,,,,5.9,18.1,71.0,62744.0,31344,3.7
TX,75043,2975|3224,3959 Broadway Blvd,Dallas,urban,2.64,2.68,2.68,2.68,22.9,30.1,35.1,72079.0,64296,3.7
TX,75048,6851|5673,6750 Murphy Road,Collin,urban,2.64,2.64,2.64,,12.1,53.6,9.7,126792.0,28210,3.7
TX,75052,896|4503,2225 W Interstate 20,Dallas,urban,2.77,2.77,2.77,2.77,27.2,20.7,39.4,84055.0,94636,3.7
TX,75056,426,"4691 State Highway 121, Colony, TX 75056",Denton,urban,2.56,2.56,2.56,2.56,9.7,48.0,19.4,111589.0,65785,3.7
TX,75062,880,4100 W Airport Fwy,Dallas,urban,2.77,2.77,2.77,2.77,13.9,19.6,49.6,68692.0,52772,3.7
TX,75063,2649,1635 Market Place Blvd.,Dallas,urban,2.56,2.56,2.56,2.56,13.1,17.8,7.2,106909.0,44570,3.7
TX,75067,217|5092,801 W Main St,Dallas,urban,2.56,2.56,2.56,2.56,14.3,38.7,32.3,75224.0,67117,3.7
TX,75069,206,2041 N Redbud Blvd,Collin,urban,2.56,,,,10.3,54.7,30.8,74967.0,39048,3.7
TX,75070,5211,5001 Mckinney Ranch Pkwy,Collin,urban,2.56,2.56,2.56,2.56,13.3,51.3,13.2,101188.0,57516,3.7
TX,75071,6966|5311,3400 Virginia Parkway,Collin,rural,2.56,,,,12.7,56.9,16.2,124763.0,66298,3.7
TX,75074,3199,3513 E Park Blvd,Collin,urban,2.56,2.56,2.56,,10.7,38.3,35.3,78441.0,51443,3.7
TX,75075,5657|3482,3100 Custer Rd,Collin,urban,2.56,2.56,2.56,2.56,6.1,63.2,14.3,89081.0,37032,3.7
TX,75077,4240|3287,"3060 Justin Rd, Highland Village, TX 75077",Denton,urban,2.78,2.78,2.78,2.78,7.0,68.9,12.4,120254.0,39853,3.7
TX,75078,6300,"500 Richland Blvd, Prosper, TX 75078",Collin,urban,2.56,2.56,2.56,2.56,7.2,63.9,10.3,178254.0,40513,3.7
TX,75081,2974,"1501 Buckingham Rd, Richardson, TX 75081",Dallas,urban,2.64,2.64,2.64,2.64,20.5,46.4,18.0,88161.0,36493,3.7
TX,75087,3530|259,850 W Rusk St,Collin,urban,2.64,2.64,2.64,,4.5,70.9,17.0,124583.0,40201,3.7
TX,75088,7240|3225,8800 Lakeview Parkway,Dallas,urban,2.64,2.64,2.64,2.64,15.9,56.1,20.1,101995.0,27143,3.7
TX,75092,3521|947,2210 N.f.m 1417,Grayson,rural,2.72,2.72,2.72,2.72,6.2,75.3,8.9,62741.0,26588,3.7
TX,75093,4182|2086,3312 Preston Road,Collin,urban,2.56,2.56,2.56,2.56,8.0,58.5,9.3,121360.0,47069,3.7
TX,75094,2973,"115 West Fm 544, Murphy, TX 75094",Collin,urban,2.64,2.64,2.64,,9.2,46.7,2.9,152461.0,23370,3.7
TX,75098,6078|5210,1400 Mccreary Road,Collin,urban,2.64,2.64,2.64,2.64,11.8,54.3,18.2,112198.0,65655,3.7
TX,75103,827,"603 E Highway 243, Canton, TX 75103",Van Zandt,rural,3.76,3.76,3.76,,1.3,85.8,8.4,67878.0,16372,3.7
TX,75104,3204|3285,820 E Belt Line Rd,Dallas,urban,2.77,2.77,2.77,2.78,49.5,17.4,26.2,84760.0,49291,3.7
TX,75110,565,"3801 W State Highway 31, Corsicana, TX 75110",Navarro,rural,3.12,3.12,3.12,3.12,14.2,41.1,35.7,51048.0,31008,3.7
TX,75115,7232|3432,108 W. Parkerville Road,Dallas,urban,2.77,2.77,2.77,2.77,66.6,9.9,18.5,81895.0,56012,3.7
TX,75119,286,"700 E Ennis Ave, Ennis, TX 75119",Ellis,rural,3.92,3.92,3.92,3.92,8.3,48.3,41.9,77225.0,29509,3.7
TX,75126,5191,"802 E Us Highway 80, Forney, TX 75126",Kaufman,rural,2.56,2.56,2.56,2.56,23.1,49.5,21.2,101456.0,67852,3.7
TX,75142,4164,"300 Kings Fort Pkwy, Kaufman, TX 75142",Kaufman,rural,3.76,3.76,3.76,3.76,4.1,54.5,38.2,75072.0,22756,3.7
TX,75146,7224|471,350 N Bluegrove Rd,Dallas,rural,2.77,2.77,2.77,,67.4,10.7,18.9,68001.0,24089,3.7
TX,75149,5824|789,1951 Military Parkway,Dallas,urban,2.64,2.64,2.64,2.64,23.8,24.9,47.0,64858.0,59371,3.7
TX,75150,2976,915 N Town East Blvd,Dallas,urban,2.64,2.64,2.64,,20.6,27.3,47.5,66265.0,63895,3.7
TX,75154,3433,"100 S Ryan Dr, Red Oak, TX 75154",Dallas,urban,2.77,2.77,2.77,2.77,30.5,42.1,24.1,95035.0,48510,3.7
TX,75156,516,"1200 W Main St, Gun Barrel City, TX 75156",Henderson,rural,3.76,3.76,3.76,,1.9,84.7,8.9,52464.0,16262,3.7
TX,75159,5288,"220 N Highway 175, Seagoville, TX 75159",Dallas,rural,3.76,3.76,3.76,,14.3,33.9,47.6,69301.0,22751,3.7
TX,75160,265,"1900 W Moore Ave, Terrell, TX 75160",Hunt,rural,2.56,2.56,2.56,2.56,18.3,48.2,31.2,67102.0,25964,3.7
TX,75165,260,"1200 N Highway 77, Waxahachie, TX 75165",Ellis,rural,3.16,3.16,3.16,3.16,14.6,55.9,25.0,83970.0,48970,3.7
TX,75180,1118,"12300 Lake June Rd, Balch Springs, TX 75180",Dallas,urban,2.64,2.64,2.64,2.64,28.3,16.8,54.3,57827.0,27050,3.7
TX,75189,5987,"494 W Interstate 30, Royse City, TX 75189",Collin,rural,2.64,2.64,2.64,2.64,8.7,62.8,24.3,114068.0,38261,3.7
TX,75204,3341,2305 N Central Expy,Dallas,urban,2.64,2.64,2.64,2.64,13.7,55.7,20.4,88142.0,31627,3.7
TX,75211,5147,1521 N Cockrell Hill Rd,Dallas,urban,2.77,2.77,2.77,,9.1,10.4,78.6,53614.0,73948,3.7
TX,75220,5889,9410 Webb Chapel Rd,Dallas,urban,2.56,2.56,2.56,2.56,4.0,23.4,69.9,56849.0,40327,3.7
TX,75227,3015,2827 S. Buckner Blvd,Dallas,urban,2.64,,,,27.5,8.5,62.4,54743.0,58315,3.7
TX,75228,5021|2667,2275 Gus Thomasson Rd,Dallas,urban,2.6,2.4,2.64,2.64,19.1,21.4,56.3,55848.0,68472,3.7
TX,75231,5823,6185 Retail Rd,Dallas,urban,2.64,2.64,2.64,2.64,24.1,26.2,35.7,50603.0,39158,3.7
TX,75232,3014,200 Short Blvd,Dallas,urban,2.77,2.77,2.77,2.77,50.0,5.6,43.5,52739.0,33333,3.7
TX,75234,5624,"13100 Josey Ln, Farmers Branch, TX 75234",Dallas,urban,2.56,2.56,2.56,2.56,6.6,31.5,51.6,85105.0,33838,3.7
TX,75243,2427|5931,9301 Forest Ln,Dallas,urban,2.64,2.64,2.64,,44.9,22.6,21.1,47319.0,63047,3.7
TX,75244,2105,4122 Lbj Freeway,Dallas,urban,2.56,2.56,2.56,2.56,8.4,57.7,19.2,109440.0,12734,3.7
TX,75248,3406|8930,15220 Montfort Rd,Collin,urban,2.56,2.56,2.56,2.56,9.7,64.0,16.8,98584.0,37282,3.7
TX,75249,5810,7075 W Wheatland Rd,Dallas,urban,2.77,2.77,2.77,2.78,48.4,7.9,39.1,79162.0,17853,3.7
TX,75287,2996,18121 Marsh Ln,Collin,urban,2.56,2.56,2.56,2.56,23.9,36.0,28.6,60256.0,52240,3.7
TX,75401,4453,4715 Wesley Street,Hunt,rural,3.52,3.52,3.52,3.52,12.8,52.4,31.1,51882.0,21000,3.7
TX,75402,427,7401 Interstate Highway 30,Hunt,rural,3.52,3.52,3.52,3.52,8.7,73.5,12.6,78277.0,20299,3.7
TX,75407,7178,"701 W Princeton Dr, Princeton, TX 75407",Collin,rural,3.76,3.76,3.76,3.76,14.2,49.5,30.4,87839.0,26607,3.7
TX,75409,6963,"521 S. Central Express Way, Anna, TX 75409",Collin,rural,3.76,3.76,3.76,3.76,14.4,60.5,21.7,89444.0,22249,3.7
TX,75418,158,"2021 N State Highway 121, Bonham, TX 75418",Fannin,rural,3.86,3.86,3.86,3.86,9.5,68.5,18.0,58790.0,14473,3.7
TX,75428,240,"2701 State Highway 50, Commerce, TX 75428",Delta,rural,3.52,3.52,3.52,3.52,18.1,56.0,18.2,51205.0,11398,3.7
TX,75455,131,"2311 S Jefferson Ave, Mount Pleasant, TX 75455",Franklin,rural,4.02,4.02,4.02,4.02,10.1,41.6,45.4,57120.0,26816,3.7
TX,75462,148,"3855 Lamar Ave, Paris, TX 75462",Lamar,rural,2.46,2.46,2.46,2.46,4.5,79.8,7.4,66884.0,11406,3.7
TX,75474,4215,"8801 State Highway 34 S, Quinlan, TX 75474",Hunt,rural,3.76,3.76,3.76,3.76,1.1,76.1,16.9,62461.0,16586,3.7
TX,75482,417,"1750 S Broadway St, Sulphur Springs, TX 75482",Hopkins,rural,3.86,3.86,3.86,3.86,9.9,69.3,17.5,63312.0,25724,3.7
TX,75501,2123|4373,4000 New Boston Rd,Bowie,rural,4.42,,4.42,4.42,33.9,53.7,8.8,44064.0,34183,4.0
TX,75503,4367|4371,3302 Summerhill Road,Bowie,rural,4.42,4.42,4.42,4.42,22.8,64.4,6.4,68977.0,27675,4.0
TX,75551,226,"201 Loop 59, Atlanta, TX 75551",Cass,rural,4.42,4.42,4.42,4.42,16.5,68.8,6.5,63929.0,10917,4.0
TX,75570,181,"800 James Bowie Dr, New Boston, TX 75570",Bowie,rural,4.62,4.62,4.62,4.62,17.2,66.1,11.3,64304.0,11197,4.0
TX,75603,3828,4006 Estes Pkwy,Gregg,rural,3.62,3.62,3.62,3.62,32.6,51.3,13.6,58750.0,6341,4.0
TX,75604,4114|399,3812 Gilmer Rd,Gregg,rural,3.67,3.67,3.66,3.66,16.8,57.8,19.3,66109.0,31361,4.0
TX,75605,398,515 E Loop 281,Gregg,rural,3.62,3.62,3.62,3.62,14.8,73.3,6.3,73582.0,33614,4.0
TX,75633,523,"4609 Nw Loop 436, Carthage, TX 75633",Panola,rural,3.82,3.82,3.82,3.82,12.5,67.9,13.3,62244.0,13055,4.0
TX,75644,146,"1102 Us Highway 271 North, Gilmer, TX 75644",Upshur,rural,3.76,3.76,3.76,3.76,10.7,75.8,9.6,54579.0,12902,3.7
TX,75654,165,"2121 Us Highway 79 S, Henderson, TX 75654",Cherokee,rural,3.76,3.76,3.76,3.76,10.4,61.6,25.9,58839.0,12817,4.0
TX,75662,572,"1201 Stone St, Kilgore, TX 75662",Gregg,rural,3.76,3.76,3.76,3.76,12.5,61.3,21.0,64717.0,24640,4.0
TX,75670,918,"1701 E End Blvd N, Marshall, TX 75670",Harrison,rural,3.76,3.76,3.76,3.76,39.9,34.8,21.7,37106.0,18466,4.0
TX,75701,5700,2151 Frankston Highway,Smith,urban,3.67,3.67,3.67,3.67,21.2,56.6,17.1,59107.0,34822,3.7
TX,75702,6467,450 S Southeast Loop 323,Smith,urban,3.67,,,,39.3,12.2,47.1,48485.0,27775,3.7
TX,75703,4193|4605|2688,1900 Ese Loop 323,Smith,rural,3.67,3.67,3.67,3.67,15.9,67.2,9.3,77858.0,43682,3.7
TX,75704,1022,3820 State Highway 64 W,Smith,rural,3.67,3.67,3.67,3.67,27.5,52.8,16.4,55967.0,9284,3.7
TX,75707,1044,5050 Troup Hwy,Smith,rural,3.67,3.67,3.67,3.67,9.2,72.3,13.2,79764.0,15724,3.7
TX,75751,412,"1405 E Tyler St, Athens, TX 75751",Anderson,rural,3.76,3.76,3.76,3.76,12.5,58.6,23.7,59399.0,17989,4.0
TX,75766,180,"1311 S Jackson St, Jacksonville, TX 75766",Cherokee,rural,3.76,3.76,3.76,3.76,12.3,52.2,32.5,50279.0,26128,4.0
TX,75771,3764,"105 Centennial Blvd, Lindale, TX 75771",Smith,rural,3.67,3.67,3.67,3.73,5.7,81.0,9.9,83516.0,21408,3.7
TX,75773,251,"135 Ne Loop 564, Mineola, TX 75773",Smith,rural,3.76,3.76,3.76,3.76,3.8,79.1,14.7,57854.0,14227,3.7
TX,75801,345,"2223 S Loop 256, Palestine, TX 75801",Anderson,rural,3.76,3.76,3.76,3.76,29.3,46.1,16.9,46706.0,16549,4.0
TX,75835,236,"1225 E Loop 304, Crockett, TX 75835",Houston,rural,3.82,3.82,3.82,3.82,27.2,56.8,13.1,48706.0,11470,4.0
TX,75904,140,"2500 Daniel Mccall Dr, Lufkin, TX 75904",Angelina,rural,3.82,3.82,3.82,,16.8,59.5,17.6,59444.0,34191,4.6
TX,75935,364,"765 Hurst Street, Center, TX 75935",San Augustine,rural,3.76,3.76,3.76,,16.2,56.4,23.4,52569.0,12073,4.6
TX,75951,214,"800 W Gibson St, Jasper, TX 75951",Jasper,rural,3.87,3.87,3.87,3.87,27.0,61.3,6.6,44141.0,15148,4.8
TX,75961,4674,1030 N University Dr,Nacogdoches,rural,3.87,3.87,3.87,3.87,31.9,49.4,15.9,38547.0,15081,4.0
TX,75965,163,4810 North St,Nacogdoches,rural,3.87,3.87,3.87,3.87,12.1,68.4,14.2,52073.0,17410,4.0
TX,75979,288,"115 Cobb Mill Rd, Woodville, TX 75979",Tyler,rural,3.87,3.87,3.87,3.87,17.6,68.4,10.4,43822.0,11473,4.8
TX,76011,5613|5416,2121 N Collins St,Tarrant,urban,2.77,2.77,2.77,2.77,34.2,23.6,37.6,50200.0,22529,3.7
TX,76013,3594,"2610 W Pioneer Pkwy, Pantego, TX 76013",Tarrant,urban,2.77,2.77,2.77,2.77,14.2,57.9,16.9,64585.0,35535,3.7
TX,76017,2466|2977|3870|1801|3284,4851 S Cooper Street,Tarrant,urban,2.77,2.77,2.77,2.77,20.4,51.2,17.4,89930.0,46361,3.7
TX,76020,5359,"721 Boyd Rd, Azle, TX 76020",Parker,rural,3.76,3.76,3.76,3.76,1.0,78.7,16.9,87923.0,32937,3.7
TX,76021,3392|1178,2108 Bedford Rd,Tarrant,urban,2.77,2.77,2.77,2.77,8.3,65.2,15.4,84539.0,34858,3.7
TX,76028,3653|220,965 Nw John Jones Dr,Johnson,rural,2.77,2.77,2.77,2.77,5.6,69.0,19.8,93314.0,76343,3.7
TX,76033,228,"1616 W Henderson St, Cleburne, TX 76033",Hood,rural,3.42,3.42,3.42,3.42,4.5,65.5,23.7,65488.0,27664,3.7
TX,76034,5614,"4904 Colleyville Blvd, Colleyville, TX 76034",Tarrant,urban,2.77,2.77,2.77,2.77,3.8,77.3,8.1,196034.0,25793,3.7
TX,76036,245|3631,1301 E. Fm 1187,Johnson,rural,2.77,,,,20.8,46.3,28.9,89393.0,30489,3.7
TX,76048,371,"735 E Highway 377, Granbury, TX 76048",Hood,rural,3.42,3.42,3.42,3.42,1.2,79.5,15.9,61728.0,27005,3.7
TX,76051,266,"1601 W State Highway 114, Grapevine, TX 76051",Dallas,urban,2.77,2.77,2.77,2.77,5.8,63.9,19.7,106726.0,50303,3.7
TX,76052,5764,2401 Avondale Haslet Road,Denton,rural,2.77,2.77,2.77,,10.9,66.9,16.8,135348.0,27171,3.7
TX,76053,7347,720 W Pipeline Rd,Tarrant,urban,2.77,2.77,2.77,2.77,12.0,50.6,28.8,59985.0,31396,3.7
TX,76054,5080,1732 Precinct Line Rd,Tarrant,urban,2.77,2.77,2.77,2.77,4.4,70.4,13.2,104748.0,11886,3.7
TX,76063,2397|284,2951 Matlock Rd,Ellis,urban,2.77,2.77,2.77,,21.1,52.7,17.4,110303.0,80101,3.7
TX,76065,4279,"400 N Highway 67, Midlothian, TX 76065",Dallas,rural,3.12,3.12,3.16,3.12,9.2,68.4,18.3,121063.0,42415,3.7
TX,76067,804,"601 No. Fm 1821, Mineral Wells, TX 76067",Palo Pinto,rural,3.76,3.76,3.76,,3.6,68.2,23.9,59845.0,20582,3.3
TX,76086,963,"1836 S Main St, Weatherford, TX 76086",Parker,urban,3.32,3.32,3.37,3.37,3.9,73.6,16.3,65707.0,21979,3.7
TX,76087,3431,"2801 E Interstate 20, Hudson Oaks, TX 76087",Hood,rural,3.32,,,,1.0,82.4,13.1,101606.0,31831,3.7
TX,76105,3044,2900 Renaissance Square,Tarrant,urban,2.77,2.77,2.77,2.77,33.4,6.5,57.8,44193.0,23252,3.7
TX,76108,3773,9500 Clifford St,Parker,rural,2.77,2.77,2.77,2.77,6.2,58.6,28.9,73183.0,44930,3.7
TX,76110,3135,717 W. Berry St,Tarrant,urban,2.77,2.77,2.77,2.77,1.1,31.1,63.9,59933.0,33640,3.7
TX,76111,5312,3851 Airport Fwy,Tarrant,urban,2.77,2.77,2.77,2.77,3.7,22.9,69.4,54884.0,21366,3.7
TX,76114,4165|940,2245 Jacksboro Hwy,Tarrant,urban,2.77,2.77,2.77,2.77,1.7,37.0,59.1,63454.0,27297,3.7
TX,76116,3419,6756 W Vickery Blvd,Tarrant,urban,2.77,2.77,2.77,2.77,19.2,48.4,27.0,50982.0,49232,3.7
TX,76120,1455,8401 Anderson Blvd,Tarrant,urban,2.77,2.77,2.77,2.77,44.9,27.0,21.5,70129.0,19842,3.7
TX,76123,7251,7800 Summer Creek Drive,Tarrant,urban,2.77,2.77,2.77,,39.4,21.8,26.5,91180.0,40973,3.7
TX,76126,4509,"8840 Benbrook Blvd, Benbrook, TX 76126",Parker,rural,2.77,2.77,2.77,2.77,2.3,71.8,21.1,106467.0,25480,3.7
TX,76132,590,6300 Oakmont Blvd,Tarrant,urban,2.77,2.77,2.77,,17.5,52.2,18.5,68284.0,26709,3.7
TX,76133,2978,7451 Mccart Ave,Tarrant,urban,2.77,2.77,2.77,2.77,21.5,34.6,37.9,69506.0,54241,3.7
TX,76135,717|972,6364 Lake Worth Blvd,Tarrant,rural,2.77,2.77,2.77,2.77,4.8,63.2,28.8,69525.0,18648,3.7
TX,76137,2979,7401 Park Vista Blvd,Tarrant,urban,2.77,2.77,2.77,2.77,12.5,47.2,24.9,86733.0,58970,3.7
TX,76179,5316,"1401 N Saginaw Blvd, Saginaw, TX 76179",Tarrant,urban,2.77,2.77,2.77,2.77,9.4,53.2,31.0,106288.0,74074,3.7
TX,76180,807|6578,6401 Ne Loop 820,Tarrant,urban,2.77,2.77,2.77,2.77,8.7,60.8,22.6,76416.0,37271,3.7
TX,76182,3274,9101 N Tarrant Pkwy,Tarrant,urban,2.77,,,,3.9,72.5,15.6,110669.0,30509,3.7
TX,76201,4627,2750 W University Dr,Denton,urban,2.78,2.78,2.78,2.78,12.7,59.4,17.8,37703.0,28345,3.7
TX,76205,467,1515 S Loop 288,Denton,urban,2.78,,,,14.7,51.0,27.2,60196.0,20734,3.7
TX,76210,4104,3930 Teasley Ln,Denton,urban,2.78,,,,9.2,63.6,19.3,102036.0,44990,3.7
TX,76227,5707,"11700 Us Highway 380, Cross Roads, TX 76227",Denton,rural,2.56,2.56,2.56,,15.4,61.4,15.8,106113.0,49155,3.7
TX,76230,271,"1341 Highway 287 N, Bowie, TX 76230",Clay,rural,3.76,3.76,3.76,3.76,1.2,83.3,12.2,68301.0,9742,3.3
TX,76234,421,"800 S Highway 287, Decatur, TX 76234",Cooke,rural,3.76,3.76,3.76,,1.1,66.7,28.3,85052.0,20110,3.3
TX,76240,185,"1800 Lawrence St, Gainesville, TX 76240",Cooke,rural,3.76,3.76,3.76,3.76,4.5,67.7,22.4,58384.0,29253,3.3
TX,76244,3043|2834|2980,4536 Heritage Trace Parkway,Tarrant,urban,2.77,2.77,2.77,2.77,9.3,60.5,18.3,116568.0,75185,3.7
TX,76248,2981,"2130 Rufe Snow Dr, Keller, TX 76248",Tarrant,urban,2.77,,,,2.9,77.9,10.2,161383.0,40130,3.7
TX,76262,5247,"1228 N Highway 377, Roanoke, TX 76262",Denton,rural,2.77,2.77,2.77,2.77,4.5,68.3,15.1,130524.0,42072,3.7
TX,76302,414,5131 Greenbriar Rd,Archer,urban,3.16,3.16,3.16,3.16,8.7,62.6,21.4,51159.0,11169,3.3
TX,76306,420,2700 Central Fwy,Wichita,urban,3.16,3.16,3.16,3.16,14.2,59.8,20.8,47746.0,14391,2.9
TX,76308,1148,3130 Lawrence Rd,Archer,urban,3.22,3.22,3.22,,8.4,71.3,15.9,70872.0,20493,3.3
TX,76384,3229,"3800 Us Highway 287 W, Vernon, TX 76384",Foard,rural,3.76,3.76,3.76,3.76,7.5,53.9,31.2,50250.0,12279,2.9
TX,76401,610,"2765 W Washington St, Stephenville, TX 76401",Erath,rural,2.97,2.97,2.97,2.97,1.9,75.6,18.4,56918.0,30703,3.6
TX,76424,438,"3800 W Walker St, Breckenridge, TX 76424",Stephens,rural,3.76,3.76,3.76,,3.0,66.7,26.9,44423.0,8656,3.3
TX,76448,561,"1410 E Main St, Eastland, TX 76448",Eastland,rural,3.62,3.62,3.62,3.62,3.4,81.0,13.1,63641.0,4969,3.6
TX,76450,353,"2121 State Highway 16 S, Graham, TX 76450",Palo Pinto,rural,3.76,3.76,3.76,3.76,1.8,75.1,21.1,71563.0,13003,3.3
TX,76502,746|6929,3401 S 31st St,Bell,rural,3.06,3.06,3.06,3.06,8.6,60.4,23.6,77704.0,48508,4.0
TX,76513,1232,"2604 N Main St, Belton, TX 76513",Bell,rural,3.06,3.06,3.06,,5.5,61.3,25.3,76564.0,43738,4.0
TX,76522,381,"2720 E Highway 190, Copperas Cove, TX 76522",Coryell,rural,3.06,3.06,3.06,,13.4,55.1,19.0,65760.0,41087,4.0
TX,76528,476,"2805 S State Highway 36, Gatesville, TX 76528",Bell,rural,3.8,3.8,3.8,3.66,4.7,69.7,16.6,58862.0,19323,4.0
TX,76542,3816|3449|407,1380 Lowes Boulevard,Bell,rural,3.06,3.06,3.06,3.06,33.3,27.0,26.6,73133.0,52059,4.0
TX,76548,6459|3319,960 East Fm 2410,Bell,urban,3.06,3.06,3.06,3.06,26.9,40.4,21.6,71845.0,32608,4.0
TX,76549,3450|6286,2900 Clear Creek Road,Bell,rural,3.06,3.06,3.06,3.06,36.3,26.9,25.5,62607.0,55730,4.0
TX,76550,1073,"1710 Central Texas Expy, Lampasas, TX 76550",Burnet,rural,4.14,4.14,4.14,4.14,1.0,71.0,22.4,71618.0,13574,4.0
TX,76574,77,"3701 N Main St, Taylor, TX 76574",Travis,rural,3.98,3.98,3.98,,6.8,50.1,40.3,68360.0,19629,4.0
TX,76643,7156,"733 Sun Valley Blvd, Hewitt, TX 76643",McLennan,urban,3.02,3.02,3.02,3.02,5.6,66.3,20.2,75898.0,16034,4.0
TX,76645,211,"401 Coke Ave, Hillsboro, TX 76645",Hill,rural,4.14,4.14,4.14,4.14,11.9,49.7,33.7,57500.0,10970,3.7
TX,76661,320,"600 S State Highway 6, Marlin, TX 76661",Falls,rural,3.76,3.76,3.28,,36.4,28.6,30.8,31888.0,7118,4.0
TX,76667,248,"1406 E Milam St, Mexia, TX 76667",Freestone,rural,3.76,3.76,3.76,3.76,21.6,46.5,26.4,46130.0,10275,4.0
TX,76705,1254,"1521 Interstate 35 N, Bellmead, TX 76705",McLennan,rural,3.02,3.02,3.02,3.02,19.9,42.9,31.7,51546.0,31985,4.0
TX,76710,939,4320 Franklin Ave,McLennan,urban,3.02,3.02,3.02,3.02,17.0,55.6,25.0,49762.0,23008,4.0
TX,76712,5389,600 Hewitt Dr,McLennan,rural,3.02,3.02,3.02,3.02,6.6,74.0,13.5,91862.0,28758,4.0
TX,76801,813,"401 W Commerce St, Brownwood, TX 76801",Brown,rural,3.22,3.22,3.22,3.22,4.5,63.9,28.5,51603.0,25048,3.6
TX,76821,1078,"2005 Hutchins Ave, Ballinger, TX 76821",Runnels,rural,3.46,3.46,3.46,3.46,5.0,65.8,27.9,60924.0,4436,3.3
TX,76825,917,"2207 S Bridge St, Brady, TX 76825",McCulloch,rural,3.46,3.46,3.46,3.46,1.0,57.8,36.3,52143.0,6415,3.6
TX,76901,7220,1852 Sherwood Way,Irion,rural,3.62,,,,1.7,53.5,43.1,62879.0,31415,3.3
TX,76903,1249|7281,610 W 29th St,Tom Green,urban,3.62,3.62,3.62,3.62,5.3,34.4,57.5,50077.0,30955,3.3
TX,76904,7311|601,5154 Knickerbocker Road,Irion,rural,3.62,,,,3.6,59.8,32.0,81684.0,37090,3.3
TX,77007,5959,111 Yale St,Harris,urban,2.82,2.82,2.82,2.82,6.6,57.5,19.0,140536.0,42881,4.8
TX,77015,1137|3500,13750 East Fwy,Harris,urban,2.67,2.67,3.87,3.87,14.4,7.0,76.0,55171.0,59314,4.8
TX,77022,4526,4412 North Fwy,Harris,urban,2.82,2.82,2.82,,16.9,5.7,75.1,46525.0,26903,4.8
TX,77023,5612,2391 S Wayside Dr,Harris,urban,2.82,2.82,2.82,,3.3,16.2,78.4,47697.0,25680,4.8
TX,77037,1279,10411 N Freeway 45,Harris,urban,2.82,2.82,2.82,2.82,1.6,6.6,91.3,47381.0,17585,4.8
TX,77040,2257,13484 Northwest Fwy,Harris,urban,2.82,2.82,2.82,2.82,15.9,22.6,51.5,62685.0,49762,4.8
TX,77043,1409,10750 Westview Dr,Harris,urban,2.86,2.86,2.86,2.86,6.8,40.2,42.4,74320.0,25900,4.8
TX,77055,3640,1118 Silber Rd,Harris,urban,2.82,2.82,2.82,2.86,5.5,32.4,53.1,69743.0,43362,4.8
TX,77063,2066,2727 Dunvale Rd,Harris,urban,2.82,2.82,2.82,2.82,25.1,28.4,29.8,51899.0,39554,4.8
TX,77065,3297,12353 Fm 1960 Rd W,Harris,urban,2.86,2.86,2.86,2.86,23.2,32.7,33.3,72816.0,38994,4.8
TX,77068,1103,3450 Fm 1960 Rd W,Harris,urban,2.82,2.82,2.82,2.82,28.6,26.1,35.1,83990.0,11451,4.8
TX,77071,3542,11242 S Gessner Dr,Harris,urban,2.82,2.82,2.82,2.86,48.9,13.2,27.8,56559.0,26990,4.8
TX,77072,3509,11755 Beechnut St,Harris,urban,2.82,2.82,2.82,2.82,22.2,5.2,48.0,50886.0,61688,4.8
TX,77075,3425,9598 Rowlett Rd,Harris,urban,2.86,2.86,2.86,2.86,11.4,6.1,74.2,71609.0,41271,4.8
TX,77077,3296,2700 S Kirkwood Rd,Harris,urban,2.82,2.82,2.82,2.82,26.8,35.2,21.1,69782.0,62933,4.8
TX,77081,3584,5405 South Rice Avenue,Harris,urban,2.82,2.82,2.82,2.82,11.9,8.8,72.4,40805.0,52360,4.8
TX,77082,772,3506 Highway 6 S,Fort Bend,urban,2.82,2.82,2.82,2.82,38.8,19.5,27.2,55962.0,53401,4.6
TX,77084,3452,4810 Highway 6 N,Harris,urban,2.82,2.82,2.82,2.82,16.2,22.1,46.5,75510.0,108557,4.8
TX,77086,4416,13003 Tomball Pkwy,Harris,urban,2.82,2.82,2.82,2.82,19.1,6.4,63.8,56200.0,29705,4.8
TX,77095,1040,15955 Fm 529 Rd,Harris,urban,2.82,,,,15.0,38.6,28.3,90690.0,69644,4.8
TX,77096,5094|2718,9700 Hillcroft St,Harris,urban,2.82,2.82,2.82,2.86,18.0,44.6,25.8,79483.0,33001,4.8
TX,77099,3302,9460 W Sam Houston Pkwy S,Fort Bend,urban,2.82,,,,32.0,8.3,45.2,45691.0,49541,4.6
TX,77304,400,1407 N Loop 336 W,Montgomery,urban,2.86,2.86,2.86,,10.4,69.7,14.8,74182.0,40317,4.8
TX,77327,249,"831 Highway 59 S, Cleveland, TX 77327",Liberty,rural,2.56,2.56,2.56,2.56,7.3,43.3,47.5,54022.0,33673,4.8
TX,77338,1837,9451 Fm 1960 Bypass,Harris,urban,2.82,2.82,2.82,2.82,35.3,16.1,40.2,68239.0,47997,4.8
TX,77339,3579,"2165 Northpark Dr, Kingwood, TX 77339",Harris,urban,2.82,2.82,2.82,2.82,5.0,61.8,23.2,81274.0,43810,4.8
TX,77340,285,"141 Interstate 45 S, Huntsville, TX 77340",Walker,rural,3.32,3.32,3.32,3.32,20.1,56.9,17.3,41008.0,33969,4.6
TX,77346,7309|744,12312 Will Clayton Pwy,Harris,urban,2.82,2.82,2.82,2.82,19.6,46.2,27.1,122321.0,70704,4.8
TX,77351,275,"1620 W Church St, Livingston, TX 77351",Polk,rural,3.82,3.88,3.82,3.82,8.5,71.5,14.2,59245.0,34676,4.6
TX,77356,3591,18700 Highway 105 W,Grimes,rural,3.87,3.87,3.87,3.87,3.3,87.1,5.1,112394.0,29515,4.6
TX,77357,6579,"20310 Us Highway 59, New Caney, TX 77357",Harris,rural,2.82,2.82,2.82,2.82,3.2,43.7,50.4,69521.0,30907,4.8
TX,77365,297,"23561 Us Hwy 59, Porter, TX 77365",Harris,urban,2.86,2.86,2.86,2.86,3.3,50.5,42.7,90493.0,39385,4.8
TX,77373,5353|849,24809 Aldine Westfield Road,Harris,urban,2.82,2.82,2.82,2.82,21.4,32.6,40.0,83835.0,64828,4.8
TX,77375,351|703|5045,25800 Kuykendahl Rd,Harris,urban,2.82,2.82,2.82,2.82,11.0,49.6,30.4,93886.0,67965,4.8
TX,77379,5287,21150 Kuykendahl Rd,Harris,urban,2.82,2.82,2.82,,9.9,51.9,23.6,110361.0,83247,4.8
TX,77380,602,1025 Sawdust Rd,Montgomery,urban,2.82,2.82,2.82,2.82,6.7,60.0,20.5,82383.0,30034,4.8
TX,77382,3390,"10001 Woodlands Pkwy, Woodlands, TX 77382",Montgomery,urban,2.82,2.82,2.82,2.82,2.7,66.3,18.4,162774.0,41085,4.8
TX,77384,3213,"3040 College Park Dr, The Woodlands, TX 77384",Montgomery,urban,2.82,2.82,2.82,2.82,5.5,70.3,14.1,99884.0,22958,4.8
TX,77386,2670|3585,608 Spring Hill Dr # 3 Suite # 300,Montgomery,urban,2.82,2.82,2.82,2.82,8.8,59.7,21.9,131285.0,66816,4.8
TX,77396,4298,9235 N Sam Houston Pkwy E,Harris,urban,2.82,2.82,2.82,2.82,28.1,18.5,48.3,76919.0,60253,4.8
TX,77406,3827|4111,5660 W Grand Pkwy S,Fort Bend,rural,2.82,2.82,2.82,2.82,12.1,43.6,27.5,139280.0,63187,4.6
TX,77414,1405,"4600 7th St, Bay City, TX 77414",Matagorda,rural,3.98,3.98,4.0,4.0,12.5,37.3,46.1,54859.0,24107,4.8
TX,77429,5091,26270 Northwest Fwy,Harris,urban,2.86,2.86,2.86,2.86,9.1,53.8,23.5,123172.0,90790,4.8
TX,77433,4465|7357,11425 Barker Cypress Road,Harris,urban,2.86,,,,16.5,40.1,27.1,134390.0,107887,4.8
TX,77437,344,"3413 West Loop, El Campo, TX 77437",Wharton,rural,3.98,3.98,3.98,3.98,6.6,43.4,49.5,63810.0,18466,4.6
TX,77445,951,"625 Highway 290 E, Hempstead, TX 77445",Waller,rural,3.76,4.22,3.92,3.92,33.0,30.9,33.1,57217.0,14680,4.6
TX,77449,768|4512|4538,1313 N Fry Rd,Harris,urban,2.8,2.8,2.8,2.82,20.0,20.6,49.8,82300.0,122098,4.8
TX,77450,4468,20903 Highland Knolls Drive,Fort Bend,urban,2.82,2.82,2.82,2.82,6.6,54.4,21.8,103245.0,72651,4.6
TX,77459,2505|5449,5501 Highway 6,Fort Bend,urban,2.86,2.86,2.86,2.86,23.1,36.3,12.8,128851.0,79937,4.6
TX,77469,546,5330 Fm1640,Fort Bend,rural,2.82,2.82,2.82,2.82,23.6,28.6,32.7,98210.0,60971,4.6
TX,77474,437,"310 Overcreek Way, Sealy, TX 77474",Austin,rural,3.86,3.86,3.86,3.86,6.2,54.1,37.1,74139.0,14819,4.3
TX,77477,915,"11210 W Airport Blvd, Stafford, TX 77477",Fort Bend,urban,2.82,2.82,2.82,2.82,27.9,18.4,26.3,71746.0,33771,4.6
TX,77478,4466|2993,13322 West Airport Blvd,Fort Bend,urban,2.82,2.82,2.82,2.82,4.3,43.8,13.2,110032.0,23105,4.6
TX,77486,482,"301 N Columbia Dr, West Columbia, TX 77486",Brazoria,rural,3.34,3.34,3.28,3.24,3.1,70.3,24.7,88809.0,7689,4.8
TX,77488,5246,"10388 Us 59 Hwy, Wharton, TX 77488",Colorado,rural,3.98,3.98,3.98,3.98,20.2,36.3,39.9,53167.0,14205,4.3
TX,77494,7310|3226,24919 Westheimer,Fort Bend,urban,2.82,2.82,2.82,2.82,7.0,40.4,24.9,144444.0,130920,4.6
TX,77505,752,5200 Fairmont Pkwy,Harris,urban,2.82,2.82,2.82,2.82,1.6,45.6,46.6,90917.0,23179,4.8
TX,77506,2724,1107 Shaver St,Harris,urban,2.82,2.82,2.82,2.86,1.1,8.2,90.3,51810.0,37561,4.8
TX,77511,462,"400 Highway 35 Byp N, Alvin, TX 77511",Brazoria,rural,2.82,2.82,2.82,2.82,5.0,47.9,42.8,74466.0,50799,4.8
TX,77515,527,"1801 N Velasco St, Angleton, TX 77515",Brazoria,rural,3.47,3.47,3.47,3.47,9.7,56.5,29.8,84443.0,33406,4.8
TX,77521,194,4900 Garth Rd,Chambers,urban,2.67,2.67,2.67,2.67,16.9,28.9,50.0,74948.0,66215,4.8
TX,77523,2439,8700 N Highway 146,Chambers,rural,2.67,2.67,2.67,2.67,7.5,63.7,25.0,131444.0,27489,4.8
TX,77532,522,"14215 Fm 2100 Rd, Crosby, TX 77532",Harris,rural,3.02,3.02,3.02,3.02,10.4,54.7,29.4,91471.0,31384,4.8
TX,77546,1062,"150 W El Dorado Blvd, Friendswood, TX 77546",Brazoria,urban,2.82,2.82,2.82,2.82,5.1,66.1,18.0,117118.0,53830,4.8
TX,77551,504,"6702 Seawall Blvd, Galveston, TX 77551",Galveston,urban,4.56,4.56,4.56,4.56,14.7,45.7,35.7,56620.0,22521,4.8
TX,77565,3298,"255 Fm 518 Rd, Kemah, TX 77565",Galveston,urban,2.82,2.82,2.82,2.82,5.2,71.5,18.2,81921.0,6493,4.8
TX,77566,808,"121 Highway 332 W, Lake Jackson, TX 77566",Brazoria,urban,3.44,3.47,3.47,,6.0,60.7,28.7,91806.0,30538,4.8
TX,77568,529,"6410 Interstate 45, La Marque, TX 77568",Galveston,urban,2.82,2.82,2.82,2.82,27.6,35.0,30.1,63806.0,20417,4.8
TX,77571,5116,"9025 Spencer Hwy, La Porte, TX 77571",Harris,urban,2.82,2.82,2.82,2.82,7.2,49.0,39.0,80778.0,37346,4.8
TX,77573,4618|5388,2625 W Main Street,Galveston,urban,2.82,2.82,2.82,2.82,6.8,64.1,19.5,119948.0,95704,4.8
TX,77575,1186,"2121 Highway 146 Byp, Liberty, TX 77575",Chambers,rural,3.87,3.87,3.87,,11.6,59.3,22.6,51285.0,16392,4.8
TX,77581,872|3510,1919 N Main St,Brazoria,urban,2.82,2.82,2.82,2.82,12.3,47.0,31.4,105053.0,50554,4.8
TX,77584,7361|3572,12631 Broadway Street,Brazoria,urban,2.82,,,,21.0,32.9,23.8,112994.0,90364,4.8
TX,77611,283,"795 Texas Ave, Bridge City, TX 77611",Orange,rural,3.87,3.87,3.87,3.87,0.5,84.3,12.6,98718.0,9814,4.8
TX,77630,777,"3115 Edgar Brown Dr, West Orange, TX 77630",Orange,rural,3.87,,,,21.9,64.6,9.6,61223.0,29160,4.8
TX,77640,408,8585 Memorial Blvd,Jefferson,rural,3.86,3.86,3.86,3.86,54.5,21.3,19.9,49122.0,16896,4.8
TX,77642,449,4999 N Twin City Hwy,Jefferson,urban,3.86,3.86,3.86,3.86,37.0,14.1,40.3,42076.0,38720,4.8
TX,77656,383,"1100 Us Highway 96 N, Silsbee, TX 77656",Hardin,rural,3.87,3.87,3.87,3.87,13.4,76.6,6.1,61286.0,17280,4.8
TX,77657,384,"100 No. Lhs Drive, Lumberton, TX 77657",Hardin,rural,3.87,3.87,3.87,3.87,0.5,88.8,6.0,86611.0,21084,4.8
TX,77662,457,"1360 N Main St, Vidor, TX 77662",Jasper,rural,3.87,3.87,3.87,3.87,0.6,87.4,7.4,68901.0,25849,4.8
TX,77706,651,"4145 Dowlen Rd, Beaumont, TX 77706",Jefferson,urban,3.92,3.92,3.92,3.92,23.4,56.3,13.1,70772.0,29693,4.8
TX,77802,322,2200 Briarcrest Dr,Brazos,urban,2.72,2.72,2.72,2.72,7.8,64.7,23.6,65150.0,24226,4.3
TX,77807,4183,643 N Harvey Mitchell Parkway,Brazos,rural,2.72,,2.72,2.72,14.9,44.0,31.1,71966.0,12949,4.3
TX,77833,321,"203 Us Loop 290 West, Brenham, TX 77833",Austin,rural,3.98,3.98,3.98,3.98,17.7,60.2,19.9,63474.0,28884,4.3
TX,77836,567,"475 State Highway 36 N, Caldwell, TX 77836",Burleson,rural,3.34,3.34,3.28,3.24,10.1,64.6,22.5,75357.0,12042,4.3
TX,77845,1150,"1815 Brothers Blvd, College Station, TX 77845",Brazos,rural,2.72,2.72,2.72,2.72,4.6,69.4,15.4,87391.0,73969,4.3
TX,77864,446,"1620 E Main St, Madisonville, TX 77864",Madison,rural,3.87,3.87,3.87,3.87,14.8,48.7,30.1,67574.0,7565,4.0
TX,77868,293,"1712 E Washington Ave, Navasota, TX 77868",Brazos,rural,3.92,4.22,3.92,3.92,17.5,43.3,34.6,59534.0,17559,4.3
TX,77901,4194,4001 Houston Highway,Victoria,urban,3.12,3.12,3.12,3.12,8.0,24.6,64.5,52823.0,40137,4.6
TX,77904,330,9002 N Navarro St,Victoria,rural,3.12,3.12,3.12,3.12,3.3,52.0,38.7,85410.0,29761,4.6
TX,77954,385,"1202 E Broadway St, Cuero, TX 77954",DeWitt,rural,3.98,3.98,3.98,,11.1,47.8,38.6,61382.0,10918,4.3
TX,77964,1067,"1506 N Texana St, Hallettsville, TX 77964",Colorado,rural,4.02,4.02,4.02,4.02,9.6,73.7,13.6,60435.0,7911,4.3
TX,77979,1098,"400 Tiney Browning Blvd, Port Lavaca, TX 77979",Calhoun,rural,3.98,3.98,3.98,3.98,2.8,36.3,54.5,60782.0,16607,4.6
TX,78006,1126,"1381 S Main St, Boerne, TX 78006",Bexar,rural,3.82,3.82,3.82,3.82,0.9,70.4,24.0,107803.0,41236,4.3
TX,78009,4102,"1151 Us Hwy 90 E, Castroville, TX 78009",Medina,rural,4.0,4.0,4.0,4.0,4.0,37.1,51.6,98732.0,9202,4.0
TX,78016,4103,"175 Interstate 35 N, Devine, TX 78016",Frio,rural,4.02,4.02,4.02,4.0,1.4,41.5,55.1,56205.0,11345,4.3
TX,78023,3057,"12550 Leslie Rd, Helotes, TX 78023",Bandera,rural,3.82,3.82,3.82,,2.4,43.7,45.7,129145.0,28195,4.0
TX,78028,508,"1216 Junction Hwy, Kerrville, TX 78028",Gillespie,rural,3.76,3.76,3.76,3.76,1.6,67.2,27.2,64768.0,39906,4.0
TX,78041,554,5610 San Bernardo Ave,Webb,urban,3.98,,,,0.9,4.9,92.7,61696.0,47594,4.3
TX,78043,3518,2320 Bob Bullock Loop,Webb,rural,3.98,3.98,3.98,3.98,0.3,2.5,96.7,54816.0,44443,4.3
TX,78045,5713,2615 Ne Bob Bullock Loop,Webb,rural,3.98,3.98,3.98,3.98,0.4,4.5,94.0,85219.0,67686,4.3
TX,78046,3623,4401 Highway 83 South,Webb,rural,3.98,3.98,3.98,3.98,0.1,2.4,96.7,51667.0,69422,4.3
TX,78061,478,"819 N Oak St, Pearsall, TX 78061",Frio,rural,4.74,3.37,3.28,3.24,2.1,9.9,86.7,45783.0,10892,4.3
TX,78064,757,"2151 W Oaklawn Rd, Pleasanton, TX 78064",Atascosa,rural,3.82,3.82,3.82,3.82,1.7,40.8,55.6,71180.0,15969,4.3
TX,78070,3056,"305 Singing Oaks, Spring Branch, TX 78070",Blanco,rural,3.82,3.82,3.82,3.82,2.7,67.3,25.4,99219.0,18529,4.0
TX,78102,463,"502 E Fm 351, Beeville, TX 78102",Bee,rural,3.92,3.92,3.92,3.92,7.1,28.2,59.9,51147.0,26887,4.6
TX,78108,4115,"602 Cibolo Valley Dr, Cibolo, TX 78108",Bexar,urban,3.82,3.82,3.82,3.82,13.3,46.9,30.6,111863.0,46463,4.3
TX,78109,4056|5144,10781 Toepperwein Road,Bexar,urban,3.82,3.82,3.82,3.82,18.0,26.6,48.1,81152.0,52507,4.3
TX,78114,465,"305 10th Street, Floresville, TX 78114",Atascosa,rural,3.82,3.82,3.82,3.82,1.9,45.1,50.5,83511.0,23351,4.3
TX,78119,524,"200 Business Park Blvd, Kenedy, TX 78119",Bee,rural,3.29,3.29,3.29,3.66,9.5,23.5,61.1,,7147,4.6
TX,78130,865,"1209 S Interstate 35, New Braunfels, TX 78130",Comal,rural,3.82,3.82,3.82,3.82,1.9,57.3,38.1,82896.0,91275,4.0
TX,78148,4055,"510 Kitty Hawk Rd, Universal City, TX 78148",Bexar,urban,3.82,3.82,3.82,3.82,12.0,42.2,38.5,71368.0,22236,4.3
TX,78154,3391,"6102 Fm 3009, Schertz, TX 78154",Bexar,urban,3.82,3.82,3.82,3.82,14.0,44.0,32.4,95422.0,40535,4.3
TX,78155,901,"550 South 123 Bypass, Seguin, TX 78155",Guadalupe,rural,3.82,3.82,3.82,,4.9,43.4,48.8,68430.0,52295,4.3
TX,78209,1347,1430 Austin Hwy,Bexar,urban,3.82,3.82,3.82,,3.4,58.0,32.5,79914.0,43184,4.3
TX,78211,3106,8538 Ih-35 South,Bexar,urban,3.82,3.82,3.82,3.82,1.1,4.7,93.6,50183.0,31433,4.3
TX,78213,5145,1603 Vance Jackson Rd,Bexar,urban,3.82,3.82,3.82,3.82,2.9,19.3,74.0,51118.0,42321,4.3
TX,78214,1313,1200 Se Military Dr,Bexar,urban,3.82,,,,0.1,11.2,87.3,38591.0,22914,4.3
TX,78216,2404,8500 Jones Maltsberger Rd,Bexar,urban,3.82,3.82,3.82,3.82,5.6,31.1,60.3,54394.0,42379,4.3
TX,78217,1803,4331 Thousand Oaks Drive,Bexar,urban,3.82,3.82,3.82,3.82,9.5,31.4,53.0,53795.0,32152,4.3
TX,78218,2769,5626 Walzem Road,Bexar,urban,3.82,3.82,3.82,,14.9,24.5,52.8,52151.0,37122,4.3
TX,78220,3279,2100 Se Loop 410,Bexar,urban,3.82,3.82,3.82,3.82,31.0,10.1,57.3,39694.0,16919,4.3
TX,78223,5245,3302 Se Military Dr,Bexar,urban,3.82,3.82,3.82,3.82,5.3,15.0,78.2,45687.0,55063,4.3
TX,78228,3058,918 Bandera Rd,Bexar,urban,3.82,3.82,3.82,,2.1,7.2,89.1,46736.0,57172,4.3
TX,78229,1235,5025 Nw Loop 410,Bexar,urban,3.82,3.82,3.82,3.82,9.4,24.0,48.9,44574.0,34082,4.3
TX,78231,4162,12639 Blanco Rd,Bexar,urban,3.82,,,,6.6,45.2,40.8,106719.0,9972,4.3
TX,78232,1198,1515 N Loop 1604 E,Bexar,urban,3.82,3.82,3.82,3.82,5.5,53.7,35.6,85029.0,36169,4.3
TX,78242,999,7239 Sw Loop 410,Bexar,urban,3.82,3.82,3.82,3.82,1.9,6.9,88.9,45589.0,36404,4.3
TX,78244,3112,4096 N Foster Rd,Bexar,urban,3.82,3.82,3.82,3.82,25.3,20.6,49.6,64968.0,36234,4.3
TX,78245,5290|2239,1515 S Ellison Dr,Bexar,urban,3.82,,,,11.2,19.8,63.2,83005.0,92770,4.3
TX,78247,765,16503 Nacogdoches Rd,Bexar,urban,3.82,,,,5.6,42.4,45.3,84283.0,49888,4.3
TX,78249,5224|2599,4226 De Zavala Rd,Bexar,urban,3.82,3.82,3.82,,5.9,30.8,52.3,78836.0,60769,4.3
TX,78250,2835|5146,9006 Guilbeau Road,Bexar,urban,3.82,,,,3.8,22.7,67.0,80403.0,59434,4.3
TX,78251,5226|4131,9526 W. Military Dr.,Bexar,urban,3.82,3.82,3.82,,8.9,19.1,64.9,74572.0,62064,4.3
TX,78253,3888,11210 Potranco Rd,Bexar,urban,3.82,3.82,3.82,3.82,10.2,31.4,49.0,104951.0,63735,4.3
TX,78254,5490|2864,9005 Fm 1560 N,Bexar,urban,3.82,3.82,3.82,3.82,4.3,33.8,55.8,108322.0,76945,4.3
TX,78257,3107,24403 W Interstate 10,Bexar,rural,3.82,3.82,3.82,,5.7,38.5,48.2,74437.0,9783,4.3
TX,78264,7263,1 Lone Star Pass Building 46,Atascosa,rural,3.82,,,,2.8,14.9,81.2,48870.0,12545,4.3
TX,78332,791,"2701 E Main St, Alice, TX 78332",Duval,rural,3.87,3.87,3.87,3.87,0.3,13.2,85.3,44499.0,27003,4.6
TX,78336,458,"2501 W Wheeler Ave, Aransas Pass, TX 78336",Aransas,rural,3.67,3.67,3.67,3.67,2.9,48.4,43.7,57699.0,11774,4.6
TX,78363,442,"1133 General Cavazos Blvd, Kingsville, TX 78363",Kleberg,rural,3.32,3.32,3.32,3.32,2.9,18.4,74.7,51908.0,29246,4.6
TX,78374,5460,"2000 Us Highway 181, Portland, TX 78374",San Patricio,rural,3.67,3.67,3.67,3.67,1.7,49.6,43.6,82791.0,20037,4.6
TX,78382,440,"2401 Highway 35 N, Rockport, TX 78382",Aransas,rural,3.67,3.67,3.67,3.67,0.7,67.7,28.0,59131.0,19425,4.6
TX,78410,464,3829 Us Highway 77,Nueces,urban,3.32,3.32,3.32,3.32,1.1,33.2,64.5,82467.0,28167,4.6
TX,78411,1494,4109 S Staples St,Nueces,urban,3.32,3.32,3.32,3.32,2.8,30.7,64.3,58667.0,23492,4.6
TX,78414,5898,6101 Saratoga Rd,Nueces,urban,3.32,3.32,3.32,3.32,2.9,33.7,54.4,95423.0,48891,4.6
TX,78416,470,1821 S Padre Island Dr,Nueces,urban,3.32,3.32,3.32,3.32,12.8,4.3,81.3,44320.0,13865,4.6
TX,78418,490,1250 Flour Bluff Dr,Kleberg,rural,3.32,3.32,3.32,,2.5,61.6,29.2,89769.0,29626,4.6
TX,78501,6098,800 East Nolana Ave,Hidalgo,urban,3.96,,,,0.8,8.1,89.0,47809.0,59954,4.6
TX,78503,397,1200 E Jackson Ave,Hidalgo,urban,3.96,,,,0.0,3.2,91.8,44879.0,21799,4.6
TX,78504,6786|452,5700 N 23rd Street,Hidalgo,urban,3.96,,,,0.6,9.7,83.7,71648.0,60999,4.6
TX,78516,5165,"1421 Frontage Rd, Alamo, TX 78516",Hidalgo,rural,3.96,3.96,3.96,3.96,0.0,8.9,91.0,50282.0,34469,4.6
TX,78520,456,3500 W Alton Gloor Blvd,Cameron,urban,3.98,3.98,3.98,3.98,0.4,5.5,93.5,45093.0,62344,4.6
TX,78521,1000,2721 Boca Chica Blvd,Cameron,rural,3.98,,,,0.0,3.2,96.4,38633.0,87040,4.6
TX,78526,4112,2205 E. Ruben Torres Sr. Blvd,Cameron,urban,3.98,3.98,3.98,3.98,0.3,3.8,93.4,66339.0,59547,4.6
TX,78537,2763,"900 N Salinas Boulevard, Donna, TX 78537",Hidalgo,rural,3.96,3.96,3.96,3.96,0.0,4.1,95.4,35214.0,51034,4.6
TX,78539,429|3886,1724 W University Dr,Hidalgo,urban,3.96,3.96,3.96,,1.1,8.7,85.8,60202.0,37182,4.6
TX,78542,5809,2812 S. Expressway 281,Hidalgo,rural,3.96,,,,0.8,3.9,94.7,51979.0,83925,4.6
TX,78543,5808,"411 South Broadway Street, Elsa, TX 78543",Hidalgo,urban,3.96,3.96,3.96,3.96,0.0,1.2,98.8,46624.0,8614,4.6
TX,78552,595,"1801 W Lincoln St, Harlingen, TX 78552",Cameron,rural,3.98,3.98,3.98,3.98,0.6,17.2,79.3,62235.0,40824,4.6
TX,78557,3567,"3000 S Jackson Rd, Hidalgo, TX 78557",Hidalgo,urban,3.96,3.96,3.96,,0.0,0.7,99.3,45919.0,14075,4.6
TX,78566,2765,"1004 W Ocean Boulevard, Los Fresnos, TX 78566",Cameron,rural,3.98,3.98,3.98,,1.0,9.5,89.0,55121.0,24232,4.6
TX,78572,6850|395,1006 N Bryan Road,Hidalgo,rural,3.96,3.96,3.96,3.96,0.5,11.4,86.2,50562.0,76753,4.6
TX,78573,3320,"215 E Mile 3 Rd, Palmhurst, TX 78573",Hidalgo,urban,3.96,3.96,3.96,3.96,0.0,2.0,97.3,47038.0,43555,4.6
TX,78576,4508,"1705 Expressway 83, Penitas, TX 78576",Hidalgo,rural,3.97,3.97,3.97,,0.0,1.0,99.0,39956.0,13466,4.6
TX,78578,413,"1401 State Highway 100, Port Isabel, TX 78578",Cameron,rural,3.98,3.98,3.98,3.98,0.0,31.9,66.4,49396.0,10540,4.6
TX,78582,1958,"4534 E Us Highway 83, Rio Grande City, TX 78582",Starr,rural,3.97,3.97,3.97,3.97,0.1,4.2,95.0,40221.0,44988,4.6
TX,78586,1296,"1126 W Us Highway 77, San Benito, TX 78586",Cameron,rural,3.98,3.98,3.98,3.98,0.1,5.0,94.5,42515.0,49504,4.6
TX,78596,6159,1600 S Texas Blvd,Hidalgo,rural,3.96,3.96,3.96,,1.1,11.1,87.2,53097.0,36545,4.6
TX,78599,1041,1310 N Texas Blvd,Hidalgo,,3.96,3.96,3.96,3.96,0.5,2.0,96.7,56566.0,35999,4.6
TX,78602,1042,"488 Highway 71 W, Bastrop, TX 78602",Bastrop,rural,3.98,3.98,3.98,3.98,5.1,53.9,36.3,82500.0,34978,4.3
TX,78610,4219,"690 Old San Antonio Rd, Buda, TX 78610",Caldwell,rural,3.96,3.96,3.96,3.96,3.0,48.5,43.8,103562.0,44410,4.3
TX,78613,2991|4163,201 Walton Way,Travis,urban,2.82,2.82,2.82,2.82,3.3,60.2,20.5,116893.0,88189,4.0
TX,78621,3170,"1320 W Hwy 290, Elgin, TX 78621",Bastrop,rural,3.98,3.98,3.98,3.98,8.8,41.8,44.7,92103.0,26133,4.3
TX,78624,1154,"1435 E Main St, Fredericksburg, TX 78624",Gillespie,rural,3.98,3.98,3.98,,0.2,71.7,25.6,71082.0,23538,4.0
TX,78628,1303,"620 S Interstate 35, Georgetown, TX 78628",Williamson,rural,2.82,2.82,2.82,2.82,3.1,74.8,15.0,111491.0,41428,4.0
TX,78629,290,"1114 E Sarah Dewitt Dr, Gonzales, TX 78629",DeWitt,rural,3.98,3.98,3.98,,8.3,43.1,47.2,64807.0,12054,4.3
TX,78640,4130,"5754 Kyle Pkwy, Kyle, TX 78640",Caldwell,rural,3.96,3.96,3.96,3.96,4.0,34.0,58.4,83735.0,68265,4.3
TX,78644,292,"1904 S Colorado St, Lockhart, TX 78644",Caldwell,rural,3.98,3.98,3.98,,4.2,39.2,53.5,70496.0,20088,4.3
TX,78653,3169,"11923 Us Highway 290 E, Manor, TX 78653",Bastrop,rural,4.32,4.32,4.32,4.32,16.3,22.7,55.9,95651.0,32884,4.3
TX,78654,781,"2700 Us Highway 281, Marble Falls, TX 78654",Burnet,rural,3.98,3.98,3.98,3.98,1.4,68.0,27.8,65503.0,19379,4.0
TX,78660,5479,"1548 Fm 685, Pflugerville, TX 78660",Travis,urban,2.84,2.84,2.8,2.84,15.1,33.7,37.5,105874.0,113386,4.0
TX,78664,475,2701 S Interstate 35,Travis,urban,2.84,2.84,2.84,2.84,14.2,42.3,34.0,83599.0,62168,4.0
TX,78665,5480,4700 E Palm Valley Blvd,Williamson,urban,2.82,2.82,2.82,2.82,11.2,49.6,24.5,113365.0,61640,4.0
TX,78666,404,"1015 Highway 80, San Marcos, TX 78666",Caldwell,rural,3.98,3.98,3.98,3.98,5.1,44.6,43.8,52432.0,86530,4.3
TX,78704,1253,710 E Ben White Blvd,Travis,urban,3.96,3.96,3.96,3.96,3.6,62.2,25.2,89258.0,50250,4.0
TX,78717,1129,13201 Ranch Road 620 N,Williamson,urban,2.84,2.84,2.84,,5.2,43.3,16.2,136960.0,34499,4.0
TX,78735,2133,5017 W Highway 290,Travis,rural,3.96,3.96,3.96,3.96,2.7,65.8,19.6,118593.0,19793,4.0
TX,78748,5317,9300 S Interstate 35 Ste B,Travis,urban,3.96,3.96,3.96,3.96,5.8,50.7,32.6,94143.0,53550,4.0
TX,78753,1185|3569,1030 Norwood Park Blvd,Travis,urban,2.82,2.82,2.82,2.82,15.8,22.8,50.3,60045.0,59951,4.0
TX,78757,4554,2525 W Anderson Ln,Travis,urban,3.98,3.98,3.98,3.98,3.4,64.2,25.1,96667.0,25183,4.0
TX,78801,782,"3100 E Main St, Uvalde, TX 78801",Real,rural,3.98,3.98,3.98,3.98,0.4,17.5,79.3,54375.0,21248,4.0
TX,78834,1046,"2214 N 1st St, Carrizo Springs, TX 78834",Dimmit,rural,4.77,3.4,3.28,3.24,0.7,10.6,86.9,26508.0,7386,4.0
TX,78840,447,"2410 Dodson Ave, Del Rio, TX 78840",Val Verde,rural,3.98,3.98,3.98,3.98,1.1,13.6,83.3,57201.0,47030,3.6
TX,78852,461,"496 S Bibb Ave, Eagle Pass, TX 78852",Maverick,rural,3.98,3.98,3.98,3.98,0.1,2.7,95.0,48911.0,56745,4.0
TX,78861,443,"109 22nd St, Hondo, TX 78861",Medina,rural,4.02,4.02,4.02,4.02,5.3,39.4,50.8,60216.0,13131,4.0
TX,78934,503,"2103 Milam St, Columbus, TX 78934",Colorado,rural,3.34,3.34,3.28,3.24,9.6,59.4,28.0,64375.0,6478,4.3
TX,78942,473,"2374 E Austin St, Giddings, TX 78942",Bastrop,rural,4.26,3.34,3.28,3.24,12.2,51.2,33.6,66184.0,9746,4.3
TX,78945,846,"1915 W. State Hwy. 71, La Grange, TX 78945",Bastrop,rural,3.98,3.98,3.98,3.98,5.4,70.4,21.3,70035.0,10718,4.3
TX,79007,1516,"1501 Roosevelt, Borger, TX 79007",Hutchinson,rural,3.62,3.62,3.62,3.46,2.7,61.3,31.4,58524.0,13928,2.5
TX,79015,793,"1701 N 23rd St, Canyon, TX 79015",Randall,rural,3.46,3.46,3.46,3.46,1.8,76.1,18.0,86793.0,22659,2.5
TX,79029,812,"2003 S Dumas Ave, Dumas, TX 79029",Hartley,rural,3.46,3.46,3.46,3.46,3.8,32.9,56.0,65101.0,15358,2.5
TX,79045,3384,"300 W 15th St, Hereford, TX 79045",Castro,rural,3.62,3.62,3.62,3.62,1.4,21.2,76.4,52124.0,18597,2.5
TX,79065,600,"2801 No. Charles St., Pampa, TX 79065",Gray,rural,3.46,3.46,3.46,3.46,4.9,59.1,32.1,54351.0,19549,2.5
TX,79072,927,"1501 N Interstate 27, Plainview, TX 79072",Hale,rural,3.62,3.62,3.62,3.62,4.3,28.5,64.1,49104.0,25747,2.5
TX,79103,822,3700 E Interstate 40,Potter,urban,3.46,3.46,3.46,3.46,2.9,33.3,59.9,53879.0,10961,2.5
TX,79106,5216,5730 W Amarillo Blvd,Potter,urban,3.46,3.46,3.46,3.46,5.0,54.2,34.0,50271.0,27992,2.5
TX,79109,7349,7251 Arden Rd,Potter,urban,3.46,,,,5.3,68.7,19.8,67831.0,42659,2.5
TX,79110,4464|3383,2711 Sw 58th Street,Randall,urban,3.46,3.46,3.46,3.46,2.6,59.9,33.3,63647.0,18844,2.5
TX,79118,7362,2035 Se 34th Ave,Armstrong,rural,3.46,,,,1.8,57.4,34.8,82990.0,26937,2.5
TX,79119,755,4610 S Coulter St,Randall,rural,3.46,,,,1.2,77.8,15.8,94044.0,22371,2.5
TX,79201,900,"2801 Avenue F Nw, Childress, TX 79201",Childress,rural,3.62,3.62,3.62,3.62,7.0,50.9,37.3,55938.0,6799,2.6
TX,79336,1051,"407 E State Road 114, Levelland, TX 79336",Cochran,rural,3.62,3.62,3.62,3.62,3.1,40.9,53.7,51257.0,15489,2.5
TX,79360,626,"2000 Hobbs Hwy, Seminole, TX 79360",Gaines,rural,3.46,3.46,3.46,3.46,0.2,62.6,35.1,81607.0,16858,2.6
TX,79415,3826,1911 Marsha Sharp Fwy,Lubbock,rural,3.5,,,,8.6,24.6,58.7,37072.0,17086,2.6
TX,79416,945,702 W Loop 289,Lubbock,urban,3.5,3.5,3.5,3.5,8.6,51.4,34.5,65774.0,35524,2.6
TX,79423,5702|861|6898,9809 University Ave,Lubbock,rural,3.5,,,,3.7,59.0,32.5,82854.0,42284,2.6
TX,79424,4299,6315 82nd St,Lubbock,urban,3.5,3.5,3.5,,2.0,71.5,20.1,91572.0,50448,2.6
TX,79549,1272,"5110 College Ave, Snyder, TX 79549",Borden,rural,3.47,3.47,3.47,3.47,4.0,48.6,43.5,57063.0,15608,2.9
TX,79553,1257,"2614 N Swenson Street, Stamford, TX 79553",Haskell,rural,3.48,3.48,3.48,3.48,3.2,51.2,42.4,48313.0,3081,2.9
TX,79556,3381,"407 Ne Georgia Ave, Sweetwater, TX 79556",Fisher,rural,3.62,3.62,3.62,3.62,5.1,52.0,38.8,47221.0,12621,2.9
TX,79601,5715|536,1619 Ambler Avenue,Callahan,rural,3.16,3.16,3.16,3.16,12.0,58.0,23.9,53049.0,26603,3.3
TX,79606,535,4350 Southwest Dr,Taylor,rural,3.16,3.16,3.16,3.16,6.6,69.9,18.1,73381.0,27797,3.3
TX,79701,3645,200 W Interstate 20,Midland,urban,3.63,3.63,3.63,,10.5,23.1,63.6,57500.0,28461,2.9
TX,79707,608,4517 N Midland Dr,Midland,rural,3.63,3.63,3.63,3.63,6.1,54.9,31.3,99732.0,39347,2.9
TX,79720,513,"201 W Marcy Dr, Big Spring, TX 79720",Borden,rural,3.46,3.46,3.46,3.46,5.7,46.5,44.0,66655.0,32297,2.9
TX,79735,897,"2610 W Dickinson Blvd, Fort Stockton, TX 79735",Pecos,rural,3.53,3.53,3.53,3.53,4.3,18.2,75.6,59167.0,13056,3.3
TX,79762,537,4210 John Ben Shephe,Ector,urban,3.46,3.46,3.46,3.46,6.1,37.0,52.8,76569.0,39649,2.9
TX,79763,2891,2450 Nw Loop 338,Ector,rural,3.46,3.46,3.46,,2.1,18.5,77.1,54668.0,35940,2.9
TX,79772,898,"1903 S Cedar St, Pecos, TX 79772",Reeves,rural,3.53,3.53,3.53,3.32,0.8,19.8,76.0,57474.0,13305,2.9
TX,79904,5962|5947,4716 Hondo Pass Dr,El Paso,urban,3.38,3.38,3.38,3.38,5.2,16.8,74.4,38476.0,31634,2.7
TX,79907,4415|964,8115 North Loop Dr,El Paso,urban,3.38,3.38,3.38,,0.4,3.9,94.6,40962.0,49169,2.7
TX,79912,4366|1015|5717,951 N Resler Dr,El Paso,urban,3.38,3.38,3.38,3.38,1.6,20.1,72.4,71324.0,76890,2.7
TX,79924,500,4530 Woodrow Bean,El Paso,urban,3.38,3.38,3.38,3.38,7.8,15.7,71.9,53555.0,60667,2.7
TX,79925,2201,7101 Gateway Blvd W,El Paso,urban,3.38,3.38,3.38,3.38,3.0,13.2,81.0,55357.0,40001,2.7
TX,79927,5960,"10301 Alameda Ave, Socorro, TX 79927",El Paso,urban,3.38,3.38,3.38,3.38,0.1,1.7,97.3,46581.0,42241,2.7
TX,79928,3136,"13900 Horizon Blvd, Horizon City, TX 79928",El Paso,rural,3.38,3.38,3.38,3.38,2.2,6.3,90.5,67016.0,79330,2.7
TX,79932,4105,101 E. Redd Rd,El Paso,urban,3.38,,,,0.6,18.6,78.5,80383.0,29269,2.7
TX,79934,6587,10840 Martin Luther King Jr Boulevard,El Paso,rural,3.38,3.38,3.38,3.42,10.8,20.0,60.0,77010.0,26620,2.7
TX,79935,512,10727 Gateway Blvd W,El Paso,urban,3.38,3.38,3.38,,1.2,10.7,84.5,62018.0,18815,2.7
TX,79936,3661|5108|2612,1551 N Zaragoza Rd,El Paso,urban,3.38,3.38,3.38,3.38,2.9,7.8,87.1,60981.0,107512,2.7
TX,79938,6813|3763,3590 N. Zaragoza Road,El Paso,rural,3.38,3.38,3.38,3.38,3.7,11.6,81.9,70806.0,95452,2.7
UT,82930,1456,"125 N 2nd St, Evanston, WY 82930",Summit,rural,3.36,3.36,3.36,,0.7,84.8,11.3,73765.0,14804,2.2
UT,84003,2511,"949 W Grassland Dr, American Fork, UT 84003",Utah,rural,3.36,3.36,3.36,3.36,0.8,84.6,7.3,111339.0,53731,2.2
UT,84014,3366,"221 W Parrish Ln, Centerville, UT 84014",Davis,urban,3.36,3.36,3.36,,0.9,86.5,7.0,113697.0,16740,2.2
UT,84015,5234,"1632 N 2000 W, Clinton, UT 84015",Davis,urban,3.36,3.36,3.36,3.36,1.2,75.7,15.0,87033.0,69772,2.2
UT,84020,5110,"1360 Draper Pkwy, Draper, UT 84020",Salt Lake,urban,3.36,3.36,3.36,,2.0,81.3,7.2,126041.0,50635,2.2
UT,84032,4696,"1274 S Us Highway 189, Heber City, UT 84032",Wasatch,rural,3.36,3.36,3.36,3.36,0.1,80.7,15.0,93337.0,24748,2.2
UT,84040,5205,1356 E Highway 193,Davis,urban,3.36,3.36,3.36,3.36,1.0,82.5,10.5,116856.0,27223,2.2
UT,84041,1699,745 W Hill Field Rd,Davis,urban,3.36,3.36,3.36,3.36,1.9,76.1,15.7,82890.0,55009,2.2
UT,84042,5270,"585 N State St, Lindon, UT 84042",Utah,urban,3.36,3.36,3.36,3.36,0.4,85.7,5.8,101188.0,11478,2.2
UT,84044,4706,"3555 S 8400 W, Magna, UT 84044",Salt Lake,rural,3.36,,3.36,3.36,1.5,58.1,33.1,79934.0,29275,2.2
UT,84045,4438,"136 W State Road 73, Saratoga Springs, UT 84045",Utah,urban,3.36,3.36,3.36,,0.2,84.4,10.1,117314.0,40053,2.2
UT,84047,2207,"7250 Union Park Ave, Midvale, UT 84047",Salt Lake,urban,3.36,3.36,3.36,3.36,2.3,66.1,18.1,70903.0,36742,2.2
UT,84058,1768,"1355 Sandhill Rd, Orem, UT 84058",Utah,urban,3.36,3.36,3.36,3.36,1.3,72.3,18.7,68069.0,34251,2.2
UT,84062,4689|4700,"4689 W Cedar Hills Dr, Cedar Hills, UT 84062",Utah,urban,3.36,3.36,3.36,,0.3,82.3,10.9,95286.0,47430,2.2
UT,84065,7043|3620,1202 West 12600 South,Salt Lake,urban,3.36,3.36,3.36,3.36,0.2,86.4,7.9,119649.0,48759,2.2
UT,84074,1440,"99 W 1280 N, Tooele, UT 84074",Tooele,rural,3.36,3.36,3.36,3.36,0.9,79.1,14.1,96165.0,55917,2.2
UT,84075,3848,"2228 W 1700 S, Syracuse, UT 84075",Davis,urban,3.36,3.36,3.36,3.36,1.4,87.5,6.8,125549.0,32861,2.2
UT,84078,1572,"1851 W Highway 40, Vernal, UT 84078",Uintah,rural,3.36,3.36,3.36,3.36,0.5,82.6,8.7,70694.0,30075,2.3
UT,84084,3232,"7671 S 3800 W, West Jordan, UT 84084",Salt Lake,urban,3.36,3.36,3.36,3.36,1.2,66.4,23.0,87482.0,31933,2.2
UT,84094,5235,"9151 S Quarry Bend Dr, Sandy, UT 84094",Salt Lake,urban,3.36,3.36,3.36,3.36,0.6,78.0,8.6,98455.0,27971,2.2
UT,84095,2307|5763,11328 S Jordan Gtwy,Salt Lake,urban,3.36,3.36,3.36,3.36,0.4,83.3,7.2,117698.0,38239,2.2
UT,84096,7168,"5056 W 13400 S, Herriman, UT 84096",Salt Lake,rural,3.36,3.36,3.36,,0.5,82.0,10.0,114018.0,69619,2.2
UT,84098,1827,"6545 Landmark Dr, Park City, UT 84098",Summit,rural,3.5,3.5,3.5,3.5,0.4,87.6,6.4,166462.0,20044,2.2
UT,84106,8855,"3701 S Highland Dr, Millcreek, UT 84106",Salt Lake,urban,3.36,,,,2.3,81.1,9.1,90381.0,34704,2.2
UT,84109,4208,2705 E Parleys Way,Salt Lake,rural,3.36,3.36,3.36,3.36,0.4,88.1,4.5,128682.0,25623,2.2
UT,84115,3589,350 Hope Ave,Salt Lake,urban,3.36,3.36,3.36,,2.9,53.5,28.6,55237.0,28623,2.2
UT,84117,8862|5350,"5596 S Van Winkle Expy, Murray, UT 84117",Salt Lake,urban,3.36,3.36,3.36,,2.3,82.6,7.4,82866.0,24748,2.2
UT,84118,5233,5675 W 6200 S,Salt Lake,urban,3.36,3.36,3.36,3.36,2.3,48.5,39.6,81808.0,41387,2.2
UT,84120,5109|3568,4570 S 4000 W,Salt Lake,urban,3.36,3.36,3.36,3.36,2.2,43.0,38.4,85758.0,51391,2.2
UT,84123,1686,"5469 S Redwood Rd, Taylorsville, UT 84123",Salt Lake,urban,3.36,3.36,3.36,3.36,1.2,66.8,20.1,73898.0,38052,2.2
UT,84302,3454,"1200 S Commerce Way, Perry, UT 84302",Box Elder,rural,3.36,3.36,3.36,3.36,0.4,84.7,10.1,72407.0,26601,2.0
UT,84321,4272,"1150 S 100 W, Logan, UT 84321",Cache,rural,3.36,3.36,3.36,3.36,1.2,79.9,12.1,61210.0,49434,2.2
UT,84341,1888,"1550 N Main St, North Logan, UT 84341",Cache,urban,3.36,3.36,3.36,3.36,0.9,74.5,14.6,60169.0,25062,2.2
UT,84401,3789,"1959 Wall Ave, Ogden, UT 84401",Weber,urban,3.36,3.36,3.36,3.36,1.5,67.1,25.0,73973.0,45346,2.2
UT,84404,2921,"534 N Harrisville Rd, Harrisville, UT 84404",Weber,rural,3.36,3.36,3.36,3.36,0.7,71.1,22.5,76706.0,65940,2.2
UT,84405,1708|5206,"4848 S 900 W, Riverdale, UT 84405",Davis,urban,3.36,3.36,3.36,3.36,0.7,81.4,13.0,84752.0,34652,2.2
UT,84501,1573,"255 S Highway 55, Price, UT 84501",Carbon,rural,3.36,3.36,3.36,3.36,1.1,78.7,16.3,52772.0,13039,2.2
UT,84604,4100,"2255 N University Pkwy, Provo, UT 84604",Utah,rural,3.36,3.36,3.36,3.36,0.4,79.1,10.6,67086.0,44575,2.2
UT,84627,2794,"777 N Main St, Ephraim, UT 84627",Sanpete,rural,3.36,3.36,3.36,,1.0,91.3,4.8,77659.0,6134,2.2
UT,84651,5167,"1052 Turf Farm Rd, Payson, UT 84651",Utah,rural,3.36,3.36,3.36,3.36,0.3,82.7,12.0,90774.0,28593,2.2
UT,84660,3988|4068,898 S 2550 E,Utah,rural,3.36,3.36,3.36,,0.5,83.6,11.8,93946.0,46229,2.2
UT,84663,3208,"660 S 1750 W, Springville, UT 84663",Utah,rural,3.36,3.36,3.36,,0.3,80.0,15.8,85423.0,35731,2.2
UT,84701,5168,"10 E 1300 S, Richfield, UT 84701",Sevier,rural,3.36,3.36,3.36,,1.1,91.0,4.7,70227.0,8721,2.3
UT,84720,1438,"1330 S Providence Center Dr, Cedar City, UT 84720",Iron,rural,2.86,2.86,2.86,2.86,1.5,83.8,8.4,60585.0,23237,2.4
UT,84737,4678,"180 N 3400 W, Hurricane, UT 84737",Washington,rural,2.86,2.86,2.86,,1.0,88.0,8.1,65381.0,22153,2.5
UT,84780,1439,"625 W Telegraph St, Washington, UT 84780",Washington,rural,2.86,2.86,2.86,2.86,0.3,78.5,14.3,93578.0,29212,2.5
UT,84790,3220,"2610 Pioneer Rd, St George, UT 84790",Washington,urban,2.86,2.86,2.86,2.86,0.8,82.9,9.6,81405.0,51773,2.5
VA,20109,1825,8386 Sudley Rd,Prince William,urban,3.64,3.44,3.28,,17.0,23.1,46.8,83248.0,44781,4.5
VA,20110,3573,9401 Liberia Ave,Prince William,urban,3.64,,,,12.9,39.4,37.7,113837.0,49620,4.5
VA,20151,5969,"4368 Chantilly Shopping Center Dr, Chantilly, VA 20151",Fairfax,urban,3.64,3.44,3.28,,3.6,33.7,20.1,137483.0,21893,4.6
VA,20166,3639|2038,"24635 Dulles Landing Dr, Dulles, VA 20166",Loudoun,rural,3.64,3.44,3.28,3.19,13.2,31.8,21.0,133085.0,13479,4.4
VA,20169,3077,"6530 Trading Sq, Haymarket, VA 20169",Fauquier,rural,3.64,3.44,3.28,,7.3,67.8,9.1,187446.0,28346,4.5
VA,20175,1904,"19360 Compass Creek Pkwy, Leesburg, VA 20175",Loudoun,rural,3.64,3.44,3.28,3.19,6.7,69.4,12.6,161389.0,33189,4.4
VA,20186,2437,"700 James Madison Hwy, Warrenton, VA 20186",Culpeper,rural,3.64,3.44,3.28,3.19,9.4,75.3,6.6,101083.0,15495,4.5
VA,22015,5227,"6000 Burke Commons Rd, Burke, VA 22015",Fairfax,urban,3.64,3.44,3.28,3.19,6.6,54.9,14.5,161698.0,44959,4.6
VA,22026,3588,"17041 Jefferson Davis Hwy, Dumfries, VA 22026",Prince William,urban,3.64,3.44,3.28,3.19,43.2,24.8,17.5,112077.0,19938,4.5
VA,22030,5880,11181 Lee Hwy,Fairfax,urban,3.64,3.44,3.28,3.19,9.8,52.2,13.4,137664.0,61665,4.6
VA,22033,2015,13059 Fair Lakes Parkway,Fairfax,urban,3.64,3.44,3.28,3.19,7.1,47.3,9.0,129513.0,38610,4.6
VA,22182,5936,"1500 B Cornerside Blvd, Vienna, VA 22182",Fairfax,urban,3.64,3.44,3.28,,5.1,57.4,9.7,202411.0,26892,4.6
VA,22192,1852,"14000 Worth Ave, Woodbridge, VA 22192",Prince William,urban,3.64,3.44,3.28,,20.5,45.4,19.4,118518.0,59238,4.5
VA,22306,2258|5753,7910 Richmond Hwy,Fairfax,urban,3.64,3.44,3.28,3.19,23.9,29.4,30.8,88759.0,32842,4.6
VA,22315,2194,5885 Kingstowne Blvd,Fairfax,urban,3.64,3.44,3.28,3.19,21.4,50.2,9.8,148530.0,29358,4.6
VA,22401,1833,1800 Carl D Silver Pkwy,Fredericksburg city,urban,3.64,3.44,3.28,3.19,20.6,57.0,11.7,83288.0,28218,4.5
VA,22405,2520,125 Washington Square Plz,Stafford,rural,3.64,3.44,3.28,3.19,15.1,65.6,7.2,123923.0,35795,4.5
VA,22406,4258,11 Village Pkwy,Fauquier,rural,3.64,3.44,3.28,3.19,14.8,66.0,11.4,116784.0,26702,4.5
VA,22407,5343,10001 Southpoint Pkwy,Culpeper,urban,3.64,,,,19.1,58.6,13.4,102999.0,62301,4.5
VA,22482,4350,"200 Old Fairgrounds Way, Kilmarnock, VA 22482",Lancaster,rural,3.64,3.44,3.28,3.19,18.1,78.8,0.1,47317.0,3169,5.2
VA,22485,5779,"16375 Merchant Ln, King George, VA 22485",King George,rural,3.64,3.44,3.28,3.19,15.9,70.3,6.4,103931.0,26262,4.8
VA,22508,5731,"2533 Germanna Hwy, Locust Grove, VA 22508",Orange,rural,3.64,3.44,3.28,,9.5,74.2,10.0,109107.0,15384,4.5
VA,22554,2438,217 Garrisonville Rd,Stafford,rural,3.64,3.44,3.28,3.19,24.4,46.8,16.5,137633.0,62257,4.5
VA,22556,6936,14 N Stafford Complex Center,Fauquier,rural,3.64,3.44,3.28,3.19,15.0,53.2,23.4,126219.0,31200,4.5
VA,22560,1730,"1660 Tappahannock Blvd, Tappahannock, VA 22560",Essex,rural,3.64,3.44,3.28,3.19,47.0,45.6,2.2,49631.0,6677,4.8
VA,22601,1406,2350 S Pleasant Valley Rd,Frederick,urban,3.64,3.44,3.28,3.19,10.3,64.4,17.9,63671.0,29306,4.3
VA,22602,4514,201 Maranto Manor Dr,Frederick,rural,3.64,,,,3.6,80.5,11.0,100029.0,32032,4.3
VA,22603,3344,501 Wal Mart Dr,Frederick,rural,3.64,3.44,3.28,3.19,2.6,79.7,14.0,79454.0,16848,4.3
VA,22630,5105,"10 Riverton Commons Dr, Front Royal, VA 22630",Clarke,rural,3.64,3.44,3.28,3.19,5.7,81.7,6.3,77870.0,34942,4.3
VA,22664,2647,"461 W Reservoir Rd, Woodstock, VA 22664",Shenandoah,rural,3.64,3.44,3.28,3.19,3.7,74.8,16.7,59417.0,9650,4.3
VA,22701,2136,"801 James Madison Hwy, Culpeper, VA 22701",Culpeper,rural,3.64,3.44,3.28,3.19,15.5,62.5,15.7,90197.0,35749,4.5
VA,22801,1726|2807|7177,171 Burgess Road,Rockingham,urban,3.64,3.44,3.28,,6.2,71.1,15.0,64277.0,39154,4.3
VA,22835,2564,"1036 Us Highway 211 W, Luray, VA 22835",Page,rural,3.64,3.44,3.28,3.19,3.2,92.2,0.9,53184.0,11596,4.3
VA,22853,6952,"375 S Main St, Timberville, VA 22853",Rockingham,rural,3.64,3.44,3.28,3.19,0.5,89.4,8.7,64043.0,5022,4.3
VA,22901,1780,"975 Hilton Heights Rd, Charlottesville, VA 22901",Albemarle,rural,3.64,3.44,3.28,3.19,12.0,72.6,7.3,88911.0,35610,4.5
VA,22942,4682,"164 Camp Creek Pkwy, Gordonsville, VA 22942",Albemarle,rural,3.64,3.44,3.28,3.19,13.9,75.0,5.8,87500.0,10485,4.5
VA,22968,4638,"135 Stoneridge Dr, Ruckersville, VA 22968",Albemarle,rural,3.64,3.44,3.28,,5.9,76.2,10.1,81828.0,10919,4.5
VA,22980,4388|5117,1211 W Broad St Ste A,Augusta,rural,3.64,3.44,3.28,3.19,7.1,79.2,7.1,60428.0,32133,4.3
VA,23005,3880|2795,9714 Sliding Hill Rd,Hanover,rural,3.64,3.44,3.28,3.19,14.5,75.1,7.0,86136.0,19244,4.8
VA,23060,1523,"11400 W Broad St Rd, Glen Allen, VA 23060",Henrico,urban,3.64,,,,18.2,56.8,6.0,105249.0,36699,4.8
VA,23061,1759,"6819 Walton Ln, Gloucester, VA 23061",Gloucester,rural,3.64,3.44,3.28,3.19,8.5,84.1,3.3,92014.0,23150,5.2
VA,23111,1525,"7430 Bell Creek Rd, Mechanicsville, VA 23111",Hanover,rural,3.64,3.44,3.28,3.19,7.4,83.4,1.7,89849.0,37528,4.8
VA,23112,2808,12200 Chattanooga Plz,Chesterfield,urban,3.64,3.44,3.28,3.19,13.1,71.7,6.1,113166.0,56428,4.8
VA,23113,1969,900 Walmart Way,Chesterfield,rural,3.64,3.44,3.28,3.19,4.3,85.4,4.7,147734.0,26392,4.8
VA,23139,5847,"1950 Anderson Hwy, Powhatan, VA 23139",Cumberland,rural,3.64,3.44,3.28,,6.8,87.1,2.5,107265.0,26719,4.8
VA,23188,5754|3219,4670 Casey Blvd,James City,rural,3.64,3.44,3.28,3.19,13.3,74.3,5.0,96821.0,44465,5.2
VA,23223,7032,"5001 Nine Mile Rd, Henrico, VA 23223",Henrico,urban,3.64,3.44,3.28,,73.6,18.0,3.0,52246.0,55072,4.8
VA,23225,2821,2410 Sheila Ln,Chesterfield,urban,3.64,3.44,3.28,3.19,44.1,41.7,8.6,61021.0,42249,4.8
VA,23227,3885|2295,5221 Brook Road,Henrico,urban,3.64,3.44,3.28,3.19,45.9,42.3,4.4,63114.0,25758,4.8
VA,23229,3869,1504 N Parham Rd,Henrico,urban,3.64,3.44,3.28,3.19,6.2,75.4,6.6,97993.0,35457,4.8
VA,23230,4191,6920 Forest Avenue,Henrico,urban,3.64,3.44,3.28,3.19,13.7,64.2,12.7,73024.0,7696,4.8
VA,23234,7174,"5700 Hopkins Rd, North Chesterfield, VA 23234",Chesterfield,urban,3.64,3.44,3.28,3.19,49.2,19.4,25.4,60669.0,45139,4.8
VA,23320,3299|1841,475 Kempsville Road,Chesapeake city,urban,3.64,3.44,3.28,3.19,29.4,50.2,8.8,81963.0,62000,5.2
VA,23321,1682,2448 Chesapeake Square Ring Rd,Chesapeake city,urban,3.64,3.44,3.28,3.19,37.1,49.6,3.8,96235.0,38586,5.2
VA,23322,3330|3644|5253,673 Cedar Road,Chesapeake city,rural,3.64,3.44,3.28,3.19,10.4,76.2,6.1,129628.0,66091,5.2
VA,23418,4378,"26036 Lankford Hwy, Onley, VA 23418",Accomack,rural,3.64,3.44,3.28,,1.3,66.2,29.5,47219.0,786,4.8
VA,23434,1687,1200 N Main St,Suffolk city,rural,3.64,3.44,3.28,,48.6,42.2,4.2,73843.0,51108,5.2
VA,23435,3214,6259 College Dr,Suffolk city,rural,3.64,,,,35.4,48.9,6.0,107800.0,33614,5.2
VA,23451,5922,546 First Colonial Road,Virginia Beach city,urban,3.64,3.44,3.28,3.19,7.1,78.2,7.8,93172.0,43641,5.2
VA,23452,1688,657 Phoenix Dr,Virginia Beach city,urban,3.64,3.44,3.28,,18.3,61.5,9.3,75185.0,57180,5.2
VA,23453,4220,3201 Holland Rd,Virginia Beach city,urban,3.64,3.44,3.28,3.19,23.7,47.4,8.7,79317.0,35117,5.2
VA,23456,2529|3216,2021 Lynnhaven Pkwy,Virginia Beach city,urban,3.64,3.44,3.28,3.19,13.3,61.9,7.2,125116.0,60182,5.2
VA,23462,4064,4821 Virginia Beach Blvd.,Norfolk city,urban,3.64,3.44,3.28,3.19,30.0,46.2,13.4,69375.0,68499,5.2
VA,23464,6226,1832 Kempsville Road,Virginia Beach city,urban,3.64,3.44,3.28,3.19,23.7,50.5,8.2,90535.0,76131,5.2
VA,23502,6798|1811,3350 E Princess Anne Road,Norfolk city,urban,3.64,3.44,3.28,3.19,49.9,32.8,9.6,65421.0,19994,5.2
VA,23505,5488,7530 Tidewater Dr,Norfolk city,urban,3.64,3.44,3.28,,34.3,45.5,9.9,56919.0,28619,5.2
VA,23518,5755,1720 E Little Creek Rd,Norfolk city,urban,3.64,3.44,3.28,3.19,20.6,60.6,8.5,71313.0,29337,5.2
VA,23601,3157,11214 Jefferson Ave,Newport News city,urban,3.64,,,,35.3,53.6,5.3,65299.0,26488,5.2
VA,23602,1773,12401 Jefferson Ave,Newport News city,urban,3.64,3.44,3.28,,34.7,43.7,10.9,70717.0,43127,5.2
VA,23605,4623,6111 Jefferson Ave,Hampton city,urban,3.64,3.44,3.28,,60.2,25.6,6.8,44644.0,13359,5.2
VA,23666,3156|1631,117 Marketplace Drive,Hampton city,urban,3.64,3.44,3.28,3.19,51.6,29.6,8.3,67033.0,53655,5.2
VA,23693,3265,"2601 George Washington Memorial Hwy, Yorktown, VA 23693",York,urban,3.64,3.44,3.28,3.19,14.3,61.5,5.4,109213.0,23563,5.2
VA,23707,3831,"1098 Frederick Blvd, Portsmouth, VA 23707",Portsmouth city,urban,3.34,3.44,3.28,3.19,43.6,43.0,3.2,49363.0,14254,5.2
VA,23805,2160,"3500 S Crater Rd, Petersburg, VA 23805",Dinwiddie,rural,3.64,3.44,3.28,,57.9,31.6,4.8,63501.0,21427,5.2
VA,23824,2645,"1451 S Main St, Blackstone, VA 23824",Brunswick,rural,3.64,3.44,3.28,3.19,42.3,48.7,5.0,58917.0,6714,5.2
VA,23831,1524,"12000 Iron Bridge Rd, Chester, VA 23831",Chesterfield,urban,3.64,3.44,3.28,3.19,28.3,54.8,9.5,90964.0,36606,4.8
VA,23832,4476,"14501 Hancock Village St, Chesterfield, VA 23832",Chesterfield,urban,3.64,,,,27.3,57.2,7.1,100744.0,40992,4.8
VA,23834,1424,"671 Southpark Blvd, Colonial Heights, VA 23834",Chesterfield,urban,3.64,3.44,3.28,3.19,22.7,61.9,9.2,76332.0,27639,4.8
VA,23847,2805,"303 Market Dr, Emporia, VA 23847",Brunswick,rural,3.64,3.44,3.28,3.19,59.9,28.9,3.3,43840.0,13466,5.2
VA,23851,2705,"1500 Armory Dr, Franklin, VA 23851",Isle of Wight,rural,3.64,3.44,3.28,3.19,46.0,44.7,2.3,61416.0,12983,5.2
VA,23901,1486,"1800 Peery Dr, Farmville, VA 23901",Buckingham,rural,3.64,3.44,3.28,3.19,25.6,64.8,3.6,53105.0,15541,4.8
VA,23970,1934,"315 Furr St, South Hill, VA 23970",Lunenburg,rural,3.64,3.44,3.28,3.19,38.6,51.3,4.2,50673.0,7869,5.2
VA,24012,2312|3243,4807 Valley View Blvd Nw,Botetourt,urban,3.64,3.44,3.28,3.19,17.5,61.5,11.8,50857.0,29545,4.8
VA,24013,3614,2141 Dale Ave,Roanoke city,urban,3.64,3.44,3.28,3.19,27.5,63.0,3.6,51858.0,7925,4.8
VA,24014,1301,5350 Clearbrook Village Ln,Roanoke,rural,3.64,3.44,3.28,,5.7,85.5,3.5,58738.0,15630,4.8
VA,24019,3622,4950 Plantation Rd.,Botetourt,rural,3.64,3.44,3.28,3.19,13.2,76.5,3.4,73637.0,28194,4.8
VA,24073,1292,"2400 N Franklin St, Christiansburg, VA 24073",Montgomery,rural,3.64,3.44,3.28,3.19,4.3,86.7,2.8,69581.0,29595,4.8
VA,24084,1652,"5225 Alexander Rd, Dublin, VA 24084",Bland,rural,3.64,3.44,3.28,3.19,4.5,91.5,2.2,62909.0,11113,4.8
VA,24112,1243,"976 Commonwealth Blvd, Martinsville, VA 24112",Franklin,rural,3.64,3.44,3.28,,38.3,50.6,6.6,42349.0,30370,4.8
VA,24134,2646,"160 Kinter Way, Pearisburg, VA 24134",Giles,rural,3.64,3.44,3.28,3.19,5.1,93.1,0.3,62500.0,5544,4.8
VA,24141,2762,"7373 Peppers Ferry Blvd, Radford, VA 24141",Floyd,rural,3.64,3.44,3.28,3.19,6.1,87.7,2.6,58544.0,21804,5.2
VA,24151,2337,"550 Old Franklin Tpke, Rocky Mount, VA 24151",Franklin,rural,3.64,3.44,3.28,3.19,14.4,78.8,3.1,61740.0,18506,4.8
VA,24153,1309,"1851 W Main St, Salem, VA 24153",Botetourt,rural,3.64,3.44,3.28,3.19,6.2,85.4,4.0,73136.0,38386,4.8
VA,24171,3770,"19265 Jeb Stuart Hwy, Stuart, VA 24171",Patrick,rural,3.64,3.44,3.28,3.19,7.4,87.1,4.0,55042.0,8195,5.2
VA,24202,2089,"13245 Lee Hwy, Bristol, VA 24202",Scott,rural,3.64,3.44,3.28,3.19,1.1,95.6,0.9,56476.0,12325,4.8
VA,24211,154,"16032 Fifteen Mile Boulevard, Abingdon, VA 24211",Washington,rural,3.64,3.44,3.28,3.19,0.6,97.0,1.0,80952.0,10016,5.2
VA,24263,3772,"468 Trade Center Ln, Jonesville, VA 24263",Lee,rural,3.64,3.44,3.28,3.19,0.1,97.4,1.8,32227.0,5516,4.8
VA,24266,3480,"1050 Regional Park Rd, Lebanon, VA 24266",Russell,rural,3.64,3.44,3.28,,2.7,96.8,0.1,48199.0,8805,4.8
VA,24273,1302,"780 Commonwealth Dr, Norton, VA 24273",Wise,rural,3.64,3.44,3.28,3.19,1.2,95.7,0.8,38396.0,6004,4.8
VA,24333,1023,"1140 E Stuart Dr, Galax, VA 24333",Carroll,rural,3.64,3.44,3.28,3.19,2.5,81.7,13.0,50374.0,18448,5.2
VA,24354,1336,"1193 N Main St, Marion, VA 24354",Smyth,rural,3.64,3.44,3.28,3.19,2.2,93.7,1.6,41091.0,13918,5.2
VA,24382,3270,"345 Commonwealth Dr, Wytheville, VA 24382",Wythe,rural,3.64,3.44,3.28,,4.0,92.0,1.3,48521.0,14657,5.2
VA,24401,1344,"1028 Richmond Ave, Staunton, VA 24401",Augusta,rural,3.64,3.44,3.28,3.19,8.5,83.2,3.2,60655.0,37375,4.3
VA,24426,2662,"313 Thacker Ave, Covington, VA 24426",Alleghany,rural,3.64,3.44,3.28,3.19,7.4,88.3,2.3,51686.0,13598,4.5
VA,24450,1335,"1233 N Lee Hwy, Lexington, VA 24450",Botetourt,rural,3.64,3.44,3.28,3.19,4.4,87.1,2.9,75704.0,17214,4.8
VA,24501,4697,3227 Old Forest Rd,Campbell,rural,3.64,,,,36.9,53.9,3.7,44000.0,26778,4.8
VA,24502,3605|1350,22088 Timberlake Rd,Bedford,urban,3.64,3.44,3.28,3.19,16.4,72.0,5.5,62537.0,41134,4.8
VA,24517,3768,"125 Clarion Rd, Altavista, VA 24517",Campbell,rural,3.64,3.44,3.28,,27.3,70.0,1.2,47845.0,4802,4.8
VA,24522,4636,"505 Oakville Rd, Appomattox, VA 24522",Appomattox,rural,3.64,3.44,3.28,3.19,16.1,78.3,2.8,61207.0,9833,4.8
VA,24523,1399,"1126 E Lynchburg Salem Tpke, Bedford, VA 24523",Bedford,rural,3.64,3.44,3.28,3.19,11.0,80.4,2.0,62095.0,21132,4.8
VA,24540,5829|1465,211 Nor Dan Dr Unit 1010,Pittsylvania,rural,3.64,3.44,3.28,,40.6,50.5,3.4,44458.0,31405,5.2
VA,24551,3603,"16807 Forest Rd, Forest, VA 24551",Bedford,rural,3.64,3.44,3.28,3.19,7.4,82.1,3.5,88251.0,26873,4.8
VA,24572,2565,"197 Madison Heights Sq, Madison Heights, VA 24572",Amherst,rural,3.64,3.44,3.28,3.19,21.8,71.0,1.9,63125.0,15557,4.5
VA,24592,1345,"3471 Old Halifax Rd, South Boston, VA 24592",Halifax,rural,3.64,3.44,3.28,3.19,40.1,56.4,1.9,53036.0,13846,5.2
VA,24605,1763,"4001 College Ave, Bluefield, VA 24605",Tazewell,rural,3.64,3.44,3.28,3.19,6.5,88.8,2.3,51300.0,8533,4.8
VA,24614,3303,"1179 Riverview St, Grundy, VA 24614",Buchanan,rural,3.64,3.44,3.28,3.19,1.4,97.1,0.5,36875.0,7501,4.8
VA,24637,2761,"13320 G.c. Peery Hwy, Pounding Mill, VA 24637",Tazewell,rural,3.64,3.44,3.28,3.19,1.2,95.4,0.6,52378.0,3616,4.8
VT,05201,2289,"210 Northside Dr, Bennington, VT 05201",Bennington,rural,2.92,2.92,2.92,,0.7,91.6,2.7,58257.0,14901,4.5
VT,05478,2332,"700 Tuckers Way, Saint Albans, VT 05478",Franklin,rural,3.82,3.82,3.82,,0.3,92.3,2.5,67705.0,16034,4.2
VT,05495,2224,"863 Harvest Ln, Williston, VT 05495",Chittenden,rural,3.73,3.76,3.76,3.76,2.3,89.1,3.6,99560.0,10888,4.3
VT,05602,2682,"282 Berlin Mall Rd, Berlin, VT 05602",Washington,rural,3.82,3.82,3.82,3.82,0.7,90.7,2.5,78376.0,12572,4.3
VT,05701,2530,"90 Shopping Plaza Rd, Rutland, VT 05701",Rutland,rural,3.34,3.34,3.28,3.24,0.5,94.2,1.8,56667.0,20469,4.3
VT,05829,4156,"115 Seymour Drive, Derby, VT 05829",Orleans,rural,3.82,3.82,3.82,3.82,0.0,98.8,1.1,65417.0,1683,4.2
WA,98001,2385,"762 Outlet Collection Way, Auburn, WA 98001",King,urban,3.66,3.66,3.66,3.66,7.3,50.7,12.6,103338.0,35842,2.7
WA,98003,2571|3794,1900 S 314th St,King,urban,3.66,3.66,3.66,,17.7,34.7,22.2,67547.0,51329,2.7
WA,98006,5939,12620 Se 41st Pl,King,urban,3.62,,,,1.9,43.5,8.6,185991.0,39753,2.7
WA,98007,3098,15063 Main St,King,urban,3.62,3.62,3.62,3.62,6.1,35.4,10.0,118634.0,27571,2.7
WA,98037,5678,17222 Highway 99,Snohomish,urban,3.82,3.82,3.82,,5.3,48.5,17.0,98570.0,29720,2.4
WA,98042,5073,"17432 Se 270th Pl, Covington, WA 98042",King,urban,4.0,4.0,4.0,4.0,6.1,64.0,9.7,122709.0,49338,2.7
WA,98057,2516,"743 Rainier Avenue South, Renton, WA 98057",King,urban,3.62,3.62,3.62,,17.2,38.9,19.4,68293.0,12774,2.7
WA,98087,2594,1400 164th St Sw,Snohomish,urban,3.82,3.82,3.82,3.82,6.8,48.1,13.8,102896.0,41849,2.4
WA,98204,5195,11400 Highway 99,Snohomish,urban,3.82,,,,9.7,48.2,19.1,63738.0,41709,2.4
WA,98208,3053,1605 Se Everett Mall Way,Snohomish,urban,3.82,3.82,3.82,,4.7,58.6,14.0,98805.0,60723,2.4
WA,98223,3757,"4010 172nd St Ne, Arlington, WA 98223",Snohomish,rural,3.72,3.72,3.72,,0.8,79.5,8.7,97344.0,46117,2.4
WA,98226,2450,"4420 Meridian St, Bellingham, WA 98226",Whatcom,rural,4.02,4.02,4.02,4.02,1.2,71.9,9.5,71943.0,45703,2.4
WA,98270,3801,8713 64th St Ne,Snohomish,urban,3.72,3.72,3.72,,2.4,68.0,14.9,98912.0,52794,2.4
WA,98271,2595,8924 Quilceda Blvd,Snohomish,rural,3.72,3.72,3.72,,0.8,65.7,12.4,98279.0,30262,2.4
WA,98272,5628,"19191 N Kelsey St, Monroe, WA 98272",Snohomish,rural,3.76,3.76,3.76,,1.8,73.8,12.8,109051.0,31866,2.4
WA,98273,2596,"2301 Freeway Dr, Mount Vernon, WA 98273",Skagit,rural,3.66,3.66,3.66,,0.7,61.5,31.5,71498.0,30430,2.4
WA,98277,2319,"1250 Sw Erie St, Oak Harbor, WA 98277",Island,rural,3.88,3.88,3.88,3.88,3.5,67.0,12.8,72441.0,40181,2.4
WA,98311,2317,"6797 State Highway 303 Ne, Bremerton, WA 98311",Kitsap,urban,3.68,3.68,3.68,,2.8,70.8,7.3,95595.0,27527,2.4
WA,98362,2196,"3411 E Kolonels Way, Port Angeles, WA 98362",Clallam,rural,3.96,3.96,3.96,,0.8,84.0,7.3,65178.0,24544,2.4
WA,98366,2325,"3497 Bethel Rd Se, Port Orchard, WA 98366",Kitsap,urban,3.68,3.68,3.68,,1.5,73.9,10.0,85630.0,37437,2.4
WA,98370,5272,"21200 Olhava Way Nw, Poulsbo, WA 98370",Kitsap,rural,3.68,3.68,3.68,,1.4,79.5,7.8,103323.0,32862,2.4
WA,98374,2403,310 31st Ave Se,Pierce,urban,3.66,3.66,3.66,,2.6,68.9,11.6,106157.0,45555,2.4
WA,98375,3525,16502 Meridian E,Pierce,urban,3.66,3.66,3.66,,8.3,57.1,13.2,103622.0,32595,2.4
WA,98382,5273,"1110 W Washington St, Sequim, WA 98382",Clallam,rural,3.76,3.76,3.76,,1.0,85.5,4.5,69261.0,30777,2.4
WA,98387,3218,"20307 Mountain Hwy E, Spanaway, WA 98387",Pierce,urban,3.66,3.66,3.66,,10.0,54.1,14.9,94340.0,51384,2.4
WA,98391,5041,"19205 State Route 410 E, Bonney Lake, WA 98391",Pierce,urban,3.66,3.66,3.66,3.66,0.9,79.7,8.7,122822.0,56646,2.4
WA,98405,4137,"1965 S. Union Ave, Tacoma, WA 98405",Pierce,urban,3.66,3.66,3.66,,10.7,63.0,11.2,72606.0,24264,2.4
WA,98499,3537,"7001 Bridgeport Way W, Lakewood, WA 98499",Pierce,urban,3.66,3.66,3.66,3.66,16.3,39.5,21.3,60726.0,34207,2.4
WA,98503,4757,5110 Yelm Highway,Thurston,urban,3.72,3.72,3.72,3.72,5.5,65.4,11.4,78508.0,42263,2.4
WA,98512,3850,"5900 Littlerock Rd Sw, Tumwater, WA 98512",Thurston,rural,3.72,3.72,3.72,,2.5,73.5,9.3,85928.0,30784,2.4
WA,98516,3531,1401 Galaxy Dr Ne,Thurston,rural,3.72,3.72,3.72,3.72,3.7,66.5,8.4,89378.0,27212,2.4
WA,98520,2037,"909 E Wishkah St, Aberdeen, WA 98520",Grays Harbor,rural,3.82,3.82,3.82,,3.0,70.4,16.8,56600.0,24989,2.4
WA,98532,2249,"1601 Nw Louisiana Ave, Chehalis, WA 98532",Lewis,rural,3.76,3.76,3.76,3.76,0.8,83.3,8.1,80985.0,26624,2.4
WA,98584,2121,"100 E Wallace Kneeland Blvd, Shelton, WA 98584",Mason,rural,3.96,3.96,3.96,,0.7,72.4,13.9,69489.0,38615,2.4
WA,98597,3705,"17100 State Route 507 Se, Yelm, WA 98597",Thurston,rural,3.72,3.72,3.72,,2.5,78.1,8.6,88965.0,25982,2.4
WA,98604,5929,"1201 Sw 13th Avenue, Battle Ground, WA 98604",Clark,rural,3.96,3.96,3.96,3.96,0.4,88.1,6.0,102933.0,37212,2.7
WA,98632,2469|5853,540 7th Ave,Cowlitz,rural,3.86,3.86,3.86,,0.8,79.7,10.5,61352.0,50837,2.4
WA,98661,3145,2201 Grand Blvd,Clark,urban,4.16,4.16,4.16,4.16,2.9,66.2,20.5,70277.0,49910,2.7
WA,98664,2550,221e Ne 104th Ave,Clark,urban,4.02,4.02,4.02,,2.8,73.3,13.0,78373.0,23395,2.7
WA,98665,2947,9000 Ne Highway 99,Clark,urban,4.16,4.16,4.16,4.16,2.8,73.2,13.5,77604.0,27947,2.7
WA,98674,3742,"1486 Dike Access Rd, Woodland, WA 98674",Clark,rural,4.06,4.06,4.06,,1.4,80.2,12.8,86937.0,15679,2.7
WA,98682,5461,14505 Ne Fourth Plain Blvd,Clark,urban,4.02,4.02,4.02,,2.4,70.7,12.3,88697.0,66821,2.7
WA,98683,5462,430 Se 192nd Ave,Clark,urban,4.02,4.02,4.02,,1.8,67.6,13.1,80946.0,31504,2.7
WA,98801,2187,"2000 N Wenatchee Ave, Wenatchee, WA 98801",Chelan,rural,3.96,3.96,3.96,,0.7,61.1,33.0,70800.0,44801,2.4
WA,98816,3754,"108 Apple Blossom Dr, Chelan, WA 98816",Chelan,rural,3.82,3.82,3.82,3.82,0.0,63.9,33.0,69531.0,6901,2.4
WA,98823,3260,"1399 Nat Washington Way, Ephrata, WA 98823",Douglas,rural,3.72,3.72,3.72,,0.7,66.1,27.1,67031.0,12638,2.4
WA,98837,2007,"1005 N Stratford Rd, Moses Lake, WA 98837",Grant,rural,3.62,3.62,3.62,,1.9,58.0,33.9,66883.0,46959,2.2
WA,98841,1947,"902 Engh Rd, Omak, WA 98841",Okanogan,rural,3.73,3.73,3.73,,0.0,69.7,10.7,66219.0,9218,2.4
WA,98901,2269,1600 E Chestnut Ave,Kittitas,rural,3.92,3.92,3.92,3.92,1.7,39.3,54.9,55536.0,33106,2.4
WA,98908,5078,6600 W Nob Hill Blvd,Yakima,rural,3.92,3.92,3.92,,0.8,69.3,23.5,77767.0,38671,2.2
WA,98944,2241,"2675 E Lincoln Ave, Sunnyside, WA 98944",Benton,rural,3.98,3.98,3.98,,0.9,15.3,82.7,57928.0,25176,2.2
WA,99037,2539,15727 E Broadway Ave,Spokane,urban,3.53,3.53,3.53,,1.0,85.0,7.3,77734.0,15464,2.4
WA,99114,2016,"810 North Highway, Colville, WA 99114",Stevens,rural,3.52,3.52,3.52,3.52,0.0,85.2,6.0,58350.0,12948,2.4
WA,99163,1870,"1690 Se Harvest Dr, Pullman, WA 99163",Whitman,rural,3.56,3.56,3.56,,2.3,71.5,7.8,43316.0,33829,2.2
WA,99205,2865,2301 W Wellesley Ave,Spokane,urban,3.53,3.53,3.53,,1.5,82.2,6.1,69055.0,44216,2.4
WA,99212,5883,5025 E Sprague Ave,Spokane,urban,3.53,3.53,3.53,,1.0,84.9,6.1,67975.0,21013,2.4
WA,99218,2549,9212 N Colton St,Spokane,urban,3.53,3.53,3.53,,0.9,86.4,4.6,65743.0,16305,2.4
WA,99224,4394,1221 S Hayford Rd,Spokane,rural,3.53,3.53,3.53,,1.0,86.3,4.6,73250.0,24455,2.4
WA,99301,3380,"4820 N Road 68, Pasco, WA 99301",Franklin,rural,3.72,3.72,3.72,3.72,1.6,38.3,53.9,77999.0,85210,2.2
WA,99324,2476,"1700 Se Meadowbrook Blvd, College Place, WA 99324",Walla Walla,urban,3.82,3.82,3.82,3.82,0.4,74.3,17.8,63628.0,10076,2.2
WA,99337,2101,"2720 S Quillan St, Kennewick, WA 99337",Benton,rural,3.72,3.72,3.72,3.72,1.6,69.4,22.5,88593.0,32581,2.2
WA,99344,3217,"1860 E Main St, Othello, WA 99344",Adams,rural,3.78,3.78,3.78,,0.1,24.6,73.5,62817.0,19630,2.2
WA,99352,3261,"2801 Duportail St, Richland, WA 99352",Benton,urban,3.72,3.72,3.72,,1.8,74.7,12.7,96615.0,35618,2.2
WA,99403,2006,"306 5th St, Clarkston, WA 99403",Asotin,rural,3.56,3.56,3.56,,0.7,87.6,4.8,60657.0,20425,2.2
WI,53014,2509,"810 S Irish Rd, Chilton, WI 53014",Calumet,rural,3.76,3.76,3.76,,0.4,94.7,2.7,69703.0,7977,2.9
WI,53018,1678,"2863 Heritage Dr, Delafield, WI 53018",Waukesha,rural,3.52,3.46,3.46,,2.3,85.3,8.7,118750.0,7813,2.9
WI,53022,1515,"W190n9855 Appleton Ave, Germantown, WI 53022",Washington,rural,2.97,2.97,2.97,,2.2,85.5,3.4,102103.0,19903,2.9
WI,53027,5463,"1220 Theil St, Hartford, WI 53027",Dodge,rural,3.76,3.76,3.76,,1.2,90.3,5.1,78774.0,23394,2.9
WI,53072,3322,"411 Pewaukee Rd, Pewaukee, WI 53072",Waukesha,rural,3.36,3.36,3.36,,0.5,88.8,4.2,94704.0,26653,2.9
WI,53073,3497,"428 Walton Dr, Plymouth, WI 53073",Sheboygan,rural,3.76,3.76,,,3.7,89.6,2.9,74176.0,16136,2.9
WI,53080,1650,"825 E Green Bay Ave, Saukville, WI 53080",Ozaukee,rural,3.44,3.44,3.44,,1.6,92.8,2.9,72883.0,5190,3.1
WI,53081,1276,3711 S Taylor Dr,Sheboygan,urban,3.16,3.16,3.16,,3.3,71.5,11.1,59010.0,43042,2.9
WI,53083,3324,4433 Vanguard Dr,Sheboygan,rural,3.16,3.16,3.16,,0.8,81.6,7.3,75455.0,22022,2.9
WI,53094,1776,"1901 Market Way, Watertown, WI 53094",Jefferson,rural,3.23,3.23,3.23,,0.4,88.4,8.2,71883.0,18507,2.9
WI,53095,2658,"1515 W Paradise Dr, West Bend, WI 53095",Ozaukee,rural,3.42,3.42,3.42,,2.2,91.2,3.5,77397.0,27641,3.1
WI,53105,3488,"1901 Milwaukee Ave, Burlington, WI 53105",Kenosha,rural,3.36,3.36,3.36,,0.4,91.5,5.8,86787.0,29217,3.1
WI,53115,3247,"1819 E Geneva St, Delavan, WI 53115",Walworth,rural,3.06,3.06,3.06,,0.8,76.9,20.5,69189.0,16098,3.1
WI,53129,5668,"5301 S 76th St, Greendale, WI 53129",Milwaukee,urban,2.97,2.97,2.97,,1.3,78.3,9.6,90119.0,14683,3.1
WI,53132,1551,"6701 S 27th St, Franklin, WI 53132",Milwaukee,urban,2.97,2.97,2.97,,3.8,81.0,5.5,103225.0,36094,3.1
WI,53144,1167,"3500 Brumback Blvd, Kenosha, WI 53144",Kenosha,rural,2.92,2.92,2.92,,10.0,65.5,17.5,63110.0,26422,3.1
WI,53147,910,"201 S Edwards Blvd, Lake Geneva, WI 53147",Walworth,rural,3.06,3.06,3.06,,0.5,83.1,12.4,76225.0,17842,3.1
WI,53149,1571,"250 Wolf Run, Mukwonago, WI 53149",Racine,rural,3.08,3.08,3.08,,0.6,90.4,4.7,112002.0,19533,3.1
WI,53150,4677,"W159s6530 Moorland Rd, Muskego, WI 53150",Racine,rural,2.97,2.97,2.97,,0.7,92.2,4.1,109887.0,26047,3.1
WI,53151,5438,"15205 W Greenfield Ave, New Berlin, WI 53151",Waukesha,urban,2.97,2.97,2.97,,1.0,86.7,3.5,96250.0,32507,2.9
WI,53172,5667,"222 N Chicago Ave, South Milwaukee, WI 53172",Milwaukee,urban,2.97,2.97,2.97,,2.3,79.8,11.7,68801.0,20678,3.1
WI,53177,2668,"3049 Oakes Rd, Sturtevant, WI 53177",Kenosha,rural,3.44,3.44,3.44,,8.3,70.7,13.6,77925.0,8434,3.1
WI,53189,1635,"2000 S West Ave, Waukesha, WI 53189",Waukesha,rural,3.44,3.44,3.44,,1.4,85.3,7.1,110798.0,26640,2.9
WI,53190,1274,"1362 W Main St, Whitewater, WI 53190",Jefferson,rural,3.27,3.12,3.12,,2.8,81.3,10.7,56923.0,20500,2.9
WI,53212,2452,401 E Capitol Dr,Milwaukee,urban,2.97,2.97,2.97,,49.0,33.8,10.9,43803.0,29292,3.1
WI,53214,5697,7025 W Main St,Milwaukee,urban,2.97,,,,7.6,66.7,17.8,59050.0,34892,3.1
WI,53215,2828|5669,3355 S 27th St,Milwaukee,urban,2.97,2.97,2.97,,5.1,19.8,68.2,49091.0,59400,3.1
WI,53223,6394,"6300 W Brown Deer Rd, Brown Deer, WI 53223",Milwaukee,urban,2.97,2.97,2.97,,55.7,29.9,3.8,57120.0,28899,3.1
WI,53225,2936,10330 W Silver Spring Dr,Milwaukee,urban,2.97,,,,56.8,25.8,6.1,51082.0,25953,3.1
WI,53228,1394,"10600 W Layton Ave, Greenfield, WI 53228",Milwaukee,urban,2.97,2.97,2.97,,2.7,80.1,8.8,72163.0,15162,3.1
WI,53406,5695,"5625 Washington Ave, Mount Pleasant, WI 53406",Racine,urban,3.44,3.44,3.44,,9.2,72.4,12.6,73636.0,25994,3.1
WI,53511,2532,"2785 Milwaukee Rd, Beloit, WI 53511",Rock,rural,3.23,3.23,3.23,,10.5,64.8,18.7,61825.0,48749,2.9
WI,53533,847,"601 E Leffler St, Dodgeville, WI 53533",Iowa,rural,3.72,3.72,3.72,3.72,0.7,92.0,1.8,76250.0,7397,2.9
WI,53546,1305,"3800 Deerfield Dr, Janesville, WI 53546",Rock,rural,3.23,3.23,3.23,,1.3,85.0,7.3,70317.0,29352,2.9
WI,53549,3499,"1520 S Main St, Jefferson, WI 53549",Jefferson,rural,3.27,3.12,3.12,,1.8,83.4,11.9,70438.0,9902,2.9
WI,53566,802,"300 6th Ave West, Monroe, WI 53566",Green,rural,3.67,3.67,3.67,,1.0,90.8,5.5,67959.0,15037,2.9
WI,53581,1007,"2401 Us Hwy 14 E, Richland Center, WI 53581",Richland,rural,4.06,4.06,4.06,,1.1,92.0,2.8,61186.0,10169,2.9
WI,53589,1176,"2600 State Highway 138, Stoughton, WI 53589",Dane,rural,3.32,3.32,3.32,,1.1,91.3,3.2,82668.0,19908,2.9
WI,53590,1267,"1905 Mccoy Rd, Sun Prairie, WI 53590",Dane,rural,3.23,3.23,3.23,,6.5,78.4,4.6,96762.0,43423,2.9
WI,53713,3857,"2151 Royal Ave, Monona, WI 53713",Dane,urban,3.32,3.32,3.32,,12.5,48.9,28.7,53452.0,23366,2.9
WI,53714,2335,4198 Nakoosa Trl,Dane,urban,3.23,3.23,3.23,,11.9,73.2,7.7,61487.0,15983,2.9
WI,53719,1138,7202 Watts Rd,Dane,urban,3.32,3.32,3.32,,6.8,66.7,11.1,90962.0,33006,2.9
WI,53818,958,"1800 Progressive Pkwy, Platteville, WI 53818",Grant,rural,3.72,3.72,3.72,,3.0,90.7,2.3,55938.0,15712,2.9
WI,53821,882,"38020 Us Highway 18, Prairie Du Chien, WI 53821",Crawford,rural,3.96,3.96,3.96,,2.7,91.2,2.4,57271.0,7714,2.9
WI,53901,1799,"2950 New Pinery Rd, Portage, WI 53901",Columbia,rural,3.76,3.76,3.76,,3.4,86.4,6.0,67622.0,14978,2.9
WI,53913,1396,"920 State Road 136, Baraboo, WI 53913",Columbia,rural,3.67,3.67,3.73,,0.9,88.7,3.8,68335.0,21346,2.9
WI,53916,1012,"120 Frances Ln, Beaver Dam, WI 53916",Dodge,rural,3.76,3.76,3.76,,2.1,86.0,7.0,70716.0,23045,2.9
WI,53965,3505,"130 Commerce St, Wisconsin Dells, WI 53965",Adams,rural,3.67,3.67,3.67,,3.4,81.4,9.7,65861.0,11244,2.9
WI,54016,1365,"2222 Crest View Dr, Hudson, WI 54016",St. Croix,rural,3.52,3.52,3.52,,0.4,92.3,3.1,109871.0,33465,2.8
WI,54017,5432,"250 Richmond Way, New Richmond, WI 54017",Polk,rural,3.96,3.96,3.96,,1.4,92.1,1.4,93829.0,19652,2.8
WI,54024,2421,"2212 Glacier Dr, Saint Croix Falls, WI 54024",Polk,rural,3.96,3.97,3.97,,0.3,96.2,1.9,75587.0,4958,2.8
WI,54115,5090,"1415 Lawrence Dr, De Pere, WI 54115",Brown,rural,2.87,2.87,2.87,,1.1,85.7,3.8,88592.0,48796,2.9
WI,54143,2545,"2900 Roosevelt Rd, Marinette, WI 54143",Marinette,rural,4.02,4.02,4.02,,0.7,95.1,2.2,61495.0,14993,2.9
WI,54166,2271,"1244 East Green Bay, Shawano, WI 54166",Shawano,rural,3.76,3.76,3.76,,0.9,82.1,4.2,62578.0,16657,2.9
WI,54220,1449,"4115 Calumet Ave, Manitowoc, WI 54220",Manitowoc,rural,3.44,3.44,3.44,,1.5,85.9,5.4,62813.0,40562,2.9
WI,54235,1316,"1536 Egg Harbor Rd, Sturgeon Bay, WI 54235",Door,rural,3.76,3.76,3.76,,0.6,91.8,4.4,65986.0,18008,2.9
WI,54303,1453,2440 W Mason St,Brown,urban,2.87,2.87,2.87,,4.1,73.5,8.0,51573.0,27366,2.9
WI,54311,1908,2292 Main St,Brown,rural,2.87,2.87,2.87,,2.6,82.4,7.7,80361.0,37187,2.9
WI,54401,2127,"226100 Rib Mountain Dr, Wausau, WI 54401",Marathon,rural,3.17,3.17,3.17,,0.5,80.5,4.5,64799.0,31292,2.9
WI,54409,3268,"200 E State Highway 64, Antigo, WI 54409",Langlade,rural,3.92,3.92,3.92,,0.3,92.7,2.9,53976.0,12916,2.9
WI,54449,2813,"2001 N Central Ave, Marshfield, WI 54449",Clark,rural,3.36,3.36,3.36,,1.0,91.6,2.1,64556.0,26149,2.8
WI,54451,3643,"1010 N 8th St, Medford, WI 54451",Marathon,rural,3.92,3.92,3.92,,0.3,95.1,1.7,62885.0,10988,2.9
WI,54452,1366,"505 S Pine Ridge Avenue, Merrill, WI 54452",Lincoln,rural,3.76,3.76,3.76,3.76,0.5,94.6,1.9,63256.0,18854,2.8
WI,54467,1828,"250 Crossroads Dr, Plover, WI 54467",Portage,rural,3.76,3.76,3.76,,0.6,90.9,3.2,76295.0,14739,2.9
WI,54494,1202,"4331 8th St S, Wisconsin Rapids, WI 54494",Adams,rural,3.52,3.52,3.52,,0.4,91.8,3.2,66941.0,27267,2.9
WI,54501,1931,"2121 Lincoln St, Rhinelander, WI 54501",Lincoln,rural,3.52,3.52,3.52,,0.5,93.2,1.7,64114.0,21174,2.8
WI,54548,2510,"8760 Northridge Way, Minocqua, WI 54548",Oneida,rural,3.76,3.76,3.76,,0.1,90.4,2.8,66913.0,5617,2.8
WI,54601,5127,"4622 Mormon Coulee Rd, La Crosse, WI 54601",La Crosse,rural,3.5,3.5,3.5,,1.5,90.7,1.8,57500.0,51116,2.9
WI,54615,1277,"611 State Highway 54, Black River Falls, WI 54615",Jackson,rural,4.02,4.02,4.02,,2.8,80.4,3.5,59556.0,10978,2.8
WI,54650,1679,"3107 Market Pl, Onalaska, WI 54650",La Crosse,rural,3.5,3.5,3.5,,1.9,86.5,2.3,81847.0,24590,2.9
WI,54656,979,"1600 W Wisconsin St, Sparta, WI 54656",La Crosse,rural,4.02,4.03,4.03,,2.2,88.6,5.4,66048.0,18008,2.9
WI,54660,965,"222 W Mccoy Blvd, Tomah, WI 54660",Monroe,rural,3.76,3.76,3.76,,1.3,90.4,2.2,63876.0,16005,2.9
WI,54665,971,"1133 N Main St, Viroqua, WI 54665",Crawford,rural,4.02,4.06,4.06,,0.3,93.0,1.7,64196.0,8843,2.9
WI,54701,1669,"3915 Gateway Dr, Eau Claire, WI 54701",Dunn,rural,2.78,2.78,2.78,,1.2,90.2,1.7,68841.0,41559,2.8
WI,54729,5373,"2786 Commercial Blvd, Chippewa Falls, WI 54729",Chippewa,rural,2.84,2.84,2.84,2.84,1.2,93.5,1.6,71629.0,34192,2.8
WI,54751,1819,"180 Cedar Falls Rd, Menomonie, WI 54751",Dunn,rural,3.72,3.72,3.72,,0.4,89.9,2.0,64092.0,25972,2.8
WI,54806,1672,"2500 Lake Shore Dr E, Ashland, WI 54806",Ashland,rural,4.02,4.06,4.06,4.06,1.6,79.7,4.2,58429.0,11489,2.8
WI,54843,3245,"15594 State Highway 77, Hayward, WI 54843",Sawyer,rural,4.02,4.0,4.0,,0.2,78.1,2.1,57638.0,12919,2.8
WI,54848,4281,"800 W 10th St S, Ladysmith, WI 54848",Rusk,rural,4.0,4.0,4.0,,1.2,92.7,2.8,56304.0,6016,2.8
WI,54868,1446,"2501 West Ave, Rice Lake, WI 54868",Barron,rural,3.02,3.02,3.02,,0.5,94.9,2.3,57049.0,15865,2.8
WI,54880,1447,"3705 Tower Ave, Superior, WI 54880",Douglas,rural,3.92,3.92,3.92,,1.5,89.4,2.1,58546.0,30219,2.8
WI,54904,1430,"351 S Washburn St, Oshkosh, WI 54904",Fond du Lac,rural,3.44,3.44,3.44,,0.2,92.8,1.2,89023.0,22342,2.9
WI,54913,1982,955 Mutual Way,Outagamie,rural,3.36,3.36,3.36,,2.0,88.3,3.1,98125.0,23600,2.9
WI,54915,2958,3701 E Calumet St,Calumet,urban,3.36,3.36,3.36,,1.8,84.2,6.1,81170.0,43815,2.9
WI,54923,1727,"861 County Road F, Berlin, WI 54923",Green Lake,rural,3.76,3.76,3.76,,0.4,88.2,8.3,65369.0,8947,2.9
WI,54937,1643,"377 N Rolling Meadows Dr, Fond Du Lac, WI 54937",Fond du Lac,rural,3.44,3.44,3.44,,1.1,87.6,8.0,77639.0,21029,2.9
WI,54956,2986,"1155 W Winneconne Ave, Neenah, WI 54956",Outagamie,rural,3.36,3.36,3.36,,2.3,88.9,4.4,77375.0,46539,2.9
WI,54961,1471,"1717 N Shawano St, New London, WI 54961",Outagamie,rural,3.76,3.76,3.76,,1.3,88.8,6.8,66040.0,14232,2.9
WV,24739,2933,"201 Greasy Ridge Rd, Princeton, WV 24739",Mercer,,3.5,3.52,3.52,,3.4,93.1,0.2,54226.0,13080,4.8
WV,24901,1499,"1976 Jefferson St N, Lewisburg, WV 24901",Greenbrier,rural,3.5,3.5,3.5,,1.5,91.5,2.0,50008.0,8982,4.5
WV,25015,4278,"1001 Warrior Way, Quincy, WV 25015",Kanawha,rural,3.47,3.47,3.47,,0.1,95.1,2.7,49071.0,3472,4.3
WV,25033,7256,"3707 Buffalo Road, Buffalo, WV 25033",Putnam,rural,3.48,,,,0.0,97.7,0.0,44688.0,1764,4.3
WV,25260,2849,"320 Mallard Lane, Mason, WV 25260",Mason,rural,3.5,3.46,3.46,,1.1,96.3,1.5,50288.0,1580,4.3
WV,25271,1450,"200 Academy Dr, Ripley, WV 25271",Jackson,rural,3.48,3.48,3.48,,0.5,95.0,1.7,49961.0,7969,4.3
WV,25276,2810,"97 Williams Dr, Spencer, WV 25276",Roane,rural,3.48,3.48,3.48,3.48,0.2,94.5,1.5,34637.0,7623,4.3
WV,25309,2036,"2700 Mountaineer Blvd, South Charleston, WV 25309",Kanawha,rural,3.32,3.32,3.32,,6.8,88.9,0.4,51497.0,12741,4.3
WV,25313,2576,"100 Nitro Market Pl, Cross Lanes, WV 25313",Kanawha,rural,3.32,3.32,3.32,,3.3,91.1,2.5,59829.0,11758,4.3
WV,25401,1703,800 Foxcroft Ave,Berkeley,urban,3.22,3.22,3.22,3.22,10.8,70.8,7.1,49735.0,15074,4.3
WV,25404,4423,5680 Hammonds Mill Rd,Berkeley,rural,3.22,3.22,3.22,,9.5,78.6,5.6,64737.0,22950,4.3
WV,25414,2566,"96 Patrick Henry Way, Charles Town, WV 25414",Jefferson,rural,3.12,3.12,3.12,,7.7,78.9,6.1,99187.0,20132,4.3
WV,25504,5296,"25 Nichols Dr, Barboursville, WV 25504",Cabell,rural,3.46,3.46,3.46,,1.4,93.6,1.5,61650.0,13219,4.3
WV,25526,4277,"167 Progress Way, Hurricane, WV 25526",Lincoln,rural,3.48,3.47,3.47,,0.8,94.5,1.3,80000.0,22903,4.5
WV,25570,2792,"100 Mcginnis Dr, Wayne, WV 25570",Wayne,rural,3.5,3.46,3.46,,0.2,97.3,2.0,43832.0,5485,4.5
WV,25601,2610,"77 Norman Morgan Blvd, Logan, WV 25601",Logan,rural,3.5,3.46,3.46,,5.4,90.7,1.6,44263.0,5582,4.5
WV,25705,2244,"3333 Us Route 60, Huntington, WV 25705",Cabell,urban,3.46,3.46,3.46,,5.0,90.1,1.5,56928.0,20621,4.3
WV,25801,1351,"1330 N Eisenhower Dr, Beckley, WV 25801",Raleigh,rural,3.36,3.36,3.36,3.36,11.0,81.7,1.9,46612.0,31056,4.5
WV,25840,1360,"204 Town Center Rd, Fayetteville, WV 25840",Fayette,rural,3.5,3.5,3.5,,1.6,95.5,0.2,62872.0,7590,4.5
WV,25873,5319,"1881 Robert C Byrd Dr, Macarthur, WV 25873",Raleigh,rural,3.36,3.36,3.36,3.36,0.0,100.0,0.0,33517.0,602,4.5
WV,26041,2852,"10 Walmart Dr, Moundsville, WV 26041",Marshall,rural,2.92,2.92,2.92,,0.9,93.9,1.1,54578.0,15659,4.0
WV,26059,5088,"450 Stewart Ln, Triadelphia, WV 26059",Ohio,rural,2.92,2.92,3.14,,0.7,96.8,0.0,63191.0,2580,4.0
WV,26062,1948,"400 Three Springs Dr, Weirton, WV 26062",Brooke,rural,3.16,3.16,3.16,3.16,3.2,91.1,2.0,58233.0,21142,4.0
WV,26101,2823,"2900 Pike St, Parkersburg, WV 26101",Wood,rural,3.12,3.12,3.12,3.12,1.9,93.1,1.7,43134.0,28751,4.0
WV,26105,1782,"701 Grand Central Ave, Vienna, WV 26105",Wood,rural,3.12,3.12,3.12,,1.5,92.3,0.4,63011.0,12332,4.0
WV,26155,2684,"1142 S Bridge St, New Martinsville, WV 26155",Marshall,rural,3.42,3.42,3.42,,0.0,95.4,0.5,53598.0,7833,4.0
WV,26201,2809,"100 Buckhannon Crossroads, Buckhannon, WV 26201",Barbour,rural,3.47,3.46,3.46,,1.7,92.8,1.7,49962.0,19662,4.3
WV,26241,1522,"40 Jett Ln, Elkins, WV 26241",Randolph,rural,3.47,3.46,3.46,,1.8,88.7,1.2,48450.0,14012,4.3
WV,26301,1544,"550 Emily Dr, Clarksburg, WV 26301",Harrison,rural,3.32,3.32,3.32,,2.0,92.3,1.9,48496.0,28736,4.3
WV,26354,2833,"1 Walmart Ln, Grafton, WV 26354",Marion,rural,3.46,3.42,3.42,3.42,0.2,96.3,1.2,48750.0,10130,4.0
WV,26452,1653,"110 Berlin Rd, Weston, WV 26452",Lewis,rural,3.47,3.46,3.46,,0.2,95.2,0.2,42592.0,9447,4.3
WV,26501,3215,"5605 University Town Center Drive, Granville, WV 26501",Monongalia,rural,3.32,3.32,3.32,3.32,6.0,88.3,1.6,61837.0,19219,4.1
WV,26508,2083,"75 Retail Circle, Morgantown, WV 26508",Monongalia,rural,3.32,3.32,3.32,,2.5,89.0,2.6,79650.0,38427,4.1
WV,26537,4372,"100 Walmart Dr, Kingwood, WV 26537",Preston,rural,3.46,3.42,3.42,3.42,1.1,94.9,1.2,58043.0,5509,4.1
WV,26554,1714,"32 Tygart Mall Loop, Fairmont, WV 26554",Harrison,rural,3.44,3.44,3.44,,3.8,90.7,1.5,59875.0,41983,4.3
WV,26601,6951,"369 Scott Frk, Sutton, WV 26601",Braxton,rural,3.5,3.46,3.46,,1.3,80.0,3.0,46875.0,3592,4.3
WV,26651,1477,"200 Wal St, Summersville, WV 26651",Nicholas,rural,3.5,3.5,3.5,,0.0,95.5,2.3,60435.0,9870,4.5
WV,26726,2474,"Rr 4 Box 82, Keyser, WV 26726",Grant,rural,3.47,3.46,3.46,,2.1,91.5,0.5,67139.0,12541,4.3
WV,26836,2696,"11 Harness Rd, Moorefield, WV 26836",Hardy,rural,3.47,3.46,3.46,,8.0,81.1,9.6,50068.0,6220,4.3
WY,82007,4653,580 Livingston Avenue,Laramie,rural,3.88,3.88,3.88,,1.7,67.9,25.6,56349.0,21755,2.5
WY,82009,1315,2032 Dell Range Blvd,Laramie,rural,3.88,3.88,3.88,,1.6,83.0,9.7,98599.0,34835,2.5
WY,82070,1412,"4308 E Grand Ave, Laramie, WY 82070",Albany,rural,3.88,3.88,3.88,,0.5,81.9,10.0,60632.0,19598,2.4
WY,82301,4471,"2390 E Cedar St, Rawlins, WY 82301",Carbon,rural,3.36,3.36,3.36,,2.4,68.8,25.1,69044.0,8349,2.4
WY,82414,1778,"321 Yellowstone Ave, Cody, WY 82414",Park,rural,4.03,4.03,4.03,,0.4,90.8,4.8,71202.0,15932,2.2
WY,82501,1457,"1733 N Federal Blvd, Riverton, WY 82501",Fremont,rural,4.03,4.03,4.03,,0.6,70.7,10.4,57550.0,18898,2.4
WY,82604,3778,4255 Cy Ave,Natrona,rural,4.03,4.03,4.03,,0.3,87.3,7.1,74111.0,27492,2.4
WY,82609,1617,4400 E 2nd St,Natrona,rural,3.34,4.03,4.03,,0.7,86.3,8.3,67434.0,18567,2.4
WY,82718,1485,"2300 S Douglas Hwy, Gillette, WY 82718",Campbell,rural,4.02,4.02,4.02,,0.6,86.0,7.9,105417.0,25413,2.4
WY,82901,1461,"201 Gateway Blvd, Rock Springs, WY 82901",Sweetwater,rural,3.36,3.36,3.36,,1.8,75.4,17.7,78639.0,27713,2.4
